# Made in Blockbench 5.1.6
mtllib dc_metro_platform_pole_light_2_d_light_layer.mtl

o light
v -0.7151430497547341 -0.29348562499999997 0.6058888648770746
v -0.7262530231123892 -0.29348562499999997 0.6276938283001764
v -0.6518640639063498 -0.28125 0.6518640639063475
v -0.7722277801999238 -0.328995625 0.564414400510054
v -0.7933601082974221 -0.328995625 0.6058893068188127
v -0.8175307858453311 -0.38430374999999994 0.5314999056710348
v -0.8466171813477015 -0.38430374999999994 0.5885850780579629
v -0.8466171813477015 -0.453995625 0.5103675775735367
v -0.8808097716937152 -0.453995625 0.5774751047003075
v -0.8566395360875444 -0.53125 0.5030861454942682
v -0.8925919384352361 -0.53125 0.5736470053636589
v -0.8466171813477015 -0.6085043750000001 0.5103675775735367
v -0.8808097716937152 -0.6085043750000001 0.5774751047003075
v -0.8175307858453311 -0.6781962500000001 0.5314999056710348
v -0.8466171813477015 -0.6781962500000001 0.5885850780579629
v -0.7722277801999237 -0.7335043750000001 0.564414400510054
v -0.793360108297422 -0.7335043750000001 0.6058893068188127
v -0.715143049754734 -0.769014375 0.6058888648770746
v -0.726253023112389 -0.769014375 0.6276938283001764
v -0.6518640639063497 -0.78125 0.6518640639063475
v -0.7300815643907761 -0.29348562499999997 0.6518640639063473
v -0.8006419823184288 -0.328995625 0.6518640639063474
v -0.8566395360875444 -0.38430374999999994 0.6518640639063471
v -0.8925923803769743 -0.453995625 0.651864063906347
v -0.9049800072998864 -0.53125 0.6518640639063473
v -0.8925923803769743 -0.6085043750000001 0.651864063906347
v -0.8566395360875444 -0.6781962500000001 0.6518640639063471
v -0.8006419823184288 -0.7335043750000001 0.6518640639063474
v -0.730081564390776 -0.769014375 0.6518640639063473
v -0.7262530231123894 -0.29348562499999997 0.6760342995125185
v -0.7933601082974222 -0.328995625 0.697838820993882
v -0.8466171813477017 -0.38430374999999994 0.7151430497547313
v -0.8808097716937154 -0.453995625 0.7262530231123867
v -0.8925919384352362 -0.53125 0.7300811224490352
v -0.8808097716937154 -0.6085043750000001 0.7262530231123867
v -0.8466171813477017 -0.6781962500000001 0.7151430497547313
v -0.7933601082974221 -0.7335043750000001 0.697838820993882
v -0.7262530231123893 -0.769014375 0.6760342995125185
v -0.7151430497547339 -0.29348562499999997 0.6978392629356202
v -0.772227780199924 -0.328995625 0.7393137273026407
v -0.8175307858453313 -0.38430374999999994 0.7722282221416595
v -0.8466171813477018 -0.453995625 0.7933605502391575
v -0.8566395360875446 -0.53125 0.8006419823184263
v -0.8466171813477018 -0.6085043750000001 0.7933605502391575
v -0.8175307858453313 -0.6781962500000001 0.7722282221416595
v -0.7722277801999239 -0.7335043750000001 0.7393137273026407
v -0.7151430497547338 -0.769014375 0.6978392629356202
v -0.6978392629356226 -0.29348562499999997 0.7151430497547314
v -0.7393137273026433 -0.328995625 0.7722277801999216
v -0.7722282221416622 -0.38430374999999994 0.8175307858453288
v -0.7933605502391605 -0.453995625 0.846617181347699
v -0.8006419823184291 -0.53125 0.8566395360875421
v -0.7933605502391605 -0.6085043750000001 0.846617181347699
v -0.7722282221416622 -0.6781962500000001 0.8175307858453288
v -0.7393137273026432 -0.7335043750000001 0.7722277801999216
v -0.6978392629356225 -0.769014375 0.7151430497547314
v -0.6760342995125209 -0.29348562499999997 0.7262530231123872
v -0.6978388209938846 -0.328995625 0.7933601082974198
v -0.7151430497547342 -0.38430374999999994 0.8466171813476993
v -0.7262530231123897 -0.453995625 0.8808097716937131
v -0.7300811224490381 -0.53125 0.8925919384352338
v -0.7262530231123897 -0.6085043750000001 0.8808097716937131
v -0.7151430497547342 -0.6781962500000001 0.8466171813476993
v -0.6978388209938845 -0.7335043750000001 0.7933601082974198
v -0.6760342995125208 -0.769014375 0.7262530231123872
v -0.6518640639063498 -0.29348562499999997 0.7300815643907739
v -0.6518640639063501 -0.328995625 0.8006419823184268
v -0.65186406390635 -0.38430374999999994 0.8566395360875423
v -0.6518640639063499 -0.453995625 0.8925923803769721
v -0.6518640639063502 -0.53125 0.9049800072998843
v -0.6518640639063499 -0.6085043750000001 0.8925923803769721
v -0.65186406390635 -0.6781962500000001 0.8566395360875423
v -0.65186406390635 -0.7335043750000001 0.8006419823184268
v -0.6518640639063497 -0.769014375 0.7300815643907739
v -0.627693828300179 -0.29348562499999997 0.726253023112387
v -0.6058893068188154 -0.328995625 0.79336010829742
v -0.5885850780579658 -0.38430374999999994 0.8466171813476995
v -0.5774751047003105 -0.453995625 0.8808097716937132
v -0.5736470053636619 -0.53125 0.8925919384352341
v -0.5774751047003105 -0.6085043750000001 0.8808097716937132
v -0.5885850780579658 -0.6781962500000001 0.8466171813476995
v -0.6058893068188154 -0.7335043750000001 0.79336010829742
v -0.6276938283001788 -0.769014375 0.726253023112387
v -0.6058888648770773 -0.29348562499999997 0.7151430497547319
v -0.5644144005100566 -0.328995625 0.7722277801999218
v -0.5314999056710376 -0.38430374999999994 0.8175307858453292
v -0.5103675775735395 -0.453995625 0.8466171813476998
v -0.5030861454942711 -0.53125 0.8566395360875426
v -0.5103675775735395 -0.6085043750000001 0.8466171813476998
v -0.5314999056710376 -0.6781962500000001 0.8175307858453292
v -0.5644144005100566 -0.7335043750000001 0.7722277801999218
v -0.6058888648770772 -0.769014375 0.7151430497547319
v -0.5885850780579657 -0.29348562499999997 0.6978392629356203
v -0.5315003476127758 -0.328995625 0.739313727302641
v -0.4861973419673683 -0.38430374999999994 0.7722282221416601
v -0.45711094646499784 -0.453995625 0.7933605502391584
v -0.447088591725155 -0.53125 0.8006419823184268
v -0.45711094646499784 -0.6085043750000001 0.7933605502391584
v -0.4861973419673683 -0.6781962500000001 0.7722282221416601
v -0.5315003476127758 -0.7335043750000001 0.739313727302641
v -0.5885850780579656 -0.769014375 0.6978392629356203
v -0.5774751047003104 -0.29348562499999997 0.6760342995125186
v -0.5103680195152775 -0.328995625 0.6978388209938824
v -0.45711094646499784 -0.38430374999999994 0.715143049754732
v -0.4229183561189841 -0.453995625 0.7262530231123874
v -0.4111361893774633 -0.53125 0.7300811224490361
v -0.4229183561189841 -0.6085043750000001 0.7262530231123874
v -0.45711094646499784 -0.6781962500000001 0.715143049754732
v -0.5103680195152773 -0.7335043750000001 0.6978388209938824
v -0.5774751047003103 -0.769014375 0.6760342995125186
v -0.5736465634219234 -0.29348562499999997 0.6518640639063478
v -0.5030861454942707 -0.328995625 0.6518640639063478
v -0.44708859172515497 -0.38430374999999994 0.651864063906348
v -0.411135747435725 -0.453995625 0.651864063906348
v -0.39874812051281294 -0.53125 0.6518640639063479
v -0.411135747435725 -0.608504375 0.651864063906348
v -0.44708859172515497 -0.6781962500000001 0.651864063906348
v -0.5030861454942706 -0.7335043750000001 0.6518640639063478
v -0.5736465634219233 -0.769014375 0.6518640639063478
v -0.57747510470031 -0.29348562499999997 0.6276938283001766
v -0.5103680195152774 -0.328995625 0.6058893068188131
v -0.45711094646499767 -0.38430374999999994 0.5885850780579637
v -0.4229183561189838 -0.453995625 0.5774751047003083
v -0.4111361893774632 -0.53125 0.5736470053636598
v -0.4229183561189838 -0.608504375 0.5774751047003083
v -0.45711094646499767 -0.6781962500000001 0.5885850780579637
v -0.5103680195152773 -0.7335043750000001 0.6058893068188131
v -0.5774751047003099 -0.769014375 0.6276938283001766
v -0.5885850780579657 -0.29348562499999997 0.6058888648770748
v -0.5315003476127755 -0.328995625 0.5644144005100544
v -0.4861973419673681 -0.38430374999999994 0.5314999056710356
v -0.4571109464649977 -0.453995625 0.5103675775735373
v -0.4470885917251547 -0.53125 0.5030861454942688
v -0.4571109464649977 -0.608504375 0.5103675775735373
v -0.4861973419673681 -0.6781962500000001 0.5314999056710356
v -0.5315003476127754 -0.7335043750000001 0.5644144005100544
v -0.5885850780579656 -0.769014375 0.6058888648770748
v -0.6058888648770769 -0.29348562499999997 0.5885850780579636
v -0.5644144005100562 -0.328995625 0.5315003476127735
v -0.5314999056710372 -0.38430374999999994 0.48619734196736625
v -0.510367577573539 -0.453995625 0.45711094646499595
v -0.5030861454942703 -0.53125 0.44708859172515303
v -0.510367577573539 -0.608504375 0.45711094646499595
v -0.5314999056710372 -0.6781962500000001 0.48619734196736625
v -0.5644144005100561 -0.7335043750000001 0.5315003476127735
v -0.6058888648770768 -0.769014375 0.5885850780579636
v -0.6276938283001785 -0.29348562499999997 0.5774751047003079
v -0.605889306818815 -0.328995625 0.5103680195152753
v -0.5885850780579652 -0.38430374999999994 0.4571109464649958
v -0.5774751047003096 -0.453995625 0.42291835611898193
v -0.5736470053636612 -0.53125 0.41113618937746127
v -0.5774751047003096 -0.608504375 0.42291835611898193
v -0.5885850780579652 -0.6781962500000001 0.4571109464649958
v -0.6058893068188149 -0.7335043750000001 0.5103680195152753
v -0.6276938283001784 -0.769014375 0.5774751047003079
v -0.6518640639063498 -0.29348562499999997 0.5736465634219212
v -0.6518640639063493 -0.328995625 0.5030861454942684
v -0.6518640639063494 -0.38430374999999994 0.4470885917251528
v -0.6518640639063494 -0.453995625 0.41113574743572284
v -0.6518640639063491 -0.53125 0.39874812051281094
v -0.6518640639063494 -0.608504375 0.41113574743572284
v -0.6518640639063494 -0.6781962500000001 0.4470885917251528
v -0.6518640639063493 -0.7335043750000001 0.5030861454942684
v -0.6518640639063497 -0.769014375 0.5736465634219212
v -0.6760342995125206 -0.29348562499999997 0.5774751047003079
v -0.6978388209938842 -0.328995625 0.5103680195152751
v -0.7151430497547335 -0.38430374999999994 0.45711094646499556
v -0.7262530231123888 -0.453995625 0.42291835611898165
v -0.7300811224490376 -0.53125 0.4111361893774608
v -0.7262530231123888 -0.6085043750000001 0.42291835611898165
v -0.7151430497547335 -0.6781962500000001 0.45711094646499556
v -0.6978388209938841 -0.7335043750000001 0.5103680195152751
v -0.6760342995125205 -0.769014375 0.5774751047003079
v -0.6978392629356225 -0.29348562499999997 0.588585078057963
v -0.7393137273026429 -0.328995625 0.5315003476127732
v -0.7722282221416619 -0.38430374999999994 0.48619734196736564
v -0.7933605502391599 -0.453995625 0.4571109464649953
v -0.8006419823184283 -0.53125 0.44708859172515236
v -0.7933605502391599 -0.6085043750000001 0.4571109464649953
v -0.7722282221416619 -0.6781962500000001 0.48619734196736564
v -0.7393137273026428 -0.7335043750000001 0.5315003476127732
v -0.6978392629356224 -0.769014375 0.588585078057963
vt 0.375 0.23428749999999998
vt 0.399475 0.23428749999999998
vt 0.3872375 0.3125
vt 0.3860375 0.3125
vt 0.375 0.23428749999999998
vt 0.42155 0.23428749999999998
vt 0.4105125 0.3125
vt 0.38375625 0.3125
vt 0.375 0.23428749999999998
vt 0.4390625 0.23428749999999998
vt 0.43030625 0.3125
vt 0.380625 0.3125
vt 0.375 0.23428749999999998
vt 0.4503125 0.23428749999999998
vt 0.4446875 0.3125
vt 0.3769375 0.3125
vt 0.375 0.23428749999999998
vt 0.4541875 0.23428749999999998
vt 0.45225 0.3125
vt 0.375 0.3125
vt 0.3769375 0.23428749999999998
vt 0.45225 0.23428749999999998
vt 0.4541875 0.3125
vt 0.375 0.3125
vt 0.380625 0.23428749999999998
vt 0.4446875 0.23428749999999998
vt 0.4503125 0.3125
vt 0.375 0.3125
vt 0.38375625 0.23428749999999998
vt 0.43030625 0.23428749999999998
vt 0.4390625 0.3125
vt 0.375 0.3125
vt 0.3860375 0.23428749999999998
vt 0.4105125 0.23428749999999998
vt 0.42155 0.3125
vt 0.399475 0.3125
vt 0.375 0.3125
vt 0.3872375 0.23428749999999998
vt 0.375 0.23428749999999998
vt 0.399475 0.23428749999999998
vt 0.3872375 0.3125
vt 0.3860375 0.3125
vt 0.375 0.23428749999999998
vt 0.42155 0.23428749999999998
vt 0.4105125 0.3125
vt 0.38375625 0.3125
vt 0.375 0.23428749999999998
vt 0.4390625 0.23428749999999998
vt 0.43030625 0.3125
vt 0.380625 0.3125
vt 0.375 0.23428749999999998
vt 0.4503125 0.23428749999999998
vt 0.4446875 0.3125
vt 0.3769375 0.3125
vt 0.375 0.23428749999999998
vt 0.4541875 0.23428749999999998
vt 0.45225 0.3125
vt 0.375 0.3125
vt 0.3769375 0.23428749999999998
vt 0.45225 0.23428749999999998
vt 0.4541875 0.3125
vt 0.375 0.3125
vt 0.380625 0.23428749999999998
vt 0.4446875 0.23428749999999998
vt 0.4503125 0.3125
vt 0.375 0.3125
vt 0.38375625 0.23428749999999998
vt 0.43030625 0.23428749999999998
vt 0.4390625 0.3125
vt 0.375 0.3125
vt 0.3860375 0.23428749999999998
vt 0.4105125 0.23428749999999998
vt 0.42155 0.3125
vt 0.399475 0.3125
vt 0.375 0.3125
vt 0.3872375 0.23428749999999998
vt 0.375 0.23428749999999998
vt 0.399475 0.23428749999999998
vt 0.3872375 0.3125
vt 0.3860375 0.3125
vt 0.375 0.23428749999999998
vt 0.42155 0.23428749999999998
vt 0.4105125 0.3125
vt 0.38375625 0.3125
vt 0.375 0.23428749999999998
vt 0.4390625 0.23428749999999998
vt 0.43030625 0.3125
vt 0.380625 0.3125
vt 0.375 0.23428749999999998
vt 0.4503125 0.23428749999999998
vt 0.4446875 0.3125
vt 0.3769375 0.3125
vt 0.375 0.23428749999999998
vt 0.4541875 0.23428749999999998
vt 0.45225 0.3125
vt 0.375 0.3125
vt 0.3769375 0.23428749999999998
vt 0.45225 0.23428749999999998
vt 0.4541875 0.3125
vt 0.375 0.3125
vt 0.380625 0.23428749999999998
vt 0.4446875 0.23428749999999998
vt 0.4503125 0.3125
vt 0.375 0.3125
vt 0.38375625 0.23428749999999998
vt 0.43030625 0.23428749999999998
vt 0.4390625 0.3125
vt 0.375 0.3125
vt 0.3860375 0.23428749999999998
vt 0.4105125 0.23428749999999998
vt 0.42155 0.3125
vt 0.399475 0.3125
vt 0.375 0.3125
vt 0.3872375 0.23428749999999998
vt 0.375 0.23428749999999998
vt 0.399475 0.23428749999999998
vt 0.3872375 0.3125
vt 0.3860375 0.3125
vt 0.375 0.23428749999999998
vt 0.42155 0.23428749999999998
vt 0.4105125 0.3125
vt 0.38375625 0.3125
vt 0.375 0.23428749999999998
vt 0.4390625 0.23428749999999998
vt 0.43030625 0.3125
vt 0.380625 0.3125
vt 0.375 0.23428749999999998
vt 0.4503125 0.23428749999999998
vt 0.4446875 0.3125
vt 0.3769375 0.3125
vt 0.375 0.23428749999999998
vt 0.4541875 0.23428749999999998
vt 0.45225 0.3125
vt 0.375 0.3125
vt 0.3769375 0.23428749999999998
vt 0.45225 0.23428749999999998
vt 0.4541875 0.3125
vt 0.375 0.3125
vt 0.380625 0.23428749999999998
vt 0.4446875 0.23428749999999998
vt 0.4503125 0.3125
vt 0.375 0.3125
vt 0.38375625 0.23428749999999998
vt 0.43030625 0.23428749999999998
vt 0.4390625 0.3125
vt 0.375 0.3125
vt 0.3860375 0.23428749999999998
vt 0.4105125 0.23428749999999998
vt 0.42155 0.3125
vt 0.399475 0.3125
vt 0.375 0.3125
vt 0.3872375 0.23428749999999998
vt 0.375 0.23428749999999998
vt 0.399475 0.23428749999999998
vt 0.3872375 0.3125
vt 0.3860375 0.3125
vt 0.375 0.23428749999999998
vt 0.42155 0.23428749999999998
vt 0.4105125 0.3125
vt 0.38375625 0.3125
vt 0.375 0.23428749999999998
vt 0.4390625 0.23428749999999998
vt 0.43030625 0.3125
vt 0.380625 0.3125
vt 0.375 0.23428749999999998
vt 0.4503125 0.23428749999999998
vt 0.4446875 0.3125
vt 0.3769375 0.3125
vt 0.375 0.23428749999999998
vt 0.4541875 0.23428749999999998
vt 0.45225 0.3125
vt 0.375 0.3125
vt 0.3769375 0.23428749999999998
vt 0.45225 0.23428749999999998
vt 0.4541875 0.3125
vt 0.375 0.3125
vt 0.380625 0.23428749999999998
vt 0.4446875 0.23428749999999998
vt 0.4503125 0.3125
vt 0.375 0.3125
vt 0.38375625 0.23428749999999998
vt 0.43030625 0.23428749999999998
vt 0.4390625 0.3125
vt 0.375 0.3125
vt 0.3860375 0.23428749999999998
vt 0.4105125 0.23428749999999998
vt 0.42155 0.3125
vt 0.399475 0.3125
vt 0.375 0.3125
vt 0.3872375 0.23428749999999998
vt 0.375 0.23428749999999998
vt 0.399475 0.23428749999999998
vt 0.3872375 0.3125
vt 0.3860375 0.3125
vt 0.375 0.23428749999999998
vt 0.42155 0.23428749999999998
vt 0.4105125 0.3125
vt 0.38375625 0.3125
vt 0.375 0.23428749999999998
vt 0.4390625 0.23428749999999998
vt 0.43030625 0.3125
vt 0.380625 0.3125
vt 0.375 0.23428749999999998
vt 0.4503125 0.23428749999999998
vt 0.4446875 0.3125
vt 0.3769375 0.3125
vt 0.375 0.23428749999999998
vt 0.4541875 0.23428749999999998
vt 0.45225 0.3125
vt 0.375 0.3125
vt 0.3769375 0.23428749999999998
vt 0.45225 0.23428749999999998
vt 0.4541875 0.3125
vt 0.375 0.3125
vt 0.380625 0.23428749999999998
vt 0.4446875 0.23428749999999998
vt 0.4503125 0.3125
vt 0.375 0.3125
vt 0.38375625 0.23428749999999998
vt 0.43030625 0.23428749999999998
vt 0.4390625 0.3125
vt 0.375 0.3125
vt 0.3860375 0.23428749999999998
vt 0.4105125 0.23428749999999998
vt 0.42155 0.3125
vt 0.399475 0.3125
vt 0.375 0.3125
vt 0.3872375 0.23428749999999998
vt 0.375 0.23428749999999998
vt 0.399475 0.23428749999999998
vt 0.3872375 0.3125
vt 0.3860375 0.3125
vt 0.375 0.23428749999999998
vt 0.42155 0.23428749999999998
vt 0.4105125 0.3125
vt 0.38375625 0.3125
vt 0.375 0.23428749999999998
vt 0.4390625 0.23428749999999998
vt 0.43030625 0.3125
vt 0.380625 0.3125
vt 0.375 0.23428749999999998
vt 0.4503125 0.23428749999999998
vt 0.4446875 0.3125
vt 0.3769375 0.3125
vt 0.375 0.23428749999999998
vt 0.4541875 0.23428749999999998
vt 0.45225 0.3125
vt 0.375 0.3125
vt 0.3769375 0.23428749999999998
vt 0.45225 0.23428749999999998
vt 0.4541875 0.3125
vt 0.375 0.3125
vt 0.380625 0.23428749999999998
vt 0.4446875 0.23428749999999998
vt 0.4503125 0.3125
vt 0.375 0.3125
vt 0.38375625 0.23428749999999998
vt 0.43030625 0.23428749999999998
vt 0.4390625 0.3125
vt 0.375 0.3125
vt 0.3860375 0.23428749999999998
vt 0.4105125 0.23428749999999998
vt 0.42155 0.3125
vt 0.399475 0.3125
vt 0.375 0.3125
vt 0.3872375 0.23428749999999998
vt 0.375 0.23428749999999998
vt 0.399475 0.23428749999999998
vt 0.3872375 0.3125
vt 0.3860375 0.3125
vt 0.375 0.23428749999999998
vt 0.42155 0.23428749999999998
vt 0.4105125 0.3125
vt 0.38375625 0.3125
vt 0.375 0.23428749999999998
vt 0.4390625 0.23428749999999998
vt 0.43030625 0.3125
vt 0.380625 0.3125
vt 0.375 0.23428749999999998
vt 0.4503125 0.23428749999999998
vt 0.4446875 0.3125
vt 0.3769375 0.3125
vt 0.375 0.23428749999999998
vt 0.4541875 0.23428749999999998
vt 0.45225 0.3125
vt 0.375 0.3125
vt 0.3769375 0.23428749999999998
vt 0.45225 0.23428749999999998
vt 0.4541875 0.3125
vt 0.375 0.3125
vt 0.380625 0.23428749999999998
vt 0.4446875 0.23428749999999998
vt 0.4503125 0.3125
vt 0.375 0.3125
vt 0.38375625 0.23428749999999998
vt 0.43030625 0.23428749999999998
vt 0.4390625 0.3125
vt 0.375 0.3125
vt 0.3860375 0.23428749999999998
vt 0.4105125 0.23428749999999998
vt 0.42155 0.3125
vt 0.399475 0.3125
vt 0.375 0.3125
vt 0.3872375 0.23428749999999998
vt 0.375 0.23428749999999998
vt 0.399475 0.23428749999999998
vt 0.3872375 0.3125
vt 0.3860375 0.3125
vt 0.375 0.23428749999999998
vt 0.42155 0.23428749999999998
vt 0.4105125 0.3125
vt 0.38375625 0.3125
vt 0.375 0.23428749999999998
vt 0.4390625 0.23428749999999998
vt 0.43030625 0.3125
vt 0.380625 0.3125
vt 0.375 0.23428749999999998
vt 0.4503125 0.23428749999999998
vt 0.4446875 0.3125
vt 0.3769375 0.3125
vt 0.375 0.23428749999999998
vt 0.4541875 0.23428749999999998
vt 0.45225 0.3125
vt 0.375 0.3125
vt 0.3769375 0.23428749999999998
vt 0.45225 0.23428749999999998
vt 0.4541875 0.3125
vt 0.375 0.3125
vt 0.380625 0.23428749999999998
vt 0.4446875 0.23428749999999998
vt 0.4503125 0.3125
vt 0.375 0.3125
vt 0.38375625 0.23428749999999998
vt 0.43030625 0.23428749999999998
vt 0.4390625 0.3125
vt 0.375 0.3125
vt 0.3860375 0.23428749999999998
vt 0.4105125 0.23428749999999998
vt 0.42155 0.3125
vt 0.399475 0.3125
vt 0.375 0.3125
vt 0.3872375 0.23428749999999998
vt 0.375 0.23428749999999998
vt 0.399475 0.23428749999999998
vt 0.3872375 0.3125
vt 0.3860375 0.3125
vt 0.375 0.23428749999999998
vt 0.42155 0.23428749999999998
vt 0.4105125 0.3125
vt 0.38375625 0.3125
vt 0.375 0.23428749999999998
vt 0.4390625 0.23428749999999998
vt 0.43030625 0.3125
vt 0.380625 0.3125
vt 0.375 0.23428749999999998
vt 0.4503125 0.23428749999999998
vt 0.4446875 0.3125
vt 0.3769375 0.3125
vt 0.375 0.23428749999999998
vt 0.4541875 0.23428749999999998
vt 0.45225 0.3125
vt 0.375 0.3125
vt 0.3769375 0.23428749999999998
vt 0.45225 0.23428749999999998
vt 0.4541875 0.3125
vt 0.375 0.3125
vt 0.380625 0.23428749999999998
vt 0.4446875 0.23428749999999998
vt 0.4503125 0.3125
vt 0.375 0.3125
vt 0.38375625 0.23428749999999998
vt 0.43030625 0.23428749999999998
vt 0.4390625 0.3125
vt 0.375 0.3125
vt 0.3860375 0.23428749999999998
vt 0.4105125 0.23428749999999998
vt 0.42155 0.3125
vt 0.399475 0.3125
vt 0.375 0.3125
vt 0.3872375 0.23428749999999998
vt 0.375 0.23428749999999998
vt 0.399475 0.23428749999999998
vt 0.3872375 0.3125
vt 0.3860375 0.3125
vt 0.375 0.23428749999999998
vt 0.42155 0.23428749999999998
vt 0.4105125 0.3125
vt 0.38375625 0.3125
vt 0.375 0.23428749999999998
vt 0.4390625 0.23428749999999998
vt 0.43030625 0.3125
vt 0.380625 0.3125
vt 0.375 0.23428749999999998
vt 0.4503125 0.23428749999999998
vt 0.4446875 0.3125
vt 0.3769375 0.3125
vt 0.375 0.23428749999999998
vt 0.4541875 0.23428749999999998
vt 0.45225 0.3125
vt 0.375 0.3125
vt 0.3769375 0.23428749999999998
vt 0.45225 0.23428749999999998
vt 0.4541875 0.3125
vt 0.375 0.3125
vt 0.380625 0.23428749999999998
vt 0.4446875 0.23428749999999998
vt 0.4503125 0.3125
vt 0.375 0.3125
vt 0.38375625 0.23428749999999998
vt 0.43030625 0.23428749999999998
vt 0.4390625 0.3125
vt 0.375 0.3125
vt 0.3860375 0.23428749999999998
vt 0.4105125 0.23428749999999998
vt 0.42155 0.3125
vt 0.399475 0.3125
vt 0.375 0.3125
vt 0.3872375 0.23428749999999998
vt 0.375 0.23428749999999998
vt 0.399475 0.23428749999999998
vt 0.3872375 0.3125
vt 0.3860375 0.3125
vt 0.375 0.23428749999999998
vt 0.42155 0.23428749999999998
vt 0.4105125 0.3125
vt 0.38375625 0.3125
vt 0.375 0.23428749999999998
vt 0.4390625 0.23428749999999998
vt 0.43030625 0.3125
vt 0.380625 0.3125
vt 0.375 0.23428749999999998
vt 0.4503125 0.23428749999999998
vt 0.4446875 0.3125
vt 0.3769375 0.3125
vt 0.375 0.23428749999999998
vt 0.4541875 0.23428749999999998
vt 0.45225 0.3125
vt 0.375 0.3125
vt 0.3769375 0.23428749999999998
vt 0.45225 0.23428749999999998
vt 0.4541875 0.3125
vt 0.375 0.3125
vt 0.380625 0.23428749999999998
vt 0.4446875 0.23428749999999998
vt 0.4503125 0.3125
vt 0.375 0.3125
vt 0.38375625 0.23428749999999998
vt 0.43030625 0.23428749999999998
vt 0.4390625 0.3125
vt 0.375 0.3125
vt 0.3860375 0.23428749999999998
vt 0.4105125 0.23428749999999998
vt 0.42155 0.3125
vt 0.399475 0.3125
vt 0.375 0.3125
vt 0.3872375 0.23428749999999998
vt 0.375 0.23428749999999998
vt 0.399475 0.23428749999999998
vt 0.3872375 0.3125
vt 0.3860375 0.3125
vt 0.375 0.23428749999999998
vt 0.42155 0.23428749999999998
vt 0.4105125 0.3125
vt 0.38375625 0.3125
vt 0.375 0.23428749999999998
vt 0.4390625 0.23428749999999998
vt 0.43030625 0.3125
vt 0.380625 0.3125
vt 0.375 0.23428749999999998
vt 0.4503125 0.23428749999999998
vt 0.4446875 0.3125
vt 0.3769375 0.3125
vt 0.375 0.23428749999999998
vt 0.4541875 0.23428749999999998
vt 0.45225 0.3125
vt 0.375 0.3125
vt 0.3769375 0.23428749999999998
vt 0.45225 0.23428749999999998
vt 0.4541875 0.3125
vt 0.375 0.3125
vt 0.380625 0.23428749999999998
vt 0.4446875 0.23428749999999998
vt 0.4503125 0.3125
vt 0.375 0.3125
vt 0.38375625 0.23428749999999998
vt 0.43030625 0.23428749999999998
vt 0.4390625 0.3125
vt 0.375 0.3125
vt 0.3860375 0.23428749999999998
vt 0.4105125 0.23428749999999998
vt 0.42155 0.3125
vt 0.399475 0.3125
vt 0.375 0.3125
vt 0.3872375 0.23428749999999998
vt 0.375 0.23428749999999998
vt 0.399475 0.23428749999999998
vt 0.3872375 0.3125
vt 0.3860375 0.3125
vt 0.375 0.23428749999999998
vt 0.42155 0.23428749999999998
vt 0.4105125 0.3125
vt 0.38375625 0.3125
vt 0.375 0.23428749999999998
vt 0.4390625 0.23428749999999998
vt 0.43030625 0.3125
vt 0.380625 0.3125
vt 0.375 0.23428749999999998
vt 0.4503125 0.23428749999999998
vt 0.4446875 0.3125
vt 0.3769375 0.3125
vt 0.375 0.23428749999999998
vt 0.4541875 0.23428749999999998
vt 0.45225 0.3125
vt 0.375 0.3125
vt 0.3769375 0.23428749999999998
vt 0.45225 0.23428749999999998
vt 0.4541875 0.3125
vt 0.375 0.3125
vt 0.380625 0.23428749999999998
vt 0.4446875 0.23428749999999998
vt 0.4503125 0.3125
vt 0.375 0.3125
vt 0.38375625 0.23428749999999998
vt 0.43030625 0.23428749999999998
vt 0.4390625 0.3125
vt 0.375 0.3125
vt 0.3860375 0.23428749999999998
vt 0.4105125 0.23428749999999998
vt 0.42155 0.3125
vt 0.399475 0.3125
vt 0.375 0.3125
vt 0.3872375 0.23428749999999998
vt 0.375 0.23428749999999998
vt 0.399475 0.23428749999999998
vt 0.3872375 0.3125
vt 0.3860375 0.3125
vt 0.375 0.23428749999999998
vt 0.42155 0.23428749999999998
vt 0.4105125 0.3125
vt 0.38375625 0.3125
vt 0.375 0.23428749999999998
vt 0.4390625 0.23428749999999998
vt 0.43030625 0.3125
vt 0.380625 0.3125
vt 0.375 0.23428749999999998
vt 0.4503125 0.23428749999999998
vt 0.4446875 0.3125
vt 0.3769375 0.3125
vt 0.375 0.23428749999999998
vt 0.4541875 0.23428749999999998
vt 0.45225 0.3125
vt 0.375 0.3125
vt 0.3769375 0.23428749999999998
vt 0.45225 0.23428749999999998
vt 0.4541875 0.3125
vt 0.375 0.3125
vt 0.380625 0.23428749999999998
vt 0.4446875 0.23428749999999998
vt 0.4503125 0.3125
vt 0.375 0.3125
vt 0.38375625 0.23428749999999998
vt 0.43030625 0.23428749999999998
vt 0.4390625 0.3125
vt 0.375 0.3125
vt 0.3860375 0.23428749999999998
vt 0.4105125 0.23428749999999998
vt 0.42155 0.3125
vt 0.399475 0.3125
vt 0.375 0.3125
vt 0.3872375 0.23428749999999998
vt 0.375 0.23428749999999998
vt 0.399475 0.23428749999999998
vt 0.3872375 0.3125
vt 0.3860375 0.3125
vt 0.375 0.23428749999999998
vt 0.42155 0.23428749999999998
vt 0.4105125 0.3125
vt 0.38375625 0.3125
vt 0.375 0.23428749999999998
vt 0.4390625 0.23428749999999998
vt 0.43030625 0.3125
vt 0.380625 0.3125
vt 0.375 0.23428749999999998
vt 0.4503125 0.23428749999999998
vt 0.4446875 0.3125
vt 0.3769375 0.3125
vt 0.375 0.23428749999999998
vt 0.4541875 0.23428749999999998
vt 0.45225 0.3125
vt 0.375 0.3125
vt 0.3769375 0.23428749999999998
vt 0.45225 0.23428749999999998
vt 0.4541875 0.3125
vt 0.375 0.3125
vt 0.380625 0.23428749999999998
vt 0.4446875 0.23428749999999998
vt 0.4503125 0.3125
vt 0.375 0.3125
vt 0.38375625 0.23428749999999998
vt 0.43030625 0.23428749999999998
vt 0.4390625 0.3125
vt 0.375 0.3125
vt 0.3860375 0.23428749999999998
vt 0.4105125 0.23428749999999998
vt 0.42155 0.3125
vt 0.399475 0.3125
vt 0.375 0.3125
vt 0.3872375 0.23428749999999998
vt 0.375 0.23428749999999998
vt 0.399475 0.23428749999999998
vt 0.3872375 0.3125
vt 0.3860375 0.3125
vt 0.375 0.23428749999999998
vt 0.42155 0.23428749999999998
vt 0.4105125 0.3125
vt 0.38375625 0.3125
vt 0.375 0.23428749999999998
vt 0.4390625 0.23428749999999998
vt 0.43030625 0.3125
vt 0.380625 0.3125
vt 0.375 0.23428749999999998
vt 0.4503125 0.23428749999999998
vt 0.4446875 0.3125
vt 0.3769375 0.3125
vt 0.375 0.23428749999999998
vt 0.4541875 0.23428749999999998
vt 0.45225 0.3125
vt 0.375 0.3125
vt 0.3769375 0.23428749999999998
vt 0.45225 0.23428749999999998
vt 0.4541875 0.3125
vt 0.375 0.3125
vt 0.380625 0.23428749999999998
vt 0.4446875 0.23428749999999998
vt 0.4503125 0.3125
vt 0.375 0.3125
vt 0.38375625 0.23428749999999998
vt 0.43030625 0.23428749999999998
vt 0.4390625 0.3125
vt 0.375 0.3125
vt 0.3860375 0.23428749999999998
vt 0.4105125 0.23428749999999998
vt 0.42155 0.3125
vt 0.399475 0.3125
vt 0.375 0.3125
vt 0.3872375 0.23428749999999998
vt 0.375 0.23428749999999998
vt 0.399475 0.23428749999999998
vt 0.3872375 0.3125
vt 0.3860375 0.3125
vt 0.375 0.23428749999999998
vt 0.42155 0.23428749999999998
vt 0.4105125 0.3125
vt 0.38375625 0.3125
vt 0.375 0.23428749999999998
vt 0.4390625 0.23428749999999998
vt 0.43030625 0.3125
vt 0.380625 0.3125
vt 0.375 0.23428749999999998
vt 0.4503125 0.23428749999999998
vt 0.4446875 0.3125
vt 0.3769375 0.3125
vt 0.375 0.23428749999999998
vt 0.4541875 0.23428749999999998
vt 0.45225 0.3125
vt 0.375 0.3125
vt 0.3769375 0.23428749999999998
vt 0.45225 0.23428749999999998
vt 0.4541875 0.3125
vt 0.375 0.3125
vt 0.380625 0.23428749999999998
vt 0.4446875 0.23428749999999998
vt 0.4503125 0.3125
vt 0.375 0.3125
vt 0.38375625 0.23428749999999998
vt 0.43030625 0.23428749999999998
vt 0.4390625 0.3125
vt 0.375 0.3125
vt 0.3860375 0.23428749999999998
vt 0.4105125 0.23428749999999998
vt 0.42155 0.3125
vt 0.399475 0.3125
vt 0.375 0.3125
vt 0.3872375 0.23428749999999998
vt 0.375 0.23428749999999998
vt 0.399475 0.23428749999999998
vt 0.3872375 0.3125
vt 0.3860375 0.3125
vt 0.375 0.23428749999999998
vt 0.42155 0.23428749999999998
vt 0.4105125 0.3125
vt 0.38375625 0.3125
vt 0.375 0.23428749999999998
vt 0.4390625 0.23428749999999998
vt 0.43030625 0.3125
vt 0.380625 0.3125
vt 0.375 0.23428749999999998
vt 0.4503125 0.23428749999999998
vt 0.4446875 0.3125
vt 0.3769375 0.3125
vt 0.375 0.23428749999999998
vt 0.4541875 0.23428749999999998
vt 0.45225 0.3125
vt 0.375 0.3125
vt 0.3769375 0.23428749999999998
vt 0.45225 0.23428749999999998
vt 0.4541875 0.3125
vt 0.375 0.3125
vt 0.380625 0.23428749999999998
vt 0.4446875 0.23428749999999998
vt 0.4503125 0.3125
vt 0.375 0.3125
vt 0.38375625 0.23428749999999998
vt 0.43030625 0.23428749999999998
vt 0.4390625 0.3125
vt 0.375 0.3125
vt 0.3860375 0.23428749999999998
vt 0.4105125 0.23428749999999998
vt 0.42155 0.3125
vt 0.399475 0.3125
vt 0.375 0.3125
vt 0.3872375 0.23428749999999998
vt 0.375 0.23428749999999998
vt 0.399475 0.23428749999999998
vt 0.3872375 0.3125
vt 0.3860375 0.3125
vt 0.375 0.23428749999999998
vt 0.42155 0.23428749999999998
vt 0.4105125 0.3125
vt 0.38375625 0.3125
vt 0.375 0.23428749999999998
vt 0.4390625 0.23428749999999998
vt 0.43030625 0.3125
vt 0.380625 0.3125
vt 0.375 0.23428749999999998
vt 0.4503125 0.23428749999999998
vt 0.4446875 0.3125
vt 0.3769375 0.3125
vt 0.375 0.23428749999999998
vt 0.4541875 0.23428749999999998
vt 0.45225 0.3125
vt 0.375 0.3125
vt 0.3769375 0.23428749999999998
vt 0.45225 0.23428749999999998
vt 0.4541875 0.3125
vt 0.375 0.3125
vt 0.380625 0.23428749999999998
vt 0.4446875 0.23428749999999998
vt 0.4503125 0.3125
vt 0.375 0.3125
vt 0.38375625 0.23428749999999998
vt 0.43030625 0.23428749999999998
vt 0.4390625 0.3125
vt 0.375 0.3125
vt 0.3860375 0.23428749999999998
vt 0.4105125 0.23428749999999998
vt 0.42155 0.3125
vt 0.399475 0.3125
vt 0.375 0.3125
vt 0.3872375 0.23428749999999998
vn -0.13938202733983684 0.9876888108927863 -0.07101734500691298
vn -0.40451137316853375 0.8910053131240777 -0.20610696485556132
vn -0.6300364166214785 0.7071069239193173 -0.321020111326577
vn -0.7938934760773018 0.45399287105251723 -0.40450416768605874
vn -0.8800378888885834 0.15643184840357868 -0.4483998114691454
vn -0.8800392705580266 -0.15643177449531476 -0.44839712555272193
vn -0.793891142532596 -0.45399318053660276 -0.4045084002027022
vn -0.6300380255016766 -0.7071066810231231 -0.32101748873606845
vn -0.4045123966673293 -0.8910051972705888 -0.20610545693710372
vn -0.13938202733983684 -0.9876888108927863 -0.07101734500691298
vn -0.15450494287230912 0.9876888547958224 -0.024473429268121332
vn -0.448402836383088 0.8910054944253064 -0.07102186443284145
vn -0.6983997229457523 0.7071082888384044 -0.11061507512685705
vn -0.8800364428697852 0.4539891047149671 -0.13939064538625948
vn -0.975528717120541 0.15643517948828914 -0.15450487594771442
vn -0.9755269803034531 -0.15643544467122877 -0.1545155731651074
vn -0.8800378012890052 -0.4539886434527062 -0.13938357119253703
vn -0.6983989285209341 -0.7071085569426654 -0.11061837704139703
vn -0.448401533992256 -0.8910057917483741 -0.07102635696869583
vn -0.15450494287230912 -0.9876888547958224 -0.024473429268121332
vn -0.15450494287230923 0.9876888547958222 0.024473429268119705
vn -0.44840411420419196 0.891004835221815 0.07102206682504221
vn -0.6984011300591483 0.7071068641885491 0.11061529799056564
vn -0.8800337985549185 0.4539943591542122 0.1393902265481971
vn -0.97553032941576 0.1564248726727515 0.15450513130408491
vn -0.9755286755624349 -0.1564246074797706 0.1545158416803973
vn -0.8800346927004014 -0.4539948204285482 0.13938307884302312
vn -0.6984008652483753 -0.7071065960768461 0.11061868379680112
vn -0.44840396455708637 -0.8910045378643899 0.07102674196774258
vn -0.15450494287230926 -0.9876888547958222 0.02447342926811971
vn -0.13938202733983582 0.9876888108927864 0.07101734500691564
vn -0.4045109240256631 0.8910055699691594 0.20610673600791846
vn -0.6300352666113785 0.7071082146033826 0.32101952536620876
vn -0.7938950766396912 0.45398934552543396 0.4045049832037265
vn -0.8800374835052691 0.15643472100555142 0.4483996049168961
vn -0.8800388443124818 -0.15643479492520942 0.4483969083723248
vn -0.7938930240928336 -0.4539890360496732 0.404509358907089
vn -0.6300364426454192 -0.7071084574969426 0.3210166822378552
vn -0.404511542355684 -0.8910056858129042 0.2061050216518324
vn -0.13938202733983582 -0.9876888108927864 0.07101734500691564
vn -0.1106135256400697 0.9876888659344841 0.1106135256400697
vn -0.3210213116613518 0.8910054067840733 0.3210213116613497
vn -0.500000000000001 0.707106781186547 0.4999999999999997
vn -0.630035965210898 0.45399269276228166 0.6300359652108954
vn -0.6984014948047257 0.15643114814209336 0.6984014948047228
vn -0.6984014948047257 -0.1564311481420931 0.6984014948047228
vn -0.6300359652108973 -0.45399269276228216 0.6300359652108958
vn -0.5000000000000021 -0.7071067811865469 0.4999999999999987
vn -0.3210213116613501 -0.8910054067840737 0.3210213116613501
vn -0.1106135256400697 -0.9876888659344841 0.1106135256400697
vn -0.07101734500691678 0.9876888108927864 0.13938202733983523
vn -0.2061069648555595 0.8910053131240789 0.4045113731685323
vn -0.3210201113265791 0.7071069239193158 0.630036416621479
vn -0.4045041676860618 0.4539928710525174 0.7938934760773001
vn -0.4483998114691436 0.1564318484035805 0.880037888888584
vn -0.4483971255527253 -0.15643177449531676 0.8800392705580246
vn -0.40450840020270384 -0.4539931805366027 0.7938911425325949
vn -0.32101748873606795 -0.7071066810231211 0.6300380255016792
vn -0.20610545693711257 -0.891005197270591 0.40451239666732053
vn -0.07101734500691677 -0.9876888108927864 0.13938202733983523
vn -0.024473429268119698 0.9876888547958222 0.1545049428723092
vn -0.07102186443284512 0.891005494425306 0.44840283638308875
vn -0.11061507512685814 0.7071082888384049 0.6983997229457515
vn -0.13939064538625748 0.45398910471496823 0.880036442869785
vn -0.15450487594771825 0.15643517948828606 0.9755287171205408
vn -0.15451557316510534 -0.1564354446712255 0.9755269803034538
vn -0.13938357119253844 -0.4539886434527076 0.8800378012890042
vn -0.11061837704140078 -0.7071085569426655 0.6983989285209333
vn -0.07102635696869135 -0.8910057917483729 0.4484015339922591
vn -0.024473429268119695 -0.9876888547958222 0.15450494287230918
vn 0.024473429268120746 0.9876888547958222 0.1545049428723092
vn 0.07102206682504388 0.8910048352218152 0.4484041142041911
vn 0.11061529799056688 0.7071068641885486 0.6984011300591485
vn 0.13939022654819774 0.4539943591542114 0.8800337985549186
vn 0.15450513130408403 0.15642487267275157 0.97553032941576
vn 0.154515841680398 -0.1564246074797707 0.9755286755624348
vn 0.13938307884302464 -0.45399482042854755 0.8800346927004017
vn 0.11061868379680256 -0.7071065960768457 0.6984008652483756
vn 0.07102674196774555 -0.8910045378643898 0.44840396455708603
vn 0.024473429268120742 -0.9876888547958222 0.15450494287230918
vn 0.07101734500691395 0.9876888108927864 0.13938202733983668
vn 0.20610673600791807 0.8910055699691598 0.40451092402566236
vn 0.3210195253662074 0.7071082146033834 0.6300352666113782
vn 0.4045049832037235 0.4539893455254338 0.793895076639693
vn 0.4483996049168967 0.15643472100555328 0.8800374835052686
vn 0.44839690837232116 -0.1564347949252114 0.8800388443124834
vn 0.40450935890708783 -0.45398903604967283 0.7938930240928345
vn 0.3210166822378552 -0.7071084574969426 0.6300364426454191
vn 0.20610502165182698 -0.8910056858129047 0.4045115423556853
vn 0.07101734500691397 -0.9876888108927864 0.1393820273398367
vn 0.11061352564006957 0.9876888659344841 0.11061352564006957
vn 0.3210213116613506 0.891005406784073 0.3210213116613516
vn 0.4999999999999987 0.7071067811865487 0.5
vn 0.6300359652108949 0.45399269276228327 0.6300359652108976
vn 0.6984014948047232 0.1564311481420894 0.698401494804726
vn 0.6984014948047232 -0.15643114814208917 0.6984014948047261
vn 0.6300359652108952 -0.45399269276228377 0.6300359652108968
vn 0.499999999999999 -0.7071067811865479 0.5000000000000007
vn 0.3210213116613507 -0.8910054067840734 0.32102131166135073
vn 0.11061352564006957 -0.9876888659344841 0.11061352564006957
vn 0.13938202733983643 0.9876888108927862 0.07101734500691453
vn 0.40451137316853286 0.8910053131240783 0.20610696485556032
vn 0.6300364166214775 0.7071069239193177 0.32102011132657776
vn 0.7938934760773014 0.4539928710525192 0.40450416768605724
vn 0.8800378888885837 0.15643184840357682 0.4483998114691456
vn 0.8800392705580274 -0.15643177449531287 0.448397125552721
vn 0.7938911425325944 -0.4539931805366048 0.4045084002027029
vn 0.6300380255016758 -0.707106681023123 0.3210174887360705
vn 0.4045123966673259 -0.8910051972705896 0.2061054569371072
vn 0.13938202733983643 -0.9876888108927862 0.07101734500691453
vn 0.15450494287230912 0.9876888547958222 0.02447342926812144
vn 0.44840283638308787 0.8910054944253064 0.07102186443284375
vn 0.6983997229457504 0.7071082888384063 0.11061507512685653
vn 0.8800364428697852 0.45398910471496706 0.1393906453862597
vn 0.9755287171205407 0.15643517948828803 0.1545048759477162
vn 0.9755269803034532 -0.1564354446712276 0.1545155731651074
vn 0.8800378012890052 -0.4539886434527063 0.13938357119253675
vn 0.6983989285209343 -0.7071085569426652 0.11061837704139735
vn 0.44840153399225596 -0.8910057917483744 0.07102635696869614
vn 0.15450494287230912 -0.9876888547958222 0.02447342926812144
vn 0.15450494287230923 0.9876888547958222 -0.024473429268118997
vn 0.44840411420419135 0.891004835221815 -0.0710220668250441
vn 0.6984011300591478 0.7071068641885495 -0.11061529799056535
vn 0.8800337985549181 0.453994359154213 -0.13939022654819638
vn 0.9755303294157598 0.15642487267275104 -0.15450513130408583
vn 0.975528675562435 -0.1564246074797704 -0.15451584168039662
vn 0.8800346927004015 -0.4539948204285485 -0.13938307884302284
vn 0.6984008652483754 -0.7071065960768458 -0.11061868379680254
vn 0.44840396455708653 -0.8910045378643899 -0.07102674196774057
vn 0.15450494287230923 -0.9876888547958222 -0.024473429268118997
vn 0.13938202733983554 0.9876888108927863 -0.07101734500691585
vn 0.4045109240256643 0.8910055699691589 -0.206106736007918
vn 0.6300352666113764 0.7071082146033845 -0.3210195253662089
vn 0.7938950766396898 0.4539893455254349 -0.4045049832037285
vn 0.8800374835052697 0.15643472100554956 -0.4483996049168958
vn 0.8800388443124809 -0.15643479492520776 -0.4483969083723273
vn 0.7938930240928328 -0.45398903604967344 -0.4045093589070901
vn 0.6300364426454192 -0.7071084574969434 -0.3210166822378534
vn 0.40451154235568443 -0.8910056858129035 -0.20610502165183386
vn 0.13938202733983554 -0.9876888108927863 -0.07101734500691585
vn 0.11061352564006958 0.9876888659344841 -0.11061352564006958
vn 0.3210213116613522 0.8910054067840731 -0.32102131166135006
vn 0.5000000000000009 0.7071067811865476 -0.49999999999999906
vn 0.6300359652108971 0.4539926927622825 -0.6300359652108959
vn 0.6984014948047249 0.1564311481420933 -0.6984014948047235
vn 0.698401494804725 -0.15643114814209333 -0.6984014948047236
vn 0.6300359652108977 -0.45399269276228243 -0.6300359652108953
vn 0.5000000000000024 -0.7071067811865464 -0.49999999999999917
vn 0.3210213116613504 -0.8910054067840735 -0.3210213116613504
vn 0.11061352564006958 -0.9876888659344841 -0.11061352564006958
vn 0.07101734500691644 0.9876888108927864 -0.13938202733983523
vn 0.2061069648555593 0.8910053131240785 -0.404511373168533
vn 0.32102011132657887 0.7071069239193164 -0.6300364166214784
vn 0.4045041676860624 0.4539928710525175 -0.7938934760773
vn 0.44839981146914476 0.1564318484035799 -0.8800378888885836
vn 0.44839712555272604 -0.15643177449531637 -0.8800392705580243
vn 0.40450840020270407 -0.45399318053660215 -0.7938911425325951
vn 0.3210174887360673 -0.7071066810231211 -0.6300380255016795
vn 0.20610545693711202 -0.8910051972705905 -0.40451239666732136
vn 0.07101734500691644 -0.9876888108927864 -0.13938202733983523
vn 0.024473429268119587 0.9876888547958222 -0.1545049428723092
vn 0.07102186443284446 0.8910054944253059 -0.44840283638308914
vn 0.11061507512685749 0.7071082888384055 -0.6983997229457511
vn 0.13939064538625878 0.45398910471496856 -0.8800364428697848
vn 0.15450487594771622 0.15643517948828603 -0.9755287171205411
vn 0.15451557316510675 -0.15643544467122572 -0.9755269803034534
vn 0.13938357119253775 -0.4539886434527071 -0.8800378012890046
vn 0.11061837704139939 -0.7071085569426658 -0.6983989285209333
vn 0.07102635696869107 -0.891005791748373 -0.4484015339922594
vn 0.024473429268119583 -0.9876888547958222 -0.15450494287230918
vn -0.024473429268120035 0.9876888547958222 -0.1545049428723092
vn -0.07102206682504275 0.891004835221815 -0.4484041142041918
vn -0.11061529799056637 0.7071068641885494 -0.6984011300591478
vn -0.139390226548197 0.45399435915421293 -0.8800337985549179
vn -0.15450513130408053 0.15642487267274824 -0.9755303294157611
vn -0.1545158416803971 -0.1564246074797675 -0.9755286755624354
vn -0.13938307884302406 -0.4539948204285484 -0.8800346927004011
vn -0.11061868379680052 -0.7071065960768466 -0.698400865248375
vn -0.07102674196774361 -0.8910045378643897 -0.4484039645570867
vn -0.024473429268120035 -0.9876888547958222 -0.1545049428723092
vn -0.07101734500691263 0.9876888108927864 -0.1393820273398369
vn -0.2061067360079174 0.8910055699691596 -0.4045109240256631
vn -0.32101952536620554 0.7071082146033831 -0.6300352666113794
vn -0.40450498320372524 0.4539893455254351 -0.7938950766396913
vn -0.4483996049168971 0.15643472100555325 -0.8800374835052682
vn -0.44839690837232354 -0.15643479492521134 -0.8800388443124821
vn -0.40450935890708495 -0.45398903604967444 -0.7938930240928349
vn -0.3210166822378537 -0.7071084574969427 -0.6300364426454197
vn -0.2061050216518236 -0.8910056858129047 -0.4045115423556868
vn -0.07101734500691263 -0.9876888108927864 -0.1393820273398369
vn -0.11061352564006918 0.9876888659344844 -0.11061352564006918
vn -0.3210213116613515 0.8910054067840724 -0.3210213116613525
vn -0.4999999999999987 0.7071067811865486 -0.5
vn -0.6300359652108958 0.45399269276228094 -0.6300359652108983
vn -0.698401494804723 0.1564311481420914 -0.6984014948047258
vn -0.6984014948047229 -0.15643114814209116 -0.698401494804726
vn -0.6300359652108961 -0.4539926927622815 -0.6300359652108977
vn -0.49999999999999856 -0.7071067811865483 -0.5000000000000002
vn -0.3210213116613513 -0.891005406784073 -0.32102131166135134
vn -0.11061352564006915 -0.9876888659344844 -0.11061352564006915
usemtl m_2440dbf4-8ee8-d9b8-6f1d-7b0ee1336e9d
f 1/1/1 2/2/1 3/3/1
f 1/4/2 4/5/2 5/6/2 2/7/2
f 4/8/3 6/9/3 7/10/3 5/11/3
f 6/12/4 8/13/4 9/14/4 7/15/4
f 8/16/5 10/17/5 11/18/5 9/19/5
f 10/20/6 12/21/6 13/22/6 11/23/6
f 12/24/7 14/25/7 15/26/7 13/27/7
f 14/28/8 16/29/8 17/30/8 15/31/8
f 16/32/9 18/33/9 19/34/9 17/35/9
f 19/36/10 18/37/10 20/38/10
f 2/39/11 21/40/11 3/41/11
f 2/42/12 5/43/12 22/44/12 21/45/12
f 5/46/13 7/47/13 23/48/13 22/49/13
f 7/50/14 9/51/14 24/52/14 23/53/14
f 9/54/15 11/55/15 25/56/15 24/57/15
f 11/58/16 13/59/16 26/60/16 25/61/16
f 13/62/17 15/63/17 27/64/17 26/65/17
f 15/66/18 17/67/18 28/68/18 27/69/18
f 17/70/19 19/71/19 29/72/19 28/73/19
f 29/74/20 19/75/20 20/76/20
f 21/77/21 30/78/21 3/79/21
f 21/80/22 22/81/22 31/82/22 30/83/22
f 22/84/23 23/85/23 32/86/23 31/87/23
f 23/88/24 24/89/24 33/90/24 32/91/24
f 24/92/25 25/93/25 34/94/25 33/95/25
f 25/96/26 26/97/26 35/98/26 34/99/26
f 26/100/27 27/101/27 36/102/27 35/103/27
f 27/104/28 28/105/28 37/106/28 36/107/28
f 28/108/29 29/109/29 38/110/29 37/111/29
f 38/112/30 29/113/30 20/114/30
f 30/115/31 39/116/31 3/117/31
f 30/118/32 31/119/32 40/120/32 39/121/32
f 31/122/33 32/123/33 41/124/33 40/125/33
f 32/126/34 33/127/34 42/128/34 41/129/34
f 33/130/35 34/131/35 43/132/35 42/133/35
f 34/134/36 35/135/36 44/136/36 43/137/36
f 35/138/37 36/139/37 45/140/37 44/141/37
f 36/142/38 37/143/38 46/144/38 45/145/38
f 37/146/39 38/147/39 47/148/39 46/149/39
f 47/150/40 38/151/40 20/152/40
f 39/153/41 48/154/41 3/155/41
f 39/156/42 40/157/42 49/158/42 48/159/42
f 40/160/43 41/161/43 50/162/43 49/163/43
f 41/164/44 42/165/44 51/166/44 50/167/44
f 42/168/45 43/169/45 52/170/45 51/171/45
f 43/172/46 44/173/46 53/174/46 52/175/46
f 44/176/47 45/177/47 54/178/47 53/179/47
f 45/180/48 46/181/48 55/182/48 54/183/48
f 46/184/49 47/185/49 56/186/49 55/187/49
f 56/188/50 47/189/50 20/190/50
f 48/191/51 57/192/51 3/193/51
f 48/194/52 49/195/52 58/196/52 57/197/52
f 49/198/53 50/199/53 59/200/53 58/201/53
f 50/202/54 51/203/54 60/204/54 59/205/54
f 51/206/55 52/207/55 61/208/55 60/209/55
f 52/210/56 53/211/56 62/212/56 61/213/56
f 53/214/57 54/215/57 63/216/57 62/217/57
f 54/218/58 55/219/58 64/220/58 63/221/58
f 55/222/59 56/223/59 65/224/59 64/225/59
f 65/226/60 56/227/60 20/228/60
f 57/229/61 66/230/61 3/231/61
f 57/232/62 58/233/62 67/234/62 66/235/62
f 58/236/63 59/237/63 68/238/63 67/239/63
f 59/240/64 60/241/64 69/242/64 68/243/64
f 60/244/65 61/245/65 70/246/65 69/247/65
f 61/248/66 62/249/66 71/250/66 70/251/66
f 62/252/67 63/253/67 72/254/67 71/255/67
f 63/256/68 64/257/68 73/258/68 72/259/68
f 64/260/69 65/261/69 74/262/69 73/263/69
f 74/264/70 65/265/70 20/266/70
f 66/267/71 75/268/71 3/269/71
f 66/270/72 67/271/72 76/272/72 75/273/72
f 67/274/73 68/275/73 77/276/73 76/277/73
f 68/278/74 69/279/74 78/280/74 77/281/74
f 69/282/75 70/283/75 79/284/75 78/285/75
f 70/286/76 71/287/76 80/288/76 79/289/76
f 71/290/77 72/291/77 81/292/77 80/293/77
f 72/294/78 73/295/78 82/296/78 81/297/78
f 73/298/79 74/299/79 83/300/79 82/301/79
f 83/302/80 74/303/80 20/304/80
f 75/305/81 84/306/81 3/307/81
f 75/308/82 76/309/82 85/310/82 84/311/82
f 76/312/83 77/313/83 86/314/83 85/315/83
f 77/316/84 78/317/84 87/318/84 86/319/84
f 78/320/85 79/321/85 88/322/85 87/323/85
f 79/324/86 80/325/86 89/326/86 88/327/86
f 80/328/87 81/329/87 90/330/87 89/331/87
f 81/332/88 82/333/88 91/334/88 90/335/88
f 82/336/89 83/337/89 92/338/89 91/339/89
f 92/340/90 83/341/90 20/342/90
f 84/343/91 93/344/91 3/345/91
f 84/346/92 85/347/92 94/348/92 93/349/92
f 85/350/93 86/351/93 95/352/93 94/353/93
f 86/354/94 87/355/94 96/356/94 95/357/94
f 87/358/95 88/359/95 97/360/95 96/361/95
f 88/362/96 89/363/96 98/364/96 97/365/96
f 89/366/97 90/367/97 99/368/97 98/369/97
f 90/370/98 91/371/98 100/372/98 99/373/98
f 91/374/99 92/375/99 101/376/99 100/377/99
f 101/378/100 92/379/100 20/380/100
f 93/381/101 102/382/101 3/383/101
f 93/384/102 94/385/102 103/386/102 102/387/102
f 94/388/103 95/389/103 104/390/103 103/391/103
f 95/392/104 96/393/104 105/394/104 104/395/104
f 96/396/105 97/397/105 106/398/105 105/399/105
f 97/400/106 98/401/106 107/402/106 106/403/106
f 98/404/107 99/405/107 108/406/107 107/407/107
f 99/408/108 100/409/108 109/410/108 108/411/108
f 100/412/109 101/413/109 110/414/109 109/415/109
f 110/416/110 101/417/110 20/418/110
f 102/419/111 111/420/111 3/421/111
f 102/422/112 103/423/112 112/424/112 111/425/112
f 103/426/113 104/427/113 113/428/113 112/429/113
f 104/430/114 105/431/114 114/432/114 113/433/114
f 105/434/115 106/435/115 115/436/115 114/437/115
f 106/438/116 107/439/116 116/440/116 115/441/116
f 107/442/117 108/443/117 117/444/117 116/445/117
f 108/446/118 109/447/118 118/448/118 117/449/118
f 109/450/119 110/451/119 119/452/119 118/453/119
f 119/454/120 110/455/120 20/456/120
f 111/457/121 120/458/121 3/459/121
f 111/460/122 112/461/122 121/462/122 120/463/122
f 112/464/123 113/465/123 122/466/123 121/467/123
f 113/468/124 114/469/124 123/470/124 122/471/124
f 114/472/125 115/473/125 124/474/125 123/475/125
f 115/476/126 116/477/126 125/478/126 124/479/126
f 116/480/127 117/481/127 126/482/127 125/483/127
f 117/484/128 118/485/128 127/486/128 126/487/128
f 118/488/129 119/489/129 128/490/129 127/491/129
f 128/492/130 119/493/130 20/494/130
f 120/495/131 129/496/131 3/497/131
f 120/498/132 121/499/132 130/500/132 129/501/132
f 121/502/133 122/503/133 131/504/133 130/505/133
f 122/506/134 123/507/134 132/508/134 131/509/134
f 123/510/135 124/511/135 133/512/135 132/513/135
f 124/514/136 125/515/136 134/516/136 133/517/136
f 125/518/137 126/519/137 135/520/137 134/521/137
f 126/522/138 127/523/138 136/524/138 135/525/138
f 127/526/139 128/527/139 137/528/139 136/529/139
f 137/530/140 128/531/140 20/532/140
f 129/533/141 138/534/141 3/535/141
f 129/536/142 130/537/142 139/538/142 138/539/142
f 130/540/143 131/541/143 140/542/143 139/543/143
f 131/544/144 132/545/144 141/546/144 140/547/144
f 132/548/145 133/549/145 142/550/145 141/551/145
f 133/552/146 134/553/146 143/554/146 142/555/146
f 134/556/147 135/557/147 144/558/147 143/559/147
f 135/560/148 136/561/148 145/562/148 144/563/148
f 136/564/149 137/565/149 146/566/149 145/567/149
f 146/568/150 137/569/150 20/570/150
f 138/571/151 147/572/151 3/573/151
f 138/574/152 139/575/152 148/576/152 147/577/152
f 139/578/153 140/579/153 149/580/153 148/581/153
f 140/582/154 141/583/154 150/584/154 149/585/154
f 141/586/155 142/587/155 151/588/155 150/589/155
f 142/590/156 143/591/156 152/592/156 151/593/156
f 143/594/157 144/595/157 153/596/157 152/597/157
f 144/598/158 145/599/158 154/600/158 153/601/158
f 145/602/159 146/603/159 155/604/159 154/605/159
f 155/606/160 146/607/160 20/608/160
f 147/609/161 156/610/161 3/611/161
f 147/612/162 148/613/162 157/614/162 156/615/162
f 148/616/163 149/617/163 158/618/163 157/619/163
f 149/620/164 150/621/164 159/622/164 158/623/164
f 150/624/165 151/625/165 160/626/165 159/627/165
f 151/628/166 152/629/166 161/630/166 160/631/166
f 152/632/167 153/633/167 162/634/167 161/635/167
f 153/636/168 154/637/168 163/638/168 162/639/168
f 154/640/169 155/641/169 164/642/169 163/643/169
f 164/644/170 155/645/170 20/646/170
f 156/647/171 165/648/171 3/649/171
f 156/650/172 157/651/172 166/652/172 165/653/172
f 157/654/173 158/655/173 167/656/173 166/657/173
f 158/658/174 159/659/174 168/660/174 167/661/174
f 159/662/175 160/663/175 169/664/175 168/665/175
f 160/666/176 161/667/176 170/668/176 169/669/176
f 161/670/177 162/671/177 171/672/177 170/673/177
f 162/674/178 163/675/178 172/676/178 171/677/178
f 163/678/179 164/679/179 173/680/179 172/681/179
f 173/682/180 164/683/180 20/684/180
f 165/685/181 174/686/181 3/687/181
f 165/688/182 166/689/182 175/690/182 174/691/182
f 166/692/183 167/693/183 176/694/183 175/695/183
f 167/696/184 168/697/184 177/698/184 176/699/184
f 168/700/185 169/701/185 178/702/185 177/703/185
f 169/704/186 170/705/186 179/706/186 178/707/186
f 170/708/187 171/709/187 180/710/187 179/711/187
f 171/712/188 172/713/188 181/714/188 180/715/188
f 172/716/189 173/717/189 182/718/189 181/719/189
f 182/720/190 173/721/190 20/722/190
f 174/723/191 1/724/191 3/725/191
f 174/726/192 175/727/192 4/728/192 1/729/192
f 175/730/193 176/731/193 6/732/193 4/733/193
f 176/734/194 177/735/194 8/736/194 6/737/194
f 177/738/195 178/739/195 10/740/195 8/741/195
f 178/742/196 179/743/196 12/744/196 10/745/196
f 179/746/197 180/747/197 14/748/197 12/749/197
f 180/750/198 181/751/198 16/752/198 14/753/198
f 181/754/199 182/755/199 18/756/199 16/757/199
f 18/758/200 182/759/200 20/760/200
o light
v -0.6169374083331136 -0.2934856250000002 -0.7261915932107746
v -0.6387423717562153 -0.2934856250000002 -0.7373015665684297
v -0.6629126073623864 -0.2812500000000002 -0.6629126073623904
v -0.5754629439660929 -0.32899562500000024 -0.7832763236559643
v -0.6169378502748516 -0.32899562500000024 -0.8044086517534625
v -0.5425484491270736 -0.38430375000000017 -0.8285793293013717
v -0.5996336215140016 -0.38430375000000017 -0.857665724803742
v -0.5214161210295754 -0.45399562500000024 -0.857665724803742
v -0.5885236481563461 -0.45399562500000024 -0.8918583151497559
v -0.5141346889503069 -0.5312500000000002 -0.8676880795435848
v -0.5846955488196974 -0.5312500000000002 -0.9036404818912768
v -0.5214161210295754 -0.6085043750000002 -0.857665724803742
v -0.5885236481563461 -0.6085043750000002 -0.8918583151497559
v -0.5425484491270736 -0.6781962500000003 -0.8285793293013717
v -0.5996336215140016 -0.6781962500000003 -0.857665724803742
v -0.5754629439660928 -0.7335043750000002 -0.7832763236559643
v -0.6169378502748515 -0.7335043750000002 -0.8044086517534625
v -0.6169374083331135 -0.7690143750000002 -0.7261915932107745
v -0.6387423717562152 -0.7690143750000002 -0.7373015665684296
v -0.6629126073623863 -0.7812500000000002 -0.6629126073623903
v -0.6629126073623861 -0.2934856250000002 -0.7411301078468167
v -0.6629126073623862 -0.32899562500000024 -0.8116905257744694
v -0.6629126073623857 -0.38430375000000017 -0.8676880795435852
v -0.6629126073623854 -0.45399562500000024 -0.903640923833015
v -0.6629126073623859 -0.5312500000000002 -0.916028550755927
v -0.6629126073623854 -0.6085043750000002 -0.903640923833015
v -0.6629126073623857 -0.6781962500000003 -0.8676880795435852
v -0.6629126073623861 -0.7335043750000002 -0.8116905257744694
v -0.662912607362386 -0.7690143750000002 -0.7411301078468167
v -0.6870828429685574 -0.2934856250000002 -0.7373015665684302
v -0.7088873644499206 -0.32899562500000024 -0.8044086517534629
v -0.72619159321077 -0.38430375000000017 -0.8576657248037425
v -0.7373015665684254 -0.45399562500000024 -0.8918583151497563
v -0.7411296659050738 -0.5312500000000002 -0.903640481891277
v -0.7373015665684254 -0.6085043750000002 -0.8918583151497563
v -0.72619159321077 -0.6781962500000003 -0.8576657248037425
v -0.7088873644499205 -0.7335043750000002 -0.8044086517534629
v -0.6870828429685573 -0.7690143750000002 -0.73730156656843
v -0.708887806391659 -0.2934856250000002 -0.7261915932107746
v -0.7503622707586795 -0.32899562500000024 -0.7832763236559649
v -0.7832767655976982 -0.38430375000000017 -0.8285793293013722
v -0.8044090936951962 -0.45399562500000024 -0.8576657248037426
v -0.8116905257744649 -0.5312500000000002 -0.8676880795435856
v -0.8044090936951962 -0.6085043750000002 -0.8576657248037426
v -0.7832767655976982 -0.6781962500000003 -0.8285793293013722
v -0.7503622707586793 -0.7335043750000002 -0.7832763236559649
v -0.7088878063916589 -0.7690143750000002 -0.7261915932107745
v -0.7261915932107703 -0.2934856250000002 -0.7088878063916634
v -0.7832763236559603 -0.32899562500000024 -0.7503622707586842
v -0.8285793293013675 -0.38430375000000017 -0.7832767655977032
v -0.8576657248037377 -0.45399562500000024 -0.8044090936952014
v -0.8676880795435807 -0.5312500000000002 -0.8116905257744701
v -0.8576657248037377 -0.6085043750000002 -0.8044090936952014
v -0.8285793293013675 -0.6781962500000003 -0.7832767655977032
v -0.7832763236559602 -0.7335043750000002 -0.7503622707586842
v -0.7261915932107702 -0.7690143750000002 -0.7088878063916633
v -0.737301566568426 -0.2934856250000002 -0.6870828429685617
v -0.8044086517534587 -0.32899562500000024 -0.7088873644499254
v -0.857665724803738 -0.38430375000000017 -0.7261915932107751
v -0.8918583151497519 -0.45399562500000024 -0.7373015665684307
v -0.9036404818912726 -0.5312500000000002 -0.7411296659050792
v -0.8918583151497519 -0.6085043750000002 -0.7373015665684307
v -0.857665724803738 -0.6781962500000003 -0.7261915932107751
v -0.8044086517534585 -0.7335043750000002 -0.7088873644499254
v -0.7373015665684259 -0.7690143750000002 -0.6870828429685616
v -0.7411301078468129 -0.2934856250000002 -0.6629126073623904
v -0.8116905257744657 -0.32899562500000024 -0.6629126073623909
v -0.8676880795435811 -0.38430375000000017 -0.662912607362391
v -0.903640923833011 -0.45399562500000024 -0.662912607362391
v -0.9160285507559232 -0.5312500000000002 -0.6629126073623912
v -0.903640923833011 -0.6085043750000002 -0.662912607362391
v -0.8676880795435811 -0.6781962500000003 -0.662912607362391
v -0.8116905257744655 -0.7335043750000002 -0.6629126073623909
v -0.7411301078468128 -0.7690143750000002 -0.6629126073623903
v -0.7373015665684259 -0.2934856250000002 -0.6387423717562196
v -0.804408651753459 -0.32899562500000024 -0.6169378502748561
v -0.8576657248037384 -0.38430375000000017 -0.5996336215140068
v -0.8918583151497522 -0.45399562500000024 -0.5885236481563516
v -0.9036404818912731 -0.5312500000000002 -0.584695548819703
v -0.8918583151497522 -0.6085043750000002 -0.5885236481563516
v -0.8576657248037384 -0.6781962500000003 -0.5996336215140068
v -0.804408651753459 -0.7335043750000002 -0.6169378502748561
v -0.7373015665684258 -0.7690143750000002 -0.6387423717562195
v -0.726191593210771 -0.2934856250000002 -0.6169374083331179
v -0.7832763236559609 -0.32899562500000024 -0.5754629439660975
v -0.8285793293013684 -0.38430375000000017 -0.5425484491270787
v -0.8576657248037388 -0.45399562500000024 -0.5214161210295805
v -0.8676880795435817 -0.5312500000000002 -0.5141346889503121
v -0.8576657248037388 -0.6085043750000002 -0.5214161210295805
v -0.8285793293013684 -0.6781962500000003 -0.5425484491270787
v -0.7832763236559608 -0.7335043750000002 -0.5754629439660975
v -0.7261915932107709 -0.7690143750000002 -0.6169374083331178
v -0.7088878063916594 -0.2934856250000002 -0.5996336215140062
v -0.7503622707586801 -0.32899562500000024 -0.5425488910688167
v -0.7832767655976992 -0.38430375000000017 -0.4972458854234092
v -0.8044090936951975 -0.45399562500000024 -0.46815948992103884
v -0.8116905257744659 -0.5312500000000002 -0.4581371351811959
v -0.8044090936951975 -0.6085043750000001 -0.46815948992103884
v -0.7832767655976992 -0.6781962500000003 -0.4972458854234092
v -0.75036227075868 -0.7335043750000001 -0.5425488910688167
v -0.7088878063916593 -0.7690143750000002 -0.5996336215140061
v -0.6870828429685576 -0.2934856250000002 -0.588523648156351
v -0.7088873644499216 -0.32899562500000024 -0.5214165629713181
v -0.7261915932107712 -0.38430375000000017 -0.46815948992103884
v -0.7373015665684266 -0.45399562500000024 -0.433966899575025
v -0.7411296659050753 -0.5312500000000002 -0.4221847328335042
v -0.7373015665684266 -0.6085043750000001 -0.433966899575025
v -0.7261915932107712 -0.6781962500000003 -0.46815948992103884
v -0.7088873644499214 -0.7335043750000001 -0.5214165629713181
v -0.6870828429685575 -0.7690143750000002 -0.5885236481563509
v -0.6629126073623869 -0.2934856250000002 -0.5846951068779641
v -0.6629126073623869 -0.32899562500000024 -0.5141346889503112
v -0.6629126073623871 -0.38430375000000006 -0.45813713518119575
v -0.6629126073623873 -0.4539956250000001 -0.42218429089176585
v -0.662912607362387 -0.5312500000000002 -0.4097966639688537
v -0.6629126073623873 -0.6085043750000001 -0.42218429089176585
v -0.6629126073623871 -0.6781962500000003 -0.45813713518119575
v -0.6629126073623868 -0.7335043750000001 -0.5141346889503112
v -0.6629126073623868 -0.7690143750000002 -0.584695106877964
v -0.6387423717562156 -0.2934856250000002 -0.5885236481563506
v -0.6169378502748524 -0.32899562500000024 -0.5214165629713179
v -0.5996336215140028 -0.38430375000000006 -0.4681594899210383
v -0.5885236481563475 -0.4539956250000001 -0.4339668995750245
v -0.584695548819699 -0.5312500000000002 -0.4221847328335038
v -0.5885236481563475 -0.6085043750000001 -0.4339668995750245
v -0.5996336215140028 -0.6781962500000003 -0.4681594899210383
v -0.6169378502748523 -0.7335043750000001 -0.5214165629713179
v -0.6387423717562155 -0.7690143750000002 -0.5885236481563505
v -0.6169374083331138 -0.2934856250000002 -0.5996336215140062
v -0.5754629439660934 -0.3289956250000001 -0.542548891068816
v -0.5425484491270746 -0.38430375000000006 -0.49724588542340864
v -0.5214161210295766 -0.4539956250000001 -0.46815948992103823
v -0.514134688950308 -0.5312500000000002 -0.45813713518119525
v -0.5214161210295766 -0.6085043750000001 -0.4681594899210382
v -0.5425484491270746 -0.6781962500000003 -0.49724588542340864
v -0.5754629439660933 -0.7335043750000001 -0.542548891068816
v -0.6169374083331137 -0.7690143750000002 -0.5996336215140061
v -0.5996336215140026 -0.2934856250000002 -0.6169374083331175
v -0.5425488910688125 -0.3289956250000001 -0.5754629439660967
v -0.49724588542340525 -0.38430375000000006 -0.5425484491270777
v -0.46815948992103507 -0.4539956250000001 -0.5214161210295795
v -0.4581371351811922 -0.5312500000000002 -0.5141346889503108
v -0.46815948992103507 -0.6085043750000001 -0.5214161210295793
v -0.49724588542340525 -0.6781962500000003 -0.5425484491270777
v -0.5425488910688124 -0.7335043750000001 -0.5754629439660967
v -0.5996336215140025 -0.7690143750000002 -0.6169374083331174
v -0.588523648156347 -0.2934856250000002 -0.6387423717562191
v -0.5214165629713143 -0.32899562500000024 -0.6169378502748554
v -0.46815948992103473 -0.38430375000000006 -0.5996336215140057
v -0.433966899575021 -0.4539956250000001 -0.58852364815635
v -0.4221847328335003 -0.5312500000000002 -0.5846955488197015
v -0.433966899575021 -0.6085043750000001 -0.58852364815635
v -0.46815948992103473 -0.6781962500000003 -0.5996336215140057
v -0.5214165629713142 -0.7335043750000001 -0.6169378502748554
v -0.5885236481563468 -0.7690143750000002 -0.638742371756219
v -0.5846951068779601 -0.2934856250000002 -0.6629126073623903
v -0.5141346889503075 -0.32899562500000024 -0.6629126073623898
v -0.4581371351811917 -0.38430375000000006 -0.66291260736239
v -0.42218429089176185 -0.4539956250000001 -0.6629126073623899
v -0.4097966639688498 -0.5312500000000002 -0.6629126073623895
v -0.42218429089176185 -0.6085043750000001 -0.6629126073623899
v -0.4581371351811917 -0.6781962500000003 -0.66291260736239
v -0.5141346889503073 -0.7335043750000001 -0.6629126073623898
v -0.58469510687796 -0.7690143750000002 -0.6629126073623903
v -0.588523648156347 -0.2934856250000002 -0.6870828429685611
v -0.5214165629713141 -0.32899562500000024 -0.7088873644499245
v -0.4681594899210344 -0.38430375000000017 -0.7261915932107741
v -0.4339668995750205 -0.45399562500000024 -0.7373015665684293
v -0.42218473283349967 -0.5312500000000002 -0.741129665905078
v -0.4339668995750205 -0.6085043750000001 -0.7373015665684293
v -0.4681594899210344 -0.6781962500000003 -0.7261915932107741
v -0.521416562971314 -0.7335043750000001 -0.7088873644499245
v -0.5885236481563468 -0.7690143750000002 -0.687082842968561
v -0.599633621514002 -0.2934856250000002 -0.7088878063916629
v -0.5425488910688121 -0.32899562500000024 -0.7503622707586834
v -0.4972458854234044 -0.38430375000000017 -0.7832767655977022
v -0.468159489921034 -0.45399562500000024 -0.8044090936952004
v -0.45813713518119104 -0.5312500000000002 -0.8116905257744687
v -0.468159489921034 -0.6085043750000001 -0.8044090936952004
v -0.4972458854234044 -0.6781962500000003 -0.7832767655977022
v -0.542548891068812 -0.7335043750000001 -0.7503622707586834
v -0.5996336215140019 -0.7690143750000002 -0.7088878063916628
vt 0.375 0.23428749999999998
vt 0.399475 0.23428749999999998
vt 0.3872375 0.3125
vt 0.3860375 0.3125
vt 0.375 0.23428749999999998
vt 0.42155 0.23428749999999998
vt 0.4105125 0.3125
vt 0.38375625 0.3125
vt 0.375 0.23428749999999998
vt 0.4390625 0.23428749999999998
vt 0.43030625 0.3125
vt 0.380625 0.3125
vt 0.375 0.23428749999999998
vt 0.4503125 0.23428749999999998
vt 0.4446875 0.3125
vt 0.3769375 0.3125
vt 0.375 0.23428749999999998
vt 0.4541875 0.23428749999999998
vt 0.45225 0.3125
vt 0.375 0.3125
vt 0.3769375 0.23428749999999998
vt 0.45225 0.23428749999999998
vt 0.4541875 0.3125
vt 0.375 0.3125
vt 0.380625 0.23428749999999998
vt 0.4446875 0.23428749999999998
vt 0.4503125 0.3125
vt 0.375 0.3125
vt 0.38375625 0.23428749999999998
vt 0.43030625 0.23428749999999998
vt 0.4390625 0.3125
vt 0.375 0.3125
vt 0.3860375 0.23428749999999998
vt 0.4105125 0.23428749999999998
vt 0.42155 0.3125
vt 0.399475 0.3125
vt 0.375 0.3125
vt 0.3872375 0.23428749999999998
vt 0.375 0.23428749999999998
vt 0.399475 0.23428749999999998
vt 0.3872375 0.3125
vt 0.3860375 0.3125
vt 0.375 0.23428749999999998
vt 0.42155 0.23428749999999998
vt 0.4105125 0.3125
vt 0.38375625 0.3125
vt 0.375 0.23428749999999998
vt 0.4390625 0.23428749999999998
vt 0.43030625 0.3125
vt 0.380625 0.3125
vt 0.375 0.23428749999999998
vt 0.4503125 0.23428749999999998
vt 0.4446875 0.3125
vt 0.3769375 0.3125
vt 0.375 0.23428749999999998
vt 0.4541875 0.23428749999999998
vt 0.45225 0.3125
vt 0.375 0.3125
vt 0.3769375 0.23428749999999998
vt 0.45225 0.23428749999999998
vt 0.4541875 0.3125
vt 0.375 0.3125
vt 0.380625 0.23428749999999998
vt 0.4446875 0.23428749999999998
vt 0.4503125 0.3125
vt 0.375 0.3125
vt 0.38375625 0.23428749999999998
vt 0.43030625 0.23428749999999998
vt 0.4390625 0.3125
vt 0.375 0.3125
vt 0.3860375 0.23428749999999998
vt 0.4105125 0.23428749999999998
vt 0.42155 0.3125
vt 0.399475 0.3125
vt 0.375 0.3125
vt 0.3872375 0.23428749999999998
vt 0.375 0.23428749999999998
vt 0.399475 0.23428749999999998
vt 0.3872375 0.3125
vt 0.3860375 0.3125
vt 0.375 0.23428749999999998
vt 0.42155 0.23428749999999998
vt 0.4105125 0.3125
vt 0.38375625 0.3125
vt 0.375 0.23428749999999998
vt 0.4390625 0.23428749999999998
vt 0.43030625 0.3125
vt 0.380625 0.3125
vt 0.375 0.23428749999999998
vt 0.4503125 0.23428749999999998
vt 0.4446875 0.3125
vt 0.3769375 0.3125
vt 0.375 0.23428749999999998
vt 0.4541875 0.23428749999999998
vt 0.45225 0.3125
vt 0.375 0.3125
vt 0.3769375 0.23428749999999998
vt 0.45225 0.23428749999999998
vt 0.4541875 0.3125
vt 0.375 0.3125
vt 0.380625 0.23428749999999998
vt 0.4446875 0.23428749999999998
vt 0.4503125 0.3125
vt 0.375 0.3125
vt 0.38375625 0.23428749999999998
vt 0.43030625 0.23428749999999998
vt 0.4390625 0.3125
vt 0.375 0.3125
vt 0.3860375 0.23428749999999998
vt 0.4105125 0.23428749999999998
vt 0.42155 0.3125
vt 0.399475 0.3125
vt 0.375 0.3125
vt 0.3872375 0.23428749999999998
vt 0.375 0.23428749999999998
vt 0.399475 0.23428749999999998
vt 0.3872375 0.3125
vt 0.3860375 0.3125
vt 0.375 0.23428749999999998
vt 0.42155 0.23428749999999998
vt 0.4105125 0.3125
vt 0.38375625 0.3125
vt 0.375 0.23428749999999998
vt 0.4390625 0.23428749999999998
vt 0.43030625 0.3125
vt 0.380625 0.3125
vt 0.375 0.23428749999999998
vt 0.4503125 0.23428749999999998
vt 0.4446875 0.3125
vt 0.3769375 0.3125
vt 0.375 0.23428749999999998
vt 0.4541875 0.23428749999999998
vt 0.45225 0.3125
vt 0.375 0.3125
vt 0.3769375 0.23428749999999998
vt 0.45225 0.23428749999999998
vt 0.4541875 0.3125
vt 0.375 0.3125
vt 0.380625 0.23428749999999998
vt 0.4446875 0.23428749999999998
vt 0.4503125 0.3125
vt 0.375 0.3125
vt 0.38375625 0.23428749999999998
vt 0.43030625 0.23428749999999998
vt 0.4390625 0.3125
vt 0.375 0.3125
vt 0.3860375 0.23428749999999998
vt 0.4105125 0.23428749999999998
vt 0.42155 0.3125
vt 0.399475 0.3125
vt 0.375 0.3125
vt 0.3872375 0.23428749999999998
vt 0.375 0.23428749999999998
vt 0.399475 0.23428749999999998
vt 0.3872375 0.3125
vt 0.3860375 0.3125
vt 0.375 0.23428749999999998
vt 0.42155 0.23428749999999998
vt 0.4105125 0.3125
vt 0.38375625 0.3125
vt 0.375 0.23428749999999998
vt 0.4390625 0.23428749999999998
vt 0.43030625 0.3125
vt 0.380625 0.3125
vt 0.375 0.23428749999999998
vt 0.4503125 0.23428749999999998
vt 0.4446875 0.3125
vt 0.3769375 0.3125
vt 0.375 0.23428749999999998
vt 0.4541875 0.23428749999999998
vt 0.45225 0.3125
vt 0.375 0.3125
vt 0.3769375 0.23428749999999998
vt 0.45225 0.23428749999999998
vt 0.4541875 0.3125
vt 0.375 0.3125
vt 0.380625 0.23428749999999998
vt 0.4446875 0.23428749999999998
vt 0.4503125 0.3125
vt 0.375 0.3125
vt 0.38375625 0.23428749999999998
vt 0.43030625 0.23428749999999998
vt 0.4390625 0.3125
vt 0.375 0.3125
vt 0.3860375 0.23428749999999998
vt 0.4105125 0.23428749999999998
vt 0.42155 0.3125
vt 0.399475 0.3125
vt 0.375 0.3125
vt 0.3872375 0.23428749999999998
vt 0.375 0.23428749999999998
vt 0.399475 0.23428749999999998
vt 0.3872375 0.3125
vt 0.3860375 0.3125
vt 0.375 0.23428749999999998
vt 0.42155 0.23428749999999998
vt 0.4105125 0.3125
vt 0.38375625 0.3125
vt 0.375 0.23428749999999998
vt 0.4390625 0.23428749999999998
vt 0.43030625 0.3125
vt 0.380625 0.3125
vt 0.375 0.23428749999999998
vt 0.4503125 0.23428749999999998
vt 0.4446875 0.3125
vt 0.3769375 0.3125
vt 0.375 0.23428749999999998
vt 0.4541875 0.23428749999999998
vt 0.45225 0.3125
vt 0.375 0.3125
vt 0.3769375 0.23428749999999998
vt 0.45225 0.23428749999999998
vt 0.4541875 0.3125
vt 0.375 0.3125
vt 0.380625 0.23428749999999998
vt 0.4446875 0.23428749999999998
vt 0.4503125 0.3125
vt 0.375 0.3125
vt 0.38375625 0.23428749999999998
vt 0.43030625 0.23428749999999998
vt 0.4390625 0.3125
vt 0.375 0.3125
vt 0.3860375 0.23428749999999998
vt 0.4105125 0.23428749999999998
vt 0.42155 0.3125
vt 0.399475 0.3125
vt 0.375 0.3125
vt 0.3872375 0.23428749999999998
vt 0.375 0.23428749999999998
vt 0.399475 0.23428749999999998
vt 0.3872375 0.3125
vt 0.3860375 0.3125
vt 0.375 0.23428749999999998
vt 0.42155 0.23428749999999998
vt 0.4105125 0.3125
vt 0.38375625 0.3125
vt 0.375 0.23428749999999998
vt 0.4390625 0.23428749999999998
vt 0.43030625 0.3125
vt 0.380625 0.3125
vt 0.375 0.23428749999999998
vt 0.4503125 0.23428749999999998
vt 0.4446875 0.3125
vt 0.3769375 0.3125
vt 0.375 0.23428749999999998
vt 0.4541875 0.23428749999999998
vt 0.45225 0.3125
vt 0.375 0.3125
vt 0.3769375 0.23428749999999998
vt 0.45225 0.23428749999999998
vt 0.4541875 0.3125
vt 0.375 0.3125
vt 0.380625 0.23428749999999998
vt 0.4446875 0.23428749999999998
vt 0.4503125 0.3125
vt 0.375 0.3125
vt 0.38375625 0.23428749999999998
vt 0.43030625 0.23428749999999998
vt 0.4390625 0.3125
vt 0.375 0.3125
vt 0.3860375 0.23428749999999998
vt 0.4105125 0.23428749999999998
vt 0.42155 0.3125
vt 0.399475 0.3125
vt 0.375 0.3125
vt 0.3872375 0.23428749999999998
vt 0.375 0.23428749999999998
vt 0.399475 0.23428749999999998
vt 0.3872375 0.3125
vt 0.3860375 0.3125
vt 0.375 0.23428749999999998
vt 0.42155 0.23428749999999998
vt 0.4105125 0.3125
vt 0.38375625 0.3125
vt 0.375 0.23428749999999998
vt 0.4390625 0.23428749999999998
vt 0.43030625 0.3125
vt 0.380625 0.3125
vt 0.375 0.23428749999999998
vt 0.4503125 0.23428749999999998
vt 0.4446875 0.3125
vt 0.3769375 0.3125
vt 0.375 0.23428749999999998
vt 0.4541875 0.23428749999999998
vt 0.45225 0.3125
vt 0.375 0.3125
vt 0.3769375 0.23428749999999998
vt 0.45225 0.23428749999999998
vt 0.4541875 0.3125
vt 0.375 0.3125
vt 0.380625 0.23428749999999998
vt 0.4446875 0.23428749999999998
vt 0.4503125 0.3125
vt 0.375 0.3125
vt 0.38375625 0.23428749999999998
vt 0.43030625 0.23428749999999998
vt 0.4390625 0.3125
vt 0.375 0.3125
vt 0.3860375 0.23428749999999998
vt 0.4105125 0.23428749999999998
vt 0.42155 0.3125
vt 0.399475 0.3125
vt 0.375 0.3125
vt 0.3872375 0.23428749999999998
vt 0.375 0.23428749999999998
vt 0.399475 0.23428749999999998
vt 0.3872375 0.3125
vt 0.3860375 0.3125
vt 0.375 0.23428749999999998
vt 0.42155 0.23428749999999998
vt 0.4105125 0.3125
vt 0.38375625 0.3125
vt 0.375 0.23428749999999998
vt 0.4390625 0.23428749999999998
vt 0.43030625 0.3125
vt 0.380625 0.3125
vt 0.375 0.23428749999999998
vt 0.4503125 0.23428749999999998
vt 0.4446875 0.3125
vt 0.3769375 0.3125
vt 0.375 0.23428749999999998
vt 0.4541875 0.23428749999999998
vt 0.45225 0.3125
vt 0.375 0.3125
vt 0.3769375 0.23428749999999998
vt 0.45225 0.23428749999999998
vt 0.4541875 0.3125
vt 0.375 0.3125
vt 0.380625 0.23428749999999998
vt 0.4446875 0.23428749999999998
vt 0.4503125 0.3125
vt 0.375 0.3125
vt 0.38375625 0.23428749999999998
vt 0.43030625 0.23428749999999998
vt 0.4390625 0.3125
vt 0.375 0.3125
vt 0.3860375 0.23428749999999998
vt 0.4105125 0.23428749999999998
vt 0.42155 0.3125
vt 0.399475 0.3125
vt 0.375 0.3125
vt 0.3872375 0.23428749999999998
vt 0.375 0.23428749999999998
vt 0.399475 0.23428749999999998
vt 0.3872375 0.3125
vt 0.3860375 0.3125
vt 0.375 0.23428749999999998
vt 0.42155 0.23428749999999998
vt 0.4105125 0.3125
vt 0.38375625 0.3125
vt 0.375 0.23428749999999998
vt 0.4390625 0.23428749999999998
vt 0.43030625 0.3125
vt 0.380625 0.3125
vt 0.375 0.23428749999999998
vt 0.4503125 0.23428749999999998
vt 0.4446875 0.3125
vt 0.3769375 0.3125
vt 0.375 0.23428749999999998
vt 0.4541875 0.23428749999999998
vt 0.45225 0.3125
vt 0.375 0.3125
vt 0.3769375 0.23428749999999998
vt 0.45225 0.23428749999999998
vt 0.4541875 0.3125
vt 0.375 0.3125
vt 0.380625 0.23428749999999998
vt 0.4446875 0.23428749999999998
vt 0.4503125 0.3125
vt 0.375 0.3125
vt 0.38375625 0.23428749999999998
vt 0.43030625 0.23428749999999998
vt 0.4390625 0.3125
vt 0.375 0.3125
vt 0.3860375 0.23428749999999998
vt 0.4105125 0.23428749999999998
vt 0.42155 0.3125
vt 0.399475 0.3125
vt 0.375 0.3125
vt 0.3872375 0.23428749999999998
vt 0.375 0.23428749999999998
vt 0.399475 0.23428749999999998
vt 0.3872375 0.3125
vt 0.3860375 0.3125
vt 0.375 0.23428749999999998
vt 0.42155 0.23428749999999998
vt 0.4105125 0.3125
vt 0.38375625 0.3125
vt 0.375 0.23428749999999998
vt 0.4390625 0.23428749999999998
vt 0.43030625 0.3125
vt 0.380625 0.3125
vt 0.375 0.23428749999999998
vt 0.4503125 0.23428749999999998
vt 0.4446875 0.3125
vt 0.3769375 0.3125
vt 0.375 0.23428749999999998
vt 0.4541875 0.23428749999999998
vt 0.45225 0.3125
vt 0.375 0.3125
vt 0.3769375 0.23428749999999998
vt 0.45225 0.23428749999999998
vt 0.4541875 0.3125
vt 0.375 0.3125
vt 0.380625 0.23428749999999998
vt 0.4446875 0.23428749999999998
vt 0.4503125 0.3125
vt 0.375 0.3125
vt 0.38375625 0.23428749999999998
vt 0.43030625 0.23428749999999998
vt 0.4390625 0.3125
vt 0.375 0.3125
vt 0.3860375 0.23428749999999998
vt 0.4105125 0.23428749999999998
vt 0.42155 0.3125
vt 0.399475 0.3125
vt 0.375 0.3125
vt 0.3872375 0.23428749999999998
vt 0.375 0.23428749999999998
vt 0.399475 0.23428749999999998
vt 0.3872375 0.3125
vt 0.3860375 0.3125
vt 0.375 0.23428749999999998
vt 0.42155 0.23428749999999998
vt 0.4105125 0.3125
vt 0.38375625 0.3125
vt 0.375 0.23428749999999998
vt 0.4390625 0.23428749999999998
vt 0.43030625 0.3125
vt 0.380625 0.3125
vt 0.375 0.23428749999999998
vt 0.4503125 0.23428749999999998
vt 0.4446875 0.3125
vt 0.3769375 0.3125
vt 0.375 0.23428749999999998
vt 0.4541875 0.23428749999999998
vt 0.45225 0.3125
vt 0.375 0.3125
vt 0.3769375 0.23428749999999998
vt 0.45225 0.23428749999999998
vt 0.4541875 0.3125
vt 0.375 0.3125
vt 0.380625 0.23428749999999998
vt 0.4446875 0.23428749999999998
vt 0.4503125 0.3125
vt 0.375 0.3125
vt 0.38375625 0.23428749999999998
vt 0.43030625 0.23428749999999998
vt 0.4390625 0.3125
vt 0.375 0.3125
vt 0.3860375 0.23428749999999998
vt 0.4105125 0.23428749999999998
vt 0.42155 0.3125
vt 0.399475 0.3125
vt 0.375 0.3125
vt 0.3872375 0.23428749999999998
vt 0.375 0.23428749999999998
vt 0.399475 0.23428749999999998
vt 0.3872375 0.3125
vt 0.3860375 0.3125
vt 0.375 0.23428749999999998
vt 0.42155 0.23428749999999998
vt 0.4105125 0.3125
vt 0.38375625 0.3125
vt 0.375 0.23428749999999998
vt 0.4390625 0.23428749999999998
vt 0.43030625 0.3125
vt 0.380625 0.3125
vt 0.375 0.23428749999999998
vt 0.4503125 0.23428749999999998
vt 0.4446875 0.3125
vt 0.3769375 0.3125
vt 0.375 0.23428749999999998
vt 0.4541875 0.23428749999999998
vt 0.45225 0.3125
vt 0.375 0.3125
vt 0.3769375 0.23428749999999998
vt 0.45225 0.23428749999999998
vt 0.4541875 0.3125
vt 0.375 0.3125
vt 0.380625 0.23428749999999998
vt 0.4446875 0.23428749999999998
vt 0.4503125 0.3125
vt 0.375 0.3125
vt 0.38375625 0.23428749999999998
vt 0.43030625 0.23428749999999998
vt 0.4390625 0.3125
vt 0.375 0.3125
vt 0.3860375 0.23428749999999998
vt 0.4105125 0.23428749999999998
vt 0.42155 0.3125
vt 0.399475 0.3125
vt 0.375 0.3125
vt 0.3872375 0.23428749999999998
vt 0.375 0.23428749999999998
vt 0.399475 0.23428749999999998
vt 0.3872375 0.3125
vt 0.3860375 0.3125
vt 0.375 0.23428749999999998
vt 0.42155 0.23428749999999998
vt 0.4105125 0.3125
vt 0.38375625 0.3125
vt 0.375 0.23428749999999998
vt 0.4390625 0.23428749999999998
vt 0.43030625 0.3125
vt 0.380625 0.3125
vt 0.375 0.23428749999999998
vt 0.4503125 0.23428749999999998
vt 0.4446875 0.3125
vt 0.3769375 0.3125
vt 0.375 0.23428749999999998
vt 0.4541875 0.23428749999999998
vt 0.45225 0.3125
vt 0.375 0.3125
vt 0.3769375 0.23428749999999998
vt 0.45225 0.23428749999999998
vt 0.4541875 0.3125
vt 0.375 0.3125
vt 0.380625 0.23428749999999998
vt 0.4446875 0.23428749999999998
vt 0.4503125 0.3125
vt 0.375 0.3125
vt 0.38375625 0.23428749999999998
vt 0.43030625 0.23428749999999998
vt 0.4390625 0.3125
vt 0.375 0.3125
vt 0.3860375 0.23428749999999998
vt 0.4105125 0.23428749999999998
vt 0.42155 0.3125
vt 0.399475 0.3125
vt 0.375 0.3125
vt 0.3872375 0.23428749999999998
vt 0.375 0.23428749999999998
vt 0.399475 0.23428749999999998
vt 0.3872375 0.3125
vt 0.3860375 0.3125
vt 0.375 0.23428749999999998
vt 0.42155 0.23428749999999998
vt 0.4105125 0.3125
vt 0.38375625 0.3125
vt 0.375 0.23428749999999998
vt 0.4390625 0.23428749999999998
vt 0.43030625 0.3125
vt 0.380625 0.3125
vt 0.375 0.23428749999999998
vt 0.4503125 0.23428749999999998
vt 0.4446875 0.3125
vt 0.3769375 0.3125
vt 0.375 0.23428749999999998
vt 0.4541875 0.23428749999999998
vt 0.45225 0.3125
vt 0.375 0.3125
vt 0.3769375 0.23428749999999998
vt 0.45225 0.23428749999999998
vt 0.4541875 0.3125
vt 0.375 0.3125
vt 0.380625 0.23428749999999998
vt 0.4446875 0.23428749999999998
vt 0.4503125 0.3125
vt 0.375 0.3125
vt 0.38375625 0.23428749999999998
vt 0.43030625 0.23428749999999998
vt 0.4390625 0.3125
vt 0.375 0.3125
vt 0.3860375 0.23428749999999998
vt 0.4105125 0.23428749999999998
vt 0.42155 0.3125
vt 0.399475 0.3125
vt 0.375 0.3125
vt 0.3872375 0.23428749999999998
vt 0.375 0.23428749999999998
vt 0.399475 0.23428749999999998
vt 0.3872375 0.3125
vt 0.3860375 0.3125
vt 0.375 0.23428749999999998
vt 0.42155 0.23428749999999998
vt 0.4105125 0.3125
vt 0.38375625 0.3125
vt 0.375 0.23428749999999998
vt 0.4390625 0.23428749999999998
vt 0.43030625 0.3125
vt 0.380625 0.3125
vt 0.375 0.23428749999999998
vt 0.4503125 0.23428749999999998
vt 0.4446875 0.3125
vt 0.3769375 0.3125
vt 0.375 0.23428749999999998
vt 0.4541875 0.23428749999999998
vt 0.45225 0.3125
vt 0.375 0.3125
vt 0.3769375 0.23428749999999998
vt 0.45225 0.23428749999999998
vt 0.4541875 0.3125
vt 0.375 0.3125
vt 0.380625 0.23428749999999998
vt 0.4446875 0.23428749999999998
vt 0.4503125 0.3125
vt 0.375 0.3125
vt 0.38375625 0.23428749999999998
vt 0.43030625 0.23428749999999998
vt 0.4390625 0.3125
vt 0.375 0.3125
vt 0.3860375 0.23428749999999998
vt 0.4105125 0.23428749999999998
vt 0.42155 0.3125
vt 0.399475 0.3125
vt 0.375 0.3125
vt 0.3872375 0.23428749999999998
vt 0.375 0.23428749999999998
vt 0.399475 0.23428749999999998
vt 0.3872375 0.3125
vt 0.3860375 0.3125
vt 0.375 0.23428749999999998
vt 0.42155 0.23428749999999998
vt 0.4105125 0.3125
vt 0.38375625 0.3125
vt 0.375 0.23428749999999998
vt 0.4390625 0.23428749999999998
vt 0.43030625 0.3125
vt 0.380625 0.3125
vt 0.375 0.23428749999999998
vt 0.4503125 0.23428749999999998
vt 0.4446875 0.3125
vt 0.3769375 0.3125
vt 0.375 0.23428749999999998
vt 0.4541875 0.23428749999999998
vt 0.45225 0.3125
vt 0.375 0.3125
vt 0.3769375 0.23428749999999998
vt 0.45225 0.23428749999999998
vt 0.4541875 0.3125
vt 0.375 0.3125
vt 0.380625 0.23428749999999998
vt 0.4446875 0.23428749999999998
vt 0.4503125 0.3125
vt 0.375 0.3125
vt 0.38375625 0.23428749999999998
vt 0.43030625 0.23428749999999998
vt 0.4390625 0.3125
vt 0.375 0.3125
vt 0.3860375 0.23428749999999998
vt 0.4105125 0.23428749999999998
vt 0.42155 0.3125
vt 0.399475 0.3125
vt 0.375 0.3125
vt 0.3872375 0.23428749999999998
vt 0.375 0.23428749999999998
vt 0.399475 0.23428749999999998
vt 0.3872375 0.3125
vt 0.3860375 0.3125
vt 0.375 0.23428749999999998
vt 0.42155 0.23428749999999998
vt 0.4105125 0.3125
vt 0.38375625 0.3125
vt 0.375 0.23428749999999998
vt 0.4390625 0.23428749999999998
vt 0.43030625 0.3125
vt 0.380625 0.3125
vt 0.375 0.23428749999999998
vt 0.4503125 0.23428749999999998
vt 0.4446875 0.3125
vt 0.3769375 0.3125
vt 0.375 0.23428749999999998
vt 0.4541875 0.23428749999999998
vt 0.45225 0.3125
vt 0.375 0.3125
vt 0.3769375 0.23428749999999998
vt 0.45225 0.23428749999999998
vt 0.4541875 0.3125
vt 0.375 0.3125
vt 0.380625 0.23428749999999998
vt 0.4446875 0.23428749999999998
vt 0.4503125 0.3125
vt 0.375 0.3125
vt 0.38375625 0.23428749999999998
vt 0.43030625 0.23428749999999998
vt 0.4390625 0.3125
vt 0.375 0.3125
vt 0.3860375 0.23428749999999998
vt 0.4105125 0.23428749999999998
vt 0.42155 0.3125
vt 0.399475 0.3125
vt 0.375 0.3125
vt 0.3872375 0.23428749999999998
vt 0.375 0.23428749999999998
vt 0.399475 0.23428749999999998
vt 0.3872375 0.3125
vt 0.3860375 0.3125
vt 0.375 0.23428749999999998
vt 0.42155 0.23428749999999998
vt 0.4105125 0.3125
vt 0.38375625 0.3125
vt 0.375 0.23428749999999998
vt 0.4390625 0.23428749999999998
vt 0.43030625 0.3125
vt 0.380625 0.3125
vt 0.375 0.23428749999999998
vt 0.4503125 0.23428749999999998
vt 0.4446875 0.3125
vt 0.3769375 0.3125
vt 0.375 0.23428749999999998
vt 0.4541875 0.23428749999999998
vt 0.45225 0.3125
vt 0.375 0.3125
vt 0.3769375 0.23428749999999998
vt 0.45225 0.23428749999999998
vt 0.4541875 0.3125
vt 0.375 0.3125
vt 0.380625 0.23428749999999998
vt 0.4446875 0.23428749999999998
vt 0.4503125 0.3125
vt 0.375 0.3125
vt 0.38375625 0.23428749999999998
vt 0.43030625 0.23428749999999998
vt 0.4390625 0.3125
vt 0.375 0.3125
vt 0.3860375 0.23428749999999998
vt 0.4105125 0.23428749999999998
vt 0.42155 0.3125
vt 0.399475 0.3125
vt 0.375 0.3125
vt 0.3872375 0.23428749999999998
vt 0.375 0.23428749999999998
vt 0.399475 0.23428749999999998
vt 0.3872375 0.3125
vt 0.3860375 0.3125
vt 0.375 0.23428749999999998
vt 0.42155 0.23428749999999998
vt 0.4105125 0.3125
vt 0.38375625 0.3125
vt 0.375 0.23428749999999998
vt 0.4390625 0.23428749999999998
vt 0.43030625 0.3125
vt 0.380625 0.3125
vt 0.375 0.23428749999999998
vt 0.4503125 0.23428749999999998
vt 0.4446875 0.3125
vt 0.3769375 0.3125
vt 0.375 0.23428749999999998
vt 0.4541875 0.23428749999999998
vt 0.45225 0.3125
vt 0.375 0.3125
vt 0.3769375 0.23428749999999998
vt 0.45225 0.23428749999999998
vt 0.4541875 0.3125
vt 0.375 0.3125
vt 0.380625 0.23428749999999998
vt 0.4446875 0.23428749999999998
vt 0.4503125 0.3125
vt 0.375 0.3125
vt 0.38375625 0.23428749999999998
vt 0.43030625 0.23428749999999998
vt 0.4390625 0.3125
vt 0.375 0.3125
vt 0.3860375 0.23428749999999998
vt 0.4105125 0.23428749999999998
vt 0.42155 0.3125
vt 0.399475 0.3125
vt 0.375 0.3125
vt 0.3872375 0.23428749999999998
vn 0.0710173450069134 0.9876888108927864 -0.13938202733983696
vn 0.20610696485556035 0.8910053131240777 -0.40451137316853397
vn 0.3210201113265773 0.7071069239193176 -0.6300364166214779
vn 0.4045041676860602 0.4539928710525178 -0.7938934760773008
vn 0.4483998114691482 0.15643184840357752 -0.8800378888885821
vn 0.4483971255527238 -0.15643177449531384 -0.8800392705580258
vn 0.4045084002027027 -0.45399318053660265 -0.7938911425325956
vn 0.32101748873606717 -0.7071066810231232 -0.6300380255016773
vn 0.20610545693710472 -0.8910051972705888 -0.404512396667329
vn 0.0710173450069134 -0.9876888108927864 -0.13938202733983696
vn 0.024473429268121474 0.9876888547958224 -0.15450494287230931
vn 0.07102186443284376 0.8910054944253064 -0.448402836383088
vn 0.11061507512685943 0.7071082888384056 -0.6983997229457507
vn 0.1393906453862596 0.45398910471496845 -0.8800364428697847
vn 0.15450487594771442 0.15643517948828914 -0.975528717120541
vn 0.15451557316510756 -0.15643544467122897 -0.9755269803034529
vn 0.13938357119254022 -0.4539886434527072 -0.8800378012890042
vn 0.11061837704139875 -0.7071085569426663 -0.6983989285209328
vn 0.07102635696869826 -0.8910057917483737 -0.4484015339922565
vn 0.024473429268122147 -0.9876888547958222 -0.15450494287230906
vn -0.024473429268118217 0.9876888547958222 -0.1545049428723095
vn -0.07102206682504231 0.8910048352218152 -0.4484041142041914
vn -0.11061529799056527 0.7071068641885495 -0.6984011300591478
vn -0.1393902265481942 0.4539943591542111 -0.8800337985549195
vn -0.15450513130408355 0.15642487267275176 -0.9755303294157602
vn -0.15451584168039395 -0.1564246074797711 -0.9755286755624353
vn -0.13938307884302298 -0.4539948204285464 -0.8800346927004024
vn -0.11061868379679951 -0.7071065960768476 -0.6984008652483741
vn -0.07102674196774042 -0.8910045378643896 -0.44840396455708764
vn -0.024473429268118897 -0.9876888547958224 -0.1545049428723093
vn -0.07101734500691556 0.9876888108927864 -0.13938202733983565
vn -0.20610673600791668 0.8910055699691589 -0.4045109240256649
vn -0.3210195253662074 0.7071082146033832 -0.6300352666113783
vn -0.4045049832037274 0.4539893455254349 -0.7938950766396902
vn -0.44839960491689407 0.1564347210055496 -0.8800374835052704
vn -0.44839690837232615 -0.1564347949252078 -0.8800388443124815
vn -0.40450935890708756 -0.4539890360496737 -0.793893024092834
vn -0.3210166822378511 -0.7071084574969438 -0.6300364426454197
vn -0.20610502165183314 -0.8910056858129033 -0.40451154235568537
vn -0.07101734500691556 -0.9876888108927864 -0.13938202733983565
vn -0.11061352564006958 0.9876888659344841 -0.11061352564006958
vn -0.3210213116613497 0.8910054067840733 -0.3210213116613518
vn -0.4999999999999995 0.7071067811865467 -0.500000000000002
vn -0.630035965210895 0.45399269276228094 -0.630035965210899
vn -0.698401494804722 0.15643114814209436 -0.6984014948047262
vn -0.6984014948047219 -0.15643114814209436 -0.6984014948047264
vn -0.6300359652108954 -0.4539926927622808 -0.6300359652108986
vn -0.4999999999999986 -0.7071067811865471 -0.500000000000002
vn -0.32102131166135073 -0.8910054067840734 -0.32102131166135056
vn -0.11061352564006958 -0.9876888659344841 -0.11061352564006958
vn -0.13938202733983512 0.9876888108927863 -0.07101734500691673
vn -0.40451137316853214 0.8910053131240787 -0.20610696485555996
vn -0.630036416621479 0.7071069239193155 -0.32102011132657965
vn -0.7938934760772997 0.4539928710525172 -0.40450416768606356
vn -0.8800378888885831 0.15643184840358113 -0.4483998114691452
vn -0.8800392705580237 -0.15643177449531767 -0.44839712555272715
vn -0.7938911425325952 -0.45399318053660176 -0.4045084002027049
vn -0.6300380255016781 -0.7071066810231219 -0.32101748873606833
vn -0.4045123966673214 -0.8910051972705904 -0.2061054569371132
vn -0.13938202733983512 -0.9876888108927863 -0.07101734500691671
vn -0.15450494287230898 0.9876888547958224 -0.02447342926812026
vn -0.44840283638308875 0.891005494425306 -0.07102186443284512
vn -0.698399722945752 0.7071082888384045 -0.11061507512685843
vn -0.8800364428697848 0.45398910471496856 -0.13939064538625898
vn -0.9755287171205405 0.1564351794882863 -0.15450487594771936
vn -0.9755269803034535 -0.15643544467122597 -0.154515573165107
vn -0.8800378012890044 -0.45398864345270723 -0.1393835711925387
vn -0.6983989285209327 -0.7071085569426663 -0.11061837704140066
vn -0.44840153399225957 -0.8910057917483726 -0.07102635696869336
vn -0.15450494287230898 -0.9876888547958224 -0.02447342926812026
vn -0.15450494287230895 0.9876888547958222 0.024473429268121415
vn -0.4484041142041918 0.891004835221815 0.07102206682504293
vn -0.6984011300591495 0.7071068641885478 0.11061529799056581
vn -0.8800337985549184 0.4539943591542124 0.13939022654819638
vn -0.9755303294157603 0.15642487267275185 0.15450513130408292
vn -0.9755286755624349 -0.15642460747977113 0.15451584168039653
vn -0.8800346927004017 -0.45399482042854794 0.13938307884302312
vn -0.6984008652483753 -0.7071065960768466 0.11061868379679878
vn -0.4484039645570878 -0.8910045378643887 0.07102674196774787
vn -0.15450494287230895 -0.9876888547958222 0.024473429268121415
vn -0.13938202733983707 0.9876888108927864 0.07101734500691274
vn -0.40451092402566236 0.89100556996916 0.20610673600791757
vn -0.63003526661138 0.7071082146033821 0.32101952536620654
vn -0.793895076639693 0.4539893455254343 0.40450498320372286
vn -0.8800374835052693 0.1564347210055533 0.44839960491689496
vn -0.8800388443124836 -0.15643479492521165 0.44839690837232066
vn -0.7938930240928354 -0.4539890360496728 0.4045093589070859
vn -0.6300364426454195 -0.707108457496942 0.32101668223785607
vn -0.4045115423556869 -0.8910056858129048 0.20610502165182376
vn -0.13938202733983707 -0.9876888108927864 0.07101734500691274
vn -0.11061352564006968 0.9876888659344844 0.11061352564006897
vn -0.3210213116613523 0.8910054067840726 0.3210213116613512
vn -0.5000000000000018 0.7071067811865477 0.499999999999998
vn -0.6300359652108981 0.4539926927622834 0.6300359652108941
vn -0.6984014948047267 0.15643114814209041 0.6984014948047225
vn -0.6984014948047266 -0.15643114814209041 0.6984014948047225
vn -0.6300359652108984 -0.4539926927622833 0.6300359652108938
vn -0.4999999999999994 -0.7071067811865479 0.5000000000000001
vn -0.321021311661353 -0.8910054067840726 0.3210213116613508
vn -0.11061352564006968 -0.9876888659344844 0.11061352564006897
vn -0.07101734500691359 0.9876888108927863 0.13938202733983668
vn -0.20610696485556382 0.8910053131240777 0.4045113731685323
vn -0.3210201113265773 0.7071069239193177 0.6300364166214778
vn -0.4045041676860591 0.45399287105251834 0.7938934760773012
vn -0.44839981146914604 0.15643184840357804 0.8800378888885833
vn -0.44839712555272276 -0.15643177449531465 0.8800392705580264
vn -0.40450840020270273 -0.45399318053660254 0.7938911425325956
vn -0.32101748873607094 -0.7071066810231249 0.6300380255016735
vn -0.20610545693710658 -0.8910051972705875 0.40451239666733085
vn -0.07101734500691359 -0.9876888108927863 0.13938202733983668
vn -0.024473429268121544 0.9876888547958222 0.15450494287230906
vn -0.07102186443284345 0.8910054944253067 0.4484028363830871
vn -0.11061507512686038 0.7071082888384038 0.6983997229457524
vn -0.1393906453862611 0.4539891047149683 0.8800364428697843
vn -0.15450487594771734 0.15643517948828806 0.9755287171205406
vn -0.15451557316510856 -0.15643544467122805 0.975526980303453
vn -0.13938357119253955 -0.4539886434527062 0.8800378012890048
vn -0.11061837704139887 -0.7071085569426655 0.6983989285209337
vn -0.07102635696869686 -0.8910057917483728 0.4484015339922584
vn -0.024473429268121544 -0.9876888547958222 0.15450494287230906
vn 0.02447342926811819 0.9876888547958224 0.15450494287230934
vn 0.07102206682504313 0.8910048352218154 0.4484041142041909
vn 0.11061529799056355 0.707106864188549 0.6984011300591486
vn 0.13939022654819436 0.45399435915421216 0.8800337985549189
vn 0.15450513130408336 0.15642487267275204 0.9755303294157602
vn 0.15451584168039417 -0.15642460747977177 0.975528675562435
vn 0.13938307884302067 -0.4539948204285471 0.8800346927004024
vn 0.11061868379680104 -0.7071065960768464 0.6984008652483751
vn 0.07102674196773857 -0.891004537864389 0.4484039645570888
vn 0.02447342926811819 -0.9876888547958224 0.15450494287230934
vn 0.07101734500691581 0.9876888108927863 0.13938202733983543
vn 0.20610673600791501 0.8910055699691593 0.4045109240256655
vn 0.32101952536620787 0.7071082146033846 0.6300352666113769
vn 0.40450498320372713 0.453989345525434 0.793895076639691
vn 0.4483996049168957 0.15643472100555061 0.8800374835052697
vn 0.4483969083723248 -0.15643479492520926 0.8800388443124818
vn 0.4045093589070892 -0.45398903604967206 0.7938930240928341
vn 0.3210166822378516 -0.7071084574969445 0.6300364426454188
vn 0.20610502165183497 -0.8910056858129021 0.4045115423556869
vn 0.07101734500691581 -0.9876888108927863 0.13938202733983543
vn 0.11061352564006958 0.9876888659344841 0.11061352564006958
vn 0.3210213116613489 0.891005406784074 0.32102131166135106
vn 0.49999999999999883 0.7071067811865471 0.5000000000000019
vn 0.6300359652108952 0.4539926927622813 0.6300359652108984
vn 0.6984014948047227 0.15643114814209266 0.698401494804726
vn 0.6984014948047221 -0.1564311481420926 0.6984014948047265
vn 0.630035965210895 -0.4539926927622812 0.6300359652108989
vn 0.4999999999999986 -0.7071067811865474 0.5000000000000019
vn 0.32102131166135184 -0.8910054067840725 0.32102131166135206
vn 0.11061352564006958 -0.9876888659344841 0.11061352564006958
vn 0.13938202733983535 0.9876888108927864 0.07101734500691648
vn 0.40451137316853264 0.891005313124079 0.2061069648555573
vn 0.6300364166214781 0.7071069239193165 0.3210201113265793
vn 0.7938934760773 0.4539928710525165 0.4045041676860632
vn 0.8800378888885825 0.15643184840357913 0.44839981146914704
vn 0.8800392705580243 -0.1564317744953153 0.448397125552726
vn 0.7938911425325954 -0.4539931805366012 0.404508400202705
vn 0.6300380255016782 -0.7071066810231222 0.32101748873606745
vn 0.4045123966673234 -0.8910051972705895 0.20610545693711327
vn 0.13938202733983532 -0.9876888108927864 0.07101734500691648
vn 0.15450494287230915 0.9876888547958224 0.024473429268120288
vn 0.44840283638308887 0.8910054944253057 0.07102186443284425
vn 0.69839972294575 0.7071082888384066 0.11061507512685778
vn 0.8800364428697851 0.45398910471496745 0.13939064538625948
vn 0.9755287171205407 0.15643517948828672 0.154504875947718
vn 0.9755269803034533 -0.15643544467122691 0.15451557316510744
vn 0.8800378012890054 -0.45398864345270545 0.13938357119253839
vn 0.6983989285209322 -0.7071085569426669 0.11061837704139917
vn 0.44840153399226096 -0.8910057917483719 0.07102635696869326
vn 0.15450494287230918 -0.9876888547958222 0.02447342926812018
vn 0.15450494287230926 0.9876888547958224 -0.024473429268120756
vn 0.4484041142041924 0.8910048352218145 -0.07102206682504301
vn 0.6984011300591463 0.7071068641885507 -0.11061529799056667
vn 0.8800337985549189 0.45399435915421177 -0.13939022654819586
vn 0.9755303294157609 0.1564248726727501 -0.15450513130408047
vn 0.9755286755624354 -0.15642460747976983 -0.15451584168039517
vn 0.8800346927004022 -0.4539948204285466 -0.1393830788430235
vn 0.6984008652483734 -0.7071065960768482 -0.11061868379680014
vn 0.4484039645570896 -0.891004537864388 -0.07102674196774644
vn 0.1545049428723092 -0.9876888547958222 -0.024473429268120857
vn 0.13938202733983704 0.9876888108927863 -0.07101734500691308
vn 0.40451092402566424 0.8910055699691594 -0.2061067360079158
vn 0.6300352666113778 0.7071082146033847 -0.32101952536620537
vn 0.7938950766396923 0.45398934552543474 -0.40450498320372386
vn 0.8800374835052688 0.15643472100555328 -0.44839960491689607
vn 0.8800388443124831 -0.15643479492521184 -0.4483969083723218
vn 0.7938930240928354 -0.4539890360496728 -0.40450935890708595
vn 0.6300364426454191 -0.707108457496945 -0.3210166822378501
vn 0.40451154235568876 -0.8910056858129035 -0.2061050216518257
vn 0.13938202733983704 -0.9876888108927863 -0.07101734500691308
vn 0.11061352564006977 0.9876888659344841 -0.11061352564006906
vn 0.3210213116613519 0.8910054067840728 -0.3210213116613509
vn 0.5000000000000014 0.7071067811865482 -0.49999999999999767
vn 0.630035965210898 0.453992692762283 -0.6300359652108947
vn 0.6984014948047267 0.15643114814208992 -0.6984014948047225
vn 0.6984014948047266 -0.15643114814209014 -0.6984014948047226
vn 0.6300359652108988 -0.45399269276228243 -0.6300359652108941
vn 0.5000000000000014 -0.7071067811865483 -0.49999999999999745
vn 0.3210213116613529 -0.8910054067840726 -0.32102131166135106
vn 0.11061352564006977 -0.9876888659344841 -0.11061352564006906
usemtl m_2440dbf4-8ee8-d9b8-6f1d-7b0ee1336e9d
f 183/761/201 184/762/201 185/763/201
f 183/764/202 186/765/202 187/766/202 184/767/202
f 186/768/203 188/769/203 189/770/203 187/771/203
f 188/772/204 190/773/204 191/774/204 189/775/204
f 190/776/205 192/777/205 193/778/205 191/779/205
f 192/780/206 194/781/206 195/782/206 193/783/206
f 194/784/207 196/785/207 197/786/207 195/787/207
f 196/788/208 198/789/208 199/790/208 197/791/208
f 198/792/209 200/793/209 201/794/209 199/795/209
f 201/796/210 200/797/210 202/798/210
f 184/799/211 203/800/211 185/801/211
f 184/802/212 187/803/212 204/804/212 203/805/212
f 187/806/213 189/807/213 205/808/213 204/809/213
f 189/810/214 191/811/214 206/812/214 205/813/214
f 191/814/215 193/815/215 207/816/215 206/817/215
f 193/818/216 195/819/216 208/820/216 207/821/216
f 195/822/217 197/823/217 209/824/217 208/825/217
f 197/826/218 199/827/218 210/828/218 209/829/218
f 199/830/219 201/831/219 211/832/219 210/833/219
f 211/834/220 201/835/220 202/836/220
f 203/837/221 212/838/221 185/839/221
f 203/840/222 204/841/222 213/842/222 212/843/222
f 204/844/223 205/845/223 214/846/223 213/847/223
f 205/848/224 206/849/224 215/850/224 214/851/224
f 206/852/225 207/853/225 216/854/225 215/855/225
f 207/856/226 208/857/226 217/858/226 216/859/226
f 208/860/227 209/861/227 218/862/227 217/863/227
f 209/864/228 210/865/228 219/866/228 218/867/228
f 210/868/229 211/869/229 220/870/229 219/871/229
f 220/872/230 211/873/230 202/874/230
f 212/875/231 221/876/231 185/877/231
f 212/878/232 213/879/232 222/880/232 221/881/232
f 213/882/233 214/883/233 223/884/233 222/885/233
f 214/886/234 215/887/234 224/888/234 223/889/234
f 215/890/235 216/891/235 225/892/235 224/893/235
f 216/894/236 217/895/236 226/896/236 225/897/236
f 217/898/237 218/899/237 227/900/237 226/901/237
f 218/902/238 219/903/238 228/904/238 227/905/238
f 219/906/239 220/907/239 229/908/239 228/909/239
f 229/910/240 220/911/240 202/912/240
f 221/913/241 230/914/241 185/915/241
f 221/916/242 222/917/242 231/918/242 230/919/242
f 222/920/243 223/921/243 232/922/243 231/923/243
f 223/924/244 224/925/244 233/926/244 232/927/244
f 224/928/245 225/929/245 234/930/245 233/931/245
f 225/932/246 226/933/246 235/934/246 234/935/246
f 226/936/247 227/937/247 236/938/247 235/939/247
f 227/940/248 228/941/248 237/942/248 236/943/248
f 228/944/249 229/945/249 238/946/249 237/947/249
f 238/948/250 229/949/250 202/950/250
f 230/951/251 239/952/251 185/953/251
f 230/954/252 231/955/252 240/956/252 239/957/252
f 231/958/253 232/959/253 241/960/253 240/961/253
f 232/962/254 233/963/254 242/964/254 241/965/254
f 233/966/255 234/967/255 243/968/255 242/969/255
f 234/970/256 235/971/256 244/972/256 243/973/256
f 235/974/257 236/975/257 245/976/257 244/977/257
f 236/978/258 237/979/258 246/980/258 245/981/258
f 237/982/259 238/983/259 247/984/259 246/985/259
f 247/986/260 238/987/260 202/988/260
f 239/989/261 248/990/261 185/991/261
f 239/992/262 240/993/262 249/994/262 248/995/262
f 240/996/263 241/997/263 250/998/263 249/999/263
f 241/1000/264 242/1001/264 251/1002/264 250/1003/264
f 242/1004/265 243/1005/265 252/1006/265 251/1007/265
f 243/1008/266 244/1009/266 253/1010/266 252/1011/266
f 244/1012/267 245/1013/267 254/1014/267 253/1015/267
f 245/1016/268 246/1017/268 255/1018/268 254/1019/268
f 246/1020/269 247/1021/269 256/1022/269 255/1023/269
f 256/1024/270 247/1025/270 202/1026/270
f 248/1027/271 257/1028/271 185/1029/271
f 248/1030/272 249/1031/272 258/1032/272 257/1033/272
f 249/1034/273 250/1035/273 259/1036/273 258/1037/273
f 250/1038/274 251/1039/274 260/1040/274 259/1041/274
f 251/1042/275 252/1043/275 261/1044/275 260/1045/275
f 252/1046/276 253/1047/276 262/1048/276 261/1049/276
f 253/1050/277 254/1051/277 263/1052/277 262/1053/277
f 254/1054/278 255/1055/278 264/1056/278 263/1057/278
f 255/1058/279 256/1059/279 265/1060/279 264/1061/279
f 265/1062/280 256/1063/280 202/1064/280
f 257/1065/281 266/1066/281 185/1067/281
f 257/1068/282 258/1069/282 267/1070/282 266/1071/282
f 258/1072/283 259/1073/283 268/1074/283 267/1075/283
f 259/1076/284 260/1077/284 269/1078/284 268/1079/284
f 260/1080/285 261/1081/285 270/1082/285 269/1083/285
f 261/1084/286 262/1085/286 271/1086/286 270/1087/286
f 262/1088/287 263/1089/287 272/1090/287 271/1091/287
f 263/1092/288 264/1093/288 273/1094/288 272/1095/288
f 264/1096/289 265/1097/289 274/1098/289 273/1099/289
f 274/1100/290 265/1101/290 202/1102/290
f 266/1103/291 275/1104/291 185/1105/291
f 266/1106/292 267/1107/292 276/1108/292 275/1109/292
f 267/1110/293 268/1111/293 277/1112/293 276/1113/293
f 268/1114/294 269/1115/294 278/1116/294 277/1117/294
f 269/1118/295 270/1119/295 279/1120/295 278/1121/295
f 270/1122/296 271/1123/296 280/1124/296 279/1125/296
f 271/1126/297 272/1127/297 281/1128/297 280/1129/297
f 272/1130/298 273/1131/298 282/1132/298 281/1133/298
f 273/1134/299 274/1135/299 283/1136/299 282/1137/299
f 283/1138/300 274/1139/300 202/1140/300
f 275/1141/301 284/1142/301 185/1143/301
f 275/1144/302 276/1145/302 285/1146/302 284/1147/302
f 276/1148/303 277/1149/303 286/1150/303 285/1151/303
f 277/1152/304 278/1153/304 287/1154/304 286/1155/304
f 278/1156/305 279/1157/305 288/1158/305 287/1159/305
f 279/1160/306 280/1161/306 289/1162/306 288/1163/306
f 280/1164/307 281/1165/307 290/1166/307 289/1167/307
f 281/1168/308 282/1169/308 291/1170/308 290/1171/308
f 282/1172/309 283/1173/309 292/1174/309 291/1175/309
f 292/1176/310 283/1177/310 202/1178/310
f 284/1179/311 293/1180/311 185/1181/311
f 284/1182/312 285/1183/312 294/1184/312 293/1185/312
f 285/1186/313 286/1187/313 295/1188/313 294/1189/313
f 286/1190/314 287/1191/314 296/1192/314 295/1193/314
f 287/1194/315 288/1195/315 297/1196/315 296/1197/315
f 288/1198/316 289/1199/316 298/1200/316 297/1201/316
f 289/1202/317 290/1203/317 299/1204/317 298/1205/317
f 290/1206/318 291/1207/318 300/1208/318 299/1209/318
f 291/1210/319 292/1211/319 301/1212/319 300/1213/319
f 301/1214/320 292/1215/320 202/1216/320
f 293/1217/321 302/1218/321 185/1219/321
f 293/1220/322 294/1221/322 303/1222/322 302/1223/322
f 294/1224/323 295/1225/323 304/1226/323 303/1227/323
f 295/1228/324 296/1229/324 305/1230/324 304/1231/324
f 296/1232/325 297/1233/325 306/1234/325 305/1235/325
f 297/1236/326 298/1237/326 307/1238/326 306/1239/326
f 298/1240/327 299/1241/327 308/1242/327 307/1243/327
f 299/1244/328 300/1245/328 309/1246/328 308/1247/328
f 300/1248/329 301/1249/329 310/1250/329 309/1251/329
f 310/1252/330 301/1253/330 202/1254/330
f 302/1255/331 311/1256/331 185/1257/331
f 302/1258/332 303/1259/332 312/1260/332 311/1261/332
f 303/1262/333 304/1263/333 313/1264/333 312/1265/333
f 304/1266/334 305/1267/334 314/1268/334 313/1269/334
f 305/1270/335 306/1271/335 315/1272/335 314/1273/335
f 306/1274/336 307/1275/336 316/1276/336 315/1277/336
f 307/1278/337 308/1279/337 317/1280/337 316/1281/337
f 308/1282/338 309/1283/338 318/1284/338 317/1285/338
f 309/1286/339 310/1287/339 319/1288/339 318/1289/339
f 319/1290/340 310/1291/340 202/1292/340
f 311/1293/341 320/1294/341 185/1295/341
f 311/1296/342 312/1297/342 321/1298/342 320/1299/342
f 312/1300/343 313/1301/343 322/1302/343 321/1303/343
f 313/1304/344 314/1305/344 323/1306/344 322/1307/344
f 314/1308/345 315/1309/345 324/1310/345 323/1311/345
f 315/1312/346 316/1313/346 325/1314/346 324/1315/346
f 316/1316/347 317/1317/347 326/1318/347 325/1319/347
f 317/1320/348 318/1321/348 327/1322/348 326/1323/348
f 318/1324/349 319/1325/349 328/1326/349 327/1327/349
f 328/1328/350 319/1329/350 202/1330/350
f 320/1331/351 329/1332/351 185/1333/351
f 320/1334/352 321/1335/352 330/1336/352 329/1337/352
f 321/1338/353 322/1339/353 331/1340/353 330/1341/353
f 322/1342/354 323/1343/354 332/1344/354 331/1345/354
f 323/1346/355 324/1347/355 333/1348/355 332/1349/355
f 324/1350/356 325/1351/356 334/1352/356 333/1353/356
f 325/1354/357 326/1355/357 335/1356/357 334/1357/357
f 326/1358/358 327/1359/358 336/1360/358 335/1361/358
f 327/1362/359 328/1363/359 337/1364/359 336/1365/359
f 337/1366/360 328/1367/360 202/1368/360
f 329/1369/361 338/1370/361 185/1371/361
f 329/1372/362 330/1373/362 339/1374/362 338/1375/362
f 330/1376/363 331/1377/363 340/1378/363 339/1379/363
f 331/1380/364 332/1381/364 341/1382/364 340/1383/364
f 332/1384/365 333/1385/365 342/1386/365 341/1387/365
f 333/1388/366 334/1389/366 343/1390/366 342/1391/366
f 334/1392/367 335/1393/367 344/1394/367 343/1395/367
f 335/1396/368 336/1397/368 345/1398/368 344/1399/368
f 336/1400/369 337/1401/369 346/1402/369 345/1403/369
f 346/1404/370 337/1405/370 202/1406/370
f 338/1407/371 347/1408/371 185/1409/371
f 338/1410/372 339/1411/372 348/1412/372 347/1413/372
f 339/1414/373 340/1415/373 349/1416/373 348/1417/373
f 340/1418/374 341/1419/374 350/1420/374 349/1421/374
f 341/1422/375 342/1423/375 351/1424/375 350/1425/375
f 342/1426/376 343/1427/376 352/1428/376 351/1429/376
f 343/1430/377 344/1431/377 353/1432/377 352/1433/377
f 344/1434/378 345/1435/378 354/1436/378 353/1437/378
f 345/1438/379 346/1439/379 355/1440/379 354/1441/379
f 355/1442/380 346/1443/380 202/1444/380
f 347/1445/381 356/1446/381 185/1447/381
f 347/1448/382 348/1449/382 357/1450/382 356/1451/382
f 348/1452/383 349/1453/383 358/1454/383 357/1455/383
f 349/1456/384 350/1457/384 359/1458/384 358/1459/384
f 350/1460/385 351/1461/385 360/1462/385 359/1463/385
f 351/1464/386 352/1465/386 361/1466/386 360/1467/386
f 352/1468/387 353/1469/387 362/1470/387 361/1471/387
f 353/1472/388 354/1473/388 363/1474/388 362/1475/388
f 354/1476/389 355/1477/389 364/1478/389 363/1479/389
f 364/1480/390 355/1481/390 202/1482/390
f 356/1483/391 183/1484/391 185/1485/391
f 356/1486/392 357/1487/392 186/1488/392 183/1489/392
f 357/1490/393 358/1491/393 188/1492/393 186/1493/393
f 358/1494/394 359/1495/394 190/1496/394 188/1497/394
f 359/1498/395 360/1499/395 192/1500/395 190/1501/395
f 360/1502/396 361/1503/396 194/1504/396 192/1505/396
f 361/1506/397 362/1507/397 196/1508/397 194/1509/397
f 362/1510/398 363/1511/398 198/1512/398 196/1513/398
f 363/1514/399 364/1515/399 200/1516/399 198/1517/399
f 200/1518/400 364/1519/400 202/1520/400
o light
v 0.7151430497547305 -0.29348562499999997 -0.6058888648770786
v 0.7262530231123856 -0.29348562499999997 -0.6276938283001805
v 0.651864063906346 -0.28125 -0.6518640639063511
v 0.7722277801999204 -0.328995625 -0.5644144005100582
v 0.7933601082974184 -0.328995625 -0.605889306818817
v 0.817530785845328 -0.38430374999999994 -0.5314999056710394
v 0.846617181347698 -0.38430374999999994 -0.5885850780579677
v 0.8466171813476985 -0.453995625 -0.5103675775735413
v 0.880809771693712 -0.453995625 -0.5774751047003124
v 0.8566395360875414 -0.53125 -0.503086145494273
v 0.8925919384352329 -0.53125 -0.5736470053636638
v 0.8466171813476985 -0.608504375 -0.5103675775735413
v 0.880809771693712 -0.608504375 -0.5774751047003124
v 0.817530785845328 -0.6781962500000001 -0.5314999056710394
v 0.846617181347698 -0.6781962500000001 -0.5885850780579677
v 0.7722277801999204 -0.733504375 -0.5644144005100582
v 0.7933601082974184 -0.733504375 -0.605889306818817
v 0.7151430497547305 -0.769014375 -0.6058888648770786
v 0.7262530231123856 -0.769014375 -0.6276938283001805
v 0.651864063906346 -0.78125 -0.6518640639063511
v 0.7300815643907723 -0.29348562499999997 -0.6518640639063513
v 0.800641982318425 -0.328995625 -0.6518640639063519
v 0.8566395360875407 -0.38430374999999994 -0.6518640639063518
v 0.8925923803769706 -0.453995625 -0.6518640639063519
v 0.9049800072998826 -0.53125 -0.6518640639063522
v 0.8925923803769706 -0.608504375 -0.6518640639063519
v 0.8566395360875407 -0.6781962500000001 -0.6518640639063518
v 0.800641982318425 -0.733504375 -0.6518640639063519
v 0.7300815643907723 -0.769014375 -0.6518640639063513
v 0.7262530231123855 -0.29348562499999997 -0.6760342995125225
v 0.7933601082974181 -0.328995625 -0.6978388209938862
v 0.8466171813476976 -0.38430374999999994 -0.7151430497547361
v 0.8808097716937113 -0.453995625 -0.7262530231123916
v 0.8925919384352321 -0.53125 -0.7300811224490401
v 0.8808097716937113 -0.608504375 -0.7262530231123916
v 0.8466171813476976 -0.6781962500000001 -0.7151430497547361
v 0.7933601082974181 -0.733504375 -0.6978388209938862
v 0.7262530231123855 -0.769014375 -0.6760342995125225
v 0.7151430497547298 -0.29348562499999997 -0.697839262935624
v 0.7722277801999198 -0.328995625 -0.7393137273026449
v 0.817530785845327 -0.38430374999999994 -0.772228222141664
v 0.8466171813476973 -0.453995625 -0.7933605502391623
v 0.8566395360875402 -0.53125 -0.800641982318431
v 0.8466171813476973 -0.608504375 -0.7933605502391623
v 0.817530785845327 -0.6781962500000001 -0.772228222141664
v 0.7722277801999198 -0.733504375 -0.7393137273026449
v 0.7151430497547298 -0.769014375 -0.697839262935624
v 0.6978392629356185 -0.29348562499999997 -0.7151430497547353
v 0.7393137273026389 -0.328995625 -0.7722277801999256
v 0.7722282221416576 -0.38430374999999994 -0.8175307858453329
v 0.7933605502391557 -0.453995625 -0.8466171813477035
v 0.8006419823184242 -0.53125 -0.8566395360875465
v 0.7933605502391557 -0.608504375 -0.8466171813477035
v 0.7722282221416576 -0.6781962500000001 -0.8175307858453329
v 0.7393137273026389 -0.733504375 -0.7722277801999256
v 0.6978392629356185 -0.769014375 -0.7151430497547353
v 0.6760342995125167 -0.29348562499999997 -0.7262530231123909
v 0.6978388209938801 -0.328995625 -0.7933601082974235
v 0.7151430497547293 -0.38430374999999994 -0.8466171813477033
v 0.7262530231123847 -0.453995625 -0.8808097716937171
v 0.7300811224490331 -0.53125 -0.8925919384352378
v 0.7262530231123847 -0.608504375 -0.8808097716937171
v 0.7151430497547293 -0.6781962500000001 -0.8466171813477033
v 0.6978388209938801 -0.733504375 -0.7933601082974235
v 0.6760342995125167 -0.769014375 -0.7262530231123909
v 0.6518640639063455 -0.29348562499999997 -0.7300815643907774
v 0.6518640639063454 -0.328995625 -0.8006419823184303
v 0.6518640639063451 -0.38430374999999994 -0.8566395360875457
v 0.6518640639063449 -0.453995625 -0.8925923803769756
v 0.6518640639063451 -0.53125 -0.9049800072998877
v 0.6518640639063449 -0.608504375 -0.8925923803769756
v 0.6518640639063451 -0.6781962500000001 -0.8566395360875457
v 0.6518640639063454 -0.733504375 -0.8006419823184303
v 0.6518640639063455 -0.769014375 -0.7300815643907774
v 0.6276938283001747 -0.29348562499999997 -0.7262530231123905
v 0.6058893068188108 -0.328995625 -0.7933601082974233
v 0.588585078057961 -0.38430374999999994 -0.8466171813477027
v 0.5774751047003056 -0.453995625 -0.8808097716937164
v 0.5736470053636569 -0.53125 -0.8925919384352373
v 0.5774751047003056 -0.608504375 -0.8808097716937164
v 0.588585078057961 -0.6781962500000001 -0.8466171813477027
v 0.6058893068188108 -0.733504375 -0.7933601082974233
v 0.6276938283001747 -0.769014375 -0.7262530231123905
v 0.605888864877073 -0.29348562499999997 -0.7151430497547352
v 0.5644144005100522 -0.328995625 -0.7722277801999248
v 0.531499905671033 -0.38430374999999994 -0.8175307858453322
v 0.5103675775735347 -0.453995625 -0.8466171813477025
v 0.5030861454942663 -0.53125 -0.8566395360875454
v 0.5103675775735347 -0.608504375 -0.8466171813477025
v 0.531499905671033 -0.6781962500000001 -0.8175307858453322
v 0.5644144005100522 -0.733504375 -0.7722277801999248
v 0.605888864877073 -0.769014375 -0.7151430497547352
v 0.5885850780579616 -0.29348562499999997 -0.6978392629356235
v 0.5315003476127715 -0.328995625 -0.7393137273026439
v 0.48619734196736397 -0.38430374999999994 -0.7722282221416628
v 0.4571109464649935 -0.453995625 -0.7933605502391609
v 0.44708859172515053 -0.53125 -0.8006419823184292
v 0.4571109464649935 -0.608504375 -0.7933605502391609
v 0.48619734196736397 -0.6781962500000001 -0.7722282221416628
v 0.5315003476127715 -0.733504375 -0.7393137273026439
v 0.5885850780579616 -0.769014375 -0.6978392629356235
v 0.5774751047003064 -0.29348562499999997 -0.6760342995125217
v 0.5103680195152734 -0.328995625 -0.6978388209938853
v 0.45711094646499395 -0.38430374999999994 -0.7151430497547345
v 0.4229183561189801 -0.453995625 -0.7262530231123898
v 0.4111361893774592 -0.53125 -0.7300811224490383
v 0.4229183561189801 -0.608504375 -0.7262530231123898
v 0.45711094646499395 -0.6781962500000001 -0.7151430497547345
v 0.5103680195152734 -0.733504375 -0.6978388209938853
v 0.5774751047003064 -0.769014375 -0.6760342995125217
v 0.5736465634219197 -0.29348562499999997 -0.6518640639063509
v 0.5030861454942669 -0.328995625 -0.6518640639063504
v 0.4470885917251513 -0.38430374999999994 -0.6518640639063503
v 0.41113574743572134 -0.453995625 -0.6518640639063503
v 0.39874812051280933 -0.53125 -0.65186406390635
v 0.41113574743572134 -0.608504375 -0.6518640639063503
v 0.4470885917251513 -0.6781962500000001 -0.6518640639063503
v 0.5030861454942669 -0.733504375 -0.6518640639063504
v 0.5736465634219197 -0.769014375 -0.6518640639063509
v 0.5774751047003064 -0.29348562499999997 -0.6276938283001798
v 0.5103680195152739 -0.328995625 -0.605889306818816
v 0.45711094646499434 -0.38430374999999994 -0.5885850780579662
v 0.42291835611898065 -0.453995625 -0.5774751047003106
v 0.41113618937745994 -0.53125 -0.573647005363662
v 0.42291835611898065 -0.608504375 -0.5774751047003106
v 0.45711094646499434 -0.6781962500000001 -0.5885850780579662
v 0.5103680195152739 -0.733504375 -0.605889306818816
v 0.5774751047003064 -0.769014375 -0.6276938283001798
v 0.5885850780579621 -0.29348562499999997 -0.6058888648770782
v 0.5315003476127722 -0.328995625 -0.5644144005100573
v 0.4861973419673651 -0.38430374999999994 -0.5314999056710381
v 0.4571109464649948 -0.453995625 -0.5103675775735399
v 0.44708859172515186 -0.53125 -0.5030861454942712
v 0.4571109464649948 -0.608504375 -0.5103675775735399
v 0.4861973419673651 -0.6781962500000001 -0.5314999056710381
v 0.5315003476127722 -0.733504375 -0.5644144005100573
v 0.5885850780579621 -0.769014375 -0.6058888648770782
v 0.6058888648770734 -0.29348562499999997 -0.5885850780579669
v 0.5644144005100531 -0.328995625 -0.5315003476127766
v 0.5314999056710344 -0.38430374999999994 -0.4861973419673692
v 0.5103675775735363 -0.453995625 -0.45711094646499867
v 0.5030861454942678 -0.53125 -0.4470885917251558
v 0.5103675775735363 -0.608504375 -0.45711094646499867
v 0.5314999056710344 -0.6781962500000001 -0.4861973419673692
v 0.5644144005100531 -0.733504375 -0.5315003476127766
v 0.6058888648770734 -0.769014375 -0.5885850780579669
v 0.6276938283001752 -0.29348562499999997 -0.5774751047003114
v 0.6058893068188119 -0.328995625 -0.5103680195152787
v 0.5885850780579626 -0.38430374999999994 -0.45711094646499906
v 0.5774751047003073 -0.453995625 -0.4229183561189851
v 0.5736470053636589 -0.53125 -0.4111361893774644
v 0.5774751047003073 -0.608504375 -0.4229183561189851
v 0.5885850780579626 -0.6781962500000001 -0.45711094646499906
v 0.6058893068188119 -0.733504375 -0.5103680195152787
v 0.6276938283001752 -0.769014375 -0.5774751047003114
v 0.6518640639063464 -0.29348562499999997 -0.5736465634219248
v 0.6518640639063464 -0.328995625 -0.503086145494272
v 0.6518640639063469 -0.38430374999999994 -0.44708859172515636
v 0.6518640639063471 -0.453995625 -0.41113574743572656
v 0.6518640639063469 -0.53125 -0.3987481205128145
v 0.6518640639063471 -0.608504375 -0.41113574743572656
v 0.6518640639063469 -0.6781962500000001 -0.44708859172515636
v 0.6518640639063464 -0.733504375 -0.503086145494272
v 0.6518640639063464 -0.769014375 -0.5736465634219248
v 0.6760342995125173 -0.29348562499999997 -0.5774751047003117
v 0.6978388209938811 -0.328995625 -0.510368019515279
v 0.715143049754731 -0.38430374999999994 -0.4571109464649995
v 0.7262530231123865 -0.453995625 -0.42291835611898576
v 0.7300811224490352 -0.53125 -0.4111361893774648
v 0.7262530231123865 -0.608504375 -0.42291835611898576
v 0.715143049754731 -0.6781962500000001 -0.4571109464649995
v 0.6978388209938811 -0.733504375 -0.510368019515279
v 0.6760342995125173 -0.769014375 -0.5774751047003117
v 0.697839262935619 -0.29348562499999997 -0.5885850780579669
v 0.7393137273026398 -0.328995625 -0.5315003476127773
v 0.772228222141659 -0.38430374999999994 -0.4861973419673699
v 0.7933605502391573 -0.453995625 -0.4571109464649997
v 0.8006419823184256 -0.53125 -0.4470885917251568
v 0.7933605502391573 -0.608504375 -0.4571109464649997
v 0.772228222141659 -0.6781962500000001 -0.4861973419673699
v 0.7393137273026398 -0.733504375 -0.5315003476127773
v 0.697839262935619 -0.769014375 -0.5885850780579669
vt 0.375 0.23428749999999998
vt 0.399475 0.23428749999999998
vt 0.3872375 0.3125
vt 0.3860375 0.3125
vt 0.375 0.23428749999999998
vt 0.42155 0.23428749999999998
vt 0.4105125 0.3125
vt 0.38375625 0.3125
vt 0.375 0.23428749999999998
vt 0.4390625 0.23428749999999998
vt 0.43030625 0.3125
vt 0.380625 0.3125
vt 0.375 0.23428749999999998
vt 0.4503125 0.23428749999999998
vt 0.4446875 0.3125
vt 0.3769375 0.3125
vt 0.375 0.23428749999999998
vt 0.4541875 0.23428749999999998
vt 0.45225 0.3125
vt 0.375 0.3125
vt 0.3769375 0.23428749999999998
vt 0.45225 0.23428749999999998
vt 0.4541875 0.3125
vt 0.375 0.3125
vt 0.380625 0.23428749999999998
vt 0.4446875 0.23428749999999998
vt 0.4503125 0.3125
vt 0.375 0.3125
vt 0.38375625 0.23428749999999998
vt 0.43030625 0.23428749999999998
vt 0.4390625 0.3125
vt 0.375 0.3125
vt 0.3860375 0.23428749999999998
vt 0.4105125 0.23428749999999998
vt 0.42155 0.3125
vt 0.399475 0.3125
vt 0.375 0.3125
vt 0.3872375 0.23428749999999998
vt 0.375 0.23428749999999998
vt 0.399475 0.23428749999999998
vt 0.3872375 0.3125
vt 0.3860375 0.3125
vt 0.375 0.23428749999999998
vt 0.42155 0.23428749999999998
vt 0.4105125 0.3125
vt 0.38375625 0.3125
vt 0.375 0.23428749999999998
vt 0.4390625 0.23428749999999998
vt 0.43030625 0.3125
vt 0.380625 0.3125
vt 0.375 0.23428749999999998
vt 0.4503125 0.23428749999999998
vt 0.4446875 0.3125
vt 0.3769375 0.3125
vt 0.375 0.23428749999999998
vt 0.4541875 0.23428749999999998
vt 0.45225 0.3125
vt 0.375 0.3125
vt 0.3769375 0.23428749999999998
vt 0.45225 0.23428749999999998
vt 0.4541875 0.3125
vt 0.375 0.3125
vt 0.380625 0.23428749999999998
vt 0.4446875 0.23428749999999998
vt 0.4503125 0.3125
vt 0.375 0.3125
vt 0.38375625 0.23428749999999998
vt 0.43030625 0.23428749999999998
vt 0.4390625 0.3125
vt 0.375 0.3125
vt 0.3860375 0.23428749999999998
vt 0.4105125 0.23428749999999998
vt 0.42155 0.3125
vt 0.399475 0.3125
vt 0.375 0.3125
vt 0.3872375 0.23428749999999998
vt 0.375 0.23428749999999998
vt 0.399475 0.23428749999999998
vt 0.3872375 0.3125
vt 0.3860375 0.3125
vt 0.375 0.23428749999999998
vt 0.42155 0.23428749999999998
vt 0.4105125 0.3125
vt 0.38375625 0.3125
vt 0.375 0.23428749999999998
vt 0.4390625 0.23428749999999998
vt 0.43030625 0.3125
vt 0.380625 0.3125
vt 0.375 0.23428749999999998
vt 0.4503125 0.23428749999999998
vt 0.4446875 0.3125
vt 0.3769375 0.3125
vt 0.375 0.23428749999999998
vt 0.4541875 0.23428749999999998
vt 0.45225 0.3125
vt 0.375 0.3125
vt 0.3769375 0.23428749999999998
vt 0.45225 0.23428749999999998
vt 0.4541875 0.3125
vt 0.375 0.3125
vt 0.380625 0.23428749999999998
vt 0.4446875 0.23428749999999998
vt 0.4503125 0.3125
vt 0.375 0.3125
vt 0.38375625 0.23428749999999998
vt 0.43030625 0.23428749999999998
vt 0.4390625 0.3125
vt 0.375 0.3125
vt 0.3860375 0.23428749999999998
vt 0.4105125 0.23428749999999998
vt 0.42155 0.3125
vt 0.399475 0.3125
vt 0.375 0.3125
vt 0.3872375 0.23428749999999998
vt 0.375 0.23428749999999998
vt 0.399475 0.23428749999999998
vt 0.3872375 0.3125
vt 0.3860375 0.3125
vt 0.375 0.23428749999999998
vt 0.42155 0.23428749999999998
vt 0.4105125 0.3125
vt 0.38375625 0.3125
vt 0.375 0.23428749999999998
vt 0.4390625 0.23428749999999998
vt 0.43030625 0.3125
vt 0.380625 0.3125
vt 0.375 0.23428749999999998
vt 0.4503125 0.23428749999999998
vt 0.4446875 0.3125
vt 0.3769375 0.3125
vt 0.375 0.23428749999999998
vt 0.4541875 0.23428749999999998
vt 0.45225 0.3125
vt 0.375 0.3125
vt 0.3769375 0.23428749999999998
vt 0.45225 0.23428749999999998
vt 0.4541875 0.3125
vt 0.375 0.3125
vt 0.380625 0.23428749999999998
vt 0.4446875 0.23428749999999998
vt 0.4503125 0.3125
vt 0.375 0.3125
vt 0.38375625 0.23428749999999998
vt 0.43030625 0.23428749999999998
vt 0.4390625 0.3125
vt 0.375 0.3125
vt 0.3860375 0.23428749999999998
vt 0.4105125 0.23428749999999998
vt 0.42155 0.3125
vt 0.399475 0.3125
vt 0.375 0.3125
vt 0.3872375 0.23428749999999998
vt 0.375 0.23428749999999998
vt 0.399475 0.23428749999999998
vt 0.3872375 0.3125
vt 0.3860375 0.3125
vt 0.375 0.23428749999999998
vt 0.42155 0.23428749999999998
vt 0.4105125 0.3125
vt 0.38375625 0.3125
vt 0.375 0.23428749999999998
vt 0.4390625 0.23428749999999998
vt 0.43030625 0.3125
vt 0.380625 0.3125
vt 0.375 0.23428749999999998
vt 0.4503125 0.23428749999999998
vt 0.4446875 0.3125
vt 0.3769375 0.3125
vt 0.375 0.23428749999999998
vt 0.4541875 0.23428749999999998
vt 0.45225 0.3125
vt 0.375 0.3125
vt 0.3769375 0.23428749999999998
vt 0.45225 0.23428749999999998
vt 0.4541875 0.3125
vt 0.375 0.3125
vt 0.380625 0.23428749999999998
vt 0.4446875 0.23428749999999998
vt 0.4503125 0.3125
vt 0.375 0.3125
vt 0.38375625 0.23428749999999998
vt 0.43030625 0.23428749999999998
vt 0.4390625 0.3125
vt 0.375 0.3125
vt 0.3860375 0.23428749999999998
vt 0.4105125 0.23428749999999998
vt 0.42155 0.3125
vt 0.399475 0.3125
vt 0.375 0.3125
vt 0.3872375 0.23428749999999998
vt 0.375 0.23428749999999998
vt 0.399475 0.23428749999999998
vt 0.3872375 0.3125
vt 0.3860375 0.3125
vt 0.375 0.23428749999999998
vt 0.42155 0.23428749999999998
vt 0.4105125 0.3125
vt 0.38375625 0.3125
vt 0.375 0.23428749999999998
vt 0.4390625 0.23428749999999998
vt 0.43030625 0.3125
vt 0.380625 0.3125
vt 0.375 0.23428749999999998
vt 0.4503125 0.23428749999999998
vt 0.4446875 0.3125
vt 0.3769375 0.3125
vt 0.375 0.23428749999999998
vt 0.4541875 0.23428749999999998
vt 0.45225 0.3125
vt 0.375 0.3125
vt 0.3769375 0.23428749999999998
vt 0.45225 0.23428749999999998
vt 0.4541875 0.3125
vt 0.375 0.3125
vt 0.380625 0.23428749999999998
vt 0.4446875 0.23428749999999998
vt 0.4503125 0.3125
vt 0.375 0.3125
vt 0.38375625 0.23428749999999998
vt 0.43030625 0.23428749999999998
vt 0.4390625 0.3125
vt 0.375 0.3125
vt 0.3860375 0.23428749999999998
vt 0.4105125 0.23428749999999998
vt 0.42155 0.3125
vt 0.399475 0.3125
vt 0.375 0.3125
vt 0.3872375 0.23428749999999998
vt 0.375 0.23428749999999998
vt 0.399475 0.23428749999999998
vt 0.3872375 0.3125
vt 0.3860375 0.3125
vt 0.375 0.23428749999999998
vt 0.42155 0.23428749999999998
vt 0.4105125 0.3125
vt 0.38375625 0.3125
vt 0.375 0.23428749999999998
vt 0.4390625 0.23428749999999998
vt 0.43030625 0.3125
vt 0.380625 0.3125
vt 0.375 0.23428749999999998
vt 0.4503125 0.23428749999999998
vt 0.4446875 0.3125
vt 0.3769375 0.3125
vt 0.375 0.23428749999999998
vt 0.4541875 0.23428749999999998
vt 0.45225 0.3125
vt 0.375 0.3125
vt 0.3769375 0.23428749999999998
vt 0.45225 0.23428749999999998
vt 0.4541875 0.3125
vt 0.375 0.3125
vt 0.380625 0.23428749999999998
vt 0.4446875 0.23428749999999998
vt 0.4503125 0.3125
vt 0.375 0.3125
vt 0.38375625 0.23428749999999998
vt 0.43030625 0.23428749999999998
vt 0.4390625 0.3125
vt 0.375 0.3125
vt 0.3860375 0.23428749999999998
vt 0.4105125 0.23428749999999998
vt 0.42155 0.3125
vt 0.399475 0.3125
vt 0.375 0.3125
vt 0.3872375 0.23428749999999998
vt 0.375 0.23428749999999998
vt 0.399475 0.23428749999999998
vt 0.3872375 0.3125
vt 0.3860375 0.3125
vt 0.375 0.23428749999999998
vt 0.42155 0.23428749999999998
vt 0.4105125 0.3125
vt 0.38375625 0.3125
vt 0.375 0.23428749999999998
vt 0.4390625 0.23428749999999998
vt 0.43030625 0.3125
vt 0.380625 0.3125
vt 0.375 0.23428749999999998
vt 0.4503125 0.23428749999999998
vt 0.4446875 0.3125
vt 0.3769375 0.3125
vt 0.375 0.23428749999999998
vt 0.4541875 0.23428749999999998
vt 0.45225 0.3125
vt 0.375 0.3125
vt 0.3769375 0.23428749999999998
vt 0.45225 0.23428749999999998
vt 0.4541875 0.3125
vt 0.375 0.3125
vt 0.380625 0.23428749999999998
vt 0.4446875 0.23428749999999998
vt 0.4503125 0.3125
vt 0.375 0.3125
vt 0.38375625 0.23428749999999998
vt 0.43030625 0.23428749999999998
vt 0.4390625 0.3125
vt 0.375 0.3125
vt 0.3860375 0.23428749999999998
vt 0.4105125 0.23428749999999998
vt 0.42155 0.3125
vt 0.399475 0.3125
vt 0.375 0.3125
vt 0.3872375 0.23428749999999998
vt 0.375 0.23428749999999998
vt 0.399475 0.23428749999999998
vt 0.3872375 0.3125
vt 0.3860375 0.3125
vt 0.375 0.23428749999999998
vt 0.42155 0.23428749999999998
vt 0.4105125 0.3125
vt 0.38375625 0.3125
vt 0.375 0.23428749999999998
vt 0.4390625 0.23428749999999998
vt 0.43030625 0.3125
vt 0.380625 0.3125
vt 0.375 0.23428749999999998
vt 0.4503125 0.23428749999999998
vt 0.4446875 0.3125
vt 0.3769375 0.3125
vt 0.375 0.23428749999999998
vt 0.4541875 0.23428749999999998
vt 0.45225 0.3125
vt 0.375 0.3125
vt 0.3769375 0.23428749999999998
vt 0.45225 0.23428749999999998
vt 0.4541875 0.3125
vt 0.375 0.3125
vt 0.380625 0.23428749999999998
vt 0.4446875 0.23428749999999998
vt 0.4503125 0.3125
vt 0.375 0.3125
vt 0.38375625 0.23428749999999998
vt 0.43030625 0.23428749999999998
vt 0.4390625 0.3125
vt 0.375 0.3125
vt 0.3860375 0.23428749999999998
vt 0.4105125 0.23428749999999998
vt 0.42155 0.3125
vt 0.399475 0.3125
vt 0.375 0.3125
vt 0.3872375 0.23428749999999998
vt 0.375 0.23428749999999998
vt 0.399475 0.23428749999999998
vt 0.3872375 0.3125
vt 0.3860375 0.3125
vt 0.375 0.23428749999999998
vt 0.42155 0.23428749999999998
vt 0.4105125 0.3125
vt 0.38375625 0.3125
vt 0.375 0.23428749999999998
vt 0.4390625 0.23428749999999998
vt 0.43030625 0.3125
vt 0.380625 0.3125
vt 0.375 0.23428749999999998
vt 0.4503125 0.23428749999999998
vt 0.4446875 0.3125
vt 0.3769375 0.3125
vt 0.375 0.23428749999999998
vt 0.4541875 0.23428749999999998
vt 0.45225 0.3125
vt 0.375 0.3125
vt 0.3769375 0.23428749999999998
vt 0.45225 0.23428749999999998
vt 0.4541875 0.3125
vt 0.375 0.3125
vt 0.380625 0.23428749999999998
vt 0.4446875 0.23428749999999998
vt 0.4503125 0.3125
vt 0.375 0.3125
vt 0.38375625 0.23428749999999998
vt 0.43030625 0.23428749999999998
vt 0.4390625 0.3125
vt 0.375 0.3125
vt 0.3860375 0.23428749999999998
vt 0.4105125 0.23428749999999998
vt 0.42155 0.3125
vt 0.399475 0.3125
vt 0.375 0.3125
vt 0.3872375 0.23428749999999998
vt 0.375 0.23428749999999998
vt 0.399475 0.23428749999999998
vt 0.3872375 0.3125
vt 0.3860375 0.3125
vt 0.375 0.23428749999999998
vt 0.42155 0.23428749999999998
vt 0.4105125 0.3125
vt 0.38375625 0.3125
vt 0.375 0.23428749999999998
vt 0.4390625 0.23428749999999998
vt 0.43030625 0.3125
vt 0.380625 0.3125
vt 0.375 0.23428749999999998
vt 0.4503125 0.23428749999999998
vt 0.4446875 0.3125
vt 0.3769375 0.3125
vt 0.375 0.23428749999999998
vt 0.4541875 0.23428749999999998
vt 0.45225 0.3125
vt 0.375 0.3125
vt 0.3769375 0.23428749999999998
vt 0.45225 0.23428749999999998
vt 0.4541875 0.3125
vt 0.375 0.3125
vt 0.380625 0.23428749999999998
vt 0.4446875 0.23428749999999998
vt 0.4503125 0.3125
vt 0.375 0.3125
vt 0.38375625 0.23428749999999998
vt 0.43030625 0.23428749999999998
vt 0.4390625 0.3125
vt 0.375 0.3125
vt 0.3860375 0.23428749999999998
vt 0.4105125 0.23428749999999998
vt 0.42155 0.3125
vt 0.399475 0.3125
vt 0.375 0.3125
vt 0.3872375 0.23428749999999998
vt 0.375 0.23428749999999998
vt 0.399475 0.23428749999999998
vt 0.3872375 0.3125
vt 0.3860375 0.3125
vt 0.375 0.23428749999999998
vt 0.42155 0.23428749999999998
vt 0.4105125 0.3125
vt 0.38375625 0.3125
vt 0.375 0.23428749999999998
vt 0.4390625 0.23428749999999998
vt 0.43030625 0.3125
vt 0.380625 0.3125
vt 0.375 0.23428749999999998
vt 0.4503125 0.23428749999999998
vt 0.4446875 0.3125
vt 0.3769375 0.3125
vt 0.375 0.23428749999999998
vt 0.4541875 0.23428749999999998
vt 0.45225 0.3125
vt 0.375 0.3125
vt 0.3769375 0.23428749999999998
vt 0.45225 0.23428749999999998
vt 0.4541875 0.3125
vt 0.375 0.3125
vt 0.380625 0.23428749999999998
vt 0.4446875 0.23428749999999998
vt 0.4503125 0.3125
vt 0.375 0.3125
vt 0.38375625 0.23428749999999998
vt 0.43030625 0.23428749999999998
vt 0.4390625 0.3125
vt 0.375 0.3125
vt 0.3860375 0.23428749999999998
vt 0.4105125 0.23428749999999998
vt 0.42155 0.3125
vt 0.399475 0.3125
vt 0.375 0.3125
vt 0.3872375 0.23428749999999998
vt 0.375 0.23428749999999998
vt 0.399475 0.23428749999999998
vt 0.3872375 0.3125
vt 0.3860375 0.3125
vt 0.375 0.23428749999999998
vt 0.42155 0.23428749999999998
vt 0.4105125 0.3125
vt 0.38375625 0.3125
vt 0.375 0.23428749999999998
vt 0.4390625 0.23428749999999998
vt 0.43030625 0.3125
vt 0.380625 0.3125
vt 0.375 0.23428749999999998
vt 0.4503125 0.23428749999999998
vt 0.4446875 0.3125
vt 0.3769375 0.3125
vt 0.375 0.23428749999999998
vt 0.4541875 0.23428749999999998
vt 0.45225 0.3125
vt 0.375 0.3125
vt 0.3769375 0.23428749999999998
vt 0.45225 0.23428749999999998
vt 0.4541875 0.3125
vt 0.375 0.3125
vt 0.380625 0.23428749999999998
vt 0.4446875 0.23428749999999998
vt 0.4503125 0.3125
vt 0.375 0.3125
vt 0.38375625 0.23428749999999998
vt 0.43030625 0.23428749999999998
vt 0.4390625 0.3125
vt 0.375 0.3125
vt 0.3860375 0.23428749999999998
vt 0.4105125 0.23428749999999998
vt 0.42155 0.3125
vt 0.399475 0.3125
vt 0.375 0.3125
vt 0.3872375 0.23428749999999998
vt 0.375 0.23428749999999998
vt 0.399475 0.23428749999999998
vt 0.3872375 0.3125
vt 0.3860375 0.3125
vt 0.375 0.23428749999999998
vt 0.42155 0.23428749999999998
vt 0.4105125 0.3125
vt 0.38375625 0.3125
vt 0.375 0.23428749999999998
vt 0.4390625 0.23428749999999998
vt 0.43030625 0.3125
vt 0.380625 0.3125
vt 0.375 0.23428749999999998
vt 0.4503125 0.23428749999999998
vt 0.4446875 0.3125
vt 0.3769375 0.3125
vt 0.375 0.23428749999999998
vt 0.4541875 0.23428749999999998
vt 0.45225 0.3125
vt 0.375 0.3125
vt 0.3769375 0.23428749999999998
vt 0.45225 0.23428749999999998
vt 0.4541875 0.3125
vt 0.375 0.3125
vt 0.380625 0.23428749999999998
vt 0.4446875 0.23428749999999998
vt 0.4503125 0.3125
vt 0.375 0.3125
vt 0.38375625 0.23428749999999998
vt 0.43030625 0.23428749999999998
vt 0.4390625 0.3125
vt 0.375 0.3125
vt 0.3860375 0.23428749999999998
vt 0.4105125 0.23428749999999998
vt 0.42155 0.3125
vt 0.399475 0.3125
vt 0.375 0.3125
vt 0.3872375 0.23428749999999998
vt 0.375 0.23428749999999998
vt 0.399475 0.23428749999999998
vt 0.3872375 0.3125
vt 0.3860375 0.3125
vt 0.375 0.23428749999999998
vt 0.42155 0.23428749999999998
vt 0.4105125 0.3125
vt 0.38375625 0.3125
vt 0.375 0.23428749999999998
vt 0.4390625 0.23428749999999998
vt 0.43030625 0.3125
vt 0.380625 0.3125
vt 0.375 0.23428749999999998
vt 0.4503125 0.23428749999999998
vt 0.4446875 0.3125
vt 0.3769375 0.3125
vt 0.375 0.23428749999999998
vt 0.4541875 0.23428749999999998
vt 0.45225 0.3125
vt 0.375 0.3125
vt 0.3769375 0.23428749999999998
vt 0.45225 0.23428749999999998
vt 0.4541875 0.3125
vt 0.375 0.3125
vt 0.380625 0.23428749999999998
vt 0.4446875 0.23428749999999998
vt 0.4503125 0.3125
vt 0.375 0.3125
vt 0.38375625 0.23428749999999998
vt 0.43030625 0.23428749999999998
vt 0.4390625 0.3125
vt 0.375 0.3125
vt 0.3860375 0.23428749999999998
vt 0.4105125 0.23428749999999998
vt 0.42155 0.3125
vt 0.399475 0.3125
vt 0.375 0.3125
vt 0.3872375 0.23428749999999998
vt 0.375 0.23428749999999998
vt 0.399475 0.23428749999999998
vt 0.3872375 0.3125
vt 0.3860375 0.3125
vt 0.375 0.23428749999999998
vt 0.42155 0.23428749999999998
vt 0.4105125 0.3125
vt 0.38375625 0.3125
vt 0.375 0.23428749999999998
vt 0.4390625 0.23428749999999998
vt 0.43030625 0.3125
vt 0.380625 0.3125
vt 0.375 0.23428749999999998
vt 0.4503125 0.23428749999999998
vt 0.4446875 0.3125
vt 0.3769375 0.3125
vt 0.375 0.23428749999999998
vt 0.4541875 0.23428749999999998
vt 0.45225 0.3125
vt 0.375 0.3125
vt 0.3769375 0.23428749999999998
vt 0.45225 0.23428749999999998
vt 0.4541875 0.3125
vt 0.375 0.3125
vt 0.380625 0.23428749999999998
vt 0.4446875 0.23428749999999998
vt 0.4503125 0.3125
vt 0.375 0.3125
vt 0.38375625 0.23428749999999998
vt 0.43030625 0.23428749999999998
vt 0.4390625 0.3125
vt 0.375 0.3125
vt 0.3860375 0.23428749999999998
vt 0.4105125 0.23428749999999998
vt 0.42155 0.3125
vt 0.399475 0.3125
vt 0.375 0.3125
vt 0.3872375 0.23428749999999998
vt 0.375 0.23428749999999998
vt 0.399475 0.23428749999999998
vt 0.3872375 0.3125
vt 0.3860375 0.3125
vt 0.375 0.23428749999999998
vt 0.42155 0.23428749999999998
vt 0.4105125 0.3125
vt 0.38375625 0.3125
vt 0.375 0.23428749999999998
vt 0.4390625 0.23428749999999998
vt 0.43030625 0.3125
vt 0.380625 0.3125
vt 0.375 0.23428749999999998
vt 0.4503125 0.23428749999999998
vt 0.4446875 0.3125
vt 0.3769375 0.3125
vt 0.375 0.23428749999999998
vt 0.4541875 0.23428749999999998
vt 0.45225 0.3125
vt 0.375 0.3125
vt 0.3769375 0.23428749999999998
vt 0.45225 0.23428749999999998
vt 0.4541875 0.3125
vt 0.375 0.3125
vt 0.380625 0.23428749999999998
vt 0.4446875 0.23428749999999998
vt 0.4503125 0.3125
vt 0.375 0.3125
vt 0.38375625 0.23428749999999998
vt 0.43030625 0.23428749999999998
vt 0.4390625 0.3125
vt 0.375 0.3125
vt 0.3860375 0.23428749999999998
vt 0.4105125 0.23428749999999998
vt 0.42155 0.3125
vt 0.399475 0.3125
vt 0.375 0.3125
vt 0.3872375 0.23428749999999998
vt 0.375 0.23428749999999998
vt 0.399475 0.23428749999999998
vt 0.3872375 0.3125
vt 0.3860375 0.3125
vt 0.375 0.23428749999999998
vt 0.42155 0.23428749999999998
vt 0.4105125 0.3125
vt 0.38375625 0.3125
vt 0.375 0.23428749999999998
vt 0.4390625 0.23428749999999998
vt 0.43030625 0.3125
vt 0.380625 0.3125
vt 0.375 0.23428749999999998
vt 0.4503125 0.23428749999999998
vt 0.4446875 0.3125
vt 0.3769375 0.3125
vt 0.375 0.23428749999999998
vt 0.4541875 0.23428749999999998
vt 0.45225 0.3125
vt 0.375 0.3125
vt 0.3769375 0.23428749999999998
vt 0.45225 0.23428749999999998
vt 0.4541875 0.3125
vt 0.375 0.3125
vt 0.380625 0.23428749999999998
vt 0.4446875 0.23428749999999998
vt 0.4503125 0.3125
vt 0.375 0.3125
vt 0.38375625 0.23428749999999998
vt 0.43030625 0.23428749999999998
vt 0.4390625 0.3125
vt 0.375 0.3125
vt 0.3860375 0.23428749999999998
vt 0.4105125 0.23428749999999998
vt 0.42155 0.3125
vt 0.399475 0.3125
vt 0.375 0.3125
vt 0.3872375 0.23428749999999998
vt 0.375 0.23428749999999998
vt 0.399475 0.23428749999999998
vt 0.3872375 0.3125
vt 0.3860375 0.3125
vt 0.375 0.23428749999999998
vt 0.42155 0.23428749999999998
vt 0.4105125 0.3125
vt 0.38375625 0.3125
vt 0.375 0.23428749999999998
vt 0.4390625 0.23428749999999998
vt 0.43030625 0.3125
vt 0.380625 0.3125
vt 0.375 0.23428749999999998
vt 0.4503125 0.23428749999999998
vt 0.4446875 0.3125
vt 0.3769375 0.3125
vt 0.375 0.23428749999999998
vt 0.4541875 0.23428749999999998
vt 0.45225 0.3125
vt 0.375 0.3125
vt 0.3769375 0.23428749999999998
vt 0.45225 0.23428749999999998
vt 0.4541875 0.3125
vt 0.375 0.3125
vt 0.380625 0.23428749999999998
vt 0.4446875 0.23428749999999998
vt 0.4503125 0.3125
vt 0.375 0.3125
vt 0.38375625 0.23428749999999998
vt 0.43030625 0.23428749999999998
vt 0.4390625 0.3125
vt 0.375 0.3125
vt 0.3860375 0.23428749999999998
vt 0.4105125 0.23428749999999998
vt 0.42155 0.3125
vt 0.399475 0.3125
vt 0.375 0.3125
vt 0.3872375 0.23428749999999998
vt 0.375 0.23428749999999998
vt 0.399475 0.23428749999999998
vt 0.3872375 0.3125
vt 0.3860375 0.3125
vt 0.375 0.23428749999999998
vt 0.42155 0.23428749999999998
vt 0.4105125 0.3125
vt 0.38375625 0.3125
vt 0.375 0.23428749999999998
vt 0.4390625 0.23428749999999998
vt 0.43030625 0.3125
vt 0.380625 0.3125
vt 0.375 0.23428749999999998
vt 0.4503125 0.23428749999999998
vt 0.4446875 0.3125
vt 0.3769375 0.3125
vt 0.375 0.23428749999999998
vt 0.4541875 0.23428749999999998
vt 0.45225 0.3125
vt 0.375 0.3125
vt 0.3769375 0.23428749999999998
vt 0.45225 0.23428749999999998
vt 0.4541875 0.3125
vt 0.375 0.3125
vt 0.380625 0.23428749999999998
vt 0.4446875 0.23428749999999998
vt 0.4503125 0.3125
vt 0.375 0.3125
vt 0.38375625 0.23428749999999998
vt 0.43030625 0.23428749999999998
vt 0.4390625 0.3125
vt 0.375 0.3125
vt 0.3860375 0.23428749999999998
vt 0.4105125 0.23428749999999998
vt 0.42155 0.3125
vt 0.399475 0.3125
vt 0.375 0.3125
vt 0.3872375 0.23428749999999998
vn 0.1393820273398371 0.9876888108927864 0.07101734500691273
vn 0.40451137316853525 0.8910053131240778 0.20610696485555832
vn 0.6300364166214804 0.707106923919317 0.3210201113265737
vn 0.7938934760773031 0.45399287105251795 0.4045041676860554
vn 0.8800378888885849 0.156431848403578 0.44839981146914276
vn 0.8800392705580284 -0.15643177449531429 0.44839712555271855
vn 0.7938911425325981 -0.4539931805366027 0.40450840020269774
vn 0.6300380255016794 -0.7071066810231229 0.3210174887360639
vn 0.4045123966673303 -0.8910051972705885 0.20610545693710325
vn 0.1393820273398371 -0.9876888108927864 0.07101734500691273
vn 0.15450494287230926 0.9876888547958224 0.02447342926812005
vn 0.44840283638308925 0.8910054944253061 0.07102186443284039
vn 0.6983997229457518 0.7071082888384053 0.11061507512685476
vn 0.8800364428697853 0.45398910471496884 0.1393906453862542
vn 0.9755287171205419 0.15643517948828894 0.15450487594770762
vn 0.9755269803034539 -0.1564354446712288 0.15451557316510167
vn 0.880037801289005 -0.45398864345270756 0.1393835711925342
vn 0.698398928520934 -0.7071085569426661 0.11061837704139327
vn 0.44840153399225896 -0.8910057917483731 0.07102635696869254
vn 0.1545049428723093 -0.9876888547958224 0.02447342926812005
vn 0.1545049428723091 0.9876888547958222 -0.024473429268120395
vn 0.44840411420419146 0.891004835221815 -0.07102206682504571
vn 0.698401130059147 0.7071068641885495 -0.11061529799057007
vn 0.8800337985549175 0.4539943591542122 -0.1393902265482022
vn 0.9755303294157595 0.15642487267275004 -0.15450513130408897
vn 0.9755286755624341 -0.1564246074797693 -0.154515841680403
vn 0.8800346927004008 -0.4539948204285477 -0.1393830788430289
vn 0.6984008652483734 -0.7071065960768474 -0.11061868379680466
vn 0.44840396455708764 -0.891004537864389 -0.07102674196774483
vn 0.1545049428723091 -0.9876888547958222 -0.024473429268120395
vn 0.13938202733983512 0.9876888108927864 -0.07101734500691707
vn 0.40451092402566324 0.8910055699691591 -0.20610673600791968
vn 0.6300352666113755 0.7071082146033839 -0.32101952536621164
vn 0.7938950766396886 0.4539893455254342 -0.40450498320373124
vn 0.880037483505267 0.1564347210055513 -0.4483996049169007
vn 0.8800388443124791 -0.1564347949252095 -0.44839690837233004
vn 0.7938930240928316 -0.45398903604967283 -0.40450935890709333
vn 0.6300364426454171 -0.7071084574969442 -0.3210166822378557
vn 0.4045115423556838 -0.8910056858129031 -0.2061050216518375
vn 0.13938202733983512 -0.9876888108927864 -0.07101734500691709
vn 0.1106135256400697 0.9876888659344841 -0.1106135256400697
vn 0.3210213116613494 0.8910054067840736 -0.32102131166135167
vn 0.49999999999999795 0.7071067811865472 -0.5000000000000027
vn 0.6300359652108946 0.45399269276228216 -0.6300359652108986
vn 0.6984014948047215 0.1564311481420932 -0.698401494804727
vn 0.698401494804722 -0.15643114814209322 -0.6984014948047265
vn 0.6300359652108936 -0.453992692762282 -0.6300359652108996
vn 0.4999999999999985 -0.7071067811865472 -0.500000000000002
vn 0.32102131166135034 -0.8910054067840736 -0.32102131166135023
vn 0.11061352564006968 -0.9876888659344841 -0.11061352564006968
vn 0.07101734500691585 0.9876888108927863 -0.13938202733983554
vn 0.2061069648555576 0.8910053131240785 -0.4045113731685338
vn 0.3210201113265766 0.707106923919316 -0.6300364166214801
vn 0.4045041676860563 0.4539928710525192 -0.7938934760773022
vn 0.44839981146913876 0.1564318484035797 -0.8800378888885866
vn 0.44839712555271966 -0.15643177449531617 -0.8800392705580277
vn 0.40450840020270046 -0.4539931805366039 -0.7938911425325959
vn 0.3210174887360645 -0.7071066810231216 -0.6300380255016804
vn 0.20610545693711088 -0.8910051972705899 -0.40451239666732325
vn 0.07101734500691585 -0.9876888108927863 -0.13938202733983554
vn 0.024473429268118303 0.9876888547958225 -0.15450494287230934
vn 0.07102186443284295 0.8910054944253055 -0.44840283638308953
vn 0.11061507512685206 0.7071082888384056 -0.6983997229457518
vn 0.13939064538625234 0.45398910471496773 -0.880036442869786
vn 0.15450487594771128 0.1564351794882859 -0.9755287171205419
vn 0.15451557316509967 -0.15643544467122558 -0.9755269803034547
vn 0.13938357119253103 -0.4539886434527064 -0.8800378012890062
vn 0.11061837704139703 -0.7071085569426668 -0.6983989285209324
vn 0.07102635696868789 -0.8910057917483721 -0.4484015339922617
vn 0.024473429268118303 -0.9876888547958225 -0.15450494287230934
vn -0.02447342926812143 0.9876888547958222 -0.15450494287230904
vn -0.07102206682504612 0.8910048352218151 -0.44840411420419063
vn -0.11061529799056953 0.707106864188548 -0.6984011300591487
vn -0.1393902265482017 0.4539943591542123 -0.8800337985549174
vn -0.154505131304087 0.15642487267275038 -0.9755303294157599
vn -0.15451584168040247 -0.1564246074797696 -0.9755286755624342
vn -0.1393830788430279 -0.453994820428548 -0.8800346927004007
vn -0.11061868379680577 -0.7071065960768458 -0.698400865248375
vn -0.0710267419677477 -0.8910045378643893 -0.4484039645570868
vn -0.02447342926812143 -0.9876888547958222 -0.15450494287230904
vn -0.07101734500691445 0.9876888108927863 -0.13938202733983626
vn -0.20610673600792126 0.8910055699691598 -0.4045109240256611
vn -0.3210195253662106 0.7071082146033831 -0.6300352666113771
vn -0.40450498320372924 0.4539893455254339 -0.7938950766396901
vn -0.44839960491690206 0.15643472100555375 -0.8800374835052657
vn -0.44839690837232754 -0.15643479492521206 -0.88003884431248
vn -0.40450935890709155 -0.4539890360496724 -0.7938930240928327
vn -0.3210166822378596 -0.707108457496943 -0.6300364426454166
vn -0.20610502165182898 -0.8910056858129042 -0.40451154235568515
vn -0.07101734500691445 -0.9876888108927863 -0.13938202733983626
vn -0.11061352564007018 0.9876888659344841 -0.11061352564006877
vn -0.3210213116613528 0.8910054067840727 -0.3210213116613505
vn -0.5000000000000016 0.7071067811865487 -0.4999999999999967
vn -0.6300359652108992 0.45399269276228216 -0.630035965210894
vn -0.698401494804727 0.15643114814209028 -0.6984014948047221
vn -0.6984014948047276 -0.15643114814209028 -0.6984014948047217
vn -0.6300359652108996 -0.453992692762282 -0.6300359652108936
vn -0.5000000000000009 -0.7071067811865488 -0.49999999999999745
vn -0.32102131166135367 -0.8910054067840727 -0.3210213116613497
vn -0.11061352564007018 -0.9876888659344841 -0.11061352564006877
vn -0.13938202733983676 0.9876888108927863 -0.07101734500691363
vn -0.4045113731685336 0.8910053131240782 -0.20610696485555968
vn -0.6300364166214802 0.7071069239193173 -0.3210201113265736
vn -0.7938934760773037 0.4539928710525179 -0.40450416768605435
vn -0.8800378888885859 0.15643184840357852 -0.44839981146914054
vn -0.8800392705580289 -0.15643177449531487 -0.4483971255527173
vn -0.7938911425325981 -0.4539931805366027 -0.40450840020269774
vn -0.6300380255016775 -0.7071066810231234 -0.32101748873606634
vn -0.4045123966673283 -0.8910051972705889 -0.2061054569371053
vn -0.13938202733983676 -0.9876888108927863 -0.07101734500691363
vn -0.15450494287230926 0.9876888547958224 -0.02447342926812005
vn -0.4484028363830884 0.8910054944253063 -0.07102186443284028
vn -0.6983997229457528 0.7071082888384044 -0.11061507512685403
vn -0.8800364428697856 0.4539891047149678 -0.13939064538625556
vn -0.9755287171205416 0.15643517948828878 -0.15450487594770987
vn -0.9755269803034535 -0.15643544467122864 -0.1545155731651031
vn -0.8800378012890058 -0.4539886434527063 -0.1393835711925333
vn -0.6983989285209347 -0.7071085569426652 -0.1106183770413935
vn -0.44840153399225824 -0.8910057917483734 -0.07102635696869243
vn -0.1545049428723093 -0.9876888547958224 -0.02447342926812005
vn -0.15450494287230912 0.9876888547958222 0.024473429268119795
vn -0.44840411420419096 0.8910048352218151 0.07102206682504653
vn -0.698401130059148 0.7071068641885487 0.11061529799056939
vn -0.8800337985549175 0.45399435915421266 0.1393902265482022
vn -0.9755303294157592 0.1564248726727507 0.1545051313040901
vn -0.9755286755624341 -0.15642460747977 0.154515841680403
vn -0.8800346927004007 -0.45399482042854816 0.1393830788430279
vn -0.6984008652483742 -0.7071065960768464 0.11061868379680619
vn -0.44840396455708725 -0.8910045378643896 0.07102674196774306
vn -0.15450494287230912 -0.9876888547958222 0.024473429268119795
vn -0.13938202733983512 0.9876888108927863 0.07101734500691671
vn -0.40451092402566335 0.8910055699691589 0.20610673600791962
vn -0.6300352666113753 0.7071082146033838 0.3210195253662121
vn -0.7938950766396884 0.45398934552543413 0.40450498320373174
vn -0.8800374835052667 0.15643472100555128 0.4483996049169011
vn -0.8800388443124789 -0.15643479492520954 0.44839690837233065
vn -0.7938930240928312 -0.45398903604967283 0.404509358907094
vn -0.6300364426454171 -0.7071084574969442 0.3210166822378558
vn -0.4045115423556843 -0.8910056858129028 0.20610502165183692
vn -0.13938202733983512 -0.9876888108927863 0.07101734500691673
vn -0.11061352564006958 0.9876888659344841 0.11061352564006958
vn -0.3210213116613497 0.8910054067840735 0.3210213116613519
vn -0.49999999999999784 0.7071067811865472 0.5000000000000028
vn -0.6300359652108948 0.4539926927622817 0.6300359652108987
vn -0.6984014948047211 0.15643114814209316 0.6984014948047274
vn -0.698401494804722 -0.1564311481420932 0.6984014948047265
vn -0.6300359652108937 -0.45399269276228166 0.6300359652108998
vn -0.4999999999999985 -0.7071067811865474 0.5000000000000019
vn -0.3210213116613507 -0.8910054067840734 0.32102131166135056
vn -0.11061352564006958 -0.9876888659344841 0.11061352564006958
vn -0.0710173450069153 0.9876888108927863 0.13938202733983582
vn -0.2061069648555577 0.8910053131240784 0.4045113731685341
vn -0.32102011132657554 0.7071069239193161 0.6300364166214804
vn -0.4045041676860564 0.4539928710525186 0.7938934760773024
vn -0.44839981146914043 0.15643184840357854 0.8800378888885859
vn -0.4483971255527198 -0.15643177449531498 0.8800392705580279
vn -0.40450840020269946 -0.45399318053660337 0.7938911425325967
vn -0.32101748873606434 -0.7071066810231219 0.6300380255016803
vn -0.2061054569371095 -0.8910051972705897 0.4045123966673245
vn -0.0710173450069153 -0.9876888108927863 0.13938202733983582
vn -0.0244734292681189 0.9876888547958224 0.15450494287230934
vn -0.07102186443284202 0.8910054944253059 0.4484028363830894
vn -0.11061507512685441 0.7071082888384053 0.6983997229457519
vn -0.1393906453862523 0.4539891047149687 0.8800364428697857
vn -0.1545048759477106 0.15643517948828656 0.9755287171205419
vn -0.15451557316509962 -0.15643544467122628 0.9755269803034546
vn -0.13938357119253372 -0.45398864345270745 0.8800378012890051
vn -0.11061837704139577 -0.7071085569426663 0.6983989285209333
vn -0.07102635696868946 -0.8910057917483725 0.4484015339922607
vn -0.0244734292681189 -0.9876888547958224 0.15450494287230934
vn 0.02447342926812143 0.9876888547958222 0.15450494287230904
vn 0.07102206682504623 0.8910048352218147 0.4484041142041913
vn 0.11061529799057049 0.7071068641885494 0.6984011300591471
vn 0.1393902265482016 0.4539943591542113 0.880033798554918
vn 0.1545051313040861 0.1564248726727504 0.97553032941576
vn 0.15451584168040225 -0.1564246074797696 0.9755286755624343
vn 0.13938307884302953 -0.4539948204285467 0.8800346927004011
vn 0.11061868379680553 -0.7071065960768472 0.6984008652483735
vn 0.0710267419677478 -0.8910045378643889 0.4484039645570874
vn 0.02447342926812143 -0.9876888547958222 0.15450494287230904
vn 0.07101734500691353 0.9876888108927863 0.13938202733983657
vn 0.2061067360079193 0.8910055699691594 0.40451092402566247
vn 0.32101952536620953 0.7071082146033841 0.6300352666113763
vn 0.40450498320372963 0.4539893455254343 0.7938950766396894
vn 0.4483996049169031 0.15643472100555433 0.880037483505265
vn 0.44839690837232804 -0.15643479492521267 0.8800388443124796
vn 0.40450935890709094 -0.453989036049673 0.7938930240928327
vn 0.3210166822378557 -0.7071084574969442 0.6300364426454171
vn 0.2061050216518268 -0.8910056858129042 0.404511542355687
vn 0.07101734500691355 -0.9876888108927863 0.1393820273398366
vn 0.11061352564006997 0.9876888659344842 0.11061352564006856
vn 0.32102131166135306 0.8910054067840726 0.3210213116613508
vn 0.5000000000000021 0.7071067811865483 0.4999999999999966
vn 0.6300359652108994 0.45399269276228177 0.6300359652108941
vn 0.6984014948047274 0.15643114814209022 0.6984014948047219
vn 0.6984014948047276 -0.15643114814209028 0.6984014948047217
vn 0.6300359652109002 -0.4539926927622817 0.6300359652108934
vn 0.5000000000000009 -0.7071067811865486 0.4999999999999976
vn 0.3210213116613539 -0.8910054067840724 0.32102131166135
vn 0.11061352564006997 -0.9876888659344842 0.11061352564006856
usemtl m_2440dbf4-8ee8-d9b8-6f1d-7b0ee1336e9d
f 365/1521/401 366/1522/401 367/1523/401
f 365/1524/402 368/1525/402 369/1526/402 366/1527/402
f 368/1528/403 370/1529/403 371/1530/403 369/1531/403
f 370/1532/404 372/1533/404 373/1534/404 371/1535/404
f 372/1536/405 374/1537/405 375/1538/405 373/1539/405
f 374/1540/406 376/1541/406 377/1542/406 375/1543/406
f 376/1544/407 378/1545/407 379/1546/407 377/1547/407
f 378/1548/408 380/1549/408 381/1550/408 379/1551/408
f 380/1552/409 382/1553/409 383/1554/409 381/1555/409
f 383/1556/410 382/1557/410 384/1558/410
f 366/1559/411 385/1560/411 367/1561/411
f 366/1562/412 369/1563/412 386/1564/412 385/1565/412
f 369/1566/413 371/1567/413 387/1568/413 386/1569/413
f 371/1570/414 373/1571/414 388/1572/414 387/1573/414
f 373/1574/415 375/1575/415 389/1576/415 388/1577/415
f 375/1578/416 377/1579/416 390/1580/416 389/1581/416
f 377/1582/417 379/1583/417 391/1584/417 390/1585/417
f 379/1586/418 381/1587/418 392/1588/418 391/1589/418
f 381/1590/419 383/1591/419 393/1592/419 392/1593/419
f 393/1594/420 383/1595/420 384/1596/420
f 385/1597/421 394/1598/421 367/1599/421
f 385/1600/422 386/1601/422 395/1602/422 394/1603/422
f 386/1604/423 387/1605/423 396/1606/423 395/1607/423
f 387/1608/424 388/1609/424 397/1610/424 396/1611/424
f 388/1612/425 389/1613/425 398/1614/425 397/1615/425
f 389/1616/426 390/1617/426 399/1618/426 398/1619/426
f 390/1620/427 391/1621/427 400/1622/427 399/1623/427
f 391/1624/428 392/1625/428 401/1626/428 400/1627/428
f 392/1628/429 393/1629/429 402/1630/429 401/1631/429
f 402/1632/430 393/1633/430 384/1634/430
f 394/1635/431 403/1636/431 367/1637/431
f 394/1638/432 395/1639/432 404/1640/432 403/1641/432
f 395/1642/433 396/1643/433 405/1644/433 404/1645/433
f 396/1646/434 397/1647/434 406/1648/434 405/1649/434
f 397/1650/435 398/1651/435 407/1652/435 406/1653/435
f 398/1654/436 399/1655/436 408/1656/436 407/1657/436
f 399/1658/437 400/1659/437 409/1660/437 408/1661/437
f 400/1662/438 401/1663/438 410/1664/438 409/1665/438
f 401/1666/439 402/1667/439 411/1668/439 410/1669/439
f 411/1670/440 402/1671/440 384/1672/440
f 403/1673/441 412/1674/441 367/1675/441
f 403/1676/442 404/1677/442 413/1678/442 412/1679/442
f 404/1680/443 405/1681/443 414/1682/443 413/1683/443
f 405/1684/444 406/1685/444 415/1686/444 414/1687/444
f 406/1688/445 407/1689/445 416/1690/445 415/1691/445
f 407/1692/446 408/1693/446 417/1694/446 416/1695/446
f 408/1696/447 409/1697/447 418/1698/447 417/1699/447
f 409/1700/448 410/1701/448 419/1702/448 418/1703/448
f 410/1704/449 411/1705/449 420/1706/449 419/1707/449
f 420/1708/450 411/1709/450 384/1710/450
f 412/1711/451 421/1712/451 367/1713/451
f 412/1714/452 413/1715/452 422/1716/452 421/1717/452
f 413/1718/453 414/1719/453 423/1720/453 422/1721/453
f 414/1722/454 415/1723/454 424/1724/454 423/1725/454
f 415/1726/455 416/1727/455 425/1728/455 424/1729/455
f 416/1730/456 417/1731/456 426/1732/456 425/1733/456
f 417/1734/457 418/1735/457 427/1736/457 426/1737/457
f 418/1738/458 419/1739/458 428/1740/458 427/1741/458
f 419/1742/459 420/1743/459 429/1744/459 428/1745/459
f 429/1746/460 420/1747/460 384/1748/460
f 421/1749/461 430/1750/461 367/1751/461
f 421/1752/462 422/1753/462 431/1754/462 430/1755/462
f 422/1756/463 423/1757/463 432/1758/463 431/1759/463
f 423/1760/464 424/1761/464 433/1762/464 432/1763/464
f 424/1764/465 425/1765/465 434/1766/465 433/1767/465
f 425/1768/466 426/1769/466 435/1770/466 434/1771/466
f 426/1772/467 427/1773/467 436/1774/467 435/1775/467
f 427/1776/468 428/1777/468 437/1778/468 436/1779/468
f 428/1780/469 429/1781/469 438/1782/469 437/1783/469
f 438/1784/470 429/1785/470 384/1786/470
f 430/1787/471 439/1788/471 367/1789/471
f 430/1790/472 431/1791/472 440/1792/472 439/1793/472
f 431/1794/473 432/1795/473 441/1796/473 440/1797/473
f 432/1798/474 433/1799/474 442/1800/474 441/1801/474
f 433/1802/475 434/1803/475 443/1804/475 442/1805/475
f 434/1806/476 435/1807/476 444/1808/476 443/1809/476
f 435/1810/477 436/1811/477 445/1812/477 444/1813/477
f 436/1814/478 437/1815/478 446/1816/478 445/1817/478
f 437/1818/479 438/1819/479 447/1820/479 446/1821/479
f 447/1822/480 438/1823/480 384/1824/480
f 439/1825/481 448/1826/481 367/1827/481
f 439/1828/482 440/1829/482 449/1830/482 448/1831/482
f 440/1832/483 441/1833/483 450/1834/483 449/1835/483
f 441/1836/484 442/1837/484 451/1838/484 450/1839/484
f 442/1840/485 443/1841/485 452/1842/485 451/1843/485
f 443/1844/486 444/1845/486 453/1846/486 452/1847/486
f 444/1848/487 445/1849/487 454/1850/487 453/1851/487
f 445/1852/488 446/1853/488 455/1854/488 454/1855/488
f 446/1856/489 447/1857/489 456/1858/489 455/1859/489
f 456/1860/490 447/1861/490 384/1862/490
f 448/1863/491 457/1864/491 367/1865/491
f 448/1866/492 449/1867/492 458/1868/492 457/1869/492
f 449/1870/493 450/1871/493 459/1872/493 458/1873/493
f 450/1874/494 451/1875/494 460/1876/494 459/1877/494
f 451/1878/495 452/1879/495 461/1880/495 460/1881/495
f 452/1882/496 453/1883/496 462/1884/496 461/1885/496
f 453/1886/497 454/1887/497 463/1888/497 462/1889/497
f 454/1890/498 455/1891/498 464/1892/498 463/1893/498
f 455/1894/499 456/1895/499 465/1896/499 464/1897/499
f 465/1898/500 456/1899/500 384/1900/500
f 457/1901/501 466/1902/501 367/1903/501
f 457/1904/502 458/1905/502 467/1906/502 466/1907/502
f 458/1908/503 459/1909/503 468/1910/503 467/1911/503
f 459/1912/504 460/1913/504 469/1914/504 468/1915/504
f 460/1916/505 461/1917/505 470/1918/505 469/1919/505
f 461/1920/506 462/1921/506 471/1922/506 470/1923/506
f 462/1924/507 463/1925/507 472/1926/507 471/1927/507
f 463/1928/508 464/1929/508 473/1930/508 472/1931/508
f 464/1932/509 465/1933/509 474/1934/509 473/1935/509
f 474/1936/510 465/1937/510 384/1938/510
f 466/1939/511 475/1940/511 367/1941/511
f 466/1942/512 467/1943/512 476/1944/512 475/1945/512
f 467/1946/513 468/1947/513 477/1948/513 476/1949/513
f 468/1950/514 469/1951/514 478/1952/514 477/1953/514
f 469/1954/515 470/1955/515 479/1956/515 478/1957/515
f 470/1958/516 471/1959/516 480/1960/516 479/1961/516
f 471/1962/517 472/1963/517 481/1964/517 480/1965/517
f 472/1966/518 473/1967/518 482/1968/518 481/1969/518
f 473/1970/519 474/1971/519 483/1972/519 482/1973/519
f 483/1974/520 474/1975/520 384/1976/520
f 475/1977/521 484/1978/521 367/1979/521
f 475/1980/522 476/1981/522 485/1982/522 484/1983/522
f 476/1984/523 477/1985/523 486/1986/523 485/1987/523
f 477/1988/524 478/1989/524 487/1990/524 486/1991/524
f 478/1992/525 479/1993/525 488/1994/525 487/1995/525
f 479/1996/526 480/1997/526 489/1998/526 488/1999/526
f 480/2000/527 481/2001/527 490/2002/527 489/2003/527
f 481/2004/528 482/2005/528 491/2006/528 490/2007/528
f 482/2008/529 483/2009/529 492/2010/529 491/2011/529
f 492/2012/530 483/2013/530 384/2014/530
f 484/2015/531 493/2016/531 367/2017/531
f 484/2018/532 485/2019/532 494/2020/532 493/2021/532
f 485/2022/533 486/2023/533 495/2024/533 494/2025/533
f 486/2026/534 487/2027/534 496/2028/534 495/2029/534
f 487/2030/535 488/2031/535 497/2032/535 496/2033/535
f 488/2034/536 489/2035/536 498/2036/536 497/2037/536
f 489/2038/537 490/2039/537 499/2040/537 498/2041/537
f 490/2042/538 491/2043/538 500/2044/538 499/2045/538
f 491/2046/539 492/2047/539 501/2048/539 500/2049/539
f 501/2050/540 492/2051/540 384/2052/540
f 493/2053/541 502/2054/541 367/2055/541
f 493/2056/542 494/2057/542 503/2058/542 502/2059/542
f 494/2060/543 495/2061/543 504/2062/543 503/2063/543
f 495/2064/544 496/2065/544 505/2066/544 504/2067/544
f 496/2068/545 497/2069/545 506/2070/545 505/2071/545
f 497/2072/546 498/2073/546 507/2074/546 506/2075/546
f 498/2076/547 499/2077/547 508/2078/547 507/2079/547
f 499/2080/548 500/2081/548 509/2082/548 508/2083/548
f 500/2084/549 501/2085/549 510/2086/549 509/2087/549
f 510/2088/550 501/2089/550 384/2090/550
f 502/2091/551 511/2092/551 367/2093/551
f 502/2094/552 503/2095/552 512/2096/552 511/2097/552
f 503/2098/553 504/2099/553 513/2100/553 512/2101/553
f 504/2102/554 505/2103/554 514/2104/554 513/2105/554
f 505/2106/555 506/2107/555 515/2108/555 514/2109/555
f 506/2110/556 507/2111/556 516/2112/556 515/2113/556
f 507/2114/557 508/2115/557 517/2116/557 516/2117/557
f 508/2118/558 509/2119/558 518/2120/558 517/2121/558
f 509/2122/559 510/2123/559 519/2124/559 518/2125/559
f 519/2126/560 510/2127/560 384/2128/560
f 511/2129/561 520/2130/561 367/2131/561
f 511/2132/562 512/2133/562 521/2134/562 520/2135/562
f 512/2136/563 513/2137/563 522/2138/563 521/2139/563
f 513/2140/564 514/2141/564 523/2142/564 522/2143/564
f 514/2144/565 515/2145/565 524/2146/565 523/2147/565
f 515/2148/566 516/2149/566 525/2150/566 524/2151/566
f 516/2152/567 517/2153/567 526/2154/567 525/2155/567
f 517/2156/568 518/2157/568 527/2158/568 526/2159/568
f 518/2160/569 519/2161/569 528/2162/569 527/2163/569
f 528/2164/570 519/2165/570 384/2166/570
f 520/2167/571 529/2168/571 367/2169/571
f 520/2170/572 521/2171/572 530/2172/572 529/2173/572
f 521/2174/573 522/2175/573 531/2176/573 530/2177/573
f 522/2178/574 523/2179/574 532/2180/574 531/2181/574
f 523/2182/575 524/2183/575 533/2184/575 532/2185/575
f 524/2186/576 525/2187/576 534/2188/576 533/2189/576
f 525/2190/577 526/2191/577 535/2192/577 534/2193/577
f 526/2194/578 527/2195/578 536/2196/578 535/2197/578
f 527/2198/579 528/2199/579 537/2200/579 536/2201/579
f 537/2202/580 528/2203/580 384/2204/580
f 529/2205/581 538/2206/581 367/2207/581
f 529/2208/582 530/2209/582 539/2210/582 538/2211/582
f 530/2212/583 531/2213/583 540/2214/583 539/2215/583
f 531/2216/584 532/2217/584 541/2218/584 540/2219/584
f 532/2220/585 533/2221/585 542/2222/585 541/2223/585
f 533/2224/586 534/2225/586 543/2226/586 542/2227/586
f 534/2228/587 535/2229/587 544/2230/587 543/2231/587
f 535/2232/588 536/2233/588 545/2234/588 544/2235/588
f 536/2236/589 537/2237/589 546/2238/589 545/2239/589
f 546/2240/590 537/2241/590 384/2242/590
f 538/2243/591 365/2244/591 367/2245/591
f 538/2246/592 539/2247/592 368/2248/592 365/2249/592
f 539/2250/593 540/2251/593 370/2252/593 368/2253/593
f 540/2254/594 541/2255/594 372/2256/594 370/2257/594
f 541/2258/595 542/2259/595 374/2260/595 372/2261/595
f 542/2262/596 543/2263/596 376/2264/596 374/2265/596
f 543/2266/597 544/2267/597 378/2268/597 376/2269/597
f 544/2270/598 545/2271/598 380/2272/598 378/2273/598
f 545/2274/599 546/2275/599 382/2276/599 380/2277/599
f 382/2278/600 546/2279/600 384/2280/600
o light
v 0.5948403214210355 -0.29348562499999997 0.7040945062986934
v 0.6166452848441373 -0.29348562499999997 0.7152044796563486
v 0.6408155204503082 -0.28125 0.6408155204503091
v 0.5533658570540149 -0.328995625 0.7611792367438832
v 0.5948407633627736 -0.328995625 0.7823115648413813
v 0.5204513622149958 -0.38430374999999994 0.8064822423892908
v 0.5775365346019239 -0.38430374999999994 0.8355686378916609
v 0.49931903411749756 -0.453995625 0.835568637891661
v 0.5664265612442685 -0.453995625 0.8697612282376748
v 0.4920376020382292 -0.53125 0.845590992631504
v 0.5625984619076198 -0.53125 0.8815433949791956
v 0.49931903411749756 -0.608504375 0.835568637891661
v 0.5664265612442685 -0.608504375 0.8697612282376748
v 0.5204513622149958 -0.6781962500000001 0.8064822423892908
v 0.5775365346019239 -0.6781962500000001 0.8355686378916609
v 0.5533658570540149 -0.733504375 0.7611792367438832
v 0.5948407633627736 -0.733504375 0.7823115648413813
v 0.5948403214210355 -0.769014375 0.7040945062986934
v 0.6166452848441373 -0.769014375 0.7152044796563486
v 0.6408155204503082 -0.78125 0.6408155204503091
v 0.640815520450308 -0.29348562499999997 0.7190330209347355
v 0.6408155204503083 -0.328995625 0.7895934388623882
v 0.640815520450308 -0.38430374999999994 0.8455909926315038
v 0.6408155204503079 -0.453995625 0.8815438369209337
v 0.6408155204503082 -0.53125 0.8939314638438458
v 0.6408155204503079 -0.608504375 0.8815438369209337
v 0.640815520450308 -0.6781962500000001 0.8455909926315038
v 0.6408155204503083 -0.733504375 0.7895934388623882
v 0.640815520450308 -0.769014375 0.7190330209347355
v 0.6649857560564792 -0.29348562499999997 0.7152044796563488
v 0.6867902775378427 -0.328995625 0.7823115648413814
v 0.7040945062986923 -0.38430374999999994 0.835568637891661
v 0.7152044796563477 -0.453995625 0.8697612282376749
v 0.7190325789929962 -0.53125 0.8815433949791955
v 0.7152044796563477 -0.608504375 0.8697612282376749
v 0.7040945062986923 -0.6781962500000001 0.835568637891661
v 0.6867902775378427 -0.733504375 0.7823115648413814
v 0.6649857560564792 -0.769014375 0.7152044796563488
v 0.6867907194795809 -0.29348562499999997 0.7040945062986932
v 0.7282651838466014 -0.328995625 0.7611792367438833
v 0.7611796786856203 -0.38430374999999994 0.8064822423892907
v 0.7823120067831185 -0.453995625 0.835568637891661
v 0.7895934388623871 -0.53125 0.845590992631504
v 0.7823120067831185 -0.608504375 0.835568637891661
v 0.7611796786856203 -0.6781962500000001 0.8064822423892907
v 0.7282651838466014 -0.733504375 0.7611792367438833
v 0.6867907194795809 -0.769014375 0.7040945062986932
v 0.7040945062986922 -0.29348562499999997 0.6867907194795819
v 0.7611792367438823 -0.328995625 0.7282651838466027
v 0.8064822423892894 -0.38430374999999994 0.7611796786856215
v 0.8355686378916599 -0.453995625 0.7823120067831197
v 0.8455909926315028 -0.53125 0.7895934388623884
v 0.8355686378916599 -0.608504375 0.7823120067831197
v 0.8064822423892894 -0.6781962500000001 0.7611796786856215
v 0.7611792367438823 -0.733504375 0.7282651838466027
v 0.7040945062986922 -0.769014375 0.6867907194795819
v 0.7152044796563479 -0.29348562499999997 0.6649857560564802
v 0.7823115648413805 -0.328995625 0.6867902775378438
v 0.8355686378916601 -0.38430374999999994 0.7040945062986934
v 0.8697612282376739 -0.453995625 0.7152044796563489
v 0.8815433949791945 -0.53125 0.7190325789929974
v 0.8697612282376739 -0.608504375 0.7152044796563489
v 0.8355686378916601 -0.6781962500000001 0.7040945062986934
v 0.7823115648413805 -0.733504375 0.6867902775378438
v 0.7152044796563479 -0.769014375 0.6649857560564802
v 0.7190330209347345 -0.29348562499999997 0.640815520450309
v 0.7895934388623874 -0.328995625 0.6408155204503093
v 0.8455909926315028 -0.38430374999999994 0.6408155204503092
v 0.8815438369209327 -0.453995625 0.6408155204503091
v 0.8939314638438449 -0.53125 0.6408155204503094
v 0.8815438369209327 -0.608504375 0.6408155204503091
v 0.8455909926315028 -0.6781962500000001 0.6408155204503092
v 0.7895934388623874 -0.733504375 0.6408155204503093
v 0.7190330209347345 -0.769014375 0.640815520450309
v 0.7152044796563477 -0.29348562499999997 0.6166452848441382
v 0.7823115648413806 -0.328995625 0.5948407633627746
v 0.83556863789166 -0.38430374999999994 0.577536534601925
v 0.8697612282376739 -0.453995625 0.5664265612442697
v 0.8815433949791946 -0.53125 0.5625984619076212
v 0.8697612282376739 -0.608504375 0.5664265612442697
v 0.83556863789166 -0.6781962500000001 0.577536534601925
v 0.7823115648413806 -0.733504375 0.5948407633627746
v 0.7152044796563477 -0.769014375 0.6166452848441382
v 0.7040945062986925 -0.29348562499999997 0.5948403214210365
v 0.7611792367438824 -0.328995625 0.553365857054016
v 0.8064822423892899 -0.38430374999999994 0.520451362214997
v 0.8355686378916602 -0.453995625 0.4993190341174988
v 0.8455909926315032 -0.53125 0.49203760203823044
v 0.8355686378916602 -0.608504375 0.4993190341174988
v 0.8064822423892899 -0.6781962500000001 0.520451362214997
v 0.7611792367438824 -0.733504375 0.553365857054016
v 0.7040945062986925 -0.769014375 0.5948403214210365
v 0.686790719479581 -0.29348562499999997 0.5775365346019249
v 0.7282651838466017 -0.328995625 0.5204518041567352
v 0.7611796786856206 -0.38430374999999994 0.47514879851132763
v 0.7823120067831189 -0.453995625 0.4460624030089573
v 0.7895934388623872 -0.53125 0.43604004826911436
v 0.7823120067831189 -0.608504375 0.4460624030089573
v 0.7611796786856206 -0.6781962500000001 0.47514879851132763
v 0.7282651838466017 -0.733504375 0.5204518041567352
v 0.686790719479581 -0.769014375 0.5775365346019249
v 0.6649857560564792 -0.29348562499999997 0.5664265612442698
v 0.6867902775378429 -0.328995625 0.49931947605923677
v 0.7040945062986925 -0.38430374999999994 0.44606240300895733
v 0.7152044796563479 -0.453995625 0.41186981266294354
v 0.7190325789929966 -0.53125 0.40008764592142276
v 0.7152044796563479 -0.608504375 0.41186981266294354
v 0.7040945062986925 -0.6781962500000001 0.44606240300895733
v 0.6867902775378429 -0.733504375 0.49931947605923677
v 0.6649857560564792 -0.769014375 0.5664265612442698
v 0.6408155204503084 -0.29348562499999997 0.5625980199658829
v 0.6408155204503083 -0.328995625 0.49203760203823
v 0.6408155204503085 -0.38430374999999994 0.4360400482691146
v 0.6408155204503085 -0.453995625 0.4000872039796846
v 0.6408155204503083 -0.53125 0.3876995770567725
v 0.6408155204503085 -0.608504375 0.4000872039796846
v 0.6408155204503085 -0.6781962500000001 0.4360400482691146
v 0.6408155204503083 -0.733504375 0.49203760203823
v 0.6408155204503084 -0.769014375 0.5625980199658829
v 0.6166452848441373 -0.29348562499999997 0.5664265612442695
v 0.5948407633627738 -0.328995625 0.4993194760592368
v 0.5775365346019243 -0.38430374999999994 0.44606240300895716
v 0.5664265612442688 -0.453995625 0.4118698126629434
v 0.5625984619076203 -0.53125 0.40008764592142276
v 0.5664265612442688 -0.608504375 0.4118698126629434
v 0.5775365346019243 -0.6781962500000001 0.44606240300895716
v 0.5948407633627738 -0.733504375 0.4993194760592368
v 0.6166452848441373 -0.769014375 0.5664265612442695
v 0.5948403214210355 -0.29348562499999997 0.5775365346019251
v 0.553365857054015 -0.328995625 0.520451804156735
v 0.520451362214996 -0.38430374999999994 0.4751487985113277
v 0.4993190341174979 -0.453995625 0.4460624030089573
v 0.4920376020382293 -0.53125 0.4360400482691143
v 0.4993190341174979 -0.608504375 0.4460624030089573
v 0.520451362214996 -0.6781962500000001 0.4751487985113277
v 0.553365857054015 -0.733504375 0.520451804156735
v 0.5948403214210355 -0.769014375 0.5775365346019251
v 0.5775365346019242 -0.29348562499999997 0.5948403214210364
v 0.5204518041567341 -0.328995625 0.5533658570540156
v 0.47514879851132685 -0.38430374999999994 0.5204513622149968
v 0.4460624030089565 -0.453995625 0.4993190341174986
v 0.4360400482691136 -0.53125 0.49203760203822994
v 0.4460624030089565 -0.608504375 0.4993190341174986
v 0.47514879851132685 -0.6781962500000001 0.5204513622149968
v 0.5204518041567341 -0.733504375 0.5533658570540156
v 0.5775365346019242 -0.769014375 0.5948403214210364
v 0.5664265612442686 -0.29348562499999997 0.616645284844138
v 0.499319476059236 -0.328995625 0.5948407633627745
v 0.4460624030089565 -0.38430374999999994 0.5775365346019248
v 0.41186981266294265 -0.453995625 0.5664265612442694
v 0.40008764592142193 -0.53125 0.5625984619076209
v 0.41186981266294265 -0.608504375 0.5664265612442694
v 0.4460624030089565 -0.6781962500000001 0.5775365346019248
v 0.499319476059236 -0.733504375 0.5948407633627745
v 0.5664265612442686 -0.769014375 0.616645284844138
v 0.5625980199658819 -0.29348562499999997 0.6408155204503092
v 0.4920376020382292 -0.328995625 0.6408155204503089
v 0.4360400482691136 -0.38430374999999994 0.6408155204503092
v 0.40008720397968367 -0.453995625 0.6408155204503092
v 0.3876995770567716 -0.53125 0.6408155204503088
v 0.40008720397968367 -0.608504375 0.6408155204503092
v 0.4360400482691136 -0.6781962500000001 0.6408155204503092
v 0.4920376020382292 -0.733504375 0.6408155204503089
v 0.5625980199658819 -0.769014375 0.6408155204503092
v 0.5664265612442688 -0.29348562499999997 0.66498575605648
v 0.49931947605923593 -0.328995625 0.6867902775378435
v 0.4460624030089564 -0.38430374999999994 0.7040945062986932
v 0.41186981266294254 -0.453995625 0.7152044796563486
v 0.40008764592142165 -0.53125 0.7190325789929972
v 0.41186981266294254 -0.608504375 0.7152044796563486
v 0.4460624030089564 -0.6781962500000001 0.7040945062986932
v 0.49931947605923593 -0.733504375 0.6867902775378435
v 0.5664265612442688 -0.769014375 0.66498575605648
v 0.5775365346019239 -0.29348562499999997 0.6867907194795819
v 0.5204518041567341 -0.328995625 0.7282651838466024
v 0.4751487985113265 -0.38430374999999994 0.7611796786856213
v 0.44606240300895617 -0.453995625 0.7823120067831195
v 0.43604004826911325 -0.53125 0.7895934388623879
v 0.44606240300895617 -0.608504375 0.7823120067831195
v 0.4751487985113265 -0.6781962500000001 0.7611796786856213
v 0.5204518041567341 -0.733504375 0.7282651838466024
v 0.5775365346019239 -0.769014375 0.6867907194795819
vt 0.375 0.23428749999999998
vt 0.399475 0.23428749999999998
vt 0.3872375 0.3125
vt 0.3860375 0.3125
vt 0.375 0.23428749999999998
vt 0.42155 0.23428749999999998
vt 0.4105125 0.3125
vt 0.38375625 0.3125
vt 0.375 0.23428749999999998
vt 0.4390625 0.23428749999999998
vt 0.43030625 0.3125
vt 0.380625 0.3125
vt 0.375 0.23428749999999998
vt 0.4503125 0.23428749999999998
vt 0.4446875 0.3125
vt 0.3769375 0.3125
vt 0.375 0.23428749999999998
vt 0.4541875 0.23428749999999998
vt 0.45225 0.3125
vt 0.375 0.3125
vt 0.3769375 0.23428749999999998
vt 0.45225 0.23428749999999998
vt 0.4541875 0.3125
vt 0.375 0.3125
vt 0.380625 0.23428749999999998
vt 0.4446875 0.23428749999999998
vt 0.4503125 0.3125
vt 0.375 0.3125
vt 0.38375625 0.23428749999999998
vt 0.43030625 0.23428749999999998
vt 0.4390625 0.3125
vt 0.375 0.3125
vt 0.3860375 0.23428749999999998
vt 0.4105125 0.23428749999999998
vt 0.42155 0.3125
vt 0.399475 0.3125
vt 0.375 0.3125
vt 0.3872375 0.23428749999999998
vt 0.375 0.23428749999999998
vt 0.399475 0.23428749999999998
vt 0.3872375 0.3125
vt 0.3860375 0.3125
vt 0.375 0.23428749999999998
vt 0.42155 0.23428749999999998
vt 0.4105125 0.3125
vt 0.38375625 0.3125
vt 0.375 0.23428749999999998
vt 0.4390625 0.23428749999999998
vt 0.43030625 0.3125
vt 0.380625 0.3125
vt 0.375 0.23428749999999998
vt 0.4503125 0.23428749999999998
vt 0.4446875 0.3125
vt 0.3769375 0.3125
vt 0.375 0.23428749999999998
vt 0.4541875 0.23428749999999998
vt 0.45225 0.3125
vt 0.375 0.3125
vt 0.3769375 0.23428749999999998
vt 0.45225 0.23428749999999998
vt 0.4541875 0.3125
vt 0.375 0.3125
vt 0.380625 0.23428749999999998
vt 0.4446875 0.23428749999999998
vt 0.4503125 0.3125
vt 0.375 0.3125
vt 0.38375625 0.23428749999999998
vt 0.43030625 0.23428749999999998
vt 0.4390625 0.3125
vt 0.375 0.3125
vt 0.3860375 0.23428749999999998
vt 0.4105125 0.23428749999999998
vt 0.42155 0.3125
vt 0.399475 0.3125
vt 0.375 0.3125
vt 0.3872375 0.23428749999999998
vt 0.375 0.23428749999999998
vt 0.399475 0.23428749999999998
vt 0.3872375 0.3125
vt 0.3860375 0.3125
vt 0.375 0.23428749999999998
vt 0.42155 0.23428749999999998
vt 0.4105125 0.3125
vt 0.38375625 0.3125
vt 0.375 0.23428749999999998
vt 0.4390625 0.23428749999999998
vt 0.43030625 0.3125
vt 0.380625 0.3125
vt 0.375 0.23428749999999998
vt 0.4503125 0.23428749999999998
vt 0.4446875 0.3125
vt 0.3769375 0.3125
vt 0.375 0.23428749999999998
vt 0.4541875 0.23428749999999998
vt 0.45225 0.3125
vt 0.375 0.3125
vt 0.3769375 0.23428749999999998
vt 0.45225 0.23428749999999998
vt 0.4541875 0.3125
vt 0.375 0.3125
vt 0.380625 0.23428749999999998
vt 0.4446875 0.23428749999999998
vt 0.4503125 0.3125
vt 0.375 0.3125
vt 0.38375625 0.23428749999999998
vt 0.43030625 0.23428749999999998
vt 0.4390625 0.3125
vt 0.375 0.3125
vt 0.3860375 0.23428749999999998
vt 0.4105125 0.23428749999999998
vt 0.42155 0.3125
vt 0.399475 0.3125
vt 0.375 0.3125
vt 0.3872375 0.23428749999999998
vt 0.375 0.23428749999999998
vt 0.399475 0.23428749999999998
vt 0.3872375 0.3125
vt 0.3860375 0.3125
vt 0.375 0.23428749999999998
vt 0.42155 0.23428749999999998
vt 0.4105125 0.3125
vt 0.38375625 0.3125
vt 0.375 0.23428749999999998
vt 0.4390625 0.23428749999999998
vt 0.43030625 0.3125
vt 0.380625 0.3125
vt 0.375 0.23428749999999998
vt 0.4503125 0.23428749999999998
vt 0.4446875 0.3125
vt 0.3769375 0.3125
vt 0.375 0.23428749999999998
vt 0.4541875 0.23428749999999998
vt 0.45225 0.3125
vt 0.375 0.3125
vt 0.3769375 0.23428749999999998
vt 0.45225 0.23428749999999998
vt 0.4541875 0.3125
vt 0.375 0.3125
vt 0.380625 0.23428749999999998
vt 0.4446875 0.23428749999999998
vt 0.4503125 0.3125
vt 0.375 0.3125
vt 0.38375625 0.23428749999999998
vt 0.43030625 0.23428749999999998
vt 0.4390625 0.3125
vt 0.375 0.3125
vt 0.3860375 0.23428749999999998
vt 0.4105125 0.23428749999999998
vt 0.42155 0.3125
vt 0.399475 0.3125
vt 0.375 0.3125
vt 0.3872375 0.23428749999999998
vt 0.375 0.23428749999999998
vt 0.399475 0.23428749999999998
vt 0.3872375 0.3125
vt 0.3860375 0.3125
vt 0.375 0.23428749999999998
vt 0.42155 0.23428749999999998
vt 0.4105125 0.3125
vt 0.38375625 0.3125
vt 0.375 0.23428749999999998
vt 0.4390625 0.23428749999999998
vt 0.43030625 0.3125
vt 0.380625 0.3125
vt 0.375 0.23428749999999998
vt 0.4503125 0.23428749999999998
vt 0.4446875 0.3125
vt 0.3769375 0.3125
vt 0.375 0.23428749999999998
vt 0.4541875 0.23428749999999998
vt 0.45225 0.3125
vt 0.375 0.3125
vt 0.3769375 0.23428749999999998
vt 0.45225 0.23428749999999998
vt 0.4541875 0.3125
vt 0.375 0.3125
vt 0.380625 0.23428749999999998
vt 0.4446875 0.23428749999999998
vt 0.4503125 0.3125
vt 0.375 0.3125
vt 0.38375625 0.23428749999999998
vt 0.43030625 0.23428749999999998
vt 0.4390625 0.3125
vt 0.375 0.3125
vt 0.3860375 0.23428749999999998
vt 0.4105125 0.23428749999999998
vt 0.42155 0.3125
vt 0.399475 0.3125
vt 0.375 0.3125
vt 0.3872375 0.23428749999999998
vt 0.375 0.23428749999999998
vt 0.399475 0.23428749999999998
vt 0.3872375 0.3125
vt 0.3860375 0.3125
vt 0.375 0.23428749999999998
vt 0.42155 0.23428749999999998
vt 0.4105125 0.3125
vt 0.38375625 0.3125
vt 0.375 0.23428749999999998
vt 0.4390625 0.23428749999999998
vt 0.43030625 0.3125
vt 0.380625 0.3125
vt 0.375 0.23428749999999998
vt 0.4503125 0.23428749999999998
vt 0.4446875 0.3125
vt 0.3769375 0.3125
vt 0.375 0.23428749999999998
vt 0.4541875 0.23428749999999998
vt 0.45225 0.3125
vt 0.375 0.3125
vt 0.3769375 0.23428749999999998
vt 0.45225 0.23428749999999998
vt 0.4541875 0.3125
vt 0.375 0.3125
vt 0.380625 0.23428749999999998
vt 0.4446875 0.23428749999999998
vt 0.4503125 0.3125
vt 0.375 0.3125
vt 0.38375625 0.23428749999999998
vt 0.43030625 0.23428749999999998
vt 0.4390625 0.3125
vt 0.375 0.3125
vt 0.3860375 0.23428749999999998
vt 0.4105125 0.23428749999999998
vt 0.42155 0.3125
vt 0.399475 0.3125
vt 0.375 0.3125
vt 0.3872375 0.23428749999999998
vt 0.375 0.23428749999999998
vt 0.399475 0.23428749999999998
vt 0.3872375 0.3125
vt 0.3860375 0.3125
vt 0.375 0.23428749999999998
vt 0.42155 0.23428749999999998
vt 0.4105125 0.3125
vt 0.38375625 0.3125
vt 0.375 0.23428749999999998
vt 0.4390625 0.23428749999999998
vt 0.43030625 0.3125
vt 0.380625 0.3125
vt 0.375 0.23428749999999998
vt 0.4503125 0.23428749999999998
vt 0.4446875 0.3125
vt 0.3769375 0.3125
vt 0.375 0.23428749999999998
vt 0.4541875 0.23428749999999998
vt 0.45225 0.3125
vt 0.375 0.3125
vt 0.3769375 0.23428749999999998
vt 0.45225 0.23428749999999998
vt 0.4541875 0.3125
vt 0.375 0.3125
vt 0.380625 0.23428749999999998
vt 0.4446875 0.23428749999999998
vt 0.4503125 0.3125
vt 0.375 0.3125
vt 0.38375625 0.23428749999999998
vt 0.43030625 0.23428749999999998
vt 0.4390625 0.3125
vt 0.375 0.3125
vt 0.3860375 0.23428749999999998
vt 0.4105125 0.23428749999999998
vt 0.42155 0.3125
vt 0.399475 0.3125
vt 0.375 0.3125
vt 0.3872375 0.23428749999999998
vt 0.375 0.23428749999999998
vt 0.399475 0.23428749999999998
vt 0.3872375 0.3125
vt 0.3860375 0.3125
vt 0.375 0.23428749999999998
vt 0.42155 0.23428749999999998
vt 0.4105125 0.3125
vt 0.38375625 0.3125
vt 0.375 0.23428749999999998
vt 0.4390625 0.23428749999999998
vt 0.43030625 0.3125
vt 0.380625 0.3125
vt 0.375 0.23428749999999998
vt 0.4503125 0.23428749999999998
vt 0.4446875 0.3125
vt 0.3769375 0.3125
vt 0.375 0.23428749999999998
vt 0.4541875 0.23428749999999998
vt 0.45225 0.3125
vt 0.375 0.3125
vt 0.3769375 0.23428749999999998
vt 0.45225 0.23428749999999998
vt 0.4541875 0.3125
vt 0.375 0.3125
vt 0.380625 0.23428749999999998
vt 0.4446875 0.23428749999999998
vt 0.4503125 0.3125
vt 0.375 0.3125
vt 0.38375625 0.23428749999999998
vt 0.43030625 0.23428749999999998
vt 0.4390625 0.3125
vt 0.375 0.3125
vt 0.3860375 0.23428749999999998
vt 0.4105125 0.23428749999999998
vt 0.42155 0.3125
vt 0.399475 0.3125
vt 0.375 0.3125
vt 0.3872375 0.23428749999999998
vt 0.375 0.23428749999999998
vt 0.399475 0.23428749999999998
vt 0.3872375 0.3125
vt 0.3860375 0.3125
vt 0.375 0.23428749999999998
vt 0.42155 0.23428749999999998
vt 0.4105125 0.3125
vt 0.38375625 0.3125
vt 0.375 0.23428749999999998
vt 0.4390625 0.23428749999999998
vt 0.43030625 0.3125
vt 0.380625 0.3125
vt 0.375 0.23428749999999998
vt 0.4503125 0.23428749999999998
vt 0.4446875 0.3125
vt 0.3769375 0.3125
vt 0.375 0.23428749999999998
vt 0.4541875 0.23428749999999998
vt 0.45225 0.3125
vt 0.375 0.3125
vt 0.3769375 0.23428749999999998
vt 0.45225 0.23428749999999998
vt 0.4541875 0.3125
vt 0.375 0.3125
vt 0.380625 0.23428749999999998
vt 0.4446875 0.23428749999999998
vt 0.4503125 0.3125
vt 0.375 0.3125
vt 0.38375625 0.23428749999999998
vt 0.43030625 0.23428749999999998
vt 0.4390625 0.3125
vt 0.375 0.3125
vt 0.3860375 0.23428749999999998
vt 0.4105125 0.23428749999999998
vt 0.42155 0.3125
vt 0.399475 0.3125
vt 0.375 0.3125
vt 0.3872375 0.23428749999999998
vt 0.375 0.23428749999999998
vt 0.399475 0.23428749999999998
vt 0.3872375 0.3125
vt 0.3860375 0.3125
vt 0.375 0.23428749999999998
vt 0.42155 0.23428749999999998
vt 0.4105125 0.3125
vt 0.38375625 0.3125
vt 0.375 0.23428749999999998
vt 0.4390625 0.23428749999999998
vt 0.43030625 0.3125
vt 0.380625 0.3125
vt 0.375 0.23428749999999998
vt 0.4503125 0.23428749999999998
vt 0.4446875 0.3125
vt 0.3769375 0.3125
vt 0.375 0.23428749999999998
vt 0.4541875 0.23428749999999998
vt 0.45225 0.3125
vt 0.375 0.3125
vt 0.3769375 0.23428749999999998
vt 0.45225 0.23428749999999998
vt 0.4541875 0.3125
vt 0.375 0.3125
vt 0.380625 0.23428749999999998
vt 0.4446875 0.23428749999999998
vt 0.4503125 0.3125
vt 0.375 0.3125
vt 0.38375625 0.23428749999999998
vt 0.43030625 0.23428749999999998
vt 0.4390625 0.3125
vt 0.375 0.3125
vt 0.3860375 0.23428749999999998
vt 0.4105125 0.23428749999999998
vt 0.42155 0.3125
vt 0.399475 0.3125
vt 0.375 0.3125
vt 0.3872375 0.23428749999999998
vt 0.375 0.23428749999999998
vt 0.399475 0.23428749999999998
vt 0.3872375 0.3125
vt 0.3860375 0.3125
vt 0.375 0.23428749999999998
vt 0.42155 0.23428749999999998
vt 0.4105125 0.3125
vt 0.38375625 0.3125
vt 0.375 0.23428749999999998
vt 0.4390625 0.23428749999999998
vt 0.43030625 0.3125
vt 0.380625 0.3125
vt 0.375 0.23428749999999998
vt 0.4503125 0.23428749999999998
vt 0.4446875 0.3125
vt 0.3769375 0.3125
vt 0.375 0.23428749999999998
vt 0.4541875 0.23428749999999998
vt 0.45225 0.3125
vt 0.375 0.3125
vt 0.3769375 0.23428749999999998
vt 0.45225 0.23428749999999998
vt 0.4541875 0.3125
vt 0.375 0.3125
vt 0.380625 0.23428749999999998
vt 0.4446875 0.23428749999999998
vt 0.4503125 0.3125
vt 0.375 0.3125
vt 0.38375625 0.23428749999999998
vt 0.43030625 0.23428749999999998
vt 0.4390625 0.3125
vt 0.375 0.3125
vt 0.3860375 0.23428749999999998
vt 0.4105125 0.23428749999999998
vt 0.42155 0.3125
vt 0.399475 0.3125
vt 0.375 0.3125
vt 0.3872375 0.23428749999999998
vt 0.375 0.23428749999999998
vt 0.399475 0.23428749999999998
vt 0.3872375 0.3125
vt 0.3860375 0.3125
vt 0.375 0.23428749999999998
vt 0.42155 0.23428749999999998
vt 0.4105125 0.3125
vt 0.38375625 0.3125
vt 0.375 0.23428749999999998
vt 0.4390625 0.23428749999999998
vt 0.43030625 0.3125
vt 0.380625 0.3125
vt 0.375 0.23428749999999998
vt 0.4503125 0.23428749999999998
vt 0.4446875 0.3125
vt 0.3769375 0.3125
vt 0.375 0.23428749999999998
vt 0.4541875 0.23428749999999998
vt 0.45225 0.3125
vt 0.375 0.3125
vt 0.3769375 0.23428749999999998
vt 0.45225 0.23428749999999998
vt 0.4541875 0.3125
vt 0.375 0.3125
vt 0.380625 0.23428749999999998
vt 0.4446875 0.23428749999999998
vt 0.4503125 0.3125
vt 0.375 0.3125
vt 0.38375625 0.23428749999999998
vt 0.43030625 0.23428749999999998
vt 0.4390625 0.3125
vt 0.375 0.3125
vt 0.3860375 0.23428749999999998
vt 0.4105125 0.23428749999999998
vt 0.42155 0.3125
vt 0.399475 0.3125
vt 0.375 0.3125
vt 0.3872375 0.23428749999999998
vt 0.375 0.23428749999999998
vt 0.399475 0.23428749999999998
vt 0.3872375 0.3125
vt 0.3860375 0.3125
vt 0.375 0.23428749999999998
vt 0.42155 0.23428749999999998
vt 0.4105125 0.3125
vt 0.38375625 0.3125
vt 0.375 0.23428749999999998
vt 0.4390625 0.23428749999999998
vt 0.43030625 0.3125
vt 0.380625 0.3125
vt 0.375 0.23428749999999998
vt 0.4503125 0.23428749999999998
vt 0.4446875 0.3125
vt 0.3769375 0.3125
vt 0.375 0.23428749999999998
vt 0.4541875 0.23428749999999998
vt 0.45225 0.3125
vt 0.375 0.3125
vt 0.3769375 0.23428749999999998
vt 0.45225 0.23428749999999998
vt 0.4541875 0.3125
vt 0.375 0.3125
vt 0.380625 0.23428749999999998
vt 0.4446875 0.23428749999999998
vt 0.4503125 0.3125
vt 0.375 0.3125
vt 0.38375625 0.23428749999999998
vt 0.43030625 0.23428749999999998
vt 0.4390625 0.3125
vt 0.375 0.3125
vt 0.3860375 0.23428749999999998
vt 0.4105125 0.23428749999999998
vt 0.42155 0.3125
vt 0.399475 0.3125
vt 0.375 0.3125
vt 0.3872375 0.23428749999999998
vt 0.375 0.23428749999999998
vt 0.399475 0.23428749999999998
vt 0.3872375 0.3125
vt 0.3860375 0.3125
vt 0.375 0.23428749999999998
vt 0.42155 0.23428749999999998
vt 0.4105125 0.3125
vt 0.38375625 0.3125
vt 0.375 0.23428749999999998
vt 0.4390625 0.23428749999999998
vt 0.43030625 0.3125
vt 0.380625 0.3125
vt 0.375 0.23428749999999998
vt 0.4503125 0.23428749999999998
vt 0.4446875 0.3125
vt 0.3769375 0.3125
vt 0.375 0.23428749999999998
vt 0.4541875 0.23428749999999998
vt 0.45225 0.3125
vt 0.375 0.3125
vt 0.3769375 0.23428749999999998
vt 0.45225 0.23428749999999998
vt 0.4541875 0.3125
vt 0.375 0.3125
vt 0.380625 0.23428749999999998
vt 0.4446875 0.23428749999999998
vt 0.4503125 0.3125
vt 0.375 0.3125
vt 0.38375625 0.23428749999999998
vt 0.43030625 0.23428749999999998
vt 0.4390625 0.3125
vt 0.375 0.3125
vt 0.3860375 0.23428749999999998
vt 0.4105125 0.23428749999999998
vt 0.42155 0.3125
vt 0.399475 0.3125
vt 0.375 0.3125
vt 0.3872375 0.23428749999999998
vt 0.375 0.23428749999999998
vt 0.399475 0.23428749999999998
vt 0.3872375 0.3125
vt 0.3860375 0.3125
vt 0.375 0.23428749999999998
vt 0.42155 0.23428749999999998
vt 0.4105125 0.3125
vt 0.38375625 0.3125
vt 0.375 0.23428749999999998
vt 0.4390625 0.23428749999999998
vt 0.43030625 0.3125
vt 0.380625 0.3125
vt 0.375 0.23428749999999998
vt 0.4503125 0.23428749999999998
vt 0.4446875 0.3125
vt 0.3769375 0.3125
vt 0.375 0.23428749999999998
vt 0.4541875 0.23428749999999998
vt 0.45225 0.3125
vt 0.375 0.3125
vt 0.3769375 0.23428749999999998
vt 0.45225 0.23428749999999998
vt 0.4541875 0.3125
vt 0.375 0.3125
vt 0.380625 0.23428749999999998
vt 0.4446875 0.23428749999999998
vt 0.4503125 0.3125
vt 0.375 0.3125
vt 0.38375625 0.23428749999999998
vt 0.43030625 0.23428749999999998
vt 0.4390625 0.3125
vt 0.375 0.3125
vt 0.3860375 0.23428749999999998
vt 0.4105125 0.23428749999999998
vt 0.42155 0.3125
vt 0.399475 0.3125
vt 0.375 0.3125
vt 0.3872375 0.23428749999999998
vt 0.375 0.23428749999999998
vt 0.399475 0.23428749999999998
vt 0.3872375 0.3125
vt 0.3860375 0.3125
vt 0.375 0.23428749999999998
vt 0.42155 0.23428749999999998
vt 0.4105125 0.3125
vt 0.38375625 0.3125
vt 0.375 0.23428749999999998
vt 0.4390625 0.23428749999999998
vt 0.43030625 0.3125
vt 0.380625 0.3125
vt 0.375 0.23428749999999998
vt 0.4503125 0.23428749999999998
vt 0.4446875 0.3125
vt 0.3769375 0.3125
vt 0.375 0.23428749999999998
vt 0.4541875 0.23428749999999998
vt 0.45225 0.3125
vt 0.375 0.3125
vt 0.3769375 0.23428749999999998
vt 0.45225 0.23428749999999998
vt 0.4541875 0.3125
vt 0.375 0.3125
vt 0.380625 0.23428749999999998
vt 0.4446875 0.23428749999999998
vt 0.4503125 0.3125
vt 0.375 0.3125
vt 0.38375625 0.23428749999999998
vt 0.43030625 0.23428749999999998
vt 0.4390625 0.3125
vt 0.375 0.3125
vt 0.3860375 0.23428749999999998
vt 0.4105125 0.23428749999999998
vt 0.42155 0.3125
vt 0.399475 0.3125
vt 0.375 0.3125
vt 0.3872375 0.23428749999999998
vt 0.375 0.23428749999999998
vt 0.399475 0.23428749999999998
vt 0.3872375 0.3125
vt 0.3860375 0.3125
vt 0.375 0.23428749999999998
vt 0.42155 0.23428749999999998
vt 0.4105125 0.3125
vt 0.38375625 0.3125
vt 0.375 0.23428749999999998
vt 0.4390625 0.23428749999999998
vt 0.43030625 0.3125
vt 0.380625 0.3125
vt 0.375 0.23428749999999998
vt 0.4503125 0.23428749999999998
vt 0.4446875 0.3125
vt 0.3769375 0.3125
vt 0.375 0.23428749999999998
vt 0.4541875 0.23428749999999998
vt 0.45225 0.3125
vt 0.375 0.3125
vt 0.3769375 0.23428749999999998
vt 0.45225 0.23428749999999998
vt 0.4541875 0.3125
vt 0.375 0.3125
vt 0.380625 0.23428749999999998
vt 0.4446875 0.23428749999999998
vt 0.4503125 0.3125
vt 0.375 0.3125
vt 0.38375625 0.23428749999999998
vt 0.43030625 0.23428749999999998
vt 0.4390625 0.3125
vt 0.375 0.3125
vt 0.3860375 0.23428749999999998
vt 0.4105125 0.23428749999999998
vt 0.42155 0.3125
vt 0.399475 0.3125
vt 0.375 0.3125
vt 0.3872375 0.23428749999999998
vt 0.375 0.23428749999999998
vt 0.399475 0.23428749999999998
vt 0.3872375 0.3125
vt 0.3860375 0.3125
vt 0.375 0.23428749999999998
vt 0.42155 0.23428749999999998
vt 0.4105125 0.3125
vt 0.38375625 0.3125
vt 0.375 0.23428749999999998
vt 0.4390625 0.23428749999999998
vt 0.43030625 0.3125
vt 0.380625 0.3125
vt 0.375 0.23428749999999998
vt 0.4503125 0.23428749999999998
vt 0.4446875 0.3125
vt 0.3769375 0.3125
vt 0.375 0.23428749999999998
vt 0.4541875 0.23428749999999998
vt 0.45225 0.3125
vt 0.375 0.3125
vt 0.3769375 0.23428749999999998
vt 0.45225 0.23428749999999998
vt 0.4541875 0.3125
vt 0.375 0.3125
vt 0.380625 0.23428749999999998
vt 0.4446875 0.23428749999999998
vt 0.4503125 0.3125
vt 0.375 0.3125
vt 0.38375625 0.23428749999999998
vt 0.43030625 0.23428749999999998
vt 0.4390625 0.3125
vt 0.375 0.3125
vt 0.3860375 0.23428749999999998
vt 0.4105125 0.23428749999999998
vt 0.42155 0.3125
vt 0.399475 0.3125
vt 0.375 0.3125
vt 0.3872375 0.23428749999999998
vt 0.375 0.23428749999999998
vt 0.399475 0.23428749999999998
vt 0.3872375 0.3125
vt 0.3860375 0.3125
vt 0.375 0.23428749999999998
vt 0.42155 0.23428749999999998
vt 0.4105125 0.3125
vt 0.38375625 0.3125
vt 0.375 0.23428749999999998
vt 0.4390625 0.23428749999999998
vt 0.43030625 0.3125
vt 0.380625 0.3125
vt 0.375 0.23428749999999998
vt 0.4503125 0.23428749999999998
vt 0.4446875 0.3125
vt 0.3769375 0.3125
vt 0.375 0.23428749999999998
vt 0.4541875 0.23428749999999998
vt 0.45225 0.3125
vt 0.375 0.3125
vt 0.3769375 0.23428749999999998
vt 0.45225 0.23428749999999998
vt 0.4541875 0.3125
vt 0.375 0.3125
vt 0.380625 0.23428749999999998
vt 0.4446875 0.23428749999999998
vt 0.4503125 0.3125
vt 0.375 0.3125
vt 0.38375625 0.23428749999999998
vt 0.43030625 0.23428749999999998
vt 0.4390625 0.3125
vt 0.375 0.3125
vt 0.3860375 0.23428749999999998
vt 0.4105125 0.23428749999999998
vt 0.42155 0.3125
vt 0.399475 0.3125
vt 0.375 0.3125
vt 0.3872375 0.23428749999999998
vt 0.375 0.23428749999999998
vt 0.399475 0.23428749999999998
vt 0.3872375 0.3125
vt 0.3860375 0.3125
vt 0.375 0.23428749999999998
vt 0.42155 0.23428749999999998
vt 0.4105125 0.3125
vt 0.38375625 0.3125
vt 0.375 0.23428749999999998
vt 0.4390625 0.23428749999999998
vt 0.43030625 0.3125
vt 0.380625 0.3125
vt 0.375 0.23428749999999998
vt 0.4503125 0.23428749999999998
vt 0.4446875 0.3125
vt 0.3769375 0.3125
vt 0.375 0.23428749999999998
vt 0.4541875 0.23428749999999998
vt 0.45225 0.3125
vt 0.375 0.3125
vt 0.3769375 0.23428749999999998
vt 0.45225 0.23428749999999998
vt 0.4541875 0.3125
vt 0.375 0.3125
vt 0.380625 0.23428749999999998
vt 0.4446875 0.23428749999999998
vt 0.4503125 0.3125
vt 0.375 0.3125
vt 0.38375625 0.23428749999999998
vt 0.43030625 0.23428749999999998
vt 0.4390625 0.3125
vt 0.375 0.3125
vt 0.3860375 0.23428749999999998
vt 0.4105125 0.23428749999999998
vt 0.42155 0.3125
vt 0.399475 0.3125
vt 0.375 0.3125
vt 0.3872375 0.23428749999999998
vn -0.07101734500691359 0.9876888108927863 0.13938202733983668
vn -0.20610696485555946 0.8910053131240778 0.40451137316853436
vn -0.3210201113265747 0.7071069239193181 0.6300364166214787
vn -0.4045041676860583 0.4539928710525167 0.7938934760773023
vn -0.44839981146914604 0.15643184840357804 0.8800378888885833
vn -0.4483971255527215 -0.15643177449531437 0.8800392705580269
vn -0.40450840020269996 -0.4539931805366014 0.7938911425325978
vn -0.32101748873606534 -0.7071066810231239 0.6300380255016773
vn -0.2061054569371056 -0.8910051972705888 0.4045123966673288
vn -0.07101734500691359 -0.9876888108927863 0.13938202733983668
vn -0.02447342926812152 0.9876888547958222 0.15450494287230893
vn -0.07102186443284368 0.891005494425306 0.44840283638308853
vn -0.11061507512685703 0.7071082888384057 0.6983997229457509
vn -0.1393906453862583 0.4539891047149682 0.8800364428697849
vn -0.15450487594771303 0.1564351794882893 0.9755287171205411
vn -0.15451557316510614 -0.15643544467122913 0.975526980303453
vn -0.13938357119253728 -0.4539886434527068 0.880037801289005
vn -0.11061837704139842 -0.7071085569426667 0.6983989285209324
vn -0.07102635696869679 -0.891005791748373 0.448401533992258
vn -0.02447342926812152 -0.9876888547958222 0.1545049428723089
vn 0.02447342926811956 0.9876888547958224 0.15450494287230904
vn 0.07102206682504449 0.8910048352218148 0.44840411420419163
vn 0.11061529799056664 0.707106864188549 0.6984011300591482
vn 0.13939022654819688 0.45399435915421216 0.8800337985549184
vn 0.15450513130408605 0.1564248726727515 0.9755303294157599
vn 0.15451584168039706 -0.15642460747977083 0.9755286755624349
vn 0.13938307884302442 -0.4539948204285477 0.8800346927004016
vn 0.11061868379680291 -0.7071065960768468 0.6984008652483745
vn 0.0710267419677425 -0.8910045378643892 0.4484039645570878
vn 0.02447342926811956 -0.9876888547958224 0.15450494287230904
vn 0.07101734500691612 0.9876888108927863 0.13938202733983532
vn 0.206106736007918 0.8910055699691589 0.4045109240256643
vn 0.3210195253662092 0.7071082146033838 0.6300352666113769
vn 0.40450498320372846 0.45398934552543485 0.7938950766396897
vn 0.44839960491689734 0.15643472100555014 0.8800374835052688
vn 0.44839690837232715 -0.15643479492520834 0.8800388443124807
vn 0.40450935890709006 -0.45398903604967356 0.7938930240928328
vn 0.32101668223785307 -0.7071084574969441 0.6300364426454186
vn 0.20610502165183509 -0.8910056858129028 0.4045115423556852
vn 0.07101734500691612 -0.9876888108927863 0.13938202733983532
vn 0.11061352564006958 0.9876888659344841 0.11061352564006958
vn 0.3210213116613497 0.8910054067840733 0.3210213116613518
vn 0.5000000000000004 0.707106781186547 0.5000000000000006
vn 0.6300359652108959 0.4539926927622825 0.6300359652108971
vn 0.6984014948047229 0.15643114814209236 0.6984014948047257
vn 0.6984014948047237 -0.15643114814209236 0.6984014948047251
vn 0.6300359652108966 -0.4539926927622823 0.6300359652108966
vn 0.4999999999999986 -0.7071067811865471 0.500000000000002
vn 0.32102131166135084 -0.8910054067840731 0.3210213116613509
vn 0.11061352564006958 -0.9876888659344841 0.11061352564006958
vn 0.13938202733983504 0.9876888108927863 0.07101734500691667
vn 0.4045113731685325 0.8910053131240787 0.20610696485555904
vn 0.6300364166214787 0.7071069239193153 0.3210201113265807
vn 0.7938934760773 0.45399287105251884 0.40450416768606046
vn 0.8800378888885843 0.15643184840357988 0.4483998114691437
vn 0.8800392705580252 -0.15643177449531634 0.44839712555272426
vn 0.7938911425325934 -0.4539931805366038 0.40450840020270545
vn 0.6300380255016798 -0.7071066810231208 0.32101748873606756
vn 0.4045123966673214 -0.8910051972705904 0.2061054569371132
vn 0.13938202733983504 -0.9876888108927863 0.07101734500691667
vn 0.1545049428723092 0.9876888547958222 0.02447342926811888
vn 0.44840283638308914 0.8910054944253059 0.07102186443284413
vn 0.6983997229457516 0.7071082888384054 0.11061507512685453
vn 0.8800364428697859 0.4539891047149671 0.13939064538625628
vn 0.9755287171205411 0.15643517948828625 0.1545048759477167
vn 0.9755269803034539 -0.1564354446712259 0.1545155731651039
vn 0.880037801289006 -0.4539886434527056 0.13938357119253406
vn 0.6983989285209324 -0.7071085569426668 0.11061837704139897
vn 0.448401533992261 -0.8910057917483724 0.07102635696868952
vn 0.1545049428723092 -0.9876888547958222 0.02447342926811888
vn 0.15450494287230918 0.9876888547958222 -0.024473429268120742
vn 0.4484041142041911 0.8910048352218152 -0.07102206682504388
vn 0.6984011300591491 0.707106864188548 -0.11061529799056696
vn 0.880033798554918 0.4539943591542125 -0.13939022654819766
vn 0.9755303294157598 0.15642487267275154 -0.15450513130408558
vn 0.9755286755624346 -0.15642460747977086 -0.15451584168039795
vn 0.8800346927004012 -0.45399482042854794 -0.13938307884302462
vn 0.6984008652483755 -0.7071065960768459 -0.11061868379680216
vn 0.44840396455708714 -0.8910045378643893 -0.07102674196774572
vn 0.15450494287230915 -0.9876888547958224 -0.024473429268120742
vn 0.13938202733983657 0.9876888108927863 -0.0710173450069139
vn 0.4045109240256622 0.8910055699691597 -0.20610673600791854
vn 0.6300352666113789 0.7071082146033827 -0.3210195253662078
vn 0.7938950766396912 0.4539893455254345 -0.4045049832037259
vn 0.8800374835052689 0.1564347210055514 -0.44839960491689673
vn 0.8800388443124822 -0.1564347949252097 -0.44839690837232443
vn 0.7938930240928345 -0.4539890360496733 -0.4045093589070878
vn 0.6300364426454188 -0.7071084574969426 -0.32101668223785573
vn 0.40451154235568604 -0.8910056858129042 -0.20610502165182737
vn 0.13938202733983657 -0.9876888108927863 -0.0710173450069139
vn 0.11061352564006977 0.9876888659344842 -0.11061352564006906
vn 0.3210213116613515 0.8910054067840727 -0.32102131166135156
vn 0.5000000000000003 0.7071067811865481 -0.49999999999999906
vn 0.6300359652108972 0.4539926927622824 -0.6300359652108959
vn 0.6984014948047252 0.15643114814209036 -0.6984014948047238
vn 0.6984014948047252 -0.1564311481420904 -0.6984014948047238
vn 0.6300359652108972 -0.45399269276228243 -0.6300359652108957
vn 0.49999999999999967 -0.707106781186548 -0.4999999999999997
vn 0.3210213116613524 -0.891005406784073 -0.3210213116613503
vn 0.11061352564006979 -0.9876888659344842 -0.11061352564006909
vn 0.07101734500691313 0.9876888108927864 -0.13938202733983715
vn 0.20610696485556212 0.8910053131240778 -0.40451137316853325
vn 0.32102011132657626 0.7071069239193178 -0.6300364166214781
vn 0.4045041676860581 0.4539928710525177 -0.7938934760773019
vn 0.4483998114691444 0.15643184840357802 -0.8800378888885843
vn 0.4483971255527215 -0.15643177449531437 -0.8800392705580269
vn 0.4045084002027015 -0.45399318053660254 -0.7938911425325964
vn 0.32101748873606933 -0.707106681023124 -0.6300380255016752
vn 0.20610545693710428 -0.8910051972705884 -0.4045123966673302
vn 0.07101734500691313 -0.9876888108927864 -0.13938202733983715
vn 0.02447342926812148 0.9876888547958224 -0.15450494287230934
vn 0.07102186443284256 0.8910054944253067 -0.4484028363830871
vn 0.11061507512685556 0.7071082888384044 -0.6983997229457525
vn 0.1393906453862577 0.4539891047149675 -0.8800364428697852
vn 0.15450487594771486 0.15643517948828778 -0.975528717120541
vn 0.15451557316510547 -0.15643544467122752 -0.9755269803034534
vn 0.13938357119253528 -0.45398864345270606 -0.8800378012890056
vn 0.11061837704139728 -0.7071085569426655 -0.698398928520934
vn 0.07102635696869622 -0.8910057917483739 -0.4484015339922565
vn 0.02447342926812148 -0.9876888547958224 -0.15450494287230934
vn -0.024473429268119035 0.9876888547958224 -0.15450494287230948
vn -0.07102206682504475 0.8910048352218152 -0.4484041142041907
vn -0.11061529799056465 0.707106864188548 -0.6984011300591496
vn -0.13939022654819638 0.45399435915421293 -0.880033798554918
vn -0.15450513130408602 0.15642487267275193 -0.9755303294157596
vn -0.15451584168039656 -0.15642460747977133 -0.9755286755624349
vn -0.13938307884302154 -0.45399482042854855 -0.8800346927004016
vn -0.11061868379680356 -0.7071065960768455 -0.6984008652483757
vn -0.07102674196774066 -0.8910045378643898 -0.44840396455708703
vn -0.024473429268119035 -0.9876888547958224 -0.15450494287230948
vn -0.07101734500691595 0.9876888108927863 -0.1393820273398357
vn -0.20610673600791787 0.8910055699691593 -0.40451092402566413
vn -0.32101952536620915 0.7071082146033837 -0.6300352666113769
vn -0.404504983203728 0.4539893455254344 -0.7938950766396902
vn -0.4483996049168963 0.15643472100555017 -0.8800374835052693
vn -0.4483969083723267 -0.1564347949252084 -0.8800388443124811
vn -0.4045093589070903 -0.45398903604967306 -0.7938930240928332
vn -0.32101668223785307 -0.7071084574969441 -0.6300364426454186
vn -0.2061050216518343 -0.8910056858129031 -0.4045115423556853
vn -0.07101734500691594 -0.9876888108927863 -0.13938202733983568
vn -0.1106135256400697 0.9876888659344841 -0.1106135256400697
vn -0.3210213116613497 0.8910054067840733 -0.3210213116613518
vn -0.49999999999999994 0.7071067811865472 -0.5000000000000007
vn -0.6300359652108962 0.453992692762282 -0.630035965210897
vn -0.6984014948047237 0.15643114814209283 -0.698401494804725
vn -0.6984014948047239 -0.1564311481420928 -0.6984014948047247
vn -0.6300359652108962 -0.45399269276228194 -0.630035965210897
vn -0.49999999999999845 -0.7071067811865475 -0.5000000000000019
vn -0.32102131166135084 -0.8910054067840731 -0.3210213116613509
vn -0.1106135256400697 -0.9876888659344841 -0.1106135256400697
vn -0.1393820273398355 0.9876888108927864 -0.0710173450069162
vn -0.40451137316853303 0.8910053131240787 -0.20610696485555827
vn -0.6300364166214796 0.7071069239193157 -0.3210201113265782
vn -0.793893476077301 0.45399287105251757 -0.40450416768606
vn -0.8800378888885844 0.15643184840357988 -0.4483998114691435
vn -0.8800392705580257 -0.15643177449531634 -0.44839712555272343
vn -0.7938911425325956 -0.45399318053660237 -0.4045084002027028
vn -0.6300380255016801 -0.7071066810231214 -0.32101748873606595
vn -0.4045123966673225 -0.8910051972705904 -0.20610545693711163
vn -0.13938202733983554 -0.9876888108927864 -0.07101734500691621
vn -0.15450494287230923 0.9876888547958222 -0.0244734292681197
vn -0.44840283638308925 0.8910054944253056 -0.07102186443284324
vn -0.6983997229457517 0.707108288838405 -0.1106150751268566
vn -0.8800364428697852 0.4539891047149681 -0.1393906453862575
vn -0.9755287171205409 0.1564351794882869 -0.1545048759477162
vn -0.9755269803034536 -0.15643544467122664 -0.15451557316510528
vn -0.8800378012890051 -0.45398864345270673 -0.13938357119253655
vn -0.6983989285209333 -0.707108556942666 -0.1106183770413977
vn -0.44840153399226024 -0.8910057917483724 -0.07102635696869176
vn -0.1545049428723092 -0.9876888547958222 -0.024473429268119698
vn -0.15450494287230918 0.9876888547958224 0.024473429268121454
vn -0.44840411420419213 0.8910048352218145 0.07102206682504374
vn -0.6984011300591475 0.7071068641885495 0.11061529799056712
vn -0.8800337985549183 0.4539943591542124 0.1393902265481977
vn -0.9755303294157607 0.15642487267275007 0.15450513130408253
vn -0.9755286755624349 -0.1564246074797693 0.15451584168039798
vn -0.8800346927004012 -0.4539948204285478 0.13938307884302512
vn -0.698400865248374 -0.7071065960768476 0.11061868379680145
vn -0.4484039645570882 -0.8910045378643885 0.07102674196774794
vn -0.15450494287230918 -0.9876888547958224 0.024473429268121454
vn -0.13938202733983715 0.9876888108927864 0.07101734500691276
vn -0.4045109240256634 0.8910055699691597 0.20610673600791696
vn -0.630035266611378 0.7071082146033839 0.3210195253662067
vn -0.793895076639691 0.4539893455254351 0.4045049832037258
vn -0.8800374835052677 0.15643472100555322 0.44839960491689823
vn -0.8800388443124818 -0.15643479492521153 0.4483969083723241
vn -0.7938930240928345 -0.45398903604967383 0.404509358907087
vn -0.6300364426454189 -0.7071084574969442 0.3210166822378524
vn -0.4045115423556878 -0.8910056858129042 0.20610502165182434
vn -0.13938202733983718 -0.9876888108927864 0.07101734500691277
vn -0.11061352564006896 0.9876888659344842 0.11061352564006967
vn -0.3210213116613517 0.8910054067840725 0.3210213116613518
vn -0.5000000000000009 0.7071067811865481 0.49999999999999833
vn -0.6300359652108972 0.4539926927622824 0.6300359652108959
vn -0.6984014948047252 0.15643114814209036 0.6984014948047238
vn -0.6984014948047252 -0.1564311481420904 0.6984014948047238
vn -0.630035965210898 -0.4539926927622825 0.6300359652108949
vn -0.4999999999999997 -0.7071067811865479 0.4999999999999998
vn -0.32102131166135084 -0.8910054067840725 0.32102131166135284
vn -0.11061352564006896 -0.9876888659344842 0.11061352564006967
usemtl m_2440dbf4-8ee8-d9b8-6f1d-7b0ee1336e9d
f 547/2281/601 548/2282/601 549/2283/601
f 547/2284/602 550/2285/602 551/2286/602 548/2287/602
f 550/2288/603 552/2289/603 553/2290/603 551/2291/603
f 552/2292/604 554/2293/604 555/2294/604 553/2295/604
f 554/2296/605 556/2297/605 557/2298/605 555/2299/605
f 556/2300/606 558/2301/606 559/2302/606 557/2303/606
f 558/2304/607 560/2305/607 561/2306/607 559/2307/607
f 560/2308/608 562/2309/608 563/2310/608 561/2311/608
f 562/2312/609 564/2313/609 565/2314/609 563/2315/609
f 565/2316/610 564/2317/610 566/2318/610
f 548/2319/611 567/2320/611 549/2321/611
f 548/2322/612 551/2323/612 568/2324/612 567/2325/612
f 551/2326/613 553/2327/613 569/2328/613 568/2329/613
f 553/2330/614 555/2331/614 570/2332/614 569/2333/614
f 555/2334/615 557/2335/615 571/2336/615 570/2337/615
f 557/2338/616 559/2339/616 572/2340/616 571/2341/616
f 559/2342/617 561/2343/617 573/2344/617 572/2345/617
f 561/2346/618 563/2347/618 574/2348/618 573/2349/618
f 563/2350/619 565/2351/619 575/2352/619 574/2353/619
f 575/2354/620 565/2355/620 566/2356/620
f 567/2357/621 576/2358/621 549/2359/621
f 567/2360/622 568/2361/622 577/2362/622 576/2363/622
f 568/2364/623 569/2365/623 578/2366/623 577/2367/623
f 569/2368/624 570/2369/624 579/2370/624 578/2371/624
f 570/2372/625 571/2373/625 580/2374/625 579/2375/625
f 571/2376/626 572/2377/626 581/2378/626 580/2379/626
f 572/2380/627 573/2381/627 582/2382/627 581/2383/627
f 573/2384/628 574/2385/628 583/2386/628 582/2387/628
f 574/2388/629 575/2389/629 584/2390/629 583/2391/629
f 584/2392/630 575/2393/630 566/2394/630
f 576/2395/631 585/2396/631 549/2397/631
f 576/2398/632 577/2399/632 586/2400/632 585/2401/632
f 577/2402/633 578/2403/633 587/2404/633 586/2405/633
f 578/2406/634 579/2407/634 588/2408/634 587/2409/634
f 579/2410/635 580/2411/635 589/2412/635 588/2413/635
f 580/2414/636 581/2415/636 590/2416/636 589/2417/636
f 581/2418/637 582/2419/637 591/2420/637 590/2421/637
f 582/2422/638 583/2423/638 592/2424/638 591/2425/638
f 583/2426/639 584/2427/639 593/2428/639 592/2429/639
f 593/2430/640 584/2431/640 566/2432/640
f 585/2433/641 594/2434/641 549/2435/641
f 585/2436/642 586/2437/642 595/2438/642 594/2439/642
f 586/2440/643 587/2441/643 596/2442/643 595/2443/643
f 587/2444/644 588/2445/644 597/2446/644 596/2447/644
f 588/2448/645 589/2449/645 598/2450/645 597/2451/645
f 589/2452/646 590/2453/646 599/2454/646 598/2455/646
f 590/2456/647 591/2457/647 600/2458/647 599/2459/647
f 591/2460/648 592/2461/648 601/2462/648 600/2463/648
f 592/2464/649 593/2465/649 602/2466/649 601/2467/649
f 602/2468/650 593/2469/650 566/2470/650
f 594/2471/651 603/2472/651 549/2473/651
f 594/2474/652 595/2475/652 604/2476/652 603/2477/652
f 595/2478/653 596/2479/653 605/2480/653 604/2481/653
f 596/2482/654 597/2483/654 606/2484/654 605/2485/654
f 597/2486/655 598/2487/655 607/2488/655 606/2489/655
f 598/2490/656 599/2491/656 608/2492/656 607/2493/656
f 599/2494/657 600/2495/657 609/2496/657 608/2497/657
f 600/2498/658 601/2499/658 610/2500/658 609/2501/658
f 601/2502/659 602/2503/659 611/2504/659 610/2505/659
f 611/2506/660 602/2507/660 566/2508/660
f 603/2509/661 612/2510/661 549/2511/661
f 603/2512/662 604/2513/662 613/2514/662 612/2515/662
f 604/2516/663 605/2517/663 614/2518/663 613/2519/663
f 605/2520/664 606/2521/664 615/2522/664 614/2523/664
f 606/2524/665 607/2525/665 616/2526/665 615/2527/665
f 607/2528/666 608/2529/666 617/2530/666 616/2531/666
f 608/2532/667 609/2533/667 618/2534/667 617/2535/667
f 609/2536/668 610/2537/668 619/2538/668 618/2539/668
f 610/2540/669 611/2541/669 620/2542/669 619/2543/669
f 620/2544/670 611/2545/670 566/2546/670
f 612/2547/671 621/2548/671 549/2549/671
f 612/2550/672 613/2551/672 622/2552/672 621/2553/672
f 613/2554/673 614/2555/673 623/2556/673 622/2557/673
f 614/2558/674 615/2559/674 624/2560/674 623/2561/674
f 615/2562/675 616/2563/675 625/2564/675 624/2565/675
f 616/2566/676 617/2567/676 626/2568/676 625/2569/676
f 617/2570/677 618/2571/677 627/2572/677 626/2573/677
f 618/2574/678 619/2575/678 628/2576/678 627/2577/678
f 619/2578/679 620/2579/679 629/2580/679 628/2581/679
f 629/2582/680 620/2583/680 566/2584/680
f 621/2585/681 630/2586/681 549/2587/681
f 621/2588/682 622/2589/682 631/2590/682 630/2591/682
f 622/2592/683 623/2593/683 632/2594/683 631/2595/683
f 623/2596/684 624/2597/684 633/2598/684 632/2599/684
f 624/2600/685 625/2601/685 634/2602/685 633/2603/685
f 625/2604/686 626/2605/686 635/2606/686 634/2607/686
f 626/2608/687 627/2609/687 636/2610/687 635/2611/687
f 627/2612/688 628/2613/688 637/2614/688 636/2615/688
f 628/2616/689 629/2617/689 638/2618/689 637/2619/689
f 638/2620/690 629/2621/690 566/2622/690
f 630/2623/691 639/2624/691 549/2625/691
f 630/2626/692 631/2627/692 640/2628/692 639/2629/692
f 631/2630/693 632/2631/693 641/2632/693 640/2633/693
f 632/2634/694 633/2635/694 642/2636/694 641/2637/694
f 633/2638/695 634/2639/695 643/2640/695 642/2641/695
f 634/2642/696 635/2643/696 644/2644/696 643/2645/696
f 635/2646/697 636/2647/697 645/2648/697 644/2649/697
f 636/2650/698 637/2651/698 646/2652/698 645/2653/698
f 637/2654/699 638/2655/699 647/2656/699 646/2657/699
f 647/2658/700 638/2659/700 566/2660/700
f 639/2661/701 648/2662/701 549/2663/701
f 639/2664/702 640/2665/702 649/2666/702 648/2667/702
f 640/2668/703 641/2669/703 650/2670/703 649/2671/703
f 641/2672/704 642/2673/704 651/2674/704 650/2675/704
f 642/2676/705 643/2677/705 652/2678/705 651/2679/705
f 643/2680/706 644/2681/706 653/2682/706 652/2683/706
f 644/2684/707 645/2685/707 654/2686/707 653/2687/707
f 645/2688/708 646/2689/708 655/2690/708 654/2691/708
f 646/2692/709 647/2693/709 656/2694/709 655/2695/709
f 656/2696/710 647/2697/710 566/2698/710
f 648/2699/711 657/2700/711 549/2701/711
f 648/2702/712 649/2703/712 658/2704/712 657/2705/712
f 649/2706/713 650/2707/713 659/2708/713 658/2709/713
f 650/2710/714 651/2711/714 660/2712/714 659/2713/714
f 651/2714/715 652/2715/715 661/2716/715 660/2717/715
f 652/2718/716 653/2719/716 662/2720/716 661/2721/716
f 653/2722/717 654/2723/717 663/2724/717 662/2725/717
f 654/2726/718 655/2727/718 664/2728/718 663/2729/718
f 655/2730/719 656/2731/719 665/2732/719 664/2733/719
f 665/2734/720 656/2735/720 566/2736/720
f 657/2737/721 666/2738/721 549/2739/721
f 657/2740/722 658/2741/722 667/2742/722 666/2743/722
f 658/2744/723 659/2745/723 668/2746/723 667/2747/723
f 659/2748/724 660/2749/724 669/2750/724 668/2751/724
f 660/2752/725 661/2753/725 670/2754/725 669/2755/725
f 661/2756/726 662/2757/726 671/2758/726 670/2759/726
f 662/2760/727 663/2761/727 672/2762/727 671/2763/727
f 663/2764/728 664/2765/728 673/2766/728 672/2767/728
f 664/2768/729 665/2769/729 674/2770/729 673/2771/729
f 674/2772/730 665/2773/730 566/2774/730
f 666/2775/731 675/2776/731 549/2777/731
f 666/2778/732 667/2779/732 676/2780/732 675/2781/732
f 667/2782/733 668/2783/733 677/2784/733 676/2785/733
f 668/2786/734 669/2787/734 678/2788/734 677/2789/734
f 669/2790/735 670/2791/735 679/2792/735 678/2793/735
f 670/2794/736 671/2795/736 680/2796/736 679/2797/736
f 671/2798/737 672/2799/737 681/2800/737 680/2801/737
f 672/2802/738 673/2803/738 682/2804/738 681/2805/738
f 673/2806/739 674/2807/739 683/2808/739 682/2809/739
f 683/2810/740 674/2811/740 566/2812/740
f 675/2813/741 684/2814/741 549/2815/741
f 675/2816/742 676/2817/742 685/2818/742 684/2819/742
f 676/2820/743 677/2821/743 686/2822/743 685/2823/743
f 677/2824/744 678/2825/744 687/2826/744 686/2827/744
f 678/2828/745 679/2829/745 688/2830/745 687/2831/745
f 679/2832/746 680/2833/746 689/2834/746 688/2835/746
f 680/2836/747 681/2837/747 690/2838/747 689/2839/747
f 681/2840/748 682/2841/748 691/2842/748 690/2843/748
f 682/2844/749 683/2845/749 692/2846/749 691/2847/749
f 692/2848/750 683/2849/750 566/2850/750
f 684/2851/751 693/2852/751 549/2853/751
f 684/2854/752 685/2855/752 694/2856/752 693/2857/752
f 685/2858/753 686/2859/753 695/2860/753 694/2861/753
f 686/2862/754 687/2863/754 696/2864/754 695/2865/754
f 687/2866/755 688/2867/755 697/2868/755 696/2869/755
f 688/2870/756 689/2871/756 698/2872/756 697/2873/756
f 689/2874/757 690/2875/757 699/2876/757 698/2877/757
f 690/2878/758 691/2879/758 700/2880/758 699/2881/758
f 691/2882/759 692/2883/759 701/2884/759 700/2885/759
f 701/2886/760 692/2887/760 566/2888/760
f 693/2889/761 702/2890/761 549/2891/761
f 693/2892/762 694/2893/762 703/2894/762 702/2895/762
f 694/2896/763 695/2897/763 704/2898/763 703/2899/763
f 695/2900/764 696/2901/764 705/2902/764 704/2903/764
f 696/2904/765 697/2905/765 706/2906/765 705/2907/765
f 697/2908/766 698/2909/766 707/2910/766 706/2911/766
f 698/2912/767 699/2913/767 708/2914/767 707/2915/767
f 699/2916/768 700/2917/768 709/2918/768 708/2919/768
f 700/2920/769 701/2921/769 710/2922/769 709/2923/769
f 710/2924/770 701/2925/770 566/2926/770
f 702/2927/771 711/2928/771 549/2929/771
f 702/2930/772 703/2931/772 712/2932/772 711/2933/772
f 703/2934/773 704/2935/773 713/2936/773 712/2937/773
f 704/2938/774 705/2939/774 714/2940/774 713/2941/774
f 705/2942/775 706/2943/775 715/2944/775 714/2945/775
f 706/2946/776 707/2947/776 716/2948/776 715/2949/776
f 707/2950/777 708/2951/777 717/2952/777 716/2953/777
f 708/2954/778 709/2955/778 718/2956/778 717/2957/778
f 709/2958/779 710/2959/779 719/2960/779 718/2961/779
f 719/2962/780 710/2963/780 566/2964/780
f 711/2965/781 720/2966/781 549/2967/781
f 711/2968/782 712/2969/782 721/2970/782 720/2971/782
f 712/2972/783 713/2973/783 722/2974/783 721/2975/783
f 713/2976/784 714/2977/784 723/2978/784 722/2979/784
f 714/2980/785 715/2981/785 724/2982/785 723/2983/785
f 715/2984/786 716/2985/786 725/2986/786 724/2987/786
f 716/2988/787 717/2989/787 726/2990/787 725/2991/787
f 717/2992/788 718/2993/788 727/2994/788 726/2995/788
f 718/2996/789 719/2997/789 728/2998/789 727/2999/789
f 728/3000/790 719/3001/790 566/3002/790
f 720/3003/791 547/3004/791 549/3005/791
f 720/3006/792 721/3007/792 550/3008/792 547/3009/792
f 721/3010/793 722/3011/793 552/3012/793 550/3013/793
f 722/3014/794 723/3015/794 554/3016/794 552/3017/794
f 723/3018/795 724/3019/795 556/3020/795 554/3021/795
f 724/3022/796 725/3023/796 558/3024/796 556/3025/796
f 725/3026/797 726/3027/797 560/3028/797 558/3029/797
f 726/3030/798 727/3031/798 562/3032/798 560/3033/798
f 727/3034/799 728/3035/799 564/3036/799 562/3037/799
f 564/3038/800 728/3039/800 566/3040/800