# Made in Blockbench 5.1.6
mtllib dc_metro_platform_pole_light_2_light_layer.mtl

o light
v -0.07725437499999989 -0.29348562499999997 0.9341106250000002
v -0.06969187499999975 -0.29348562499999997 0.9573849999999999
v 2.0469737016526324e-16 -0.28125 0.921875
v -0.14694624999999983 -0.328995625 0.94514875
v -0.13256187499999972 -0.328995625 0.98941875
v -0.20225437499999988 -0.38430374999999994 0.9539087500000001
v -0.18245624999999976 -0.38430374999999994 1.01484125
v -0.2377643749999998 -0.453995625 0.9595331250000001
v -0.21448999999999985 -0.453995625 1.031163125
v -0.24999999999999978 -0.53125 0.9614712500000002
v -0.22552812499999986 -0.53125 1.0367875
v -0.2377643749999998 -0.608504375 0.9595331250000001
v -0.21448999999999985 -0.608504375 1.031163125
v -0.20225437499999988 -0.6781962500000001 0.9539087500000001
v -0.18245624999999976 -0.6781962500000001 1.01484125
v -0.14694624999999983 -0.733504375 0.94514875
v -0.13256187499999972 -0.733504375 0.98941875
v -0.07725437499999989 -0.769014375 0.9341106250000002
v -0.06969187499999975 -0.769014375 0.9573849999999999
v 2.0469737016526324e-16 -0.78125 0.921875
v -0.055308124999999826 -0.29348562499999997 0.9771831249999998
v -0.10520187499999967 -0.328995625 1.0270768750000001
v -0.14479812499999986 -0.38430374999999994 1.0666731249999999
v -0.17022062499999976 -0.453995625 1.0920956249999998
v -0.17897999999999967 -0.53125 1.1008550000000001
v -0.17022062499999976 -0.608504375 1.0920956249999998
v -0.14479812499999986 -0.6781962500000001 1.0666731249999999
v -0.10520187499999967 -0.733504375 1.0270768750000001
v -0.055308124999999826 -0.769014375 0.9771831249999998
v -0.03550999999999971 -0.29348562499999997 0.9915668750000002
v -0.06754374999999978 -0.328995625 1.054436875
v -0.09296624999999967 -0.38430374999999994 1.10433125
v -0.10928812499999971 -0.453995625 1.136365
v -0.11491249999999972 -0.53125 1.1474031249999999
v -0.10928812499999971 -0.608504375 1.136365
v -0.09296624999999967 -0.6781962500000001 1.10433125
v -0.06754374999999978 -0.733504375 1.054436875
v -0.03550999999999971 -0.769014375 0.9915668750000002
v -0.01223562499999975 -0.29348562499999997 0.9991293749999999
v -0.023273749999999746 -0.328995625 1.06882125
v -0.03203374999999983 -0.38430374999999994 1.1241293749999999
v -0.03765812499999984 -0.453995625 1.1596393749999998
v -0.039596249999999736 -0.53125 1.171875
v -0.03765812499999984 -0.608504375 1.1596393749999998
v -0.03203374999999983 -0.6781962500000001 1.1241293749999999
v -0.023273749999999746 -0.733504375 1.06882125
v -0.01223562499999975 -0.769014375 0.9991293749999999
v 0.012235625000000194 -0.29348562499999997 0.9991293749999999
v 0.023273750000000218 -0.328995625 1.06882125
v 0.03203375000000022 -0.38430374999999994 1.1241293749999999
v 0.037658125000000243 -0.453995625 1.1596393749999998
v 0.03959625000000026 -0.53125 1.171875
v 0.037658125000000243 -0.608504375 1.1596393749999998
v 0.03203375000000022 -0.6781962500000001 1.1241293749999999
v 0.023273750000000218 -0.733504375 1.06882125
v 0.012235625000000194 -0.769014375 0.9991293749999999
v 0.035510000000000264 -0.29348562499999997 0.9915668750000002
v 0.06754375000000025 -0.328995625 1.054436875
v 0.09296625000000028 -0.38430374999999994 1.10433125
v 0.10928812500000021 -0.453995625 1.136365
v 0.11491250000000022 -0.53125 1.1474031249999999
v 0.10928812500000021 -0.608504375 1.136365
v 0.09296625000000028 -0.6781962500000001 1.10433125
v 0.06754375000000025 -0.733504375 1.054436875
v 0.035510000000000264 -0.769014375 0.9915668750000002
v 0.055308125000000256 -0.29348562499999997 0.9771831249999998
v 0.10520187500000022 -0.328995625 1.0270768750000001
v 0.14479812500000025 -0.38430374999999994 1.0666731249999999
v 0.17022062500000026 -0.453995625 1.0920956249999998
v 0.17898000000000028 -0.53125 1.1008550000000001
v 0.17022062500000026 -0.608504375 1.0920956249999998
v 0.14479812500000025 -0.6781962500000001 1.0666731249999999
v 0.10520187500000022 -0.733504375 1.0270768750000001
v 0.055308125000000256 -0.769014375 0.9771831249999998
v 0.06969187500000017 -0.29348562499999997 0.9573849999999999
v 0.13256187500000027 -0.328995625 0.98941875
v 0.1824562500000002 -0.38430374999999994 1.01484125
v 0.21449000000000018 -0.453995625 1.031163125
v 0.2255281250000002 -0.53125 1.0367875
v 0.21449000000000018 -0.608504375 1.031163125
v 0.1824562500000002 -0.6781962500000001 1.01484125
v 0.13256187500000027 -0.733504375 0.98941875
v 0.06969187500000017 -0.769014375 0.9573849999999999
v 0.0772543750000002 -0.29348562499999997 0.9341106250000002
v 0.14694625000000017 -0.328995625 0.94514875
v 0.2022543750000002 -0.38430374999999994 0.9539087500000001
v 0.23776437500000025 -0.453995625 0.9595331250000001
v 0.2500000000000002 -0.53125 0.9614712500000002
v 0.23776437500000025 -0.608504375 0.9595331250000001
v 0.2022543750000002 -0.6781962500000001 0.9539087500000001
v 0.14694625000000017 -0.733504375 0.94514875
v 0.0772543750000002 -0.769014375 0.9341106250000002
v 0.0772543750000002 -0.29348562499999997 0.9096393749999998
v 0.14694625000000014 -0.328995625 0.89860125
v 0.20225437500000018 -0.38430374999999994 0.8898412499999999
v 0.23776437500000022 -0.453995625 0.8842168749999999
v 0.2500000000000002 -0.53125 0.8822787499999998
v 0.23776437500000022 -0.608504375 0.8842168749999999
v 0.20225437500000018 -0.6781962500000001 0.8898412499999999
v 0.14694625000000014 -0.733504375 0.89860125
v 0.0772543750000002 -0.769014375 0.9096393749999998
v 0.06969187500000015 -0.29348562499999997 0.8863650000000001
v 0.13256187500000025 -0.328995625 0.85433125
v 0.18245625000000018 -0.38430374999999994 0.8289087500000001
v 0.21449000000000015 -0.453995625 0.812586875
v 0.22552812500000013 -0.53125 0.8069625
v 0.21449000000000015 -0.608504375 0.812586875
v 0.18245625000000018 -0.6781962500000001 0.8289087500000001
v 0.13256187500000025 -0.733504375 0.85433125
v 0.06969187500000015 -0.769014375 0.8863650000000001
v 0.055308125000000236 -0.29348562499999997 0.8665668750000002
v 0.10520187500000018 -0.328995625 0.8166731249999999
v 0.14479812500000017 -0.38430374999999994 0.7770768750000001
v 0.17022062500000018 -0.453995625 0.7516543750000002
v 0.1789800000000002 -0.53125 0.7428949999999999
v 0.17022062500000018 -0.608504375 0.7516543750000002
v 0.14479812500000017 -0.6781962500000001 0.7770768750000001
v 0.10520187500000018 -0.733504375 0.8166731249999999
v 0.055308125000000236 -0.769014375 0.8665668750000002
v 0.03551000000000023 -0.29348562499999997 0.8521831249999998
v 0.0675437500000002 -0.328995625 0.7893131250000001
v 0.0929662500000002 -0.38430374999999994 0.73941875
v 0.10928812500000011 -0.453995625 0.7073849999999999
v 0.11491250000000013 -0.53125 0.6963468750000001
v 0.10928812500000011 -0.608504375 0.7073849999999999
v 0.0929662500000002 -0.6781962500000001 0.73941875
v 0.0675437500000002 -0.733504375 0.7893131250000001
v 0.03551000000000023 -0.769014375 0.8521831249999998
v 0.01223562500000016 -0.29348562499999997 0.8446206250000001
v 0.023273750000000155 -0.328995625 0.7749287499999999
v 0.03203375000000013 -0.38430374999999994 0.7196206250000001
v 0.03765812500000014 -0.453995625 0.6841106250000002
v 0.03959625000000015 -0.53125 0.671875
v 0.03765812500000014 -0.608504375 0.6841106250000002
v 0.03203375000000013 -0.6781962500000001 0.7196206250000001
v 0.023273750000000155 -0.733504375 0.7749287499999999
v 0.01223562500000016 -0.769014375 0.8446206250000001
v -0.012235624999999785 -0.29348562499999997 0.8446206250000001
v -0.02327374999999981 -0.328995625 0.7749287499999999
v -0.03203374999999992 -0.38430374999999994 0.7196206250000001
v -0.037658124999999945 -0.453995625 0.6841106250000002
v -0.03959624999999985 -0.53125 0.671875
v -0.037658124999999945 -0.608504375 0.6841106250000002
v -0.03203374999999992 -0.6781962500000001 0.7196206250000001
v -0.02327374999999981 -0.733504375 0.7749287499999999
v -0.012235624999999785 -0.769014375 0.8446206250000001
v -0.03550999999999974 -0.29348562499999997 0.8521831249999998
v -0.06754374999999983 -0.328995625 0.7893131250000001
v -0.09296624999999975 -0.38430374999999994 0.73941875
v -0.1092881249999998 -0.453995625 0.7073849999999999
v -0.11491249999999982 -0.53125 0.6963468750000001
v -0.1092881249999998 -0.608504375 0.7073849999999999
v -0.09296624999999975 -0.6781962500000001 0.73941875
v -0.06754374999999983 -0.733504375 0.7893131250000001
v -0.03550999999999974 -0.769014375 0.8521831249999998
v -0.05530812499999985 -0.29348562499999997 0.8665668750000002
v -0.10520187499999971 -0.328995625 0.8166731249999999
v -0.14479812499999994 -0.38430374999999994 0.7770768750000001
v -0.17022062499999985 -0.453995625 0.7516543750000002
v -0.17897999999999975 -0.53125 0.7428949999999999
v -0.17022062499999985 -0.608504375 0.7516543750000002
v -0.14479812499999994 -0.6781962500000001 0.7770768750000001
v -0.10520187499999971 -0.733504375 0.8166731249999999
v -0.05530812499999985 -0.769014375 0.8665668750000002
v -0.06969187499999976 -0.29348562499999997 0.8863650000000001
v -0.13256187499999975 -0.328995625 0.85433125
v -0.1824562499999998 -0.38430374999999994 0.8289087500000001
v -0.21448999999999988 -0.453995625 0.812586875
v -0.2255281249999999 -0.53125 0.8069625
v -0.21448999999999988 -0.608504375 0.812586875
v -0.1824562499999998 -0.6781962500000001 0.8289087500000001
v -0.13256187499999975 -0.733504375 0.85433125
v -0.06969187499999976 -0.769014375 0.8863650000000001
v -0.07725437499999989 -0.29348562499999997 0.9096393749999998
v -0.14694624999999986 -0.328995625 0.89860125
v -0.2022543749999999 -0.38430374999999994 0.8898412499999999
v -0.23776437499999983 -0.453995625 0.8842168749999999
v -0.2499999999999998 -0.53125 0.8822787499999998
v -0.23776437499999983 -0.608504375 0.8842168749999999
v -0.2022543749999999 -0.6781962500000001 0.8898412499999999
v -0.14694624999999986 -0.733504375 0.89860125
v -0.07725437499999989 -0.769014375 0.9096393749999998
vt 0.375 0.23428749999999998
vt 0.399475 0.23428749999999998
vt 0.3872375 0.3125
vt 0.3860375 0.3125
vt 0.375 0.23428749999999998
vt 0.42155 0.23428749999999998
vt 0.4105125 0.3125
vt 0.38375625 0.3125
vt 0.375 0.23428749999999998
vt 0.4390625 0.23428749999999998
vt 0.43030625 0.3125
vt 0.380625 0.3125
vt 0.375 0.23428749999999998
vt 0.4503125 0.23428749999999998
vt 0.4446875 0.3125
vt 0.3769375 0.3125
vt 0.375 0.23428749999999998
vt 0.4541875 0.23428749999999998
vt 0.45225 0.3125
vt 0.375 0.3125
vt 0.3769375 0.23428749999999998
vt 0.45225 0.23428749999999998
vt 0.4541875 0.3125
vt 0.375 0.3125
vt 0.380625 0.23428749999999998
vt 0.4446875 0.23428749999999998
vt 0.4503125 0.3125
vt 0.375 0.3125
vt 0.38375625 0.23428749999999998
vt 0.43030625 0.23428749999999998
vt 0.4390625 0.3125
vt 0.375 0.3125
vt 0.3860375 0.23428749999999998
vt 0.4105125 0.23428749999999998
vt 0.42155 0.3125
vt 0.399475 0.3125
vt 0.375 0.3125
vt 0.3872375 0.23428749999999998
vt 0.375 0.23428749999999998
vt 0.399475 0.23428749999999998
vt 0.3872375 0.3125
vt 0.3860375 0.3125
vt 0.375 0.23428749999999998
vt 0.42155 0.23428749999999998
vt 0.4105125 0.3125
vt 0.38375625 0.3125
vt 0.375 0.23428749999999998
vt 0.4390625 0.23428749999999998
vt 0.43030625 0.3125
vt 0.380625 0.3125
vt 0.375 0.23428749999999998
vt 0.4503125 0.23428749999999998
vt 0.4446875 0.3125
vt 0.3769375 0.3125
vt 0.375 0.23428749999999998
vt 0.4541875 0.23428749999999998
vt 0.45225 0.3125
vt 0.375 0.3125
vt 0.3769375 0.23428749999999998
vt 0.45225 0.23428749999999998
vt 0.4541875 0.3125
vt 0.375 0.3125
vt 0.380625 0.23428749999999998
vt 0.4446875 0.23428749999999998
vt 0.4503125 0.3125
vt 0.375 0.3125
vt 0.38375625 0.23428749999999998
vt 0.43030625 0.23428749999999998
vt 0.4390625 0.3125
vt 0.375 0.3125
vt 0.3860375 0.23428749999999998
vt 0.4105125 0.23428749999999998
vt 0.42155 0.3125
vt 0.399475 0.3125
vt 0.375 0.3125
vt 0.3872375 0.23428749999999998
vt 0.375 0.23428749999999998
vt 0.399475 0.23428749999999998
vt 0.3872375 0.3125
vt 0.3860375 0.3125
vt 0.375 0.23428749999999998
vt 0.42155 0.23428749999999998
vt 0.4105125 0.3125
vt 0.38375625 0.3125
vt 0.375 0.23428749999999998
vt 0.4390625 0.23428749999999998
vt 0.43030625 0.3125
vt 0.380625 0.3125
vt 0.375 0.23428749999999998
vt 0.4503125 0.23428749999999998
vt 0.4446875 0.3125
vt 0.3769375 0.3125
vt 0.375 0.23428749999999998
vt 0.4541875 0.23428749999999998
vt 0.45225 0.3125
vt 0.375 0.3125
vt 0.3769375 0.23428749999999998
vt 0.45225 0.23428749999999998
vt 0.4541875 0.3125
vt 0.375 0.3125
vt 0.380625 0.23428749999999998
vt 0.4446875 0.23428749999999998
vt 0.4503125 0.3125
vt 0.375 0.3125
vt 0.38375625 0.23428749999999998
vt 0.43030625 0.23428749999999998
vt 0.4390625 0.3125
vt 0.375 0.3125
vt 0.3860375 0.23428749999999998
vt 0.4105125 0.23428749999999998
vt 0.42155 0.3125
vt 0.399475 0.3125
vt 0.375 0.3125
vt 0.3872375 0.23428749999999998
vt 0.375 0.23428749999999998
vt 0.399475 0.23428749999999998
vt 0.3872375 0.3125
vt 0.3860375 0.3125
vt 0.375 0.23428749999999998
vt 0.42155 0.23428749999999998
vt 0.4105125 0.3125
vt 0.38375625 0.3125
vt 0.375 0.23428749999999998
vt 0.4390625 0.23428749999999998
vt 0.43030625 0.3125
vt 0.380625 0.3125
vt 0.375 0.23428749999999998
vt 0.4503125 0.23428749999999998
vt 0.4446875 0.3125
vt 0.3769375 0.3125
vt 0.375 0.23428749999999998
vt 0.4541875 0.23428749999999998
vt 0.45225 0.3125
vt 0.375 0.3125
vt 0.3769375 0.23428749999999998
vt 0.45225 0.23428749999999998
vt 0.4541875 0.3125
vt 0.375 0.3125
vt 0.380625 0.23428749999999998
vt 0.4446875 0.23428749999999998
vt 0.4503125 0.3125
vt 0.375 0.3125
vt 0.38375625 0.23428749999999998
vt 0.43030625 0.23428749999999998
vt 0.4390625 0.3125
vt 0.375 0.3125
vt 0.3860375 0.23428749999999998
vt 0.4105125 0.23428749999999998
vt 0.42155 0.3125
vt 0.399475 0.3125
vt 0.375 0.3125
vt 0.3872375 0.23428749999999998
vt 0.375 0.23428749999999998
vt 0.399475 0.23428749999999998
vt 0.3872375 0.3125
vt 0.3860375 0.3125
vt 0.375 0.23428749999999998
vt 0.42155 0.23428749999999998
vt 0.4105125 0.3125
vt 0.38375625 0.3125
vt 0.375 0.23428749999999998
vt 0.4390625 0.23428749999999998
vt 0.43030625 0.3125
vt 0.380625 0.3125
vt 0.375 0.23428749999999998
vt 0.4503125 0.23428749999999998
vt 0.4446875 0.3125
vt 0.3769375 0.3125
vt 0.375 0.23428749999999998
vt 0.4541875 0.23428749999999998
vt 0.45225 0.3125
vt 0.375 0.3125
vt 0.3769375 0.23428749999999998
vt 0.45225 0.23428749999999998
vt 0.4541875 0.3125
vt 0.375 0.3125
vt 0.380625 0.23428749999999998
vt 0.4446875 0.23428749999999998
vt 0.4503125 0.3125
vt 0.375 0.3125
vt 0.38375625 0.23428749999999998
vt 0.43030625 0.23428749999999998
vt 0.4390625 0.3125
vt 0.375 0.3125
vt 0.3860375 0.23428749999999998
vt 0.4105125 0.23428749999999998
vt 0.42155 0.3125
vt 0.399475 0.3125
vt 0.375 0.3125
vt 0.3872375 0.23428749999999998
vt 0.375 0.23428749999999998
vt 0.399475 0.23428749999999998
vt 0.3872375 0.3125
vt 0.3860375 0.3125
vt 0.375 0.23428749999999998
vt 0.42155 0.23428749999999998
vt 0.4105125 0.3125
vt 0.38375625 0.3125
vt 0.375 0.23428749999999998
vt 0.4390625 0.23428749999999998
vt 0.43030625 0.3125
vt 0.380625 0.3125
vt 0.375 0.23428749999999998
vt 0.4503125 0.23428749999999998
vt 0.4446875 0.3125
vt 0.3769375 0.3125
vt 0.375 0.23428749999999998
vt 0.4541875 0.23428749999999998
vt 0.45225 0.3125
vt 0.375 0.3125
vt 0.3769375 0.23428749999999998
vt 0.45225 0.23428749999999998
vt 0.4541875 0.3125
vt 0.375 0.3125
vt 0.380625 0.23428749999999998
vt 0.4446875 0.23428749999999998
vt 0.4503125 0.3125
vt 0.375 0.3125
vt 0.38375625 0.23428749999999998
vt 0.43030625 0.23428749999999998
vt 0.4390625 0.3125
vt 0.375 0.3125
vt 0.3860375 0.23428749999999998
vt 0.4105125 0.23428749999999998
vt 0.42155 0.3125
vt 0.399475 0.3125
vt 0.375 0.3125
vt 0.3872375 0.23428749999999998
vt 0.375 0.23428749999999998
vt 0.399475 0.23428749999999998
vt 0.3872375 0.3125
vt 0.3860375 0.3125
vt 0.375 0.23428749999999998
vt 0.42155 0.23428749999999998
vt 0.4105125 0.3125
vt 0.38375625 0.3125
vt 0.375 0.23428749999999998
vt 0.4390625 0.23428749999999998
vt 0.43030625 0.3125
vt 0.380625 0.3125
vt 0.375 0.23428749999999998
vt 0.4503125 0.23428749999999998
vt 0.4446875 0.3125
vt 0.3769375 0.3125
vt 0.375 0.23428749999999998
vt 0.4541875 0.23428749999999998
vt 0.45225 0.3125
vt 0.375 0.3125
vt 0.3769375 0.23428749999999998
vt 0.45225 0.23428749999999998
vt 0.4541875 0.3125
vt 0.375 0.3125
vt 0.380625 0.23428749999999998
vt 0.4446875 0.23428749999999998
vt 0.4503125 0.3125
vt 0.375 0.3125
vt 0.38375625 0.23428749999999998
vt 0.43030625 0.23428749999999998
vt 0.4390625 0.3125
vt 0.375 0.3125
vt 0.3860375 0.23428749999999998
vt 0.4105125 0.23428749999999998
vt 0.42155 0.3125
vt 0.399475 0.3125
vt 0.375 0.3125
vt 0.3872375 0.23428749999999998
vt 0.375 0.23428749999999998
vt 0.399475 0.23428749999999998
vt 0.3872375 0.3125
vt 0.3860375 0.3125
vt 0.375 0.23428749999999998
vt 0.42155 0.23428749999999998
vt 0.4105125 0.3125
vt 0.38375625 0.3125
vt 0.375 0.23428749999999998
vt 0.4390625 0.23428749999999998
vt 0.43030625 0.3125
vt 0.380625 0.3125
vt 0.375 0.23428749999999998
vt 0.4503125 0.23428749999999998
vt 0.4446875 0.3125
vt 0.3769375 0.3125
vt 0.375 0.23428749999999998
vt 0.4541875 0.23428749999999998
vt 0.45225 0.3125
vt 0.375 0.3125
vt 0.3769375 0.23428749999999998
vt 0.45225 0.23428749999999998
vt 0.4541875 0.3125
vt 0.375 0.3125
vt 0.380625 0.23428749999999998
vt 0.4446875 0.23428749999999998
vt 0.4503125 0.3125
vt 0.375 0.3125
vt 0.38375625 0.23428749999999998
vt 0.43030625 0.23428749999999998
vt 0.4390625 0.3125
vt 0.375 0.3125
vt 0.3860375 0.23428749999999998
vt 0.4105125 0.23428749999999998
vt 0.42155 0.3125
vt 0.399475 0.3125
vt 0.375 0.3125
vt 0.3872375 0.23428749999999998
vt 0.375 0.23428749999999998
vt 0.399475 0.23428749999999998
vt 0.3872375 0.3125
vt 0.3860375 0.3125
vt 0.375 0.23428749999999998
vt 0.42155 0.23428749999999998
vt 0.4105125 0.3125
vt 0.38375625 0.3125
vt 0.375 0.23428749999999998
vt 0.4390625 0.23428749999999998
vt 0.43030625 0.3125
vt 0.380625 0.3125
vt 0.375 0.23428749999999998
vt 0.4503125 0.23428749999999998
vt 0.4446875 0.3125
vt 0.3769375 0.3125
vt 0.375 0.23428749999999998
vt 0.4541875 0.23428749999999998
vt 0.45225 0.3125
vt 0.375 0.3125
vt 0.3769375 0.23428749999999998
vt 0.45225 0.23428749999999998
vt 0.4541875 0.3125
vt 0.375 0.3125
vt 0.380625 0.23428749999999998
vt 0.4446875 0.23428749999999998
vt 0.4503125 0.3125
vt 0.375 0.3125
vt 0.38375625 0.23428749999999998
vt 0.43030625 0.23428749999999998
vt 0.4390625 0.3125
vt 0.375 0.3125
vt 0.3860375 0.23428749999999998
vt 0.4105125 0.23428749999999998
vt 0.42155 0.3125
vt 0.399475 0.3125
vt 0.375 0.3125
vt 0.3872375 0.23428749999999998
vt 0.375 0.23428749999999998
vt 0.399475 0.23428749999999998
vt 0.3872375 0.3125
vt 0.3860375 0.3125
vt 0.375 0.23428749999999998
vt 0.42155 0.23428749999999998
vt 0.4105125 0.3125
vt 0.38375625 0.3125
vt 0.375 0.23428749999999998
vt 0.4390625 0.23428749999999998
vt 0.43030625 0.3125
vt 0.380625 0.3125
vt 0.375 0.23428749999999998
vt 0.4503125 0.23428749999999998
vt 0.4446875 0.3125
vt 0.3769375 0.3125
vt 0.375 0.23428749999999998
vt 0.4541875 0.23428749999999998
vt 0.45225 0.3125
vt 0.375 0.3125
vt 0.3769375 0.23428749999999998
vt 0.45225 0.23428749999999998
vt 0.4541875 0.3125
vt 0.375 0.3125
vt 0.380625 0.23428749999999998
vt 0.4446875 0.23428749999999998
vt 0.4503125 0.3125
vt 0.375 0.3125
vt 0.38375625 0.23428749999999998
vt 0.43030625 0.23428749999999998
vt 0.4390625 0.3125
vt 0.375 0.3125
vt 0.3860375 0.23428749999999998
vt 0.4105125 0.23428749999999998
vt 0.42155 0.3125
vt 0.399475 0.3125
vt 0.375 0.3125
vt 0.3872375 0.23428749999999998
vt 0.375 0.23428749999999998
vt 0.399475 0.23428749999999998
vt 0.3872375 0.3125
vt 0.3860375 0.3125
vt 0.375 0.23428749999999998
vt 0.42155 0.23428749999999998
vt 0.4105125 0.3125
vt 0.38375625 0.3125
vt 0.375 0.23428749999999998
vt 0.4390625 0.23428749999999998
vt 0.43030625 0.3125
vt 0.380625 0.3125
vt 0.375 0.23428749999999998
vt 0.4503125 0.23428749999999998
vt 0.4446875 0.3125
vt 0.3769375 0.3125
vt 0.375 0.23428749999999998
vt 0.4541875 0.23428749999999998
vt 0.45225 0.3125
vt 0.375 0.3125
vt 0.3769375 0.23428749999999998
vt 0.45225 0.23428749999999998
vt 0.4541875 0.3125
vt 0.375 0.3125
vt 0.380625 0.23428749999999998
vt 0.4446875 0.23428749999999998
vt 0.4503125 0.3125
vt 0.375 0.3125
vt 0.38375625 0.23428749999999998
vt 0.43030625 0.23428749999999998
vt 0.4390625 0.3125
vt 0.375 0.3125
vt 0.3860375 0.23428749999999998
vt 0.4105125 0.23428749999999998
vt 0.42155 0.3125
vt 0.399475 0.3125
vt 0.375 0.3125
vt 0.3872375 0.23428749999999998
vt 0.375 0.23428749999999998
vt 0.399475 0.23428749999999998
vt 0.3872375 0.3125
vt 0.3860375 0.3125
vt 0.375 0.23428749999999998
vt 0.42155 0.23428749999999998
vt 0.4105125 0.3125
vt 0.38375625 0.3125
vt 0.375 0.23428749999999998
vt 0.4390625 0.23428749999999998
vt 0.43030625 0.3125
vt 0.380625 0.3125
vt 0.375 0.23428749999999998
vt 0.4503125 0.23428749999999998
vt 0.4446875 0.3125
vt 0.3769375 0.3125
vt 0.375 0.23428749999999998
vt 0.4541875 0.23428749999999998
vt 0.45225 0.3125
vt 0.375 0.3125
vt 0.3769375 0.23428749999999998
vt 0.45225 0.23428749999999998
vt 0.4541875 0.3125
vt 0.375 0.3125
vt 0.380625 0.23428749999999998
vt 0.4446875 0.23428749999999998
vt 0.4503125 0.3125
vt 0.375 0.3125
vt 0.38375625 0.23428749999999998
vt 0.43030625 0.23428749999999998
vt 0.4390625 0.3125
vt 0.375 0.3125
vt 0.3860375 0.23428749999999998
vt 0.4105125 0.23428749999999998
vt 0.42155 0.3125
vt 0.399475 0.3125
vt 0.375 0.3125
vt 0.3872375 0.23428749999999998
vt 0.375 0.23428749999999998
vt 0.399475 0.23428749999999998
vt 0.3872375 0.3125
vt 0.3860375 0.3125
vt 0.375 0.23428749999999998
vt 0.42155 0.23428749999999998
vt 0.4105125 0.3125
vt 0.38375625 0.3125
vt 0.375 0.23428749999999998
vt 0.4390625 0.23428749999999998
vt 0.43030625 0.3125
vt 0.380625 0.3125
vt 0.375 0.23428749999999998
vt 0.4503125 0.23428749999999998
vt 0.4446875 0.3125
vt 0.3769375 0.3125
vt 0.375 0.23428749999999998
vt 0.4541875 0.23428749999999998
vt 0.45225 0.3125
vt 0.375 0.3125
vt 0.3769375 0.23428749999999998
vt 0.45225 0.23428749999999998
vt 0.4541875 0.3125
vt 0.375 0.3125
vt 0.380625 0.23428749999999998
vt 0.4446875 0.23428749999999998
vt 0.4503125 0.3125
vt 0.375 0.3125
vt 0.38375625 0.23428749999999998
vt 0.43030625 0.23428749999999998
vt 0.4390625 0.3125
vt 0.375 0.3125
vt 0.3860375 0.23428749999999998
vt 0.4105125 0.23428749999999998
vt 0.42155 0.3125
vt 0.399475 0.3125
vt 0.375 0.3125
vt 0.3872375 0.23428749999999998
vt 0.375 0.23428749999999998
vt 0.399475 0.23428749999999998
vt 0.3872375 0.3125
vt 0.3860375 0.3125
vt 0.375 0.23428749999999998
vt 0.42155 0.23428749999999998
vt 0.4105125 0.3125
vt 0.38375625 0.3125
vt 0.375 0.23428749999999998
vt 0.4390625 0.23428749999999998
vt 0.43030625 0.3125
vt 0.380625 0.3125
vt 0.375 0.23428749999999998
vt 0.4503125 0.23428749999999998
vt 0.4446875 0.3125
vt 0.3769375 0.3125
vt 0.375 0.23428749999999998
vt 0.4541875 0.23428749999999998
vt 0.45225 0.3125
vt 0.375 0.3125
vt 0.3769375 0.23428749999999998
vt 0.45225 0.23428749999999998
vt 0.4541875 0.3125
vt 0.375 0.3125
vt 0.380625 0.23428749999999998
vt 0.4446875 0.23428749999999998
vt 0.4503125 0.3125
vt 0.375 0.3125
vt 0.38375625 0.23428749999999998
vt 0.43030625 0.23428749999999998
vt 0.4390625 0.3125
vt 0.375 0.3125
vt 0.3860375 0.23428749999999998
vt 0.4105125 0.23428749999999998
vt 0.42155 0.3125
vt 0.399475 0.3125
vt 0.375 0.3125
vt 0.3872375 0.23428749999999998
vt 0.375 0.23428749999999998
vt 0.399475 0.23428749999999998
vt 0.3872375 0.3125
vt 0.3860375 0.3125
vt 0.375 0.23428749999999998
vt 0.42155 0.23428749999999998
vt 0.4105125 0.3125
vt 0.38375625 0.3125
vt 0.375 0.23428749999999998
vt 0.4390625 0.23428749999999998
vt 0.43030625 0.3125
vt 0.380625 0.3125
vt 0.375 0.23428749999999998
vt 0.4503125 0.23428749999999998
vt 0.4446875 0.3125
vt 0.3769375 0.3125
vt 0.375 0.23428749999999998
vt 0.4541875 0.23428749999999998
vt 0.45225 0.3125
vt 0.375 0.3125
vt 0.3769375 0.23428749999999998
vt 0.45225 0.23428749999999998
vt 0.4541875 0.3125
vt 0.375 0.3125
vt 0.380625 0.23428749999999998
vt 0.4446875 0.23428749999999998
vt 0.4503125 0.3125
vt 0.375 0.3125
vt 0.38375625 0.23428749999999998
vt 0.43030625 0.23428749999999998
vt 0.4390625 0.3125
vt 0.375 0.3125
vt 0.3860375 0.23428749999999998
vt 0.4105125 0.23428749999999998
vt 0.42155 0.3125
vt 0.399475 0.3125
vt 0.375 0.3125
vt 0.3872375 0.23428749999999998
vt 0.375 0.23428749999999998
vt 0.399475 0.23428749999999998
vt 0.3872375 0.3125
vt 0.3860375 0.3125
vt 0.375 0.23428749999999998
vt 0.42155 0.23428749999999998
vt 0.4105125 0.3125
vt 0.38375625 0.3125
vt 0.375 0.23428749999999998
vt 0.4390625 0.23428749999999998
vt 0.43030625 0.3125
vt 0.380625 0.3125
vt 0.375 0.23428749999999998
vt 0.4503125 0.23428749999999998
vt 0.4446875 0.3125
vt 0.3769375 0.3125
vt 0.375 0.23428749999999998
vt 0.4541875 0.23428749999999998
vt 0.45225 0.3125
vt 0.375 0.3125
vt 0.3769375 0.23428749999999998
vt 0.45225 0.23428749999999998
vt 0.4541875 0.3125
vt 0.375 0.3125
vt 0.380625 0.23428749999999998
vt 0.4446875 0.23428749999999998
vt 0.4503125 0.3125
vt 0.375 0.3125
vt 0.38375625 0.23428749999999998
vt 0.43030625 0.23428749999999998
vt 0.4390625 0.3125
vt 0.375 0.3125
vt 0.3860375 0.23428749999999998
vt 0.4105125 0.23428749999999998
vt 0.42155 0.3125
vt 0.399475 0.3125
vt 0.375 0.3125
vt 0.3872375 0.23428749999999998
vt 0.375 0.23428749999999998
vt 0.399475 0.23428749999999998
vt 0.3872375 0.3125
vt 0.3860375 0.3125
vt 0.375 0.23428749999999998
vt 0.42155 0.23428749999999998
vt 0.4105125 0.3125
vt 0.38375625 0.3125
vt 0.375 0.23428749999999998
vt 0.4390625 0.23428749999999998
vt 0.43030625 0.3125
vt 0.380625 0.3125
vt 0.375 0.23428749999999998
vt 0.4503125 0.23428749999999998
vt 0.4446875 0.3125
vt 0.3769375 0.3125
vt 0.375 0.23428749999999998
vt 0.4541875 0.23428749999999998
vt 0.45225 0.3125
vt 0.375 0.3125
vt 0.3769375 0.23428749999999998
vt 0.45225 0.23428749999999998
vt 0.4541875 0.3125
vt 0.375 0.3125
vt 0.380625 0.23428749999999998
vt 0.4446875 0.23428749999999998
vt 0.4503125 0.3125
vt 0.375 0.3125
vt 0.38375625 0.23428749999999998
vt 0.43030625 0.23428749999999998
vt 0.4390625 0.3125
vt 0.375 0.3125
vt 0.3860375 0.23428749999999998
vt 0.4105125 0.23428749999999998
vt 0.42155 0.3125
vt 0.399475 0.3125
vt 0.375 0.3125
vt 0.3872375 0.23428749999999998
vt 0.375 0.23428749999999998
vt 0.399475 0.23428749999999998
vt 0.3872375 0.3125
vt 0.3860375 0.3125
vt 0.375 0.23428749999999998
vt 0.42155 0.23428749999999998
vt 0.4105125 0.3125
vt 0.38375625 0.3125
vt 0.375 0.23428749999999998
vt 0.4390625 0.23428749999999998
vt 0.43030625 0.3125
vt 0.380625 0.3125
vt 0.375 0.23428749999999998
vt 0.4503125 0.23428749999999998
vt 0.4446875 0.3125
vt 0.3769375 0.3125
vt 0.375 0.23428749999999998
vt 0.4541875 0.23428749999999998
vt 0.45225 0.3125
vt 0.375 0.3125
vt 0.3769375 0.23428749999999998
vt 0.45225 0.23428749999999998
vt 0.4541875 0.3125
vt 0.375 0.3125
vt 0.380625 0.23428749999999998
vt 0.4446875 0.23428749999999998
vt 0.4503125 0.3125
vt 0.375 0.3125
vt 0.38375625 0.23428749999999998
vt 0.43030625 0.23428749999999998
vt 0.4390625 0.3125
vt 0.375 0.3125
vt 0.3860375 0.23428749999999998
vt 0.4105125 0.23428749999999998
vt 0.42155 0.3125
vt 0.399475 0.3125
vt 0.375 0.3125
vt 0.3872375 0.23428749999999998
vt 0.375 0.23428749999999998
vt 0.399475 0.23428749999999998
vt 0.3872375 0.3125
vt 0.3860375 0.3125
vt 0.375 0.23428749999999998
vt 0.42155 0.23428749999999998
vt 0.4105125 0.3125
vt 0.38375625 0.3125
vt 0.375 0.23428749999999998
vt 0.4390625 0.23428749999999998
vt 0.43030625 0.3125
vt 0.380625 0.3125
vt 0.375 0.23428749999999998
vt 0.4503125 0.23428749999999998
vt 0.4446875 0.3125
vt 0.3769375 0.3125
vt 0.375 0.23428749999999998
vt 0.4541875 0.23428749999999998
vt 0.45225 0.3125
vt 0.375 0.3125
vt 0.3769375 0.23428749999999998
vt 0.45225 0.23428749999999998
vt 0.4541875 0.3125
vt 0.375 0.3125
vt 0.380625 0.23428749999999998
vt 0.4446875 0.23428749999999998
vt 0.4503125 0.3125
vt 0.375 0.3125
vt 0.38375625 0.23428749999999998
vt 0.43030625 0.23428749999999998
vt 0.4390625 0.3125
vt 0.375 0.3125
vt 0.3860375 0.23428749999999998
vt 0.4105125 0.23428749999999998
vt 0.42155 0.3125
vt 0.399475 0.3125
vt 0.375 0.3125
vt 0.3872375 0.23428749999999998
vt 0.375 0.23428749999999998
vt 0.399475 0.23428749999999998
vt 0.3872375 0.3125
vt 0.3860375 0.3125
vt 0.375 0.23428749999999998
vt 0.42155 0.23428749999999998
vt 0.4105125 0.3125
vt 0.38375625 0.3125
vt 0.375 0.23428749999999998
vt 0.4390625 0.23428749999999998
vt 0.43030625 0.3125
vt 0.380625 0.3125
vt 0.375 0.23428749999999998
vt 0.4503125 0.23428749999999998
vt 0.4446875 0.3125
vt 0.3769375 0.3125
vt 0.375 0.23428749999999998
vt 0.4541875 0.23428749999999998
vt 0.45225 0.3125
vt 0.375 0.3125
vt 0.3769375 0.23428749999999998
vt 0.45225 0.23428749999999998
vt 0.4541875 0.3125
vt 0.375 0.3125
vt 0.380625 0.23428749999999998
vt 0.4446875 0.23428749999999998
vt 0.4503125 0.3125
vt 0.375 0.3125
vt 0.38375625 0.23428749999999998
vt 0.43030625 0.23428749999999998
vt 0.4390625 0.3125
vt 0.375 0.3125
vt 0.3860375 0.23428749999999998
vt 0.4105125 0.23428749999999998
vt 0.42155 0.3125
vt 0.399475 0.3125
vt 0.375 0.3125
vt 0.3872375 0.23428749999999998
vn -0.1487748229437803 0.9876888108927864 0.04834113047127461
vn -0.4317723675336965 0.8910053131240778 0.14029310253540903
vn -0.6724985202038026 0.7071069239193174 0.2185075249712391
vn -0.8473951004630522 0.45399287105251734 0.27533982048498895
vn -0.9393473063068131 0.15643184840357788 0.3052142115616091
vn -0.9393463840649285 -0.1564317744953142 0.30521708777915924
vn -0.8473964432389866 -0.4539931805366022 0.2753351775784843
vn -0.6724978034023676 -0.7071066810231234 0.2185105170728711
vn -0.4317720249972698 -0.8910051972705885 0.14029489251771318
vn -0.1487748229437803 -0.9876888108927864 0.048341130471274606
vn -0.1265568206262277 0.9876888547958224 0.09194616503747213
vn -0.3672887282627382 0.8910054944253062 0.2668486443567892
vn -0.5720598497974069 0.7071082888384052 0.4156265103500873
vn -0.7208438070311047 0.4539891047149679 0.5237156658579208
vn -0.7990544166271613 0.1564351794882889 0.5805515256091347
vn -0.7990607525869794 -0.15643544467122875 0.5805427334190353
vn -0.7208397653681956 -0.45398864345270656 0.5237216286157143
vn -0.5720616228603927 -0.7071085569426661 0.4156236138007491
vn -0.36729098403591665 -0.8910057917483732 0.2668445467248349
vn -0.1265568206262277 -0.9876888547958224 0.09194616503747215
vn -0.09194616503747322 0.9876888547958224 0.1265568206262268
vn -0.26684940479985786 0.8910048352218148 0.36728977493160386
vn -0.41562734774107063 0.707106864188549 0.5720610023652725
vn -0.5237140922081792 0.453994359154212 0.7208416410548987
vn -0.5805524851097935 0.15642487267275074 0.7990557372562674
vn -0.5805437422791726 -0.15642460747977002 0.7990621411850856
vn -0.5237197786553107 -0.45399482042854744 0.720837219120436
vn -0.4156247663650282 -0.7071065960768469 0.5720632092423273
vn -0.2668459931582709 -0.8910045378643892 0.367292974940227
vn -0.0919461650374732 -0.9876888547958222 0.12655682062622675
vn -0.04834113047127166 0.9876888108927864 0.14877482294378136
vn -0.14029294676315907 0.891005569969159 0.4317718881220076
vn -0.2185071261278458 0.7071082146033835 0.6724972926873127
vn -0.27534037559543156 0.4539893455254349 0.8473968088896455
vn -0.3052140709668128 0.15643472100555064 0.939346873603027
vn -0.3052169399477719 -0.1564347949252089 0.9393459290940832
vn -0.275335830136111 -0.45398903604967344 0.8473984516093636
vn -0.2185099681048317 -0.7071084574969436 0.6724961138736183
vn -0.14029459622132195 -0.891005685812903 0.4317711131145467
vn -0.04834113047127166 -0.9876888108927864 0.14877482294378136
vn 0 0.9876888659344842 0.15643114814209053
vn 0 0.8910054067840733 0.45399269276228243
vn 0 0.7071067811865468 0.7071067811865482
vn 0 0.45399269276228194 0.8910054067840735
vn 0 0.15643114814209308 0.9876888659344837
vn 0 -0.15643114814209308 0.9876888659344837
vn 0 -0.45399269276228194 0.8910054067840735
vn 0 -0.7071067811865468 0.7071067811865482
vn 0 -0.8910054067840734 0.4539926927622826
vn 0 -0.9876888659344842 0.15643114814209053
vn 0.048341130471271414 0.9876888108927863 0.14877482294378136
vn 0.14029310253540853 0.8910053131240785 0.4317723675336949
vn 0.21850752497123652 0.7071069239193161 0.6724985202038049
vn 0.27533982048498623 0.4539928710525176 0.8473951004630532
vn 0.3052142115616107 0.15643184840358007 0.9393473063068122
vn 0.30521708777915607 -0.1564317744953165 0.9393463840649292
vn 0.2753351775784806 -0.4539931805366024 0.8473964432389874
vn 0.21851051707287164 -0.7071066810231218 0.6724978034023692
vn 0.14029489251770316 -0.8910051972705899 0.43177202499727024
vn 0.04834113047127142 -0.9876888108927863 0.14877482294378136
vn 0.09194616503747353 0.9876888547958225 0.12655682062622642
vn 0.26684864435678896 0.8910054944253056 0.36728872826273967
vn 0.4156265103500884 0.7071082888384055 0.5720598497974054
vn 0.5237156658579213 0.4539891047149673 0.7208438070311048
vn 0.5805515256091318 0.1564351794882868 0.799054416627164
vn 0.5805427334190358 -0.1564354446712265 0.7990607525869795
vn 0.5237216286157164 -0.4539886434527059 0.7208397653681946
vn 0.41562361380074747 -0.7071085569426666 0.5720616228603932
vn 0.26684454672484026 -0.8910057917483724 0.36729098403591504
vn 0.09194616503747355 -0.9876888547958225 0.12655682062622645
vn 0.12655682062622772 0.9876888547958224 0.09194616503747208
vn 0.3672897749316035 0.8910048352218148 0.2668494047998582
vn 0.5720610023652727 0.7071068641885487 0.4156273477410709
vn 0.7208416410548995 0.45399435915421266 0.5237140922081773
vn 0.799055737256267 0.1564248726727506 0.5805524851097937
vn 0.7990621411850869 -0.15642460747976986 0.5805437422791709
vn 0.7208372191204353 -0.45399482042854833 0.5237197786553107
vn 0.5720632092423271 -0.7071065960768466 0.415624766365029
vn 0.36729297494022994 -0.8910045378643892 0.2668459931582678
vn 0.12655682062622772 -0.9876888547958224 0.09194616503747208
vn 0.1487748229437806 0.9876888108927863 0.048341130471273995
vn 0.4317718881220069 0.8910055699691598 0.14029294676315657
vn 0.6724972926873128 0.7071082146033829 0.21850712612784706
vn 0.8473968088896446 0.4539893455254339 0.2753403755954351
vn 0.9393468736030266 0.15643472100555325 0.30521407096681225
vn 0.9393459290940813 -0.1564347949252116 0.30521693994777566
vn 0.8473984516093636 -0.4539890360496725 0.2753358301361125
vn 0.6724961138736201 -0.7071084574969428 0.2185099681048289
vn 0.43177111311454197 -0.8910056858129043 0.14029459622132812
vn 0.1487748229437806 -0.9876888108927863 0.048341130471273995
vn 0.1564311481420903 0.9876888659344842 0
vn 0.4539926927622837 0.8910054067840728 -2.38233093397207e-16
vn 0.7071067811865469 0.7071067811865482 -3.461692958921135e-16
vn 0.8910054067840731 0.4539926927622831 -2.9446911960981706e-16
vn 0.9876888659344842 0.1564311481420903 0
vn 0.9876888659344841 -0.15643114814209028 -3.6808545387472163e-16
vn 0.891005406784073 -0.453992692762283 -4.327137360949951e-16
vn 0.7071067811865468 -0.7071067811865482 -3.573478924416143e-16
vn 0.45399269276228366 -0.8910054067840728 0
vn 0.1564311481420903 -0.9876888659344842 0
vn 0.1487748229437806 0.9876888108927864 -0.048341130471274085
vn 0.43177236753369685 0.8910053131240778 -0.14029310253540697
vn 0.6724985202038029 0.7071069239193174 -0.21850752497123785
vn 0.8473951004630514 0.45399287105251834 -0.2753398204849899
vn 0.9393473063068124 0.15643184840357816 -0.305214211561611
vn 0.9393463840649282 -0.1564317744953145 -0.30521708777916057
vn 0.8473964432389864 -0.4539931805366034 -0.2753351775784828
vn 0.6724978034023684 -0.7071066810231236 -0.21851051707286792
vn 0.4317720249972702 -0.8910051972705886 -0.1402948925177115
vn 0.1487748229437806 -0.9876888108927864 -0.048341130471274085
vn 0.12655682062622772 0.9876888547958224 -0.09194616503747212
vn 0.3672887282627378 0.8910054944253064 -0.26684864435678907
vn 0.5720598497974068 0.7071082888384045 -0.41562651035008835
vn 0.7208438070311057 0.45398910471496706 -0.5237156658579202
vn 0.7990544166271628 0.15643517948828872 -0.5805515256091327
vn 0.7990607525869801 -0.1564354446712285 -0.5805427334190344
vn 0.7208397653681953 -0.45398864345270556 -0.5237216286157156
vn 0.5720616228603932 -0.7071085569426655 -0.41562361380074964
vn 0.3672909840359164 -0.8910057917483737 -0.26684454672483426
vn 0.12655682062622772 -0.9876888547958224 -0.09194616503747212
vn 0.09194616503747352 0.9876888547958225 -0.1265568206262265
vn 0.26684940479985725 0.891004835221815 -0.3672897749316039
vn 0.4156273477410721 0.7071068641885483 -0.5720610023652721
vn 0.5237140922081789 0.45399435915421266 -0.7208416410548986
vn 0.5805524851097927 0.1564248726727515 -0.7990557372562677
vn 0.5805437422791724 -0.15642460747977083 -0.7990621411850855
vn 0.5237197786553119 -0.4539948204285481 -0.7208372191204345
vn 0.415624766365028 -0.707106596076846 -0.5720632092423285
vn 0.26684599315827157 -0.8910045378643895 -0.367292974940226
vn 0.0919461650374735 -0.9876888547958225 -0.1265568206262265
vn 0.04834113047127143 0.9876888108927863 -0.1487748229437814
vn 0.1402929467631591 0.8910055699691589 -0.43177188812200784
vn 0.218507126127845 0.7071082146033836 -0.6724972926873128
vn 0.2753403755954312 0.4539893455254344 -0.8473968088896456
vn 0.3052140709668128 0.15643472100555061 -0.9393468736030268
vn 0.30521693994777144 -0.15643479492520884 -0.9393459290940832
vn 0.27533583013611007 -0.453989036049673 -0.8473984516093642
vn 0.21850996810483161 -0.707108457496944 -0.6724961138736181
vn 0.14029459622132145 -0.8910056858129031 -0.43177111311454713
vn 0.04834113047127142 -0.9876888108927863 -0.14877482294378136
vn 0 0.9876888659344842 -0.15643114814209053
vn 0 0.8910054067840733 -0.45399269276228243
vn 0 0.7071067811865468 -0.7071067811865483
vn 0 0.45399269276228194 -0.8910054067840735
vn 0 0.15643114814209308 -0.9876888659344837
vn 0 -0.15643114814209305 -0.9876888659344837
vn 0 -0.45399269276228194 -0.8910054067840735
vn 0 -0.7071067811865469 -0.7071067811865482
vn 0 -0.8910054067840734 -0.4539926927622826
vn 0 -0.9876888659344842 -0.15643114814209053
vn -0.04834113047127165 0.9876888108927864 -0.14877482294378133
vn -0.14029310253540855 0.8910053131240787 -0.43177236753369497
vn -0.21850752497123715 0.7071069239193161 -0.6724985202038044
vn -0.27533982048498656 0.4539928710525175 -0.8473951004630529
vn -0.3052142115616107 0.1564318484035796 -0.9393473063068121
vn -0.30521708777915646 -0.15643177449531603 -0.9393463840649291
vn -0.2753351775784816 -0.45399318053660237 -0.8473964432389872
vn -0.21851051707287156 -0.7071066810231219 -0.6724978034023689
vn -0.14029489251770383 -0.89100519727059 -0.43177202499727024
vn -0.04834113047127164 -0.9876888108927864 -0.14877482294378133
vn -0.09194616503747324 0.9876888547958224 -0.12655682062622675
vn -0.2668486443567893 0.8910054944253057 -0.3672887282627391
vn -0.4156265103500875 0.7071082888384052 -0.5720598497974066
vn -0.5237156658579211 0.4539891047149679 -0.7208438070311045
vn -0.5805515256091325 0.15643517948828678 -0.7990544166271634
vn -0.5805427334190358 -0.15643544467122644 -0.7990607525869794
vn -0.5237216286157147 -0.4539886434527066 -0.7208397653681954
vn -0.4156236138007485 -0.7071085569426662 -0.5720616228603932
vn -0.26684454672483904 -0.8910057917483727 -0.3672909840359154
vn -0.09194616503747322 -0.9876888547958224 -0.12655682062622672
vn -0.1265568206262277 0.9876888547958224 -0.0919461650374721
vn -0.3672897749316039 0.8910048352218148 -0.26684940479985847
vn -0.5720610023652724 0.7071068641885496 -0.41562734774106946
vn -0.7208416410548992 0.4539943591542119 -0.5237140922081785
vn -0.7990557372562658 0.15642487267274957 -0.580552485109796
vn -0.7990621411850862 -0.1564246074797688 -0.5805437422791719
vn -0.7208372191204365 -0.4539948204285473 -0.5237197786553099
vn -0.5720632092423263 -0.7071065960768478 -0.41562476636502826
vn -0.3672929749402302 -0.8910045378643887 -0.26684599315826807
vn -0.1265568206262277 -0.9876888547958224 -0.09194616503747209
vn -0.14877482294378033 0.9876888108927864 -0.048341130471274536
vn -0.43177188812200673 0.8910055699691597 -0.14029294676315876
vn -0.6724972926873117 0.7071082146033837 -0.218507126127848
vn -0.8473968088896445 0.4539893455254349 -0.2753403755954338
vn -0.9393468736030272 0.15643472100555356 -0.3052140709668107
vn -0.9393459290940818 -0.15643479492521192 -0.3052169399477743
vn -0.8473984516093627 -0.4539890360496738 -0.2753358301361138
vn -0.6724961138736182 -0.7071084574969437 -0.2185099681048317
vn -0.4317711131145418 -0.8910056858129042 -0.14029459622132967
vn -0.1487748229437803 -0.9876888108927864 -0.04834113047127453
vn -0.15643114814209008 0.9876888659344842 0
vn -0.4539926927622837 0.8910054067840728 2.38233093397207e-16
vn -0.7071067811865469 0.7071067811865482 3.461692958921135e-16
vn -0.8910054067840735 0.45399269276228194 3.6808639951227145e-16
vn -0.9876888659344842 0.1564311481420903 3.500687068269334e-16
vn -0.9876888659344841 -0.15643114814209028 3.6808545387472163e-16
vn -0.8910054067840737 -0.45399269276228194 3.4617098887599635e-16
vn -0.7071067811865468 -0.7071067811865482 3.573478924416143e-16
vn -0.45399269276228366 -0.8910054067840728 0
vn -0.15643114814209008 -0.9876888659344842 0
usemtl m_ed51acd0-43ba-125b-d4ef-a14d1d12254d
f 1/1/1 2/2/1 3/3/1
f 1/4/2 4/5/2 5/6/2 2/7/2
f 4/8/3 6/9/3 7/10/3 5/11/3
f 6/12/4 8/13/4 9/14/4 7/15/4
f 8/16/5 10/17/5 11/18/5 9/19/5
f 10/20/6 12/21/6 13/22/6 11/23/6
f 12/24/7 14/25/7 15/26/7 13/27/7
f 14/28/8 16/29/8 17/30/8 15/31/8
f 16/32/9 18/33/9 19/34/9 17/35/9
f 19/36/10 18/37/10 20/38/10
f 2/39/11 21/40/11 3/41/11
f 2/42/12 5/43/12 22/44/12 21/45/12
f 5/46/13 7/47/13 23/48/13 22/49/13
f 7/50/14 9/51/14 24/52/14 23/53/14
f 9/54/15 11/55/15 25/56/15 24/57/15
f 11/58/16 13/59/16 26/60/16 25/61/16
f 13/62/17 15/63/17 27/64/17 26/65/17
f 15/66/18 17/67/18 28/68/18 27/69/18
f 17/70/19 19/71/19 29/72/19 28/73/19
f 29/74/20 19/75/20 20/76/20
f 21/77/21 30/78/21 3/79/21
f 21/80/22 22/81/22 31/82/22 30/83/22
f 22/84/23 23/85/23 32/86/23 31/87/23
f 23/88/24 24/89/24 33/90/24 32/91/24
f 24/92/25 25/93/25 34/94/25 33/95/25
f 25/96/26 26/97/26 35/98/26 34/99/26
f 26/100/27 27/101/27 36/102/27 35/103/27
f 27/104/28 28/105/28 37/106/28 36/107/28
f 28/108/29 29/109/29 38/110/29 37/111/29
f 38/112/30 29/113/30 20/114/30
f 30/115/31 39/116/31 3/117/31
f 30/118/32 31/119/32 40/120/32 39/121/32
f 31/122/33 32/123/33 41/124/33 40/125/33
f 32/126/34 33/127/34 42/128/34 41/129/34
f 33/130/35 34/131/35 43/132/35 42/133/35
f 34/134/36 35/135/36 44/136/36 43/137/36
f 35/138/37 36/139/37 45/140/37 44/141/37
f 36/142/38 37/143/38 46/144/38 45/145/38
f 37/146/39 38/147/39 47/148/39 46/149/39
f 47/150/40 38/151/40 20/152/40
f 39/153/41 48/154/41 3/155/41
f 39/156/42 40/157/42 49/158/42 48/159/42
f 40/160/43 41/161/43 50/162/43 49/163/43
f 41/164/44 42/165/44 51/166/44 50/167/44
f 42/168/45 43/169/45 52/170/45 51/171/45
f 43/172/46 44/173/46 53/174/46 52/175/46
f 44/176/47 45/177/47 54/178/47 53/179/47
f 45/180/48 46/181/48 55/182/48 54/183/48
f 46/184/49 47/185/49 56/186/49 55/187/49
f 56/188/50 47/189/50 20/190/50
f 48/191/51 57/192/51 3/193/51
f 48/194/52 49/195/52 58/196/52 57/197/52
f 49/198/53 50/199/53 59/200/53 58/201/53
f 50/202/54 51/203/54 60/204/54 59/205/54
f 51/206/55 52/207/55 61/208/55 60/209/55
f 52/210/56 53/211/56 62/212/56 61/213/56
f 53/214/57 54/215/57 63/216/57 62/217/57
f 54/218/58 55/219/58 64/220/58 63/221/58
f 55/222/59 56/223/59 65/224/59 64/225/59
f 65/226/60 56/227/60 20/228/60
f 57/229/61 66/230/61 3/231/61
f 57/232/62 58/233/62 67/234/62 66/235/62
f 58/236/63 59/237/63 68/238/63 67/239/63
f 59/240/64 60/241/64 69/242/64 68/243/64
f 60/244/65 61/245/65 70/246/65 69/247/65
f 61/248/66 62/249/66 71/250/66 70/251/66
f 62/252/67 63/253/67 72/254/67 71/255/67
f 63/256/68 64/257/68 73/258/68 72/259/68
f 64/260/69 65/261/69 74/262/69 73/263/69
f 74/264/70 65/265/70 20/266/70
f 66/267/71 75/268/71 3/269/71
f 66/270/72 67/271/72 76/272/72 75/273/72
f 67/274/73 68/275/73 77/276/73 76/277/73
f 68/278/74 69/279/74 78/280/74 77/281/74
f 69/282/75 70/283/75 79/284/75 78/285/75
f 70/286/76 71/287/76 80/288/76 79/289/76
f 71/290/77 72/291/77 81/292/77 80/293/77
f 72/294/78 73/295/78 82/296/78 81/297/78
f 73/298/79 74/299/79 83/300/79 82/301/79
f 83/302/80 74/303/80 20/304/80
f 75/305/81 84/306/81 3/307/81
f 75/308/82 76/309/82 85/310/82 84/311/82
f 76/312/83 77/313/83 86/314/83 85/315/83
f 77/316/84 78/317/84 87/318/84 86/319/84
f 78/320/85 79/321/85 88/322/85 87/323/85
f 79/324/86 80/325/86 89/326/86 88/327/86
f 80/328/87 81/329/87 90/330/87 89/331/87
f 81/332/88 82/333/88 91/334/88 90/335/88
f 82/336/89 83/337/89 92/338/89 91/339/89
f 92/340/90 83/341/90 20/342/90
f 84/343/91 93/344/91 3/345/91
f 84/346/92 85/347/92 94/348/92 93/349/92
f 85/350/93 86/351/93 95/352/93 94/353/93
f 86/354/94 87/355/94 96/356/94 95/357/94
f 87/358/95 88/359/95 97/360/95 96/361/95
f 88/362/96 89/363/96 98/364/96 97/365/96
f 89/366/97 90/367/97 99/368/97 98/369/97
f 90/370/98 91/371/98 100/372/98 99/373/98
f 91/374/99 92/375/99 101/376/99 100/377/99
f 101/378/100 92/379/100 20/380/100
f 93/381/101 102/382/101 3/383/101
f 93/384/102 94/385/102 103/386/102 102/387/102
f 94/388/103 95/389/103 104/390/103 103/391/103
f 95/392/104 96/393/104 105/394/104 104/395/104
f 96/396/105 97/397/105 106/398/105 105/399/105
f 97/400/106 98/401/106 107/402/106 106/403/106
f 98/404/107 99/405/107 108/406/107 107/407/107
f 99/408/108 100/409/108 109/410/108 108/411/108
f 100/412/109 101/413/109 110/414/109 109/415/109
f 110/416/110 101/417/110 20/418/110
f 102/419/111 111/420/111 3/421/111
f 102/422/112 103/423/112 112/424/112 111/425/112
f 103/426/113 104/427/113 113/428/113 112/429/113
f 104/430/114 105/431/114 114/432/114 113/433/114
f 105/434/115 106/435/115 115/436/115 114/437/115
f 106/438/116 107/439/116 116/440/116 115/441/116
f 107/442/117 108/443/117 117/444/117 116/445/117
f 108/446/118 109/447/118 118/448/118 117/449/118
f 109/450/119 110/451/119 119/452/119 118/453/119
f 119/454/120 110/455/120 20/456/120
f 111/457/121 120/458/121 3/459/121
f 111/460/122 112/461/122 121/462/122 120/463/122
f 112/464/123 113/465/123 122/466/123 121/467/123
f 113/468/124 114/469/124 123/470/124 122/471/124
f 114/472/125 115/473/125 124/474/125 123/475/125
f 115/476/126 116/477/126 125/478/126 124/479/126
f 116/480/127 117/481/127 126/482/127 125/483/127
f 117/484/128 118/485/128 127/486/128 126/487/128
f 118/488/129 119/489/129 128/490/129 127/491/129
f 128/492/130 119/493/130 20/494/130
f 120/495/131 129/496/131 3/497/131
f 120/498/132 121/499/132 130/500/132 129/501/132
f 121/502/133 122/503/133 131/504/133 130/505/133
f 122/506/134 123/507/134 132/508/134 131/509/134
f 123/510/135 124/511/135 133/512/135 132/513/135
f 124/514/136 125/515/136 134/516/136 133/517/136
f 125/518/137 126/519/137 135/520/137 134/521/137
f 126/522/138 127/523/138 136/524/138 135/525/138
f 127/526/139 128/527/139 137/528/139 136/529/139
f 137/530/140 128/531/140 20/532/140
f 129/533/141 138/534/141 3/535/141
f 129/536/142 130/537/142 139/538/142 138/539/142
f 130/540/143 131/541/143 140/542/143 139/543/143
f 131/544/144 132/545/144 141/546/144 140/547/144
f 132/548/145 133/549/145 142/550/145 141/551/145
f 133/552/146 134/553/146 143/554/146 142/555/146
f 134/556/147 135/557/147 144/558/147 143/559/147
f 135/560/148 136/561/148 145/562/148 144/563/148
f 136/564/149 137/565/149 146/566/149 145/567/149
f 146/568/150 137/569/150 20/570/150
f 138/571/151 147/572/151 3/573/151
f 138/574/152 139/575/152 148/576/152 147/577/152
f 139/578/153 140/579/153 149/580/153 148/581/153
f 140/582/154 141/583/154 150/584/154 149/585/154
f 141/586/155 142/587/155 151/588/155 150/589/155
f 142/590/156 143/591/156 152/592/156 151/593/156
f 143/594/157 144/595/157 153/596/157 152/597/157
f 144/598/158 145/599/158 154/600/158 153/601/158
f 145/602/159 146/603/159 155/604/159 154/605/159
f 155/606/160 146/607/160 20/608/160
f 147/609/161 156/610/161 3/611/161
f 147/612/162 148/613/162 157/614/162 156/615/162
f 148/616/163 149/617/163 158/618/163 157/619/163
f 149/620/164 150/621/164 159/622/164 158/623/164
f 150/624/165 151/625/165 160/626/165 159/627/165
f 151/628/166 152/629/166 161/630/166 160/631/166
f 152/632/167 153/633/167 162/634/167 161/635/167
f 153/636/168 154/637/168 163/638/168 162/639/168
f 154/640/169 155/641/169 164/642/169 163/643/169
f 164/644/170 155/645/170 20/646/170
f 156/647/171 165/648/171 3/649/171
f 156/650/172 157/651/172 166/652/172 165/653/172
f 157/654/173 158/655/173 167/656/173 166/657/173
f 158/658/174 159/659/174 168/660/174 167/661/174
f 159/662/175 160/663/175 169/664/175 168/665/175
f 160/666/176 161/667/176 170/668/176 169/669/176
f 161/670/177 162/671/177 171/672/177 170/673/177
f 162/674/178 163/675/178 172/676/178 171/677/178
f 163/678/179 164/679/179 173/680/179 172/681/179
f 173/682/180 164/683/180 20/684/180
f 165/685/181 174/686/181 3/687/181
f 165/688/182 166/689/182 175/690/182 174/691/182
f 166/692/183 167/693/183 176/694/183 175/695/183
f 167/696/184 168/697/184 177/698/184 176/699/184
f 168/700/185 169/701/185 178/702/185 177/703/185
f 169/704/186 170/705/186 179/706/186 178/707/186
f 170/708/187 171/709/187 180/710/187 179/711/187
f 171/712/188 172/713/188 181/714/188 180/715/188
f 172/716/189 173/717/189 182/718/189 181/719/189
f 182/720/190 173/721/190 20/722/190
f 174/723/191 1/724/191 3/725/191
f 174/726/192 175/727/192 4/728/192 1/729/192
f 175/730/193 176/731/193 6/732/193 4/733/193
f 176/734/194 177/735/194 8/736/194 6/737/194
f 177/738/195 178/739/195 10/740/195 8/741/195
f 178/742/196 179/743/196 12/744/196 10/745/196
f 179/746/197 180/747/197 14/748/197 12/749/197
f 180/750/198 181/751/198 16/752/198 14/753/198
f 181/754/199 182/755/199 18/756/199 16/757/199
f 18/758/200 182/759/200 20/760/200
o light
v 0.9184856250000001 -0.29348562499999997 0.07725437500000115
v 0.9417599999999998 -0.29348562499999997 0.06969187500000104
v 0.90625 -0.28125 1.0375814790686277e-15
v 0.9295237499999998 -0.328995625 0.1469462500000011
v 0.9737937499999999 -0.328995625 0.13256187500000105
v 0.9382837499999999 -0.38430374999999994 0.20225437500000118
v 0.9992162499999997 -0.38430374999999994 0.18245625000000112
v 0.9439081249999999 -0.453995625 0.2377643750000011
v 1.0155381249999997 -0.453995625 0.21449000000000124
v 0.9458462499999999 -0.53125 0.2500000000000011
v 1.0211624999999998 -0.53125 0.22552812500000124
v 0.9439081249999999 -0.608504375 0.2377643750000011
v 1.0155381249999997 -0.608504375 0.21449000000000124
v 0.9382837499999999 -0.6781962500000001 0.20225437500000118
v 0.9992162499999997 -0.6781962500000001 0.18245625000000112
v 0.9295237499999998 -0.733504375 0.1469462500000011
v 0.9737937499999999 -0.733504375 0.13256187500000105
v 0.9184856250000001 -0.769014375 0.07725437500000115
v 0.9417599999999998 -0.769014375 0.06969187500000104
v 0.90625 -0.78125 1.0375814790686277e-15
v 0.9615581249999997 -0.29348562499999997 0.055308125000001145
v 1.011451875 -0.328995625 0.10520187500000104
v 1.0510481249999997 -0.38430374999999994 0.1447981250000013
v 1.0764706249999996 -0.453995625 0.17022062500000124
v 1.08523 -0.53125 0.17898000000000117
v 1.0764706249999996 -0.608504375 0.17022062500000124
v 1.0510481249999997 -0.6781962500000001 0.1447981250000013
v 1.011451875 -0.733504375 0.10520187500000104
v 0.9615581249999997 -0.769014375 0.055308125000001145
v 0.9759418750000002 -0.29348562499999997 0.03551000000000105
v 1.038811875 -0.328995625 0.06754375000000121
v 1.08870625 -0.38430374999999994 0.09296625000000117
v 1.1207399999999998 -0.453995625 0.10928812500000123
v 1.1317781249999996 -0.53125 0.11491250000000126
v 1.1207399999999998 -0.608504375 0.10928812500000123
v 1.08870625 -0.6781962500000001 0.09296625000000117
v 1.038811875 -0.733504375 0.06754375000000121
v 0.9759418750000002 -0.769014375 0.03551000000000105
v 0.9835043749999999 -0.29348562499999997 0.012235625000001098
v 1.05319625 -0.328995625 0.02327375000000119
v 1.1085043749999999 -0.38430374999999994 0.03203375000000135
v 1.1440143749999998 -0.453995625 0.03765812500000141
v 1.15625 -0.53125 0.039596250000001325
v 1.1440143749999998 -0.608504375 0.03765812500000141
v 1.1085043749999999 -0.6781962500000001 0.03203375000000135
v 1.05319625 -0.733504375 0.02327375000000119
v 0.9835043749999999 -0.769014375 0.012235625000001098
v 0.9835043749999999 -0.29348562499999997 -0.012235624999998846
v 1.05319625 -0.328995625 -0.023273749999998775
v 1.1085043749999999 -0.38430374999999994 -0.0320337499999987
v 1.1440143749999998 -0.453995625 -0.037658124999998675
v 1.15625 -0.53125 -0.039596249999998674
v 1.1440143749999998 -0.608504375 -0.037658124999998675
v 1.1085043749999999 -0.6781962500000001 -0.0320337499999987
v 1.05319625 -0.733504375 -0.023273749999998775
v 0.9835043749999999 -0.769014375 -0.012235624999998846
v 0.9759418750000002 -0.29348562499999997 -0.035509999999998924
v 1.038811875 -0.328995625 -0.06754374999999882
v 1.08870625 -0.38430374999999994 -0.09296624999999878
v 1.1207400000000003 -0.453995625 -0.10928812499999868
v 1.131778125 -0.53125 -0.11491249999999868
v 1.1207400000000003 -0.608504375 -0.10928812499999868
v 1.08870625 -0.6781962500000001 -0.09296624999999878
v 1.038811875 -0.733504375 -0.06754374999999882
v 0.9759418750000002 -0.769014375 -0.035509999999998924
v 0.9615581249999999 -0.29348562499999997 -0.05530812499999894
v 1.0114518750000003 -0.328995625 -0.10520187499999885
v 1.051048125 -0.38430374999999994 -0.1447981249999988
v 1.076470625 -0.453995625 -0.1702206249999988
v 1.0852300000000004 -0.53125 -0.17897999999999878
v 1.076470625 -0.608504375 -0.1702206249999988
v 1.051048125 -0.6781962500000001 -0.1447981249999988
v 1.0114518750000003 -0.733504375 -0.10520187499999885
v 0.9615581249999999 -0.769014375 -0.05530812499999894
v 0.94176 -0.29348562499999997 -0.06969187499999888
v 0.9737937500000001 -0.328995625 -0.13256187499999894
v 0.9992162500000001 -0.38430374999999994 -0.18245624999999885
v 1.0155381250000002 -0.453995625 -0.2144899999999988
v 1.0211625000000002 -0.53125 -0.2255281249999988
v 1.0155381250000002 -0.608504375 -0.2144899999999988
v 0.9992162500000001 -0.6781962500000001 -0.18245624999999885
v 0.9737937500000001 -0.733504375 -0.13256187499999894
v 0.94176 -0.769014375 -0.06969187499999888
v 0.9184856250000003 -0.29348562499999997 -0.07725437499999893
v 0.9295237500000002 -0.328995625 -0.1469462499999989
v 0.9382837500000003 -0.38430374999999994 -0.2022543749999989
v 0.9439081250000003 -0.453995625 -0.23776437499999895
v 0.9458462500000006 -0.53125 -0.24999999999999892
v 0.9439081250000003 -0.608504375 -0.23776437499999895
v 0.9382837500000003 -0.6781962500000001 -0.2022543749999989
v 0.9295237500000002 -0.733504375 -0.1469462499999989
v 0.9184856250000003 -0.769014375 -0.07725437499999893
v 0.8940143749999999 -0.29348562499999997 -0.07725437499999896
v 0.8829762500000002 -0.328995625 -0.14694624999999895
v 0.8742162500000001 -0.38430374999999994 -0.202254374999999
v 0.8685918750000001 -0.453995625 -0.23776437499999903
v 0.8666537500000001 -0.53125 -0.249999999999999
v 0.8685918750000001 -0.608504375 -0.23776437499999903
v 0.8742162500000001 -0.6781962500000001 -0.202254374999999
v 0.8829762500000002 -0.733504375 -0.14694624999999895
v 0.8940143749999999 -0.769014375 -0.07725437499999896
v 0.8707400000000002 -0.29348562499999997 -0.06969187499999896
v 0.8387062500000001 -0.328995625 -0.13256187499999908
v 0.8132837500000003 -0.38430374999999994 -0.18245624999999904
v 0.7969618750000003 -0.453995625 -0.21448999999999904
v 0.7913375000000002 -0.53125 -0.22552812499999905
v 0.7969618750000003 -0.608504375 -0.21448999999999904
v 0.8132837500000003 -0.6781962500000001 -0.18245624999999904
v 0.8387062500000001 -0.733504375 -0.13256187499999908
v 0.8707400000000002 -0.769014375 -0.06969187499999896
v 0.8509418750000003 -0.29348562499999997 -0.05530812499999907
v 0.801048125 -0.328995625 -0.10520187499999908
v 0.7614518750000002 -0.38430374999999994 -0.14479812499999914
v 0.7360293750000004 -0.453995625 -0.17022062499999918
v 0.7272700000000001 -0.53125 -0.1789799999999992
v 0.7360293750000004 -0.608504375 -0.17022062499999918
v 0.7614518750000002 -0.6781962500000001 -0.14479812499999914
v 0.801048125 -0.733504375 -0.10520187499999908
v 0.8509418750000003 -0.769014375 -0.05530812499999907
v 0.8365581249999998 -0.29348562499999997 -0.035509999999999084
v 0.7736881250000002 -0.328995625 -0.06754374999999913
v 0.7237937500000001 -0.38430374999999994 -0.0929662499999992
v 0.69176 -0.453995625 -0.10928812499999917
v 0.6807218750000003 -0.53125 -0.1149124999999992
v 0.69176 -0.608504375 -0.10928812499999917
v 0.7237937500000001 -0.6781962500000001 -0.0929662499999992
v 0.7736881250000002 -0.733504375 -0.06754374999999913
v 0.8365581249999998 -0.769014375 -0.035509999999999084
v 0.8289956250000001 -0.29348562499999997 -0.012235624999999023
v 0.7593037499999999 -0.328995625 -0.02327374999999911
v 0.7039956250000001 -0.38430374999999994 -0.03203374999999917
v 0.6684856250000002 -0.453995625 -0.037658124999999223
v 0.65625 -0.53125 -0.03959624999999925
v 0.6684856250000002 -0.608504375 -0.037658124999999223
v 0.7039956250000001 -0.6781962500000001 -0.03203374999999917
v 0.7593037499999999 -0.733504375 -0.02327374999999911
v 0.8289956250000001 -0.769014375 -0.012235624999999023
v 0.8289956250000001 -0.29348562499999997 0.012235625000000921
v 0.7593037499999999 -0.328995625 0.023273750000000853
v 0.7039956250000001 -0.38430374999999994 0.03203375000000089
v 0.6684856250000002 -0.453995625 0.03765812500000086
v 0.65625 -0.53125 0.03959625000000075
v 0.6684856250000002 -0.608504375 0.03765812500000086
v 0.7039956250000001 -0.6781962500000001 0.03203375000000089
v 0.7593037499999999 -0.733504375 0.023273750000000853
v 0.8289956250000001 -0.769014375 0.012235625000000921
v 0.8365581249999998 -0.29348562499999997 0.03551000000000089
v 0.773688125 -0.328995625 0.0675437500000009
v 0.7237937499999999 -0.38430374999999994 0.09296625000000075
v 0.6917599999999998 -0.453995625 0.10928812500000075
v 0.680721875 -0.53125 0.11491250000000075
v 0.6917599999999998 -0.608504375 0.10928812500000075
v 0.7237937499999999 -0.6781962500000001 0.09296625000000075
v 0.773688125 -0.733504375 0.0675437500000009
v 0.8365581249999998 -0.769014375 0.03551000000000089
v 0.8509418750000001 -0.29348562499999997 0.05530812500000101
v 0.8010481249999998 -0.328995625 0.1052018750000008
v 0.761451875 -0.38430374999999994 0.14479812500000097
v 0.736029375 -0.453995625 0.17022062500000085
v 0.7272699999999996 -0.53125 0.17898000000000075
v 0.736029375 -0.608504375 0.17022062500000085
v 0.761451875 -0.6781962500000001 0.14479812500000097
v 0.8010481249999998 -0.733504375 0.1052018750000008
v 0.8509418750000001 -0.769014375 0.05530812500000101
v 0.87074 -0.29348562499999997 0.06969187500000096
v 0.8387062499999999 -0.328995625 0.1325618750000009
v 0.8132837499999999 -0.38430374999999994 0.18245625000000093
v 0.7969618749999998 -0.453995625 0.21449000000000099
v 0.7913374999999998 -0.53125 0.225528125000001
v 0.7969618749999998 -0.608504375 0.21449000000000099
v 0.8132837499999999 -0.6781962500000001 0.18245625000000093
v 0.8387062499999999 -0.733504375 0.1325618750000009
v 0.87074 -0.769014375 0.06969187500000096
v 0.8940143749999997 -0.29348562499999997 0.07725437500000112
v 0.8829762499999998 -0.328995625 0.14694625000000106
v 0.8742162499999997 -0.38430374999999994 0.2022543750000011
v 0.8685918749999997 -0.453995625 0.23776437500000103
v 0.8666537499999994 -0.53125 0.250000000000001
v 0.8685918749999997 -0.608504375 0.23776437500000103
v 0.8742162499999997 -0.6781962500000001 0.2022543750000011
v 0.8829762499999998 -0.733504375 0.14694625000000106
v 0.8940143749999997 -0.769014375 0.07725437500000112
vt 0.375 0.23428749999999998
vt 0.399475 0.23428749999999998
vt 0.3872375 0.3125
vt 0.3860375 0.3125
vt 0.375 0.23428749999999998
vt 0.42155 0.23428749999999998
vt 0.4105125 0.3125
vt 0.38375625 0.3125
vt 0.375 0.23428749999999998
vt 0.4390625 0.23428749999999998
vt 0.43030625 0.3125
vt 0.380625 0.3125
vt 0.375 0.23428749999999998
vt 0.4503125 0.23428749999999998
vt 0.4446875 0.3125
vt 0.3769375 0.3125
vt 0.375 0.23428749999999998
vt 0.4541875 0.23428749999999998
vt 0.45225 0.3125
vt 0.375 0.3125
vt 0.3769375 0.23428749999999998
vt 0.45225 0.23428749999999998
vt 0.4541875 0.3125
vt 0.375 0.3125
vt 0.380625 0.23428749999999998
vt 0.4446875 0.23428749999999998
vt 0.4503125 0.3125
vt 0.375 0.3125
vt 0.38375625 0.23428749999999998
vt 0.43030625 0.23428749999999998
vt 0.4390625 0.3125
vt 0.375 0.3125
vt 0.3860375 0.23428749999999998
vt 0.4105125 0.23428749999999998
vt 0.42155 0.3125
vt 0.399475 0.3125
vt 0.375 0.3125
vt 0.3872375 0.23428749999999998
vt 0.375 0.23428749999999998
vt 0.399475 0.23428749999999998
vt 0.3872375 0.3125
vt 0.3860375 0.3125
vt 0.375 0.23428749999999998
vt 0.42155 0.23428749999999998
vt 0.4105125 0.3125
vt 0.38375625 0.3125
vt 0.375 0.23428749999999998
vt 0.4390625 0.23428749999999998
vt 0.43030625 0.3125
vt 0.380625 0.3125
vt 0.375 0.23428749999999998
vt 0.4503125 0.23428749999999998
vt 0.4446875 0.3125
vt 0.3769375 0.3125
vt 0.375 0.23428749999999998
vt 0.4541875 0.23428749999999998
vt 0.45225 0.3125
vt 0.375 0.3125
vt 0.3769375 0.23428749999999998
vt 0.45225 0.23428749999999998
vt 0.4541875 0.3125
vt 0.375 0.3125
vt 0.380625 0.23428749999999998
vt 0.4446875 0.23428749999999998
vt 0.4503125 0.3125
vt 0.375 0.3125
vt 0.38375625 0.23428749999999998
vt 0.43030625 0.23428749999999998
vt 0.4390625 0.3125
vt 0.375 0.3125
vt 0.3860375 0.23428749999999998
vt 0.4105125 0.23428749999999998
vt 0.42155 0.3125
vt 0.399475 0.3125
vt 0.375 0.3125
vt 0.3872375 0.23428749999999998
vt 0.375 0.23428749999999998
vt 0.399475 0.23428749999999998
vt 0.3872375 0.3125
vt 0.3860375 0.3125
vt 0.375 0.23428749999999998
vt 0.42155 0.23428749999999998
vt 0.4105125 0.3125
vt 0.38375625 0.3125
vt 0.375 0.23428749999999998
vt 0.4390625 0.23428749999999998
vt 0.43030625 0.3125
vt 0.380625 0.3125
vt 0.375 0.23428749999999998
vt 0.4503125 0.23428749999999998
vt 0.4446875 0.3125
vt 0.3769375 0.3125
vt 0.375 0.23428749999999998
vt 0.4541875 0.23428749999999998
vt 0.45225 0.3125
vt 0.375 0.3125
vt 0.3769375 0.23428749999999998
vt 0.45225 0.23428749999999998
vt 0.4541875 0.3125
vt 0.375 0.3125
vt 0.380625 0.23428749999999998
vt 0.4446875 0.23428749999999998
vt 0.4503125 0.3125
vt 0.375 0.3125
vt 0.38375625 0.23428749999999998
vt 0.43030625 0.23428749999999998
vt 0.4390625 0.3125
vt 0.375 0.3125
vt 0.3860375 0.23428749999999998
vt 0.4105125 0.23428749999999998
vt 0.42155 0.3125
vt 0.399475 0.3125
vt 0.375 0.3125
vt 0.3872375 0.23428749999999998
vt 0.375 0.23428749999999998
vt 0.399475 0.23428749999999998
vt 0.3872375 0.3125
vt 0.3860375 0.3125
vt 0.375 0.23428749999999998
vt 0.42155 0.23428749999999998
vt 0.4105125 0.3125
vt 0.38375625 0.3125
vt 0.375 0.23428749999999998
vt 0.4390625 0.23428749999999998
vt 0.43030625 0.3125
vt 0.380625 0.3125
vt 0.375 0.23428749999999998
vt 0.4503125 0.23428749999999998
vt 0.4446875 0.3125
vt 0.3769375 0.3125
vt 0.375 0.23428749999999998
vt 0.4541875 0.23428749999999998
vt 0.45225 0.3125
vt 0.375 0.3125
vt 0.3769375 0.23428749999999998
vt 0.45225 0.23428749999999998
vt 0.4541875 0.3125
vt 0.375 0.3125
vt 0.380625 0.23428749999999998
vt 0.4446875 0.23428749999999998
vt 0.4503125 0.3125
vt 0.375 0.3125
vt 0.38375625 0.23428749999999998
vt 0.43030625 0.23428749999999998
vt 0.4390625 0.3125
vt 0.375 0.3125
vt 0.3860375 0.23428749999999998
vt 0.4105125 0.23428749999999998
vt 0.42155 0.3125
vt 0.399475 0.3125
vt 0.375 0.3125
vt 0.3872375 0.23428749999999998
vt 0.375 0.23428749999999998
vt 0.399475 0.23428749999999998
vt 0.3872375 0.3125
vt 0.3860375 0.3125
vt 0.375 0.23428749999999998
vt 0.42155 0.23428749999999998
vt 0.4105125 0.3125
vt 0.38375625 0.3125
vt 0.375 0.23428749999999998
vt 0.4390625 0.23428749999999998
vt 0.43030625 0.3125
vt 0.380625 0.3125
vt 0.375 0.23428749999999998
vt 0.4503125 0.23428749999999998
vt 0.4446875 0.3125
vt 0.3769375 0.3125
vt 0.375 0.23428749999999998
vt 0.4541875 0.23428749999999998
vt 0.45225 0.3125
vt 0.375 0.3125
vt 0.3769375 0.23428749999999998
vt 0.45225 0.23428749999999998
vt 0.4541875 0.3125
vt 0.375 0.3125
vt 0.380625 0.23428749999999998
vt 0.4446875 0.23428749999999998
vt 0.4503125 0.3125
vt 0.375 0.3125
vt 0.38375625 0.23428749999999998
vt 0.43030625 0.23428749999999998
vt 0.4390625 0.3125
vt 0.375 0.3125
vt 0.3860375 0.23428749999999998
vt 0.4105125 0.23428749999999998
vt 0.42155 0.3125
vt 0.399475 0.3125
vt 0.375 0.3125
vt 0.3872375 0.23428749999999998
vt 0.375 0.23428749999999998
vt 0.399475 0.23428749999999998
vt 0.3872375 0.3125
vt 0.3860375 0.3125
vt 0.375 0.23428749999999998
vt 0.42155 0.23428749999999998
vt 0.4105125 0.3125
vt 0.38375625 0.3125
vt 0.375 0.23428749999999998
vt 0.4390625 0.23428749999999998
vt 0.43030625 0.3125
vt 0.380625 0.3125
vt 0.375 0.23428749999999998
vt 0.4503125 0.23428749999999998
vt 0.4446875 0.3125
vt 0.3769375 0.3125
vt 0.375 0.23428749999999998
vt 0.4541875 0.23428749999999998
vt 0.45225 0.3125
vt 0.375 0.3125
vt 0.3769375 0.23428749999999998
vt 0.45225 0.23428749999999998
vt 0.4541875 0.3125
vt 0.375 0.3125
vt 0.380625 0.23428749999999998
vt 0.4446875 0.23428749999999998
vt 0.4503125 0.3125
vt 0.375 0.3125
vt 0.38375625 0.23428749999999998
vt 0.43030625 0.23428749999999998
vt 0.4390625 0.3125
vt 0.375 0.3125
vt 0.3860375 0.23428749999999998
vt 0.4105125 0.23428749999999998
vt 0.42155 0.3125
vt 0.399475 0.3125
vt 0.375 0.3125
vt 0.3872375 0.23428749999999998
vt 0.375 0.23428749999999998
vt 0.399475 0.23428749999999998
vt 0.3872375 0.3125
vt 0.3860375 0.3125
vt 0.375 0.23428749999999998
vt 0.42155 0.23428749999999998
vt 0.4105125 0.3125
vt 0.38375625 0.3125
vt 0.375 0.23428749999999998
vt 0.4390625 0.23428749999999998
vt 0.43030625 0.3125
vt 0.380625 0.3125
vt 0.375 0.23428749999999998
vt 0.4503125 0.23428749999999998
vt 0.4446875 0.3125
vt 0.3769375 0.3125
vt 0.375 0.23428749999999998
vt 0.4541875 0.23428749999999998
vt 0.45225 0.3125
vt 0.375 0.3125
vt 0.3769375 0.23428749999999998
vt 0.45225 0.23428749999999998
vt 0.4541875 0.3125
vt 0.375 0.3125
vt 0.380625 0.23428749999999998
vt 0.4446875 0.23428749999999998
vt 0.4503125 0.3125
vt 0.375 0.3125
vt 0.38375625 0.23428749999999998
vt 0.43030625 0.23428749999999998
vt 0.4390625 0.3125
vt 0.375 0.3125
vt 0.3860375 0.23428749999999998
vt 0.4105125 0.23428749999999998
vt 0.42155 0.3125
vt 0.399475 0.3125
vt 0.375 0.3125
vt 0.3872375 0.23428749999999998
vt 0.375 0.23428749999999998
vt 0.399475 0.23428749999999998
vt 0.3872375 0.3125
vt 0.3860375 0.3125
vt 0.375 0.23428749999999998
vt 0.42155 0.23428749999999998
vt 0.4105125 0.3125
vt 0.38375625 0.3125
vt 0.375 0.23428749999999998
vt 0.4390625 0.23428749999999998
vt 0.43030625 0.3125
vt 0.380625 0.3125
vt 0.375 0.23428749999999998
vt 0.4503125 0.23428749999999998
vt 0.4446875 0.3125
vt 0.3769375 0.3125
vt 0.375 0.23428749999999998
vt 0.4541875 0.23428749999999998
vt 0.45225 0.3125
vt 0.375 0.3125
vt 0.3769375 0.23428749999999998
vt 0.45225 0.23428749999999998
vt 0.4541875 0.3125
vt 0.375 0.3125
vt 0.380625 0.23428749999999998
vt 0.4446875 0.23428749999999998
vt 0.4503125 0.3125
vt 0.375 0.3125
vt 0.38375625 0.23428749999999998
vt 0.43030625 0.23428749999999998
vt 0.4390625 0.3125
vt 0.375 0.3125
vt 0.3860375 0.23428749999999998
vt 0.4105125 0.23428749999999998
vt 0.42155 0.3125
vt 0.399475 0.3125
vt 0.375 0.3125
vt 0.3872375 0.23428749999999998
vt 0.375 0.23428749999999998
vt 0.399475 0.23428749999999998
vt 0.3872375 0.3125
vt 0.3860375 0.3125
vt 0.375 0.23428749999999998
vt 0.42155 0.23428749999999998
vt 0.4105125 0.3125
vt 0.38375625 0.3125
vt 0.375 0.23428749999999998
vt 0.4390625 0.23428749999999998
vt 0.43030625 0.3125
vt 0.380625 0.3125
vt 0.375 0.23428749999999998
vt 0.4503125 0.23428749999999998
vt 0.4446875 0.3125
vt 0.3769375 0.3125
vt 0.375 0.23428749999999998
vt 0.4541875 0.23428749999999998
vt 0.45225 0.3125
vt 0.375 0.3125
vt 0.3769375 0.23428749999999998
vt 0.45225 0.23428749999999998
vt 0.4541875 0.3125
vt 0.375 0.3125
vt 0.380625 0.23428749999999998
vt 0.4446875 0.23428749999999998
vt 0.4503125 0.3125
vt 0.375 0.3125
vt 0.38375625 0.23428749999999998
vt 0.43030625 0.23428749999999998
vt 0.4390625 0.3125
vt 0.375 0.3125
vt 0.3860375 0.23428749999999998
vt 0.4105125 0.23428749999999998
vt 0.42155 0.3125
vt 0.399475 0.3125
vt 0.375 0.3125
vt 0.3872375 0.23428749999999998
vt 0.375 0.23428749999999998
vt 0.399475 0.23428749999999998
vt 0.3872375 0.3125
vt 0.3860375 0.3125
vt 0.375 0.23428749999999998
vt 0.42155 0.23428749999999998
vt 0.4105125 0.3125
vt 0.38375625 0.3125
vt 0.375 0.23428749999999998
vt 0.4390625 0.23428749999999998
vt 0.43030625 0.3125
vt 0.380625 0.3125
vt 0.375 0.23428749999999998
vt 0.4503125 0.23428749999999998
vt 0.4446875 0.3125
vt 0.3769375 0.3125
vt 0.375 0.23428749999999998
vt 0.4541875 0.23428749999999998
vt 0.45225 0.3125
vt 0.375 0.3125
vt 0.3769375 0.23428749999999998
vt 0.45225 0.23428749999999998
vt 0.4541875 0.3125
vt 0.375 0.3125
vt 0.380625 0.23428749999999998
vt 0.4446875 0.23428749999999998
vt 0.4503125 0.3125
vt 0.375 0.3125
vt 0.38375625 0.23428749999999998
vt 0.43030625 0.23428749999999998
vt 0.4390625 0.3125
vt 0.375 0.3125
vt 0.3860375 0.23428749999999998
vt 0.4105125 0.23428749999999998
vt 0.42155 0.3125
vt 0.399475 0.3125
vt 0.375 0.3125
vt 0.3872375 0.23428749999999998
vt 0.375 0.23428749999999998
vt 0.399475 0.23428749999999998
vt 0.3872375 0.3125
vt 0.3860375 0.3125
vt 0.375 0.23428749999999998
vt 0.42155 0.23428749999999998
vt 0.4105125 0.3125
vt 0.38375625 0.3125
vt 0.375 0.23428749999999998
vt 0.4390625 0.23428749999999998
vt 0.43030625 0.3125
vt 0.380625 0.3125
vt 0.375 0.23428749999999998
vt 0.4503125 0.23428749999999998
vt 0.4446875 0.3125
vt 0.3769375 0.3125
vt 0.375 0.23428749999999998
vt 0.4541875 0.23428749999999998
vt 0.45225 0.3125
vt 0.375 0.3125
vt 0.3769375 0.23428749999999998
vt 0.45225 0.23428749999999998
vt 0.4541875 0.3125
vt 0.375 0.3125
vt 0.380625 0.23428749999999998
vt 0.4446875 0.23428749999999998
vt 0.4503125 0.3125
vt 0.375 0.3125
vt 0.38375625 0.23428749999999998
vt 0.43030625 0.23428749999999998
vt 0.4390625 0.3125
vt 0.375 0.3125
vt 0.3860375 0.23428749999999998
vt 0.4105125 0.23428749999999998
vt 0.42155 0.3125
vt 0.399475 0.3125
vt 0.375 0.3125
vt 0.3872375 0.23428749999999998
vt 0.375 0.23428749999999998
vt 0.399475 0.23428749999999998
vt 0.3872375 0.3125
vt 0.3860375 0.3125
vt 0.375 0.23428749999999998
vt 0.42155 0.23428749999999998
vt 0.4105125 0.3125
vt 0.38375625 0.3125
vt 0.375 0.23428749999999998
vt 0.4390625 0.23428749999999998
vt 0.43030625 0.3125
vt 0.380625 0.3125
vt 0.375 0.23428749999999998
vt 0.4503125 0.23428749999999998
vt 0.4446875 0.3125
vt 0.3769375 0.3125
vt 0.375 0.23428749999999998
vt 0.4541875 0.23428749999999998
vt 0.45225 0.3125
vt 0.375 0.3125
vt 0.3769375 0.23428749999999998
vt 0.45225 0.23428749999999998
vt 0.4541875 0.3125
vt 0.375 0.3125
vt 0.380625 0.23428749999999998
vt 0.4446875 0.23428749999999998
vt 0.4503125 0.3125
vt 0.375 0.3125
vt 0.38375625 0.23428749999999998
vt 0.43030625 0.23428749999999998
vt 0.4390625 0.3125
vt 0.375 0.3125
vt 0.3860375 0.23428749999999998
vt 0.4105125 0.23428749999999998
vt 0.42155 0.3125
vt 0.399475 0.3125
vt 0.375 0.3125
vt 0.3872375 0.23428749999999998
vt 0.375 0.23428749999999998
vt 0.399475 0.23428749999999998
vt 0.3872375 0.3125
vt 0.3860375 0.3125
vt 0.375 0.23428749999999998
vt 0.42155 0.23428749999999998
vt 0.4105125 0.3125
vt 0.38375625 0.3125
vt 0.375 0.23428749999999998
vt 0.4390625 0.23428749999999998
vt 0.43030625 0.3125
vt 0.380625 0.3125
vt 0.375 0.23428749999999998
vt 0.4503125 0.23428749999999998
vt 0.4446875 0.3125
vt 0.3769375 0.3125
vt 0.375 0.23428749999999998
vt 0.4541875 0.23428749999999998
vt 0.45225 0.3125
vt 0.375 0.3125
vt 0.3769375 0.23428749999999998
vt 0.45225 0.23428749999999998
vt 0.4541875 0.3125
vt 0.375 0.3125
vt 0.380625 0.23428749999999998
vt 0.4446875 0.23428749999999998
vt 0.4503125 0.3125
vt 0.375 0.3125
vt 0.38375625 0.23428749999999998
vt 0.43030625 0.23428749999999998
vt 0.4390625 0.3125
vt 0.375 0.3125
vt 0.3860375 0.23428749999999998
vt 0.4105125 0.23428749999999998
vt 0.42155 0.3125
vt 0.399475 0.3125
vt 0.375 0.3125
vt 0.3872375 0.23428749999999998
vt 0.375 0.23428749999999998
vt 0.399475 0.23428749999999998
vt 0.3872375 0.3125
vt 0.3860375 0.3125
vt 0.375 0.23428749999999998
vt 0.42155 0.23428749999999998
vt 0.4105125 0.3125
vt 0.38375625 0.3125
vt 0.375 0.23428749999999998
vt 0.4390625 0.23428749999999998
vt 0.43030625 0.3125
vt 0.380625 0.3125
vt 0.375 0.23428749999999998
vt 0.4503125 0.23428749999999998
vt 0.4446875 0.3125
vt 0.3769375 0.3125
vt 0.375 0.23428749999999998
vt 0.4541875 0.23428749999999998
vt 0.45225 0.3125
vt 0.375 0.3125
vt 0.3769375 0.23428749999999998
vt 0.45225 0.23428749999999998
vt 0.4541875 0.3125
vt 0.375 0.3125
vt 0.380625 0.23428749999999998
vt 0.4446875 0.23428749999999998
vt 0.4503125 0.3125
vt 0.375 0.3125
vt 0.38375625 0.23428749999999998
vt 0.43030625 0.23428749999999998
vt 0.4390625 0.3125
vt 0.375 0.3125
vt 0.3860375 0.23428749999999998
vt 0.4105125 0.23428749999999998
vt 0.42155 0.3125
vt 0.399475 0.3125
vt 0.375 0.3125
vt 0.3872375 0.23428749999999998
vt 0.375 0.23428749999999998
vt 0.399475 0.23428749999999998
vt 0.3872375 0.3125
vt 0.3860375 0.3125
vt 0.375 0.23428749999999998
vt 0.42155 0.23428749999999998
vt 0.4105125 0.3125
vt 0.38375625 0.3125
vt 0.375 0.23428749999999998
vt 0.4390625 0.23428749999999998
vt 0.43030625 0.3125
vt 0.380625 0.3125
vt 0.375 0.23428749999999998
vt 0.4503125 0.23428749999999998
vt 0.4446875 0.3125
vt 0.3769375 0.3125
vt 0.375 0.23428749999999998
vt 0.4541875 0.23428749999999998
vt 0.45225 0.3125
vt 0.375 0.3125
vt 0.3769375 0.23428749999999998
vt 0.45225 0.23428749999999998
vt 0.4541875 0.3125
vt 0.375 0.3125
vt 0.380625 0.23428749999999998
vt 0.4446875 0.23428749999999998
vt 0.4503125 0.3125
vt 0.375 0.3125
vt 0.38375625 0.23428749999999998
vt 0.43030625 0.23428749999999998
vt 0.4390625 0.3125
vt 0.375 0.3125
vt 0.3860375 0.23428749999999998
vt 0.4105125 0.23428749999999998
vt 0.42155 0.3125
vt 0.399475 0.3125
vt 0.375 0.3125
vt 0.3872375 0.23428749999999998
vt 0.375 0.23428749999999998
vt 0.399475 0.23428749999999998
vt 0.3872375 0.3125
vt 0.3860375 0.3125
vt 0.375 0.23428749999999998
vt 0.42155 0.23428749999999998
vt 0.4105125 0.3125
vt 0.38375625 0.3125
vt 0.375 0.23428749999999998
vt 0.4390625 0.23428749999999998
vt 0.43030625 0.3125
vt 0.380625 0.3125
vt 0.375 0.23428749999999998
vt 0.4503125 0.23428749999999998
vt 0.4446875 0.3125
vt 0.3769375 0.3125
vt 0.375 0.23428749999999998
vt 0.4541875 0.23428749999999998
vt 0.45225 0.3125
vt 0.375 0.3125
vt 0.3769375 0.23428749999999998
vt 0.45225 0.23428749999999998
vt 0.4541875 0.3125
vt 0.375 0.3125
vt 0.380625 0.23428749999999998
vt 0.4446875 0.23428749999999998
vt 0.4503125 0.3125
vt 0.375 0.3125
vt 0.38375625 0.23428749999999998
vt 0.43030625 0.23428749999999998
vt 0.4390625 0.3125
vt 0.375 0.3125
vt 0.3860375 0.23428749999999998
vt 0.4105125 0.23428749999999998
vt 0.42155 0.3125
vt 0.399475 0.3125
vt 0.375 0.3125
vt 0.3872375 0.23428749999999998
vt 0.375 0.23428749999999998
vt 0.399475 0.23428749999999998
vt 0.3872375 0.3125
vt 0.3860375 0.3125
vt 0.375 0.23428749999999998
vt 0.42155 0.23428749999999998
vt 0.4105125 0.3125
vt 0.38375625 0.3125
vt 0.375 0.23428749999999998
vt 0.4390625 0.23428749999999998
vt 0.43030625 0.3125
vt 0.380625 0.3125
vt 0.375 0.23428749999999998
vt 0.4503125 0.23428749999999998
vt 0.4446875 0.3125
vt 0.3769375 0.3125
vt 0.375 0.23428749999999998
vt 0.4541875 0.23428749999999998
vt 0.45225 0.3125
vt 0.375 0.3125
vt 0.3769375 0.23428749999999998
vt 0.45225 0.23428749999999998
vt 0.4541875 0.3125
vt 0.375 0.3125
vt 0.380625 0.23428749999999998
vt 0.4446875 0.23428749999999998
vt 0.4503125 0.3125
vt 0.375 0.3125
vt 0.38375625 0.23428749999999998
vt 0.43030625 0.23428749999999998
vt 0.4390625 0.3125
vt 0.375 0.3125
vt 0.3860375 0.23428749999999998
vt 0.4105125 0.23428749999999998
vt 0.42155 0.3125
vt 0.399475 0.3125
vt 0.375 0.3125
vt 0.3872375 0.23428749999999998
vt 0.375 0.23428749999999998
vt 0.399475 0.23428749999999998
vt 0.3872375 0.3125
vt 0.3860375 0.3125
vt 0.375 0.23428749999999998
vt 0.42155 0.23428749999999998
vt 0.4105125 0.3125
vt 0.38375625 0.3125
vt 0.375 0.23428749999999998
vt 0.4390625 0.23428749999999998
vt 0.43030625 0.3125
vt 0.380625 0.3125
vt 0.375 0.23428749999999998
vt 0.4503125 0.23428749999999998
vt 0.4446875 0.3125
vt 0.3769375 0.3125
vt 0.375 0.23428749999999998
vt 0.4541875 0.23428749999999998
vt 0.45225 0.3125
vt 0.375 0.3125
vt 0.3769375 0.23428749999999998
vt 0.45225 0.23428749999999998
vt 0.4541875 0.3125
vt 0.375 0.3125
vt 0.380625 0.23428749999999998
vt 0.4446875 0.23428749999999998
vt 0.4503125 0.3125
vt 0.375 0.3125
vt 0.38375625 0.23428749999999998
vt 0.43030625 0.23428749999999998
vt 0.4390625 0.3125
vt 0.375 0.3125
vt 0.3860375 0.23428749999999998
vt 0.4105125 0.23428749999999998
vt 0.42155 0.3125
vt 0.399475 0.3125
vt 0.375 0.3125
vt 0.3872375 0.23428749999999998
vt 0.375 0.23428749999999998
vt 0.399475 0.23428749999999998
vt 0.3872375 0.3125
vt 0.3860375 0.3125
vt 0.375 0.23428749999999998
vt 0.42155 0.23428749999999998
vt 0.4105125 0.3125
vt 0.38375625 0.3125
vt 0.375 0.23428749999999998
vt 0.4390625 0.23428749999999998
vt 0.43030625 0.3125
vt 0.380625 0.3125
vt 0.375 0.23428749999999998
vt 0.4503125 0.23428749999999998
vt 0.4446875 0.3125
vt 0.3769375 0.3125
vt 0.375 0.23428749999999998
vt 0.4541875 0.23428749999999998
vt 0.45225 0.3125
vt 0.375 0.3125
vt 0.3769375 0.23428749999999998
vt 0.45225 0.23428749999999998
vt 0.4541875 0.3125
vt 0.375 0.3125
vt 0.380625 0.23428749999999998
vt 0.4446875 0.23428749999999998
vt 0.4503125 0.3125
vt 0.375 0.3125
vt 0.38375625 0.23428749999999998
vt 0.43030625 0.23428749999999998
vt 0.4390625 0.3125
vt 0.375 0.3125
vt 0.3860375 0.23428749999999998
vt 0.4105125 0.23428749999999998
vt 0.42155 0.3125
vt 0.399475 0.3125
vt 0.375 0.3125
vt 0.3872375 0.23428749999999998
vt 0.375 0.23428749999999998
vt 0.399475 0.23428749999999998
vt 0.3872375 0.3125
vt 0.3860375 0.3125
vt 0.375 0.23428749999999998
vt 0.42155 0.23428749999999998
vt 0.4105125 0.3125
vt 0.38375625 0.3125
vt 0.375 0.23428749999999998
vt 0.4390625 0.23428749999999998
vt 0.43030625 0.3125
vt 0.380625 0.3125
vt 0.375 0.23428749999999998
vt 0.4503125 0.23428749999999998
vt 0.4446875 0.3125
vt 0.3769375 0.3125
vt 0.375 0.23428749999999998
vt 0.4541875 0.23428749999999998
vt 0.45225 0.3125
vt 0.375 0.3125
vt 0.3769375 0.23428749999999998
vt 0.45225 0.23428749999999998
vt 0.4541875 0.3125
vt 0.375 0.3125
vt 0.380625 0.23428749999999998
vt 0.4446875 0.23428749999999998
vt 0.4503125 0.3125
vt 0.375 0.3125
vt 0.38375625 0.23428749999999998
vt 0.43030625 0.23428749999999998
vt 0.4390625 0.3125
vt 0.375 0.3125
vt 0.3860375 0.23428749999999998
vt 0.4105125 0.23428749999999998
vt 0.42155 0.3125
vt 0.399475 0.3125
vt 0.375 0.3125
vt 0.3872375 0.23428749999999998
vn 0.04834113047127446 0.9876888108927864 0.1487748229437804
vn 0.1402931025354083 0.8910053131240778 0.43177236753369685
vn 0.21850752497123835 0.7071069239193175 0.6724985202038025
vn 0.275339820484988 0.4539928710525174 0.8473951004630526
vn 0.30521421156160805 0.1564318484035778 0.9393473063068134
vn 0.3052170877791582 -0.15643177449531412 0.9393463840649289
vn 0.2753351775784836 -0.45399318053660215 0.8473964432389867
vn 0.21851051707286978 -0.7071066810231235 0.6724978034023679
vn 0.14029489251771282 -0.8910051972705885 0.43177202499727
vn 0.04834113047127446 -0.9876888108927864 0.1487748229437804
vn 0.09194616503747205 0.9876888547958222 0.12655682062622778
vn 0.2668486443567894 0.8910054944253064 0.36728872826273795
vn 0.41562651035008685 0.7071082888384049 0.5720598497974074
vn 0.5237156658579201 0.4539891047149682 0.7208438070311051
vn 0.5805515256091338 0.15643517948828892 0.7990544166271618
vn 0.5805427334190346 -0.15643544467122877 0.7990607525869798
vn 0.5237216286157135 -0.4539886434527069 0.720839765368196
vn 0.4156236138007497 -0.7071085569426657 0.5720616228603929
vn 0.2668445467248341 -0.8910057917483734 0.3672909840359168
vn 0.09194616503747205 -0.9876888547958222 0.12655682062622778
vn 0.12655682062622636 0.9876888547958224 0.09194616503747373
vn 0.36728977493160264 0.8910048352218148 0.2668494047998595
vn 0.5720610023652708 0.7071068641885494 0.41562734774107224
vn 0.7208416410548983 0.4539943591542122 0.5237140922081794
vn 0.799055737256267 0.1564248726727509 0.5805524851097937
vn 0.7990621411850853 -0.15642460747977024 0.5805437422791728
vn 0.7208372191204342 -0.45399482042854766 0.523719778655313
vn 0.572063209242325 -0.7071065960768473 0.4156247663650305
vn 0.36729297494022606 -0.8910045378643892 0.2668459931582725
vn 0.12655682062622636 -0.9876888547958224 0.09194616503747373
vn 0.1487748229437813 0.9876888108927864 0.04834113047127164
vn 0.43177188812200756 0.8910055699691593 0.14029294676315907
vn 0.6724972926873126 0.7071082146033836 0.21850712612784584
vn 0.8473968088896456 0.45398934552543296 0.2753403755954343
vn 0.939346873603026 0.15643472100555075 0.3052140709668155
vn 0.9393459290940822 -0.15643479492520898 0.30521693994777455
vn 0.8473984516093647 -0.4539890360496716 0.2753358301361115
vn 0.6724961138736181 -0.7071084574969438 0.2185099681048317
vn 0.43177111311454636 -0.8910056858129031 0.14029459622132195
vn 0.1487748229437813 -0.9876888108927864 0.04834113047127164
vn 0.15643114814209053 0.9876888659344842 0
vn 0.4539926927622825 0.8910054067840733 0
vn 0.7071067811865483 0.7071067811865468 0
vn 0.8910054067840735 0.45399269276228194 0
vn 0.9876888659344837 0.15643114814209308 0
vn 0.9876888659344837 -0.15643114814209308 0
vn 0.8910054067840735 -0.45399269276228194 0
vn 0.7071067811865482 -0.7071067811865469 0
vn 0.4539926927622825 -0.8910054067840734 0
vn 0.15643114814209053 -0.9876888659344842 0
vn 0.14877482294378142 0.9876888108927863 -0.04834113047127142
vn 0.4317723675336952 0.8910053131240786 -0.14029310253540855
vn 0.6724985202038049 0.7071069239193158 -0.2185075249712364
vn 0.8473951004630539 0.45399287105251757 -0.2753398204849836
vn 0.9393473063068131 0.15643184840358001 -0.305214211561608
vn 0.9393463840649301 -0.1564317744953165 -0.3052170877791533
vn 0.8473964432389876 -0.4539931805366023 -0.2753351775784806
vn 0.6724978034023694 -0.7071066810231216 -0.21851051707287164
vn 0.43177202499727046 -0.8910051972705899 -0.1402948925177032
vn 0.14877482294378142 -0.9876888108927863 -0.04834113047127142
vn 0.1265568206262268 0.9876888547958222 -0.09194616503747301
vn 0.367288728262741 0.8910054944253056 -0.26684864435678723
vn 0.5720598497974069 0.7071082888384054 -0.41562651035008646
vn 0.7208438070311044 0.45398910471496895 -0.5237156658579205
vn 0.7990544166271641 0.1564351794882867 -0.5805515256091315
vn 0.7990607525869796 -0.1564354446712264 -0.5805427334190355
vn 0.7208397653681956 -0.45398864345270756 -0.5237216286157134
vn 0.5720616228603952 -0.7071085569426666 -0.4156236138007449
vn 0.3672909840359162 -0.8910057917483722 -0.26684454672483876
vn 0.12655682062622678 -0.9876888547958222 -0.091946165037473
vn 0.09194616503747219 0.9876888547958224 -0.1265568206262276
vn 0.26684940479985797 0.891004835221815 -0.3672897749316035
vn 0.41562734774107163 0.7071068641885483 -0.5720610023652724
vn 0.5237140922081781 0.4539943591542125 -0.7208416410548991
vn 0.5805524851097947 0.15642487267275038 -0.7990557372562664
vn 0.5805437422791716 -0.15642460747976963 -0.7990621411850863
vn 0.5237197786553115 -0.4539948204285481 -0.7208372191204349
vn 0.41562476636502876 -0.7071065960768462 -0.5720632092423277
vn 0.266845993158268 -0.891004537864389 -0.3672929749402297
vn 0.09194616503747219 -0.9876888547958224 -0.1265568206262276
vn 0.04834113047127416 0.9876888108927864 -0.14877482294378055
vn 0.14029294676315746 0.8910055699691597 -0.4317718881220068
vn 0.21850712612784773 0.707108214603383 -0.6724972926873126
vn 0.27534037559543606 0.45398934552543374 -0.8473968088896445
vn 0.3052140709668136 0.1564347210055533 -0.9393468736030262
vn 0.30521693994777666 -0.15643479492521162 -0.9393459290940811
vn 0.27533583013611335 -0.45398903604967233 -0.8473984516093636
vn 0.21850996810483003 -0.707108457496943 -0.6724961138736194
vn 0.14029459622132856 -0.8910056858129043 -0.4317711131145419
vn 0.04834113047127416 -0.9876888108927864 -0.14877482294378055
vn 1.774260228185061e-16 0.9876888659344842 -0.1564311481420903
vn 5.955827334930174e-16 0.8910054067840728 -0.45399269276228366
vn 9.519655637033124e-16 0.7071067811865481 -0.707106781186547
vn 1.0306419186343595e-15 0.45399269276228316 -0.8910054067840729
vn 1.0327026851394536e-15 0.15643114814209033 -0.9876888659344842
vn 1.1042563616241648e-15 -0.15643114814209033 -0.9876888659344841
vn 1.1250557138469873e-15 -0.4539926927622831 -0.8910054067840731
vn 8.338117490304336e-16 -0.7071067811865481 -0.707106781186547
vn 4.531503259909611e-16 -0.8910054067840728 -0.45399269276228366
vn 1.774260228185061e-16 -0.9876888659344842 -0.1564311481420903
vn -0.04834113047127384 0.9876888108927863 -0.14877482294378067
vn -0.14029310253540653 0.8910053131240778 -0.43177236753369685
vn -0.2185075249712373 0.7071069239193174 -0.672498520203803
vn -0.275339820484989 0.4539928710525184 -0.8473951004630517
vn -0.305214211561609 0.15643184840357743 -0.9393473063068131
vn -0.3052170877791596 -0.15643177449531379 -0.9393463840649287
vn -0.275335177578482 -0.45399318053660337 -0.8473964432389866
vn -0.2185105170728671 -0.7071066810231235 -0.6724978034023688
vn -0.14029489251771063 -0.8910051972705888 -0.43177202499727024
vn -0.04834113047127384 -0.9876888108927863 -0.14877482294378067
vn -0.09194616503747202 0.9876888547958224 -0.1265568206262278
vn -0.26684864435678846 0.8910054944253065 -0.3672887282627379
vn -0.41562651035008713 0.7071082888384043 -0.5720598497974078
vn -0.5237156658579193 0.4539891047149674 -0.7208438070311062
vn -0.580551525609132 0.15643517948828903 -0.7990544166271634
vn -0.5805427334190335 -0.1564354446712288 -0.7990607525869807
vn -0.5237216286157137 -0.453988643452706 -0.7208397653681964
vn -0.4156236138007489 -0.7071085569426652 -0.5720616228603939
vn -0.2668445467248339 -0.8910057917483738 -0.3672909840359165
vn -0.09194616503747202 -0.9876888547958224 -0.12655682062622783
vn -0.12655682062622609 0.9876888547958222 -0.09194616503747403
vn -0.36728977493160375 0.8910048352218151 -0.26684940479985725
vn -0.5720610023652719 0.7071068641885486 -0.4156273477410722
vn -0.7208416410548979 0.45399435915421193 -0.5237140922081803
vn -0.7990557372562667 0.15642487267275154 -0.5805524851097941
vn -0.7990621411850847 -0.1564246074797709 -0.5805437422791738
vn -0.7208372191204347 -0.4539948204285474 -0.5237197786553124
vn -0.5720632092423282 -0.7071065960768462 -0.415624766365028
vn -0.3672929749402246 -0.8910045378643898 -0.26684599315827295
vn -0.12655682062622609 -0.9876888547958222 -0.09194616503747403
vn -0.14877482294378133 0.9876888108927863 -0.048341130471271414
vn -0.4317718881220078 0.8910055699691588 -0.14029294676316023
vn -0.6724972926873123 0.7071082146033838 -0.21850712612784617
vn -0.8473968088896452 0.4539893455254347 -0.2753403755954324
vn -0.9393468736030264 0.15643472100555073 -0.3052140709668142
vn -0.9393459290940829 -0.15643479492520895 -0.3052169399477728
vn -0.8473984516093637 -0.4539890360496734 -0.2753358301361117
vn -0.6724961138736173 -0.7071084574969442 -0.21850996810483317
vn -0.4317711131145474 -0.8910056858129026 -0.1402945962213216
vn -0.14877482294378133 -0.9876888108927863 -0.048341130471271414
vn -0.15643114814209053 0.9876888659344842 0
vn -0.45399269276228243 0.8910054067840733 0
vn -0.7071067811865482 0.7071067811865468 0
vn -0.8910054067840735 0.45399269276228194 0
vn -0.9876888659344837 0.15643114814209305 0
vn -0.9876888659344837 -0.15643114814209308 0
vn -0.8910054067840735 -0.45399269276228194 0
vn -0.7071067811865482 -0.7071067811865468 0
vn -0.4539926927622826 -0.8910054067840734 0
vn -0.15643114814209053 -0.9876888659344842 0
vn -0.1487748229437814 0.9876888108927864 0.04834113047127165
vn -0.43177236753369536 0.8910053131240786 0.14029310253540753
vn -0.6724985202038049 0.7071069239193161 0.21850752497123588
vn -0.8473951004630536 0.45399287105251757 0.2753398204849853
vn -0.9393473063068127 0.15643184840357957 0.3052142115616093
vn -0.9393463840649298 -0.15643177449531603 0.3052170877791551
vn -0.8473964432389878 -0.4539931805366023 0.27533517757848003
vn -0.6724978034023695 -0.7071066810231219 0.21851051707287
vn -0.43177202499727024 -0.8910051972705898 0.1402948925177038
vn -0.14877482294378142 -0.9876888108927864 0.04834113047127166
vn -0.12655682062622708 0.9876888547958222 0.0919461650374727
vn -0.3672887282627391 0.8910054944253061 0.266848644356789
vn -0.5720598497974069 0.707108288838405 0.4156265103500875
vn -0.7208438070311054 0.4539891047149676 0.5237156658579201
vn -0.7990544166271644 0.1564351794882867 0.580551525609131
vn -0.7990607525869803 -0.15643544467122641 0.5805427334190346
vn -0.7208397653681955 -0.45398864345270623 0.5237216286157145
vn -0.5720616228603934 -0.707108556942666 0.4156236138007484
vn -0.36729098403591603 -0.8910057917483728 0.26684454672483715
vn -0.1265568206262271 -0.9876888547958222 0.09194616503747272
vn -0.0919461650374722 0.9876888547958224 0.12655682062622758
vn -0.266849404799859 0.8910048352218145 0.36728977493160375
vn -0.41562734774107096 0.7071068641885494 0.5720610023652716
vn -0.5237140922081791 0.4539943591542123 0.7208416410548983
vn -0.5805524851097965 0.1564248726727496 0.7990557372562652
vn -0.5805437422791729 -0.1564246074797688 0.7990621411850856
vn -0.5237197786553116 -0.4539948204285479 0.7208372191204351
vn -0.4156247663650291 -0.7071065960768473 0.572063209242326
vn -0.2668459931582685 -0.8910045378643886 0.36729297494023017
vn -0.0919461650374722 -0.9876888547958224 0.12655682062622758
vn -0.04834113047127476 0.9876888108927863 0.14877482294378022
vn -0.14029294676315932 0.8910055699691597 0.4317718881220066
vn -0.21850712612784845 0.7071082146033838 0.6724972926873115
vn -0.2753403755954347 0.4539893455254348 0.8473968088896445
vn -0.3052140709668123 0.15643472100555328 0.9393468736030266
vn -0.3052169399477753 -0.1564347949252116 0.9393459290940815
vn -0.27533583013611457 -0.4539890360496735 0.8473984516093624
vn -0.21850996810483259 -0.7071084574969437 0.6724961138736177
vn -0.14029459622133048 -0.8910056858129041 0.4317711131145416
vn -0.04834113047127476 -0.9876888108927863 0.14877482294378022
vn -1.7742602281850583e-16 0.9876888659344842 0.15643114814209008
vn -5.955827334930175e-16 0.8910054067840726 0.4539926927622837
vn -8.654232397302837e-16 0.7071067811865483 0.7071067811865468
vn -9.570246387319058e-16 0.453992692762282 0.8910054067840735
vn -1.382771391966387e-15 0.15643114814209036 0.9876888659344842
vn -1.1042563616241648e-15 -0.15643114814209033 0.9876888659344841
vn -1.2115984610659868e-15 -0.453992692762282 0.8910054067840735
vn -8.338117490304335e-16 -0.7071067811865483 0.7071067811865468
vn -4.531503259909611e-16 -0.8910054067840726 0.45399269276228366
vn -1.7742602281850588e-16 -0.9876888659344844 0.1564311481420901
usemtl m_ed51acd0-43ba-125b-d4ef-a14d1d12254d
f 183/761/201 184/762/201 185/763/201
f 183/764/202 186/765/202 187/766/202 184/767/202
f 186/768/203 188/769/203 189/770/203 187/771/203
f 188/772/204 190/773/204 191/774/204 189/775/204
f 190/776/205 192/777/205 193/778/205 191/779/205
f 192/780/206 194/781/206 195/782/206 193/783/206
f 194/784/207 196/785/207 197/786/207 195/787/207
f 196/788/208 198/789/208 199/790/208 197/791/208
f 198/792/209 200/793/209 201/794/209 199/795/209
f 201/796/210 200/797/210 202/798/210
f 184/799/211 203/800/211 185/801/211
f 184/802/212 187/803/212 204/804/212 203/805/212
f 187/806/213 189/807/213 205/808/213 204/809/213
f 189/810/214 191/811/214 206/812/214 205/813/214
f 191/814/215 193/815/215 207/816/215 206/817/215
f 193/818/216 195/819/216 208/820/216 207/821/216
f 195/822/217 197/823/217 209/824/217 208/825/217
f 197/826/218 199/827/218 210/828/218 209/829/218
f 199/830/219 201/831/219 211/832/219 210/833/219
f 211/834/220 201/835/220 202/836/220
f 203/837/221 212/838/221 185/839/221
f 203/840/222 204/841/222 213/842/222 212/843/222
f 204/844/223 205/845/223 214/846/223 213/847/223
f 205/848/224 206/849/224 215/850/224 214/851/224
f 206/852/225 207/853/225 216/854/225 215/855/225
f 207/856/226 208/857/226 217/858/226 216/859/226
f 208/860/227 209/861/227 218/862/227 217/863/227
f 209/864/228 210/865/228 219/866/228 218/867/228
f 210/868/229 211/869/229 220/870/229 219/871/229
f 220/872/230 211/873/230 202/874/230
f 212/875/231 221/876/231 185/877/231
f 212/878/232 213/879/232 222/880/232 221/881/232
f 213/882/233 214/883/233 223/884/233 222/885/233
f 214/886/234 215/887/234 224/888/234 223/889/234
f 215/890/235 216/891/235 225/892/235 224/893/235
f 216/894/236 217/895/236 226/896/236 225/897/236
f 217/898/237 218/899/237 227/900/237 226/901/237
f 218/902/238 219/903/238 228/904/238 227/905/238
f 219/906/239 220/907/239 229/908/239 228/909/239
f 229/910/240 220/911/240 202/912/240
f 221/913/241 230/914/241 185/915/241
f 221/916/242 222/917/242 231/918/242 230/919/242
f 222/920/243 223/921/243 232/922/243 231/923/243
f 223/924/244 224/925/244 233/926/244 232/927/244
f 224/928/245 225/929/245 234/930/245 233/931/245
f 225/932/246 226/933/246 235/934/246 234/935/246
f 226/936/247 227/937/247 236/938/247 235/939/247
f 227/940/248 228/941/248 237/942/248 236/943/248
f 228/944/249 229/945/249 238/946/249 237/947/249
f 238/948/250 229/949/250 202/950/250
f 230/951/251 239/952/251 185/953/251
f 230/954/252 231/955/252 240/956/252 239/957/252
f 231/958/253 232/959/253 241/960/253 240/961/253
f 232/962/254 233/963/254 242/964/254 241/965/254
f 233/966/255 234/967/255 243/968/255 242/969/255
f 234/970/256 235/971/256 244/972/256 243/973/256
f 235/974/257 236/975/257 245/976/257 244/977/257
f 236/978/258 237/979/258 246/980/258 245/981/258
f 237/982/259 238/983/259 247/984/259 246/985/259
f 247/986/260 238/987/260 202/988/260
f 239/989/261 248/990/261 185/991/261
f 239/992/262 240/993/262 249/994/262 248/995/262
f 240/996/263 241/997/263 250/998/263 249/999/263
f 241/1000/264 242/1001/264 251/1002/264 250/1003/264
f 242/1004/265 243/1005/265 252/1006/265 251/1007/265
f 243/1008/266 244/1009/266 253/1010/266 252/1011/266
f 244/1012/267 245/1013/267 254/1014/267 253/1015/267
f 245/1016/268 246/1017/268 255/1018/268 254/1019/268
f 246/1020/269 247/1021/269 256/1022/269 255/1023/269
f 256/1024/270 247/1025/270 202/1026/270
f 248/1027/271 257/1028/271 185/1029/271
f 248/1030/272 249/1031/272 258/1032/272 257/1033/272
f 249/1034/273 250/1035/273 259/1036/273 258/1037/273
f 250/1038/274 251/1039/274 260/1040/274 259/1041/274
f 251/1042/275 252/1043/275 261/1044/275 260/1045/275
f 252/1046/276 253/1047/276 262/1048/276 261/1049/276
f 253/1050/277 254/1051/277 263/1052/277 262/1053/277
f 254/1054/278 255/1055/278 264/1056/278 263/1057/278
f 255/1058/279 256/1059/279 265/1060/279 264/1061/279
f 265/1062/280 256/1063/280 202/1064/280
f 257/1065/281 266/1066/281 185/1067/281
f 257/1068/282 258/1069/282 267/1070/282 266/1071/282
f 258/1072/283 259/1073/283 268/1074/283 267/1075/283
f 259/1076/284 260/1077/284 269/1078/284 268/1079/284
f 260/1080/285 261/1081/285 270/1082/285 269/1083/285
f 261/1084/286 262/1085/286 271/1086/286 270/1087/286
f 262/1088/287 263/1089/287 272/1090/287 271/1091/287
f 263/1092/288 264/1093/288 273/1094/288 272/1095/288
f 264/1096/289 265/1097/289 274/1098/289 273/1099/289
f 274/1100/290 265/1101/290 202/1102/290
f 266/1103/291 275/1104/291 185/1105/291
f 266/1106/292 267/1107/292 276/1108/292 275/1109/292
f 267/1110/293 268/1111/293 277/1112/293 276/1113/293
f 268/1114/294 269/1115/294 278/1116/294 277/1117/294
f 269/1118/295 270/1119/295 279/1120/295 278/1121/295
f 270/1122/296 271/1123/296 280/1124/296 279/1125/296
f 271/1126/297 272/1127/297 281/1128/297 280/1129/297
f 272/1130/298 273/1131/298 282/1132/298 281/1133/298
f 273/1134/299 274/1135/299 283/1136/299 282/1137/299
f 283/1138/300 274/1139/300 202/1140/300
f 275/1141/301 284/1142/301 185/1143/301
f 275/1144/302 276/1145/302 285/1146/302 284/1147/302
f 276/1148/303 277/1149/303 286/1150/303 285/1151/303
f 277/1152/304 278/1153/304 287/1154/304 286/1155/304
f 278/1156/305 279/1157/305 288/1158/305 287/1159/305
f 279/1160/306 280/1161/306 289/1162/306 288/1163/306
f 280/1164/307 281/1165/307 290/1166/307 289/1167/307
f 281/1168/308 282/1169/308 291/1170/308 290/1171/308
f 282/1172/309 283/1173/309 292/1174/309 291/1175/309
f 292/1176/310 283/1177/310 202/1178/310
f 284/1179/311 293/1180/311 185/1181/311
f 284/1182/312 285/1183/312 294/1184/312 293/1185/312
f 285/1186/313 286/1187/313 295/1188/313 294/1189/313
f 286/1190/314 287/1191/314 296/1192/314 295/1193/314
f 287/1194/315 288/1195/315 297/1196/315 296/1197/315
f 288/1198/316 289/1199/316 298/1200/316 297/1201/316
f 289/1202/317 290/1203/317 299/1204/317 298/1205/317
f 290/1206/318 291/1207/318 300/1208/318 299/1209/318
f 291/1210/319 292/1211/319 301/1212/319 300/1213/319
f 301/1214/320 292/1215/320 202/1216/320
f 293/1217/321 302/1218/321 185/1219/321
f 293/1220/322 294/1221/322 303/1222/322 302/1223/322
f 294/1224/323 295/1225/323 304/1226/323 303/1227/323
f 295/1228/324 296/1229/324 305/1230/324 304/1231/324
f 296/1232/325 297/1233/325 306/1234/325 305/1235/325
f 297/1236/326 298/1237/326 307/1238/326 306/1239/326
f 298/1240/327 299/1241/327 308/1242/327 307/1243/327
f 299/1244/328 300/1245/328 309/1246/328 308/1247/328
f 300/1248/329 301/1249/329 310/1250/329 309/1251/329
f 310/1252/330 301/1253/330 202/1254/330
f 302/1255/331 311/1256/331 185/1257/331
f 302/1258/332 303/1259/332 312/1260/332 311/1261/332
f 303/1262/333 304/1263/333 313/1264/333 312/1265/333
f 304/1266/334 305/1267/334 314/1268/334 313/1269/334
f 305/1270/335 306/1271/335 315/1272/335 314/1273/335
f 306/1274/336 307/1275/336 316/1276/336 315/1277/336
f 307/1278/337 308/1279/337 317/1280/337 316/1281/337
f 308/1282/338 309/1283/338 318/1284/338 317/1285/338
f 309/1286/339 310/1287/339 319/1288/339 318/1289/339
f 319/1290/340 310/1291/340 202/1292/340
f 311/1293/341 320/1294/341 185/1295/341
f 311/1296/342 312/1297/342 321/1298/342 320/1299/342
f 312/1300/343 313/1301/343 322/1302/343 321/1303/343
f 313/1304/344 314/1305/344 323/1306/344 322/1307/344
f 314/1308/345 315/1309/345 324/1310/345 323/1311/345
f 315/1312/346 316/1313/346 325/1314/346 324/1315/346
f 316/1316/347 317/1317/347 326/1318/347 325/1319/347
f 317/1320/348 318/1321/348 327/1322/348 326/1323/348
f 318/1324/349 319/1325/349 328/1326/349 327/1327/349
f 328/1328/350 319/1329/350 202/1330/350
f 320/1331/351 329/1332/351 185/1333/351
f 320/1334/352 321/1335/352 330/1336/352 329/1337/352
f 321/1338/353 322/1339/353 331/1340/353 330/1341/353
f 322/1342/354 323/1343/354 332/1344/354 331/1345/354
f 323/1346/355 324/1347/355 333/1348/355 332/1349/355
f 324/1350/356 325/1351/356 334/1352/356 333/1353/356
f 325/1354/357 326/1355/357 335/1356/357 334/1357/357
f 326/1358/358 327/1359/358 336/1360/358 335/1361/358
f 327/1362/359 328/1363/359 337/1364/359 336/1365/359
f 337/1366/360 328/1367/360 202/1368/360
f 329/1369/361 338/1370/361 185/1371/361
f 329/1372/362 330/1373/362 339/1374/362 338/1375/362
f 330/1376/363 331/1377/363 340/1378/363 339/1379/363
f 331/1380/364 332/1381/364 341/1382/364 340/1383/364
f 332/1384/365 333/1385/365 342/1386/365 341/1387/365
f 333/1388/366 334/1389/366 343/1390/366 342/1391/366
f 334/1392/367 335/1393/367 344/1394/367 343/1395/367
f 335/1396/368 336/1397/368 345/1398/368 344/1399/368
f 336/1400/369 337/1401/369 346/1402/369 345/1403/369
f 346/1404/370 337/1405/370 202/1406/370
f 338/1407/371 347/1408/371 185/1409/371
f 338/1410/372 339/1411/372 348/1412/372 347/1413/372
f 339/1414/373 340/1415/373 349/1416/373 348/1417/373
f 340/1418/374 341/1419/374 350/1420/374 349/1421/374
f 341/1422/375 342/1423/375 351/1424/375 350/1425/375
f 342/1426/376 343/1427/376 352/1428/376 351/1429/376
f 343/1430/377 344/1431/377 353/1432/377 352/1433/377
f 344/1434/378 345/1435/378 354/1436/378 353/1437/378
f 345/1438/379 346/1439/379 355/1440/379 354/1441/379
f 355/1442/380 346/1443/380 202/1444/380
f 347/1445/381 356/1446/381 185/1447/381
f 347/1448/382 348/1449/382 357/1450/382 356/1451/382
f 348/1452/383 349/1453/383 358/1454/383 357/1455/383
f 349/1456/384 350/1457/384 359/1458/384 358/1459/384
f 350/1460/385 351/1461/385 360/1462/385 359/1463/385
f 351/1464/386 352/1465/386 361/1466/386 360/1467/386
f 352/1468/387 353/1469/387 362/1470/387 361/1471/387
f 353/1472/388 354/1473/388 363/1474/388 362/1475/388
f 354/1476/389 355/1477/389 364/1478/389 363/1479/389
f 364/1480/390 355/1481/390 202/1482/390
f 356/1483/391 183/1484/391 185/1485/391
f 356/1486/392 357/1487/392 186/1488/392 183/1489/392
f 357/1490/393 358/1491/393 188/1492/393 186/1493/393
f 358/1494/394 359/1495/394 190/1496/394 188/1497/394
f 359/1498/395 360/1499/395 192/1500/395 190/1501/395
f 360/1502/396 361/1503/396 194/1504/396 192/1505/396
f 361/1506/397 362/1507/397 196/1508/397 194/1509/397
f 362/1510/398 363/1511/398 198/1512/398 196/1513/398
f 363/1514/399 364/1515/399 200/1516/399 198/1517/399
f 200/1518/400 364/1519/400 202/1520/400
o light
v 0.0772543750000003 -0.29348562499999997 -0.9341106250000002
v 0.06969187500000017 -0.29348562499999997 -0.9573849999999999
v 2.0469737016526324e-16 -0.28125 -0.921875
v 0.14694625000000028 -0.328995625 -0.94514875
v 0.13256187500000016 -0.328995625 -0.98941875
v 0.20225437500000032 -0.38430374999999994 -0.9539087500000001
v 0.1824562500000002 -0.38430374999999994 -1.01484125
v 0.23776437500000025 -0.453995625 -0.9595331250000001
v 0.2144900000000003 -0.453995625 -1.031163125
v 0.2500000000000002 -0.53125 -0.9614712500000002
v 0.2255281250000003 -0.53125 -1.0367875
v 0.23776437500000025 -0.608504375 -0.9595331250000001
v 0.2144900000000003 -0.608504375 -1.031163125
v 0.20225437500000032 -0.6781962500000001 -0.9539087500000001
v 0.1824562500000002 -0.6781962500000001 -1.01484125
v 0.14694625000000028 -0.733504375 -0.94514875
v 0.13256187500000016 -0.733504375 -0.98941875
v 0.0772543750000003 -0.769014375 -0.9341106250000002
v 0.06969187500000017 -0.769014375 -0.9573849999999999
v 2.0469737016526324e-16 -0.78125 -0.921875
v 0.055308125000000256 -0.29348562499999997 -0.9771831249999998
v 0.10520187500000011 -0.328995625 -1.0270768750000001
v 0.14479812500000036 -0.38430374999999994 -1.0666731249999999
v 0.17022062500000026 -0.453995625 -1.0920956249999998
v 0.17898000000000017 -0.53125 -1.1008550000000001
v 0.17022062500000026 -0.608504375 -1.0920956249999998
v 0.14479812500000036 -0.6781962500000001 -1.0666731249999999
v 0.10520187500000011 -0.733504375 -1.0270768750000001
v 0.055308125000000256 -0.769014375 -0.9771831249999998
v 0.03551000000000015 -0.29348562499999997 -0.9915668750000002
v 0.06754375000000025 -0.328995625 -1.054436875
v 0.09296625000000017 -0.38430374999999994 -1.10433125
v 0.10928812500000021 -0.453995625 -1.136365
v 0.11491250000000022 -0.53125 -1.1474031249999999
v 0.10928812500000021 -0.608504375 -1.136365
v 0.09296625000000017 -0.6781962500000001 -1.10433125
v 0.06754375000000025 -0.733504375 -1.054436875
v 0.03551000000000015 -0.769014375 -0.9915668750000002
v 0.012235625000000194 -0.29348562499999997 -0.9991293749999999
v 0.023273750000000218 -0.328995625 -1.06882125
v 0.03203375000000033 -0.38430374999999994 -1.1241293749999999
v 0.037658125000000355 -0.453995625 -1.1596393749999998
v 0.03959625000000026 -0.53125 -1.171875
v 0.037658125000000355 -0.608504375 -1.1596393749999998
v 0.03203375000000033 -0.6781962500000001 -1.1241293749999999
v 0.023273750000000218 -0.733504375 -1.06882125
v 0.012235625000000194 -0.769014375 -0.9991293749999999
v -0.01223562499999975 -0.29348562499999997 -0.9991293749999999
v -0.023273749999999746 -0.328995625 -1.06882125
v -0.03203374999999972 -0.38430374999999994 -1.1241293749999999
v -0.03765812499999973 -0.453995625 -1.1596393749999998
v -0.039596249999999736 -0.53125 -1.171875
v -0.03765812499999973 -0.608504375 -1.1596393749999998
v -0.03203374999999972 -0.6781962500000001 -1.1241293749999999
v -0.023273749999999746 -0.733504375 -1.06882125
v -0.01223562499999975 -0.769014375 -0.9991293749999999
v -0.03550999999999982 -0.29348562499999997 -0.9915668750000002
v -0.06754374999999978 -0.328995625 -1.054436875
v -0.09296624999999978 -0.38430374999999994 -1.10433125
v -0.10928812499999971 -0.453995625 -1.136365
v -0.11491249999999972 -0.53125 -1.1474031249999999
v -0.10928812499999971 -0.608504375 -1.136365
v -0.09296624999999978 -0.6781962500000001 -1.10433125
v -0.06754374999999978 -0.733504375 -1.054436875
v -0.03550999999999982 -0.769014375 -0.9915668750000002
v -0.055308124999999826 -0.29348562499999997 -0.9771831249999998
v -0.10520187499999978 -0.328995625 -1.0270768750000001
v -0.14479812499999975 -0.38430374999999994 -1.0666731249999999
v -0.17022062499999976 -0.453995625 -1.0920956249999998
v -0.17897999999999978 -0.53125 -1.1008550000000001
v -0.17022062499999976 -0.608504375 -1.0920956249999998
v -0.14479812499999975 -0.6781962500000001 -1.0666731249999999
v -0.10520187499999978 -0.733504375 -1.0270768750000001
v -0.055308124999999826 -0.769014375 -0.9771831249999998
v -0.06969187499999975 -0.29348562499999997 -0.9573849999999999
v -0.13256187499999983 -0.328995625 -0.98941875
v -0.18245624999999976 -0.38430374999999994 -1.01484125
v -0.21448999999999974 -0.453995625 -1.031163125
v -0.22552812499999975 -0.53125 -1.0367875
v -0.21448999999999974 -0.608504375 -1.031163125
v -0.18245624999999976 -0.6781962500000001 -1.01484125
v -0.13256187499999983 -0.733504375 -0.98941875
v -0.06969187499999975 -0.769014375 -0.9573849999999999
v -0.07725437499999978 -0.29348562499999997 -0.9341106250000002
v -0.14694624999999972 -0.328995625 -0.94514875
v -0.20225437499999976 -0.38430374999999994 -0.9539087500000001
v -0.2377643749999998 -0.453995625 -0.9595331250000001
v -0.24999999999999978 -0.53125 -0.9614712500000002
v -0.2377643749999998 -0.608504375 -0.9595331250000001
v -0.20225437499999976 -0.6781962500000001 -0.9539087500000001
v -0.14694624999999972 -0.733504375 -0.94514875
v -0.07725437499999978 -0.769014375 -0.9341106250000002
v -0.07725437499999978 -0.29348562499999997 -0.9096393749999998
v -0.14694624999999975 -0.328995625 -0.89860125
v -0.2022543749999998 -0.38430374999999994 -0.8898412499999999
v -0.23776437499999983 -0.453995625 -0.8842168749999999
v -0.2499999999999998 -0.53125 -0.8822787499999998
v -0.23776437499999983 -0.608504375 -0.8842168749999999
v -0.2022543749999998 -0.6781962500000001 -0.8898412499999999
v -0.14694624999999975 -0.733504375 -0.89860125
v -0.07725437499999978 -0.769014375 -0.9096393749999998
v -0.06969187499999976 -0.29348562499999997 -0.8863650000000001
v -0.13256187499999986 -0.328995625 -0.85433125
v -0.1824562499999998 -0.38430374999999994 -0.8289087500000001
v -0.21448999999999976 -0.453995625 -0.812586875
v -0.2255281249999998 -0.53125 -0.8069625
v -0.21448999999999976 -0.608504375 -0.812586875
v -0.1824562499999998 -0.6781962500000001 -0.8289087500000001
v -0.13256187499999986 -0.733504375 -0.85433125
v -0.06969187499999976 -0.769014375 -0.8863650000000001
v -0.05530812499999985 -0.29348562499999997 -0.8665668750000002
v -0.10520187499999982 -0.328995625 -0.8166731249999999
v -0.14479812499999983 -0.38430374999999994 -0.7770768750000001
v -0.17022062499999985 -0.453995625 -0.7516543750000002
v -0.17897999999999986 -0.53125 -0.7428949999999999
v -0.17022062499999985 -0.608504375 -0.7516543750000002
v -0.14479812499999983 -0.6781962500000001 -0.7770768750000001
v -0.10520187499999982 -0.733504375 -0.8166731249999999
v -0.05530812499999985 -0.769014375 -0.8665668750000002
v -0.035509999999999854 -0.29348562499999997 -0.8521831249999998
v -0.06754374999999983 -0.328995625 -0.7893131250000001
v -0.09296624999999986 -0.38430374999999994 -0.73941875
v -0.1092881249999998 -0.453995625 -0.7073849999999999
v -0.11491249999999982 -0.53125 -0.6963468750000001
v -0.1092881249999998 -0.608504375 -0.7073849999999999
v -0.09296624999999986 -0.6781962500000001 -0.73941875
v -0.06754374999999983 -0.733504375 -0.7893131250000001
v -0.035509999999999854 -0.769014375 -0.8521831249999998
v -0.012235624999999785 -0.29348562499999997 -0.8446206250000001
v -0.02327374999999981 -0.328995625 -0.7749287499999999
v -0.03203374999999981 -0.38430374999999994 -0.7196206250000001
v -0.037658124999999834 -0.453995625 -0.6841106250000002
v -0.03959624999999985 -0.53125 -0.671875
v -0.037658124999999834 -0.608504375 -0.6841106250000002
v -0.03203374999999981 -0.6781962500000001 -0.7196206250000001
v -0.02327374999999981 -0.733504375 -0.7749287499999999
v -0.012235624999999785 -0.769014375 -0.8446206250000001
v 0.01223562500000016 -0.29348562499999997 -0.8446206250000001
v 0.023273750000000155 -0.328995625 -0.7749287499999999
v 0.03203375000000024 -0.38430374999999994 -0.7196206250000001
v 0.03765812500000025 -0.453995625 -0.6841106250000002
v 0.03959625000000015 -0.53125 -0.671875
v 0.03765812500000025 -0.608504375 -0.6841106250000002
v 0.03203375000000024 -0.6781962500000001 -0.7196206250000001
v 0.023273750000000155 -0.733504375 -0.7749287499999999
v 0.01223562500000016 -0.769014375 -0.8446206250000001
v 0.03551000000000012 -0.29348562499999997 -0.8521831249999998
v 0.0675437500000002 -0.328995625 -0.7893131250000001
v 0.09296625000000008 -0.38430374999999994 -0.73941875
v 0.10928812500000011 -0.453995625 -0.7073849999999999
v 0.11491250000000013 -0.53125 -0.6963468750000001
v 0.10928812500000011 -0.608504375 -0.7073849999999999
v 0.09296625000000008 -0.6781962500000001 -0.73941875
v 0.0675437500000002 -0.733504375 -0.7893131250000001
v 0.03551000000000012 -0.769014375 -0.8521831249999998
v 0.055308125000000236 -0.29348562499999997 -0.8665668750000002
v 0.10520187500000007 -0.328995625 -0.8166731249999999
v 0.14479812500000028 -0.38430374999999994 -0.7770768750000001
v 0.17022062500000018 -0.453995625 -0.7516543750000002
v 0.17898000000000008 -0.53125 -0.7428949999999999
v 0.17022062500000018 -0.608504375 -0.7516543750000002
v 0.14479812500000028 -0.6781962500000001 -0.7770768750000001
v 0.10520187500000007 -0.733504375 -0.8166731249999999
v 0.055308125000000236 -0.769014375 -0.8665668750000002
v 0.06969187500000015 -0.29348562499999997 -0.8863650000000001
v 0.13256187500000013 -0.328995625 -0.85433125
v 0.18245625000000018 -0.38430374999999994 -0.8289087500000001
v 0.21449000000000026 -0.453995625 -0.812586875
v 0.22552812500000025 -0.53125 -0.8069625
v 0.21449000000000026 -0.608504375 -0.812586875
v 0.18245625000000018 -0.6781962500000001 -0.8289087500000001
v 0.13256187500000013 -0.733504375 -0.85433125
v 0.06969187500000015 -0.769014375 -0.8863650000000001
v 0.0772543750000003 -0.29348562499999997 -0.9096393749999998
v 0.14694625000000025 -0.328995625 -0.89860125
v 0.2022543750000003 -0.38430374999999994 -0.8898412499999999
v 0.23776437500000022 -0.453995625 -0.8842168749999999
v 0.2500000000000002 -0.53125 -0.8822787499999998
v 0.23776437500000022 -0.608504375 -0.8842168749999999
v 0.2022543750000003 -0.6781962500000001 -0.8898412499999999
v 0.14694625000000025 -0.733504375 -0.89860125
v 0.0772543750000003 -0.769014375 -0.9096393749999998
vt 0.375 0.23428749999999998
vt 0.399475 0.23428749999999998
vt 0.3872375 0.3125
vt 0.3860375 0.3125
vt 0.375 0.23428749999999998
vt 0.42155 0.23428749999999998
vt 0.4105125 0.3125
vt 0.38375625 0.3125
vt 0.375 0.23428749999999998
vt 0.4390625 0.23428749999999998
vt 0.43030625 0.3125
vt 0.380625 0.3125
vt 0.375 0.23428749999999998
vt 0.4503125 0.23428749999999998
vt 0.4446875 0.3125
vt 0.3769375 0.3125
vt 0.375 0.23428749999999998
vt 0.4541875 0.23428749999999998
vt 0.45225 0.3125
vt 0.375 0.3125
vt 0.3769375 0.23428749999999998
vt 0.45225 0.23428749999999998
vt 0.4541875 0.3125
vt 0.375 0.3125
vt 0.380625 0.23428749999999998
vt 0.4446875 0.23428749999999998
vt 0.4503125 0.3125
vt 0.375 0.3125
vt 0.38375625 0.23428749999999998
vt 0.43030625 0.23428749999999998
vt 0.4390625 0.3125
vt 0.375 0.3125
vt 0.3860375 0.23428749999999998
vt 0.4105125 0.23428749999999998
vt 0.42155 0.3125
vt 0.399475 0.3125
vt 0.375 0.3125
vt 0.3872375 0.23428749999999998
vt 0.375 0.23428749999999998
vt 0.399475 0.23428749999999998
vt 0.3872375 0.3125
vt 0.3860375 0.3125
vt 0.375 0.23428749999999998
vt 0.42155 0.23428749999999998
vt 0.4105125 0.3125
vt 0.38375625 0.3125
vt 0.375 0.23428749999999998
vt 0.4390625 0.23428749999999998
vt 0.43030625 0.3125
vt 0.380625 0.3125
vt 0.375 0.23428749999999998
vt 0.4503125 0.23428749999999998
vt 0.4446875 0.3125
vt 0.3769375 0.3125
vt 0.375 0.23428749999999998
vt 0.4541875 0.23428749999999998
vt 0.45225 0.3125
vt 0.375 0.3125
vt 0.3769375 0.23428749999999998
vt 0.45225 0.23428749999999998
vt 0.4541875 0.3125
vt 0.375 0.3125
vt 0.380625 0.23428749999999998
vt 0.4446875 0.23428749999999998
vt 0.4503125 0.3125
vt 0.375 0.3125
vt 0.38375625 0.23428749999999998
vt 0.43030625 0.23428749999999998
vt 0.4390625 0.3125
vt 0.375 0.3125
vt 0.3860375 0.23428749999999998
vt 0.4105125 0.23428749999999998
vt 0.42155 0.3125
vt 0.399475 0.3125
vt 0.375 0.3125
vt 0.3872375 0.23428749999999998
vt 0.375 0.23428749999999998
vt 0.399475 0.23428749999999998
vt 0.3872375 0.3125
vt 0.3860375 0.3125
vt 0.375 0.23428749999999998
vt 0.42155 0.23428749999999998
vt 0.4105125 0.3125
vt 0.38375625 0.3125
vt 0.375 0.23428749999999998
vt 0.4390625 0.23428749999999998
vt 0.43030625 0.3125
vt 0.380625 0.3125
vt 0.375 0.23428749999999998
vt 0.4503125 0.23428749999999998
vt 0.4446875 0.3125
vt 0.3769375 0.3125
vt 0.375 0.23428749999999998
vt 0.4541875 0.23428749999999998
vt 0.45225 0.3125
vt 0.375 0.3125
vt 0.3769375 0.23428749999999998
vt 0.45225 0.23428749999999998
vt 0.4541875 0.3125
vt 0.375 0.3125
vt 0.380625 0.23428749999999998
vt 0.4446875 0.23428749999999998
vt 0.4503125 0.3125
vt 0.375 0.3125
vt 0.38375625 0.23428749999999998
vt 0.43030625 0.23428749999999998
vt 0.4390625 0.3125
vt 0.375 0.3125
vt 0.3860375 0.23428749999999998
vt 0.4105125 0.23428749999999998
vt 0.42155 0.3125
vt 0.399475 0.3125
vt 0.375 0.3125
vt 0.3872375 0.23428749999999998
vt 0.375 0.23428749999999998
vt 0.399475 0.23428749999999998
vt 0.3872375 0.3125
vt 0.3860375 0.3125
vt 0.375 0.23428749999999998
vt 0.42155 0.23428749999999998
vt 0.4105125 0.3125
vt 0.38375625 0.3125
vt 0.375 0.23428749999999998
vt 0.4390625 0.23428749999999998
vt 0.43030625 0.3125
vt 0.380625 0.3125
vt 0.375 0.23428749999999998
vt 0.4503125 0.23428749999999998
vt 0.4446875 0.3125
vt 0.3769375 0.3125
vt 0.375 0.23428749999999998
vt 0.4541875 0.23428749999999998
vt 0.45225 0.3125
vt 0.375 0.3125
vt 0.3769375 0.23428749999999998
vt 0.45225 0.23428749999999998
vt 0.4541875 0.3125
vt 0.375 0.3125
vt 0.380625 0.23428749999999998
vt 0.4446875 0.23428749999999998
vt 0.4503125 0.3125
vt 0.375 0.3125
vt 0.38375625 0.23428749999999998
vt 0.43030625 0.23428749999999998
vt 0.4390625 0.3125
vt 0.375 0.3125
vt 0.3860375 0.23428749999999998
vt 0.4105125 0.23428749999999998
vt 0.42155 0.3125
vt 0.399475 0.3125
vt 0.375 0.3125
vt 0.3872375 0.23428749999999998
vt 0.375 0.23428749999999998
vt 0.399475 0.23428749999999998
vt 0.3872375 0.3125
vt 0.3860375 0.3125
vt 0.375 0.23428749999999998
vt 0.42155 0.23428749999999998
vt 0.4105125 0.3125
vt 0.38375625 0.3125
vt 0.375 0.23428749999999998
vt 0.4390625 0.23428749999999998
vt 0.43030625 0.3125
vt 0.380625 0.3125
vt 0.375 0.23428749999999998
vt 0.4503125 0.23428749999999998
vt 0.4446875 0.3125
vt 0.3769375 0.3125
vt 0.375 0.23428749999999998
vt 0.4541875 0.23428749999999998
vt 0.45225 0.3125
vt 0.375 0.3125
vt 0.3769375 0.23428749999999998
vt 0.45225 0.23428749999999998
vt 0.4541875 0.3125
vt 0.375 0.3125
vt 0.380625 0.23428749999999998
vt 0.4446875 0.23428749999999998
vt 0.4503125 0.3125
vt 0.375 0.3125
vt 0.38375625 0.23428749999999998
vt 0.43030625 0.23428749999999998
vt 0.4390625 0.3125
vt 0.375 0.3125
vt 0.3860375 0.23428749999999998
vt 0.4105125 0.23428749999999998
vt 0.42155 0.3125
vt 0.399475 0.3125
vt 0.375 0.3125
vt 0.3872375 0.23428749999999998
vt 0.375 0.23428749999999998
vt 0.399475 0.23428749999999998
vt 0.3872375 0.3125
vt 0.3860375 0.3125
vt 0.375 0.23428749999999998
vt 0.42155 0.23428749999999998
vt 0.4105125 0.3125
vt 0.38375625 0.3125
vt 0.375 0.23428749999999998
vt 0.4390625 0.23428749999999998
vt 0.43030625 0.3125
vt 0.380625 0.3125
vt 0.375 0.23428749999999998
vt 0.4503125 0.23428749999999998
vt 0.4446875 0.3125
vt 0.3769375 0.3125
vt 0.375 0.23428749999999998
vt 0.4541875 0.23428749999999998
vt 0.45225 0.3125
vt 0.375 0.3125
vt 0.3769375 0.23428749999999998
vt 0.45225 0.23428749999999998
vt 0.4541875 0.3125
vt 0.375 0.3125
vt 0.380625 0.23428749999999998
vt 0.4446875 0.23428749999999998
vt 0.4503125 0.3125
vt 0.375 0.3125
vt 0.38375625 0.23428749999999998
vt 0.43030625 0.23428749999999998
vt 0.4390625 0.3125
vt 0.375 0.3125
vt 0.3860375 0.23428749999999998
vt 0.4105125 0.23428749999999998
vt 0.42155 0.3125
vt 0.399475 0.3125
vt 0.375 0.3125
vt 0.3872375 0.23428749999999998
vt 0.375 0.23428749999999998
vt 0.399475 0.23428749999999998
vt 0.3872375 0.3125
vt 0.3860375 0.3125
vt 0.375 0.23428749999999998
vt 0.42155 0.23428749999999998
vt 0.4105125 0.3125
vt 0.38375625 0.3125
vt 0.375 0.23428749999999998
vt 0.4390625 0.23428749999999998
vt 0.43030625 0.3125
vt 0.380625 0.3125
vt 0.375 0.23428749999999998
vt 0.4503125 0.23428749999999998
vt 0.4446875 0.3125
vt 0.3769375 0.3125
vt 0.375 0.23428749999999998
vt 0.4541875 0.23428749999999998
vt 0.45225 0.3125
vt 0.375 0.3125
vt 0.3769375 0.23428749999999998
vt 0.45225 0.23428749999999998
vt 0.4541875 0.3125
vt 0.375 0.3125
vt 0.380625 0.23428749999999998
vt 0.4446875 0.23428749999999998
vt 0.4503125 0.3125
vt 0.375 0.3125
vt 0.38375625 0.23428749999999998
vt 0.43030625 0.23428749999999998
vt 0.4390625 0.3125
vt 0.375 0.3125
vt 0.3860375 0.23428749999999998
vt 0.4105125 0.23428749999999998
vt 0.42155 0.3125
vt 0.399475 0.3125
vt 0.375 0.3125
vt 0.3872375 0.23428749999999998
vt 0.375 0.23428749999999998
vt 0.399475 0.23428749999999998
vt 0.3872375 0.3125
vt 0.3860375 0.3125
vt 0.375 0.23428749999999998
vt 0.42155 0.23428749999999998
vt 0.4105125 0.3125
vt 0.38375625 0.3125
vt 0.375 0.23428749999999998
vt 0.4390625 0.23428749999999998
vt 0.43030625 0.3125
vt 0.380625 0.3125
vt 0.375 0.23428749999999998
vt 0.4503125 0.23428749999999998
vt 0.4446875 0.3125
vt 0.3769375 0.3125
vt 0.375 0.23428749999999998
vt 0.4541875 0.23428749999999998
vt 0.45225 0.3125
vt 0.375 0.3125
vt 0.3769375 0.23428749999999998
vt 0.45225 0.23428749999999998
vt 0.4541875 0.3125
vt 0.375 0.3125
vt 0.380625 0.23428749999999998
vt 0.4446875 0.23428749999999998
vt 0.4503125 0.3125
vt 0.375 0.3125
vt 0.38375625 0.23428749999999998
vt 0.43030625 0.23428749999999998
vt 0.4390625 0.3125
vt 0.375 0.3125
vt 0.3860375 0.23428749999999998
vt 0.4105125 0.23428749999999998
vt 0.42155 0.3125
vt 0.399475 0.3125
vt 0.375 0.3125
vt 0.3872375 0.23428749999999998
vt 0.375 0.23428749999999998
vt 0.399475 0.23428749999999998
vt 0.3872375 0.3125
vt 0.3860375 0.3125
vt 0.375 0.23428749999999998
vt 0.42155 0.23428749999999998
vt 0.4105125 0.3125
vt 0.38375625 0.3125
vt 0.375 0.23428749999999998
vt 0.4390625 0.23428749999999998
vt 0.43030625 0.3125
vt 0.380625 0.3125
vt 0.375 0.23428749999999998
vt 0.4503125 0.23428749999999998
vt 0.4446875 0.3125
vt 0.3769375 0.3125
vt 0.375 0.23428749999999998
vt 0.4541875 0.23428749999999998
vt 0.45225 0.3125
vt 0.375 0.3125
vt 0.3769375 0.23428749999999998
vt 0.45225 0.23428749999999998
vt 0.4541875 0.3125
vt 0.375 0.3125
vt 0.380625 0.23428749999999998
vt 0.4446875 0.23428749999999998
vt 0.4503125 0.3125
vt 0.375 0.3125
vt 0.38375625 0.23428749999999998
vt 0.43030625 0.23428749999999998
vt 0.4390625 0.3125
vt 0.375 0.3125
vt 0.3860375 0.23428749999999998
vt 0.4105125 0.23428749999999998
vt 0.42155 0.3125
vt 0.399475 0.3125
vt 0.375 0.3125
vt 0.3872375 0.23428749999999998
vt 0.375 0.23428749999999998
vt 0.399475 0.23428749999999998
vt 0.3872375 0.3125
vt 0.3860375 0.3125
vt 0.375 0.23428749999999998
vt 0.42155 0.23428749999999998
vt 0.4105125 0.3125
vt 0.38375625 0.3125
vt 0.375 0.23428749999999998
vt 0.4390625 0.23428749999999998
vt 0.43030625 0.3125
vt 0.380625 0.3125
vt 0.375 0.23428749999999998
vt 0.4503125 0.23428749999999998
vt 0.4446875 0.3125
vt 0.3769375 0.3125
vt 0.375 0.23428749999999998
vt 0.4541875 0.23428749999999998
vt 0.45225 0.3125
vt 0.375 0.3125
vt 0.3769375 0.23428749999999998
vt 0.45225 0.23428749999999998
vt 0.4541875 0.3125
vt 0.375 0.3125
vt 0.380625 0.23428749999999998
vt 0.4446875 0.23428749999999998
vt 0.4503125 0.3125
vt 0.375 0.3125
vt 0.38375625 0.23428749999999998
vt 0.43030625 0.23428749999999998
vt 0.4390625 0.3125
vt 0.375 0.3125
vt 0.3860375 0.23428749999999998
vt 0.4105125 0.23428749999999998
vt 0.42155 0.3125
vt 0.399475 0.3125
vt 0.375 0.3125
vt 0.3872375 0.23428749999999998
vt 0.375 0.23428749999999998
vt 0.399475 0.23428749999999998
vt 0.3872375 0.3125
vt 0.3860375 0.3125
vt 0.375 0.23428749999999998
vt 0.42155 0.23428749999999998
vt 0.4105125 0.3125
vt 0.38375625 0.3125
vt 0.375 0.23428749999999998
vt 0.4390625 0.23428749999999998
vt 0.43030625 0.3125
vt 0.380625 0.3125
vt 0.375 0.23428749999999998
vt 0.4503125 0.23428749999999998
vt 0.4446875 0.3125
vt 0.3769375 0.3125
vt 0.375 0.23428749999999998
vt 0.4541875 0.23428749999999998
vt 0.45225 0.3125
vt 0.375 0.3125
vt 0.3769375 0.23428749999999998
vt 0.45225 0.23428749999999998
vt 0.4541875 0.3125
vt 0.375 0.3125
vt 0.380625 0.23428749999999998
vt 0.4446875 0.23428749999999998
vt 0.4503125 0.3125
vt 0.375 0.3125
vt 0.38375625 0.23428749999999998
vt 0.43030625 0.23428749999999998
vt 0.4390625 0.3125
vt 0.375 0.3125
vt 0.3860375 0.23428749999999998
vt 0.4105125 0.23428749999999998
vt 0.42155 0.3125
vt 0.399475 0.3125
vt 0.375 0.3125
vt 0.3872375 0.23428749999999998
vt 0.375 0.23428749999999998
vt 0.399475 0.23428749999999998
vt 0.3872375 0.3125
vt 0.3860375 0.3125
vt 0.375 0.23428749999999998
vt 0.42155 0.23428749999999998
vt 0.4105125 0.3125
vt 0.38375625 0.3125
vt 0.375 0.23428749999999998
vt 0.4390625 0.23428749999999998
vt 0.43030625 0.3125
vt 0.380625 0.3125
vt 0.375 0.23428749999999998
vt 0.4503125 0.23428749999999998
vt 0.4446875 0.3125
vt 0.3769375 0.3125
vt 0.375 0.23428749999999998
vt 0.4541875 0.23428749999999998
vt 0.45225 0.3125
vt 0.375 0.3125
vt 0.3769375 0.23428749999999998
vt 0.45225 0.23428749999999998
vt 0.4541875 0.3125
vt 0.375 0.3125
vt 0.380625 0.23428749999999998
vt 0.4446875 0.23428749999999998
vt 0.4503125 0.3125
vt 0.375 0.3125
vt 0.38375625 0.23428749999999998
vt 0.43030625 0.23428749999999998
vt 0.4390625 0.3125
vt 0.375 0.3125
vt 0.3860375 0.23428749999999998
vt 0.4105125 0.23428749999999998
vt 0.42155 0.3125
vt 0.399475 0.3125
vt 0.375 0.3125
vt 0.3872375 0.23428749999999998
vt 0.375 0.23428749999999998
vt 0.399475 0.23428749999999998
vt 0.3872375 0.3125
vt 0.3860375 0.3125
vt 0.375 0.23428749999999998
vt 0.42155 0.23428749999999998
vt 0.4105125 0.3125
vt 0.38375625 0.3125
vt 0.375 0.23428749999999998
vt 0.4390625 0.23428749999999998
vt 0.43030625 0.3125
vt 0.380625 0.3125
vt 0.375 0.23428749999999998
vt 0.4503125 0.23428749999999998
vt 0.4446875 0.3125
vt 0.3769375 0.3125
vt 0.375 0.23428749999999998
vt 0.4541875 0.23428749999999998
vt 0.45225 0.3125
vt 0.375 0.3125
vt 0.3769375 0.23428749999999998
vt 0.45225 0.23428749999999998
vt 0.4541875 0.3125
vt 0.375 0.3125
vt 0.380625 0.23428749999999998
vt 0.4446875 0.23428749999999998
vt 0.4503125 0.3125
vt 0.375 0.3125
vt 0.38375625 0.23428749999999998
vt 0.43030625 0.23428749999999998
vt 0.4390625 0.3125
vt 0.375 0.3125
vt 0.3860375 0.23428749999999998
vt 0.4105125 0.23428749999999998
vt 0.42155 0.3125
vt 0.399475 0.3125
vt 0.375 0.3125
vt 0.3872375 0.23428749999999998
vt 0.375 0.23428749999999998
vt 0.399475 0.23428749999999998
vt 0.3872375 0.3125
vt 0.3860375 0.3125
vt 0.375 0.23428749999999998
vt 0.42155 0.23428749999999998
vt 0.4105125 0.3125
vt 0.38375625 0.3125
vt 0.375 0.23428749999999998
vt 0.4390625 0.23428749999999998
vt 0.43030625 0.3125
vt 0.380625 0.3125
vt 0.375 0.23428749999999998
vt 0.4503125 0.23428749999999998
vt 0.4446875 0.3125
vt 0.3769375 0.3125
vt 0.375 0.23428749999999998
vt 0.4541875 0.23428749999999998
vt 0.45225 0.3125
vt 0.375 0.3125
vt 0.3769375 0.23428749999999998
vt 0.45225 0.23428749999999998
vt 0.4541875 0.3125
vt 0.375 0.3125
vt 0.380625 0.23428749999999998
vt 0.4446875 0.23428749999999998
vt 0.4503125 0.3125
vt 0.375 0.3125
vt 0.38375625 0.23428749999999998
vt 0.43030625 0.23428749999999998
vt 0.4390625 0.3125
vt 0.375 0.3125
vt 0.3860375 0.23428749999999998
vt 0.4105125 0.23428749999999998
vt 0.42155 0.3125
vt 0.399475 0.3125
vt 0.375 0.3125
vt 0.3872375 0.23428749999999998
vt 0.375 0.23428749999999998
vt 0.399475 0.23428749999999998
vt 0.3872375 0.3125
vt 0.3860375 0.3125
vt 0.375 0.23428749999999998
vt 0.42155 0.23428749999999998
vt 0.4105125 0.3125
vt 0.38375625 0.3125
vt 0.375 0.23428749999999998
vt 0.4390625 0.23428749999999998
vt 0.43030625 0.3125
vt 0.380625 0.3125
vt 0.375 0.23428749999999998
vt 0.4503125 0.23428749999999998
vt 0.4446875 0.3125
vt 0.3769375 0.3125
vt 0.375 0.23428749999999998
vt 0.4541875 0.23428749999999998
vt 0.45225 0.3125
vt 0.375 0.3125
vt 0.3769375 0.23428749999999998
vt 0.45225 0.23428749999999998
vt 0.4541875 0.3125
vt 0.375 0.3125
vt 0.380625 0.23428749999999998
vt 0.4446875 0.23428749999999998
vt 0.4503125 0.3125
vt 0.375 0.3125
vt 0.38375625 0.23428749999999998
vt 0.43030625 0.23428749999999998
vt 0.4390625 0.3125
vt 0.375 0.3125
vt 0.3860375 0.23428749999999998
vt 0.4105125 0.23428749999999998
vt 0.42155 0.3125
vt 0.399475 0.3125
vt 0.375 0.3125
vt 0.3872375 0.23428749999999998
vt 0.375 0.23428749999999998
vt 0.399475 0.23428749999999998
vt 0.3872375 0.3125
vt 0.3860375 0.3125
vt 0.375 0.23428749999999998
vt 0.42155 0.23428749999999998
vt 0.4105125 0.3125
vt 0.38375625 0.3125
vt 0.375 0.23428749999999998
vt 0.4390625 0.23428749999999998
vt 0.43030625 0.3125
vt 0.380625 0.3125
vt 0.375 0.23428749999999998
vt 0.4503125 0.23428749999999998
vt 0.4446875 0.3125
vt 0.3769375 0.3125
vt 0.375 0.23428749999999998
vt 0.4541875 0.23428749999999998
vt 0.45225 0.3125
vt 0.375 0.3125
vt 0.3769375 0.23428749999999998
vt 0.45225 0.23428749999999998
vt 0.4541875 0.3125
vt 0.375 0.3125
vt 0.380625 0.23428749999999998
vt 0.4446875 0.23428749999999998
vt 0.4503125 0.3125
vt 0.375 0.3125
vt 0.38375625 0.23428749999999998
vt 0.43030625 0.23428749999999998
vt 0.4390625 0.3125
vt 0.375 0.3125
vt 0.3860375 0.23428749999999998
vt 0.4105125 0.23428749999999998
vt 0.42155 0.3125
vt 0.399475 0.3125
vt 0.375 0.3125
vt 0.3872375 0.23428749999999998
vt 0.375 0.23428749999999998
vt 0.399475 0.23428749999999998
vt 0.3872375 0.3125
vt 0.3860375 0.3125
vt 0.375 0.23428749999999998
vt 0.42155 0.23428749999999998
vt 0.4105125 0.3125
vt 0.38375625 0.3125
vt 0.375 0.23428749999999998
vt 0.4390625 0.23428749999999998
vt 0.43030625 0.3125
vt 0.380625 0.3125
vt 0.375 0.23428749999999998
vt 0.4503125 0.23428749999999998
vt 0.4446875 0.3125
vt 0.3769375 0.3125
vt 0.375 0.23428749999999998
vt 0.4541875 0.23428749999999998
vt 0.45225 0.3125
vt 0.375 0.3125
vt 0.3769375 0.23428749999999998
vt 0.45225 0.23428749999999998
vt 0.4541875 0.3125
vt 0.375 0.3125
vt 0.380625 0.23428749999999998
vt 0.4446875 0.23428749999999998
vt 0.4503125 0.3125
vt 0.375 0.3125
vt 0.38375625 0.23428749999999998
vt 0.43030625 0.23428749999999998
vt 0.4390625 0.3125
vt 0.375 0.3125
vt 0.3860375 0.23428749999999998
vt 0.4105125 0.23428749999999998
vt 0.42155 0.3125
vt 0.399475 0.3125
vt 0.375 0.3125
vt 0.3872375 0.23428749999999998
vt 0.375 0.23428749999999998
vt 0.399475 0.23428749999999998
vt 0.3872375 0.3125
vt 0.3860375 0.3125
vt 0.375 0.23428749999999998
vt 0.42155 0.23428749999999998
vt 0.4105125 0.3125
vt 0.38375625 0.3125
vt 0.375 0.23428749999999998
vt 0.4390625 0.23428749999999998
vt 0.43030625 0.3125
vt 0.380625 0.3125
vt 0.375 0.23428749999999998
vt 0.4503125 0.23428749999999998
vt 0.4446875 0.3125
vt 0.3769375 0.3125
vt 0.375 0.23428749999999998
vt 0.4541875 0.23428749999999998
vt 0.45225 0.3125
vt 0.375 0.3125
vt 0.3769375 0.23428749999999998
vt 0.45225 0.23428749999999998
vt 0.4541875 0.3125
vt 0.375 0.3125
vt 0.380625 0.23428749999999998
vt 0.4446875 0.23428749999999998
vt 0.4503125 0.3125
vt 0.375 0.3125
vt 0.38375625 0.23428749999999998
vt 0.43030625 0.23428749999999998
vt 0.4390625 0.3125
vt 0.375 0.3125
vt 0.3860375 0.23428749999999998
vt 0.4105125 0.23428749999999998
vt 0.42155 0.3125
vt 0.399475 0.3125
vt 0.375 0.3125
vt 0.3872375 0.23428749999999998
vt 0.375 0.23428749999999998
vt 0.399475 0.23428749999999998
vt 0.3872375 0.3125
vt 0.3860375 0.3125
vt 0.375 0.23428749999999998
vt 0.42155 0.23428749999999998
vt 0.4105125 0.3125
vt 0.38375625 0.3125
vt 0.375 0.23428749999999998
vt 0.4390625 0.23428749999999998
vt 0.43030625 0.3125
vt 0.380625 0.3125
vt 0.375 0.23428749999999998
vt 0.4503125 0.23428749999999998
vt 0.4446875 0.3125
vt 0.3769375 0.3125
vt 0.375 0.23428749999999998
vt 0.4541875 0.23428749999999998
vt 0.45225 0.3125
vt 0.375 0.3125
vt 0.3769375 0.23428749999999998
vt 0.45225 0.23428749999999998
vt 0.4541875 0.3125
vt 0.375 0.3125
vt 0.380625 0.23428749999999998
vt 0.4446875 0.23428749999999998
vt 0.4503125 0.3125
vt 0.375 0.3125
vt 0.38375625 0.23428749999999998
vt 0.43030625 0.23428749999999998
vt 0.4390625 0.3125
vt 0.375 0.3125
vt 0.3860375 0.23428749999999998
vt 0.4105125 0.23428749999999998
vt 0.42155 0.3125
vt 0.399475 0.3125
vt 0.375 0.3125
vt 0.3872375 0.23428749999999998
vt 0.375 0.23428749999999998
vt 0.399475 0.23428749999999998
vt 0.3872375 0.3125
vt 0.3860375 0.3125
vt 0.375 0.23428749999999998
vt 0.42155 0.23428749999999998
vt 0.4105125 0.3125
vt 0.38375625 0.3125
vt 0.375 0.23428749999999998
vt 0.4390625 0.23428749999999998
vt 0.43030625 0.3125
vt 0.380625 0.3125
vt 0.375 0.23428749999999998
vt 0.4503125 0.23428749999999998
vt 0.4446875 0.3125
vt 0.3769375 0.3125
vt 0.375 0.23428749999999998
vt 0.4541875 0.23428749999999998
vt 0.45225 0.3125
vt 0.375 0.3125
vt 0.3769375 0.23428749999999998
vt 0.45225 0.23428749999999998
vt 0.4541875 0.3125
vt 0.375 0.3125
vt 0.380625 0.23428749999999998
vt 0.4446875 0.23428749999999998
vt 0.4503125 0.3125
vt 0.375 0.3125
vt 0.38375625 0.23428749999999998
vt 0.43030625 0.23428749999999998
vt 0.4390625 0.3125
vt 0.375 0.3125
vt 0.3860375 0.23428749999999998
vt 0.4105125 0.23428749999999998
vt 0.42155 0.3125
vt 0.399475 0.3125
vt 0.375 0.3125
vt 0.3872375 0.23428749999999998
vn 0.1487748229437803 0.9876888108927864 -0.04834113047127461
vn 0.43177236753369636 0.8910053131240778 -0.14029310253540897
vn 0.6724985202038026 0.7071069239193174 -0.2185075249712391
vn 0.8473951004630522 0.45399287105251734 -0.27533982048498895
vn 0.9393473063068131 0.15643184840357788 -0.3052142115616091
vn 0.9393463840649285 -0.1564317744953142 -0.30521708777915924
vn 0.8473964432389866 -0.4539931805366022 -0.2753351775784843
vn 0.6724978034023676 -0.7071066810231234 -0.2185105170728711
vn 0.43177202499726974 -0.8910051972705886 -0.14029489251771315
vn 0.1487748229437803 -0.9876888108927864 -0.048341130471274606
vn 0.12655682062622772 0.9876888547958224 -0.09194616503747208
vn 0.3672887282627382 0.8910054944253064 -0.2668486443567892
vn 0.5720598497974071 0.7071082888384052 -0.4156265103500868
vn 0.7208438070311051 0.453989104714968 -0.5237156658579204
vn 0.7990544166271616 0.15643517948828892 -0.5805515256091343
vn 0.7990607525869797 -0.15643544467122877 -0.5805427334190348
vn 0.7208397653681959 -0.4539886434527066 -0.5237216286157138
vn 0.5720616228603927 -0.7071085569426661 -0.4156236138007491
vn 0.3672909840359168 -0.8910057917483734 -0.2668445467248343
vn 0.12655682062622772 -0.9876888547958224 -0.09194616503747208
vn 0.09194616503747322 0.9876888547958224 -0.12655682062622672
vn 0.2668494047998579 0.891004835221815 -0.3672897749316037
vn 0.41562734774107046 0.7071068641885492 -0.5720610023652722
vn 0.5237140922081792 0.453994359154212 -0.7208416410548987
vn 0.5805524851097935 0.15642487267275074 -0.7990557372562674
vn 0.5805437422791726 -0.15642460747977002 -0.7990621411850856
vn 0.5237197786553107 -0.45399482042854744 -0.720837219120436
vn 0.4156247663650283 -0.707106596076847 -0.5720632092423271
vn 0.266845993158271 -0.8910045378643894 -0.36729297494022684
vn 0.09194616503747324 -0.9876888547958224 -0.12655682062622675
vn 0.04834113047127164 0.9876888108927864 -0.14877482294378133
vn 0.14029294676315907 0.8910055699691593 -0.4317718881220077
vn 0.21850712612784579 0.7071082146033835 -0.6724972926873126
vn 0.27534037559543156 0.4539893455254349 -0.8473968088896455
vn 0.30521407096681286 0.15643472100555064 -0.9393468736030268
vn 0.3052169399477719 -0.1564347949252089 -0.9393459290940832
vn 0.275335830136111 -0.45398903604967344 -0.8473984516093636
vn 0.2185099681048317 -0.7071084574969437 -0.6724961138736182
vn 0.14029459622132195 -0.8910056858129032 -0.43177111311454663
vn 0.04834113047127165 -0.9876888108927864 -0.14877482294378133
vn 0 0.9876888659344842 -0.15643114814209053
vn 0 0.8910054067840733 -0.4539926927622825
vn 0 0.7071067811865468 -0.7071067811865482
vn 0 0.45399269276228194 -0.8910054067840735
vn 0 0.15643114814209308 -0.9876888659344837
vn 0 -0.15643114814209305 -0.9876888659344837
vn 0 -0.45399269276228194 -0.8910054067840735
vn 0 -0.7071067811865468 -0.7071067811865483
vn 0 -0.8910054067840734 -0.4539926927622825
vn 0 -0.9876888659344842 -0.15643114814209053
vn -0.04834113047127142 0.9876888108927863 -0.14877482294378136
vn -0.14029310253540855 0.8910053131240786 -0.43177236753369513
vn -0.21850752497123652 0.7071069239193161 -0.6724985202038049
vn -0.2753398204849862 0.4539928710525175 -0.8473951004630531
vn -0.3052142115616107 0.15643184840358001 -0.9393473063068122
vn -0.30521708777915607 -0.15643177449531645 -0.9393463840649293
vn -0.2753351775784806 -0.45399318053660237 -0.8473964432389874
vn -0.21851051707287164 -0.7071066810231217 -0.6724978034023693
vn -0.1402948925177032 -0.8910051972705899 -0.4317720249972703
vn -0.04834113047127143 -0.9876888108927863 -0.1487748229437814
vn -0.0919461650374735 0.9876888547958225 -0.1265568206262265
vn -0.2668486443567889 0.8910054944253056 -0.3672887282627399
vn -0.41562651035008846 0.7071082888384053 -0.5720598497974055
vn -0.5237156658579213 0.4539891047149673 -0.7208438070311048
vn -0.5805515256091318 0.1564351794882868 -0.799054416627164
vn -0.5805427334190358 -0.1564354446712265 -0.7990607525869795
vn -0.5237216286157164 -0.4539886434527059 -0.7208397653681946
vn -0.4156236138007474 -0.7071085569426665 -0.5720616228603935
vn -0.26684454672484015 -0.8910057917483722 -0.36729098403591515
vn -0.09194616503747352 -0.9876888547958225 -0.1265568206262265
vn -0.1265568206262277 0.9876888547958224 -0.09194616503747215
vn -0.3672897749316035 0.8910048352218151 -0.26684940479985836
vn -0.5720610023652725 0.7071068641885484 -0.41562734774107135
vn -0.7208416410548991 0.4539943591542127 -0.5237140922081777
vn -0.7990557372562667 0.15642487267275063 -0.5805524851097942
vn -0.7990621411850864 -0.15642460747976988 -0.5805437422791714
vn -0.7208372191204351 -0.45399482042854844 -0.5237197786553112
vn -0.5720632092423272 -0.7071065960768463 -0.4156247663650291
vn -0.3672929749402298 -0.8910045378643889 -0.266845993158268
vn -0.1265568206262277 -0.9876888547958224 -0.09194616503747213
vn -0.1487748229437806 0.9876888108927863 -0.048341130471273995
vn -0.4317718881220071 0.8910055699691598 -0.14029294676315673
vn -0.6724972926873128 0.7071082146033829 -0.21850712612784706
vn -0.8473968088896446 0.4539893455254339 -0.2753403755954351
vn -0.9393468736030266 0.15643472100555325 -0.30521407096681225
vn -0.9393459290940813 -0.1564347949252116 -0.30521693994777566
vn -0.8473984516093636 -0.4539890360496725 -0.2753358301361125
vn -0.6724961138736201 -0.7071084574969428 -0.2185099681048289
vn -0.431771113114542 -0.8910056858129043 -0.14029459622132792
vn -0.1487748229437806 -0.9876888108927863 -0.048341130471273995
vn -0.1564311481420903 0.9876888659344842 0
vn -0.45399269276228366 0.8910054067840726 -2.3823309339720697e-16
vn -0.7071067811865468 0.7071067811865482 -2.596269719190851e-16
vn -0.8910054067840729 0.45399269276228305 -3.6808639951227125e-16
vn -0.9876888659344842 0.1564311481420903 -3.500687068269334e-16
vn -0.9876888659344841 -0.15643114814209028 -3.6808545387472163e-16
vn -0.8910054067840731 -0.4539926927622831 -3.461709888759961e-16
vn -0.7071067811865468 -0.7071067811865483 -4.764638565888191e-16
vn -0.4539926927622837 -0.8910054067840726 0
vn -0.1564311481420903 -0.9876888659344842 0
vn -0.1487748229437806 0.9876888108927863 0.04834113047127391
vn -0.4317723675336968 0.8910053131240779 0.14029310253540697
vn -0.6724985202038029 0.7071069239193174 0.21850752497123785
vn -0.8473951004630514 0.45399287105251834 0.2753398204849899
vn -0.9393473063068126 0.15643184840357782 0.30521421156161
vn -0.9393463840649282 -0.15643177449531417 0.30521708777916057
vn -0.8473964432389864 -0.4539931805366034 0.2753351775784828
vn -0.6724978034023684 -0.7071066810231236 0.21851051707286792
vn -0.4317720249972702 -0.8910051972705887 0.14029489251771105
vn -0.1487748229437806 -0.9876888108927863 0.04834113047127391
vn -0.1265568206262277 0.9876888547958224 0.09194616503747209
vn -0.36728872826273784 0.8910054944253064 0.26684864435678884
vn -0.572059849797407 0.7071082888384045 0.4156265103500879
vn -0.720843807031106 0.4539891047149671 0.5237156658579197
vn -0.7990544166271628 0.15643517948828928 0.5805515256091327
vn -0.7990607525869805 -0.15643544467122908 0.580542733419034
vn -0.7208397653681956 -0.45398864345270556 0.5237216286157151
vn -0.5720616228603934 -0.7071085569426655 0.4156236138007493
vn -0.3672909840359164 -0.8910057917483737 0.26684454672483426
vn -0.1265568206262277 -0.9876888547958224 0.0919461650374721
vn -0.09194616503747355 0.9876888547958225 0.12655682062622645
vn -0.26684940479985725 0.8910048352218151 0.3672897749316039
vn -0.4156273477410721 0.7071068641885484 0.5720610023652721
vn -0.5237140922081791 0.45399435915421255 0.7208416410548983
vn -0.5805524851097928 0.1564248726727515 0.7990557372562677
vn -0.5805437422791725 -0.15642460747977083 0.7990621411850855
vn -0.5237197786553119 -0.4539948204285481 0.7208372191204345
vn -0.4156247663650279 -0.707106596076846 0.5720632092423285
vn -0.26684599315827173 -0.8910045378643896 0.36729297494022567
vn -0.09194616503747353 -0.9876888547958225 0.12655682062622642
vn -0.04834113047127142 0.9876888108927863 0.14877482294378136
vn -0.14029294676315912 0.8910055699691589 0.4317718881220078
vn -0.21850712612784506 0.7071082146033837 0.6724972926873127
vn -0.27534037559543123 0.4539893455254346 0.8473968088896457
vn -0.3052140709668128 0.15643472100555061 0.9393468736030268
vn -0.30521693994777144 -0.15643479492520884 0.9393459290940832
vn -0.2753358301361102 -0.45398903604967306 0.8473984516093641
vn -0.21850996810483173 -0.7071084574969441 0.672496113873618
vn -0.14029459622132143 -0.891005685812903 0.43177111311454686
vn -0.048341130471271414 -0.9876888108927863 0.14877482294378136
vn 0 0.9876888659344842 0.15643114814209053
vn 0 0.8910054067840733 0.4539926927622825
vn 0 0.7071067811865468 0.7071067811865482
vn 0 0.45399269276228194 0.8910054067840735
vn 0 0.15643114814209308 0.9876888659344837
vn 0 -0.15643114814209305 0.9876888659344837
vn 0 -0.45399269276228194 0.8910054067840735
vn 0 -0.7071067811865468 0.7071067811865482
vn 0 -0.8910054067840734 0.4539926927622825
vn 0 -0.9876888659344842 0.15643114814209053
vn 0.04834113047127166 0.9876888108927864 0.14877482294378136
vn 0.14029310253540853 0.8910053131240785 0.43177236753369497
vn 0.2185075249712371 0.7071069239193161 0.6724985202038044
vn 0.27533982048498656 0.4539928710525175 0.847395100463053
vn 0.3052142115616107 0.1564318484035796 0.9393473063068121
vn 0.30521708777915646 -0.15643177449531603 0.9393463840649291
vn 0.2753351775784815 -0.45399318053660237 0.8473964432389872
vn 0.21851051707287159 -0.7071066810231219 0.6724978034023691
vn 0.14029489251770383 -0.89100519727059 0.43177202499727024
vn 0.04834113047127166 -0.9876888108927864 0.14877482294378136
vn 0.0919461650374732 0.9876888547958222 0.12655682062622675
vn 0.2668486443567893 0.8910054944253057 0.36728872826273923
vn 0.41562651035008746 0.707108288838405 0.5720598497974066
vn 0.523715665857921 0.45398910471496773 0.7208438070311047
vn 0.5805515256091324 0.15643517948828678 0.7990544166271635
vn 0.5805427334190358 -0.1564354446712265 0.7990607525869796
vn 0.5237216286157147 -0.45398864345270645 0.7208397653681954
vn 0.4156236138007485 -0.707108556942666 0.5720616228603932
vn 0.26684454672483887 -0.8910057917483726 0.36729098403591554
vn 0.09194616503747322 -0.9876888547958224 0.1265568206262268
vn 0.12655682062622772 0.9876888547958224 0.09194616503747212
vn 0.3672897749316038 0.8910048352218146 0.2668494047998587
vn 0.5720610023652722 0.7071068641885496 0.41562734774107
vn 0.7208416410548989 0.45399435915421193 0.5237140922081789
vn 0.7990557372562658 0.15642487267274957 0.580552485109796
vn 0.7990621411850859 -0.1564246074797688 0.5805437422791724
vn 0.7208372191204362 -0.45399482042854744 0.5237197786553106
vn 0.5720632092423261 -0.7071065960768476 0.41562476636502854
vn 0.3672929749402303 -0.8910045378643887 0.2668459931582681
vn 0.12655682062622772 -0.9876888547958224 0.09194616503747212
vn 0.1487748229437803 0.9876888108927864 0.0483411304712747
vn 0.43177188812200673 0.8910055699691597 0.14029294676315876
vn 0.6724972926873117 0.7071082146033837 0.218507126127848
vn 0.8473968088896445 0.4539893455254349 0.2753403755954338
vn 0.9393468736030269 0.15643472100555292 0.30521407096681163
vn 0.9393459290940819 -0.15643479492521128 0.3052169399477744
vn 0.8473984516093627 -0.4539890360496738 0.2753358301361138
vn 0.6724961138736182 -0.7071084574969437 0.2185099681048317
vn 0.4317711131145416 -0.8910056858129042 0.14029459622133006
vn 0.1487748229437803 -0.9876888108927864 0.0483411304712747
vn 0.15643114814209008 0.9876888659344842 0
vn 0.45399269276228366 0.8910054067840726 2.3823309339720697e-16
vn 0.7071067811865468 0.7071067811865482 2.596269719190851e-16
vn 0.8910054067840735 0.453992692762282 2.9446911960981716e-16
vn 0.9876888659344842 0.15643114814209066 0
vn 0.9876888659344841 -0.15643114814209066 3.6808545387472163e-16
vn 0.8910054067840735 -0.45399269276228194 4.3271373609499534e-16
vn 0.7071067811865468 -0.7071067811865483 4.764638565888191e-16
vn 0.4539926927622837 -0.8910054067840726 0
vn 0.15643114814209008 -0.9876888659344842 0
usemtl m_ed51acd0-43ba-125b-d4ef-a14d1d12254d
f 365/1521/401 366/1522/401 367/1523/401
f 365/1524/402 368/1525/402 369/1526/402 366/1527/402
f 368/1528/403 370/1529/403 371/1530/403 369/1531/403
f 370/1532/404 372/1533/404 373/1534/404 371/1535/404
f 372/1536/405 374/1537/405 375/1538/405 373/1539/405
f 374/1540/406 376/1541/406 377/1542/406 375/1543/406
f 376/1544/407 378/1545/407 379/1546/407 377/1547/407
f 378/1548/408 380/1549/408 381/1550/408 379/1551/408
f 380/1552/409 382/1553/409 383/1554/409 381/1555/409
f 383/1556/410 382/1557/410 384/1558/410
f 366/1559/411 385/1560/411 367/1561/411
f 366/1562/412 369/1563/412 386/1564/412 385/1565/412
f 369/1566/413 371/1567/413 387/1568/413 386/1569/413
f 371/1570/414 373/1571/414 388/1572/414 387/1573/414
f 373/1574/415 375/1575/415 389/1576/415 388/1577/415
f 375/1578/416 377/1579/416 390/1580/416 389/1581/416
f 377/1582/417 379/1583/417 391/1584/417 390/1585/417
f 379/1586/418 381/1587/418 392/1588/418 391/1589/418
f 381/1590/419 383/1591/419 393/1592/419 392/1593/419
f 393/1594/420 383/1595/420 384/1596/420
f 385/1597/421 394/1598/421 367/1599/421
f 385/1600/422 386/1601/422 395/1602/422 394/1603/422
f 386/1604/423 387/1605/423 396/1606/423 395/1607/423
f 387/1608/424 388/1609/424 397/1610/424 396/1611/424
f 388/1612/425 389/1613/425 398/1614/425 397/1615/425
f 389/1616/426 390/1617/426 399/1618/426 398/1619/426
f 390/1620/427 391/1621/427 400/1622/427 399/1623/427
f 391/1624/428 392/1625/428 401/1626/428 400/1627/428
f 392/1628/429 393/1629/429 402/1630/429 401/1631/429
f 402/1632/430 393/1633/430 384/1634/430
f 394/1635/431 403/1636/431 367/1637/431
f 394/1638/432 395/1639/432 404/1640/432 403/1641/432
f 395/1642/433 396/1643/433 405/1644/433 404/1645/433
f 396/1646/434 397/1647/434 406/1648/434 405/1649/434
f 397/1650/435 398/1651/435 407/1652/435 406/1653/435
f 398/1654/436 399/1655/436 408/1656/436 407/1657/436
f 399/1658/437 400/1659/437 409/1660/437 408/1661/437
f 400/1662/438 401/1663/438 410/1664/438 409/1665/438
f 401/1666/439 402/1667/439 411/1668/439 410/1669/439
f 411/1670/440 402/1671/440 384/1672/440
f 403/1673/441 412/1674/441 367/1675/441
f 403/1676/442 404/1677/442 413/1678/442 412/1679/442
f 404/1680/443 405/1681/443 414/1682/443 413/1683/443
f 405/1684/444 406/1685/444 415/1686/444 414/1687/444
f 406/1688/445 407/1689/445 416/1690/445 415/1691/445
f 407/1692/446 408/1693/446 417/1694/446 416/1695/446
f 408/1696/447 409/1697/447 418/1698/447 417/1699/447
f 409/1700/448 410/1701/448 419/1702/448 418/1703/448
f 410/1704/449 411/1705/449 420/1706/449 419/1707/449
f 420/1708/450 411/1709/450 384/1710/450
f 412/1711/451 421/1712/451 367/1713/451
f 412/1714/452 413/1715/452 422/1716/452 421/1717/452
f 413/1718/453 414/1719/453 423/1720/453 422/1721/453
f 414/1722/454 415/1723/454 424/1724/454 423/1725/454
f 415/1726/455 416/1727/455 425/1728/455 424/1729/455
f 416/1730/456 417/1731/456 426/1732/456 425/1733/456
f 417/1734/457 418/1735/457 427/1736/457 426/1737/457
f 418/1738/458 419/1739/458 428/1740/458 427/1741/458
f 419/1742/459 420/1743/459 429/1744/459 428/1745/459
f 429/1746/460 420/1747/460 384/1748/460
f 421/1749/461 430/1750/461 367/1751/461
f 421/1752/462 422/1753/462 431/1754/462 430/1755/462
f 422/1756/463 423/1757/463 432/1758/463 431/1759/463
f 423/1760/464 424/1761/464 433/1762/464 432/1763/464
f 424/1764/465 425/1765/465 434/1766/465 433/1767/465
f 425/1768/466 426/1769/466 435/1770/466 434/1771/466
f 426/1772/467 427/1773/467 436/1774/467 435/1775/467
f 427/1776/468 428/1777/468 437/1778/468 436/1779/468
f 428/1780/469 429/1781/469 438/1782/469 437/1783/469
f 438/1784/470 429/1785/470 384/1786/470
f 430/1787/471 439/1788/471 367/1789/471
f 430/1790/472 431/1791/472 440/1792/472 439/1793/472
f 431/1794/473 432/1795/473 441/1796/473 440/1797/473
f 432/1798/474 433/1799/474 442/1800/474 441/1801/474
f 433/1802/475 434/1803/475 443/1804/475 442/1805/475
f 434/1806/476 435/1807/476 444/1808/476 443/1809/476
f 435/1810/477 436/1811/477 445/1812/477 444/1813/477
f 436/1814/478 437/1815/478 446/1816/478 445/1817/478
f 437/1818/479 438/1819/479 447/1820/479 446/1821/479
f 447/1822/480 438/1823/480 384/1824/480
f 439/1825/481 448/1826/481 367/1827/481
f 439/1828/482 440/1829/482 449/1830/482 448/1831/482
f 440/1832/483 441/1833/483 450/1834/483 449/1835/483
f 441/1836/484 442/1837/484 451/1838/484 450/1839/484
f 442/1840/485 443/1841/485 452/1842/485 451/1843/485
f 443/1844/486 444/1845/486 453/1846/486 452/1847/486
f 444/1848/487 445/1849/487 454/1850/487 453/1851/487
f 445/1852/488 446/1853/488 455/1854/488 454/1855/488
f 446/1856/489 447/1857/489 456/1858/489 455/1859/489
f 456/1860/490 447/1861/490 384/1862/490
f 448/1863/491 457/1864/491 367/1865/491
f 448/1866/492 449/1867/492 458/1868/492 457/1869/492
f 449/1870/493 450/1871/493 459/1872/493 458/1873/493
f 450/1874/494 451/1875/494 460/1876/494 459/1877/494
f 451/1878/495 452/1879/495 461/1880/495 460/1881/495
f 452/1882/496 453/1883/496 462/1884/496 461/1885/496
f 453/1886/497 454/1887/497 463/1888/497 462/1889/497
f 454/1890/498 455/1891/498 464/1892/498 463/1893/498
f 455/1894/499 456/1895/499 465/1896/499 464/1897/499
f 465/1898/500 456/1899/500 384/1900/500
f 457/1901/501 466/1902/501 367/1903/501
f 457/1904/502 458/1905/502 467/1906/502 466/1907/502
f 458/1908/503 459/1909/503 468/1910/503 467/1911/503
f 459/1912/504 460/1913/504 469/1914/504 468/1915/504
f 460/1916/505 461/1917/505 470/1918/505 469/1919/505
f 461/1920/506 462/1921/506 471/1922/506 470/1923/506
f 462/1924/507 463/1925/507 472/1926/507 471/1927/507
f 463/1928/508 464/1929/508 473/1930/508 472/1931/508
f 464/1932/509 465/1933/509 474/1934/509 473/1935/509
f 474/1936/510 465/1937/510 384/1938/510
f 466/1939/511 475/1940/511 367/1941/511
f 466/1942/512 467/1943/512 476/1944/512 475/1945/512
f 467/1946/513 468/1947/513 477/1948/513 476/1949/513
f 468/1950/514 469/1951/514 478/1952/514 477/1953/514
f 469/1954/515 470/1955/515 479/1956/515 478/1957/515
f 470/1958/516 471/1959/516 480/1960/516 479/1961/516
f 471/1962/517 472/1963/517 481/1964/517 480/1965/517
f 472/1966/518 473/1967/518 482/1968/518 481/1969/518
f 473/1970/519 474/1971/519 483/1972/519 482/1973/519
f 483/1974/520 474/1975/520 384/1976/520
f 475/1977/521 484/1978/521 367/1979/521
f 475/1980/522 476/1981/522 485/1982/522 484/1983/522
f 476/1984/523 477/1985/523 486/1986/523 485/1987/523
f 477/1988/524 478/1989/524 487/1990/524 486/1991/524
f 478/1992/525 479/1993/525 488/1994/525 487/1995/525
f 479/1996/526 480/1997/526 489/1998/526 488/1999/526
f 480/2000/527 481/2001/527 490/2002/527 489/2003/527
f 481/2004/528 482/2005/528 491/2006/528 490/2007/528
f 482/2008/529 483/2009/529 492/2010/529 491/2011/529
f 492/2012/530 483/2013/530 384/2014/530
f 484/2015/531 493/2016/531 367/2017/531
f 484/2018/532 485/2019/532 494/2020/532 493/2021/532
f 485/2022/533 486/2023/533 495/2024/533 494/2025/533
f 486/2026/534 487/2027/534 496/2028/534 495/2029/534
f 487/2030/535 488/2031/535 497/2032/535 496/2033/535
f 488/2034/536 489/2035/536 498/2036/536 497/2037/536
f 489/2038/537 490/2039/537 499/2040/537 498/2041/537
f 490/2042/538 491/2043/538 500/2044/538 499/2045/538
f 491/2046/539 492/2047/539 501/2048/539 500/2049/539
f 501/2050/540 492/2051/540 384/2052/540
f 493/2053/541 502/2054/541 367/2055/541
f 493/2056/542 494/2057/542 503/2058/542 502/2059/542
f 494/2060/543 495/2061/543 504/2062/543 503/2063/543
f 495/2064/544 496/2065/544 505/2066/544 504/2067/544
f 496/2068/545 497/2069/545 506/2070/545 505/2071/545
f 497/2072/546 498/2073/546 507/2074/546 506/2075/546
f 498/2076/547 499/2077/547 508/2078/547 507/2079/547
f 499/2080/548 500/2081/548 509/2082/548 508/2083/548
f 500/2084/549 501/2085/549 510/2086/549 509/2087/549
f 510/2088/550 501/2089/550 384/2090/550
f 502/2091/551 511/2092/551 367/2093/551
f 502/2094/552 503/2095/552 512/2096/552 511/2097/552
f 503/2098/553 504/2099/553 513/2100/553 512/2101/553
f 504/2102/554 505/2103/554 514/2104/554 513/2105/554
f 505/2106/555 506/2107/555 515/2108/555 514/2109/555
f 506/2110/556 507/2111/556 516/2112/556 515/2113/556
f 507/2114/557 508/2115/557 517/2116/557 516/2117/557
f 508/2118/558 509/2119/558 518/2120/558 517/2121/558
f 509/2122/559 510/2123/559 519/2124/559 518/2125/559
f 519/2126/560 510/2127/560 384/2128/560
f 511/2129/561 520/2130/561 367/2131/561
f 511/2132/562 512/2133/562 521/2134/562 520/2135/562
f 512/2136/563 513/2137/563 522/2138/563 521/2139/563
f 513/2140/564 514/2141/564 523/2142/564 522/2143/564
f 514/2144/565 515/2145/565 524/2146/565 523/2147/565
f 515/2148/566 516/2149/566 525/2150/566 524/2151/566
f 516/2152/567 517/2153/567 526/2154/567 525/2155/567
f 517/2156/568 518/2157/568 527/2158/568 526/2159/568
f 518/2160/569 519/2161/569 528/2162/569 527/2163/569
f 528/2164/570 519/2165/570 384/2166/570
f 520/2167/571 529/2168/571 367/2169/571
f 520/2170/572 521/2171/572 530/2172/572 529/2173/572
f 521/2174/573 522/2175/573 531/2176/573 530/2177/573
f 522/2178/574 523/2179/574 532/2180/574 531/2181/574
f 523/2182/575 524/2183/575 533/2184/575 532/2185/575
f 524/2186/576 525/2187/576 534/2188/576 533/2189/576
f 525/2190/577 526/2191/577 535/2192/577 534/2193/577
f 526/2194/578 527/2195/578 536/2196/578 535/2197/578
f 527/2198/579 528/2199/579 537/2200/579 536/2201/579
f 537/2202/580 528/2203/580 384/2204/580
f 529/2205/581 538/2206/581 367/2207/581
f 529/2208/582 530/2209/582 539/2210/582 538/2211/582
f 530/2212/583 531/2213/583 540/2214/583 539/2215/583
f 531/2216/584 532/2217/584 541/2218/584 540/2219/584
f 532/2220/585 533/2221/585 542/2222/585 541/2223/585
f 533/2224/586 534/2225/586 543/2226/586 542/2227/586
f 534/2228/587 535/2229/587 544/2230/587 543/2231/587
f 535/2232/588 536/2233/588 545/2234/588 544/2235/588
f 536/2236/589 537/2237/589 546/2238/589 545/2239/589
f 546/2240/590 537/2241/590 384/2242/590
f 538/2243/591 365/2244/591 367/2245/591
f 538/2246/592 539/2247/592 368/2248/592 365/2249/592
f 539/2250/593 540/2251/593 370/2252/593 368/2253/593
f 540/2254/594 541/2255/594 372/2256/594 370/2257/594
f 541/2258/595 542/2259/595 374/2260/595 372/2261/595
f 542/2262/596 543/2263/596 376/2264/596 374/2265/596
f 543/2266/597 544/2267/597 378/2268/597 376/2269/597
f 544/2270/598 545/2271/598 380/2272/598 378/2273/598
f 545/2274/599 546/2275/599 382/2276/599 380/2277/599
f 382/2278/600 546/2279/600 384/2280/600
o light
v -0.9497356250000001 -0.2934856250000001 -0.07725437500000296
v -0.9730099999999998 -0.2934856250000001 -0.06969187500000289
v -0.9375000000000001 -0.2812500000000001 -2.828017218994083e-15
v -0.9607737499999996 -0.3289956250000001 -0.14694625000000297
v -1.0050437499999996 -0.3289956250000001 -0.13256187500000297
v -0.9695337499999996 -0.38430375000000006 -0.202254375000003
v -1.0304662499999995 -0.38430375000000006 -0.1824562500000031
v -0.9751581249999995 -0.4539956250000001 -0.23776437500000297
v -1.0467881249999993 -0.4539956250000001 -0.2144900000000032
v -0.9770962499999996 -0.5312500000000002 -0.25000000000000294
v -1.0524124999999993 -0.5312500000000001 -0.22552812500000322
v -0.9751581249999994 -0.6085043750000001 -0.23776437500000294
v -1.0467881249999993 -0.6085043750000001 -0.21449000000000318
v -0.9695337499999995 -0.6781962500000002 -0.20225437500000298
v -1.0304662499999995 -0.6781962500000002 -0.18245625000000304
v -0.9607737499999995 -0.7335043750000001 -0.14694625000000291
v -1.0050437499999996 -0.7335043750000001 -0.1325618750000029
v -0.949735625 -0.7690143750000001 -0.0772543750000029
v -0.9730099999999997 -0.7690143750000001 -0.06969187500000283
v -0.9375 -0.7812500000000001 -2.766784879036715e-15
v -0.9928081249999998 -0.2934856250000001 -0.05530812500000303
v -1.042701875 -0.3289956250000001 -0.10520187500000303
v -1.0822981249999994 -0.38430375000000006 -0.14479812500000336
v -1.1077206249999993 -0.4539956250000001 -0.17022062500000334
v -1.1164799999999997 -0.5312500000000001 -0.17898000000000325
v -1.1077206249999993 -0.6085043750000001 -0.17022062500000332
v -1.0822981249999994 -0.6781962500000002 -0.14479812500000333
v -1.042701875 -0.7335043750000001 -0.10520187500000297
v -0.9928081249999997 -0.7690143750000001 -0.055308125000002976
v -1.0071918750000002 -0.2934856250000001 -0.03551000000000297
v -1.0700618749999997 -0.3289956250000001 -0.06754375000000322
v -1.1199562499999998 -0.38430375000000006 -0.09296625000000328
v -1.1519899999999998 -0.4539956250000001 -0.1092881250000034
v -1.1630281249999994 -0.5312500000000002 -0.11491250000000343
v -1.1519899999999998 -0.6085043750000001 -0.10928812500000337
v -1.1199562499999998 -0.6781962500000002 -0.09296625000000323
v -1.0700618749999997 -0.7335043750000001 -0.06754375000000318
v -1.0071918750000002 -0.7690143750000001 -0.03551000000000291
v -1.0147543749999999 -0.2934856250000001 -0.012235625000003027
v -1.08444625 -0.3289956250000001 -0.02327375000000324
v -1.1397543749999999 -0.38430375000000006 -0.032033750000003504
v -1.1752643749999996 -0.4539956250000001 -0.03765812500000361
v -1.1874999999999998 -0.5312500000000002 -0.03959625000000354
v -1.1752643749999996 -0.6085043750000001 -0.037658125000003595
v -1.1397543749999999 -0.6781962500000003 -0.03203375000000346
v -1.08444625 -0.7335043750000001 -0.02327375000000319
v -1.0147543749999999 -0.7690143750000001 -0.01223562500000297
v -1.0147543749999999 -0.2934856250000001 0.012235624999996917
v -1.08444625 -0.3289956250000001 0.023273749999996724
v -1.1397543749999999 -0.38430375000000006 0.03203374999999655
v -1.175264375 -0.4539956250000001 0.037658124999996476
v -1.1875000000000002 -0.5312500000000002 0.03959624999999646
v -1.175264375 -0.6085043750000001 0.03765812499999649
v -1.1397543749999999 -0.6781962500000003 0.03203374999999659
v -1.08444625 -0.7335043750000001 0.023273749999996773
v -1.0147543749999999 -0.7690143750000001 0.012235624999996975
v -1.0071918750000002 -0.2934856250000001 0.035509999999997
v -1.0700618750000002 -0.3289956250000001 0.06754374999999681
v -1.1199562500000002 -0.38430375000000006 0.09296624999999667
v -1.1519900000000003 -0.4539956250000001 0.10928812499999652
v -1.1630281250000003 -0.5312500000000002 0.11491249999999652
v -1.1519900000000003 -0.6085043750000001 0.10928812499999654
v -1.1199562500000002 -0.6781962500000002 0.09296624999999671
v -1.0700618750000002 -0.7335043750000001 0.06754374999999685
v -1.0071918750000002 -0.7690143750000001 0.035509999999997065
v -0.992808125 -0.2934856250000001 0.05530812499999705
v -1.0427018750000003 -0.3289956250000001 0.10520187499999686
v -1.0822981250000003 -0.38430375000000006 0.14479812499999675
v -1.1077206250000002 -0.4539956250000001 0.17022062499999668
v -1.1164800000000006 -0.5312500000000001 0.1789799999999967
v -1.1077206250000002 -0.6085043750000001 0.1702206249999967
v -1.0822981250000003 -0.6781962500000002 0.14479812499999678
v -1.0427018750000003 -0.7335043750000001 0.10520187499999692
v -0.9928081249999999 -0.7690143750000001 0.055308124999997106
v -0.9730100000000003 -0.2934856250000001 0.06969187499999703
v -1.0050437500000005 -0.3289956250000001 0.13256187499999703
v -1.0304662500000004 -0.38430375000000006 0.18245624999999688
v -1.0467881250000006 -0.4539956250000001 0.21448999999999682
v -1.0524125000000006 -0.5312500000000001 0.22552812499999683
v -1.0467881250000006 -0.6085043750000001 0.21448999999999685
v -1.0304662500000004 -0.6781962500000002 0.18245624999999693
v -1.0050437500000005 -0.7335043750000001 0.13256187499999708
v -0.9730100000000002 -0.7690143750000001 0.06969187499999709
v -0.9497356250000005 -0.2934856250000001 0.07725437499999713
v -0.9607737500000005 -0.3289956250000001 0.14694624999999703
v -0.9695337500000007 -0.38430375000000006 0.20225437499999707
v -0.9751581250000009 -0.4539956250000001 0.23776437499999709
v -0.9770962500000011 -0.53125 0.2499999999999971
v -0.9751581250000008 -0.6085043750000001 0.2377643749999971
v -0.9695337500000006 -0.6781962500000002 0.2022543749999971
v -0.9607737500000004 -0.7335043750000001 0.1469462499999971
v -0.9497356250000004 -0.7690143750000001 0.07725437499999718
v -0.9252643750000001 -0.2934856250000001 0.0772543749999972
v -0.9142262500000006 -0.3289956250000001 0.14694624999999717
v -0.9054662500000006 -0.38430375000000006 0.20225437499999727
v -0.8998418750000007 -0.4539956250000001 0.23776437499999734
v -0.8979037500000007 -0.53125 0.24999999999999734
v -0.8998418750000006 -0.6085043750000001 0.23776437499999734
v -0.9054662500000005 -0.6781962500000002 0.2022543749999973
v -0.9142262500000005 -0.7335043750000001 0.14694624999999722
v -0.925264375 -0.7690143750000001 0.07725437499999725
v -0.9019900000000004 -0.2934856250000001 0.06969187499999724
v -0.8699562500000005 -0.3289956250000001 0.13256187499999741
v -0.8445337500000007 -0.38430375000000006 0.18245624999999743
v -0.8282118750000008 -0.4539956250000001 0.21448999999999746
v -0.8225875000000008 -0.5312500000000001 0.2255281249999975
v -0.8282118750000007 -0.6085043750000001 0.2144899999999975
v -0.8445337500000006 -0.6781962500000002 0.18245624999999746
v -0.8699562500000004 -0.7335043750000001 0.13256187499999747
v -0.9019900000000003 -0.7690143750000001 0.0696918749999973
v -0.8821918750000004 -0.2934856250000001 0.05530812499999738
v -0.8322981250000003 -0.3289956250000001 0.10520187499999749
v -0.7927018750000007 -0.38430375000000006 0.1447981249999976
v -0.7672793750000009 -0.4539956250000001 0.1702206249999977
v -0.7585200000000005 -0.5312500000000001 0.17897999999999775
v -0.7672793750000008 -0.6085043750000001 0.1702206249999977
v -0.7927018750000006 -0.6781962500000002 0.14479812499999764
v -0.8322981250000002 -0.7335043750000001 0.10520187499999754
v -0.8821918750000003 -0.7690143750000001 0.05530812499999743
v -0.867808125 -0.2934856250000001 0.03550999999999742
v -0.8049381250000004 -0.3289956250000001 0.06754374999999758
v -0.7550437500000003 -0.38430375000000006 0.09296624999999775
v -0.7230100000000004 -0.4539956250000001 0.1092881249999978
v -0.7119718750000006 -0.5312500000000001 0.11491249999999785
v -0.7230100000000003 -0.6085043750000001 0.10928812499999781
v -0.7550437500000002 -0.6781962500000002 0.0929662499999978
v -0.8049381250000003 -0.7335043750000001 0.06754374999999764
v -0.8678081249999999 -0.7690143750000001 0.035509999999997474
v -0.8602456250000002 -0.2934856250000001 0.012235624999997375
v -0.7905537500000002 -0.3289956250000001 0.023273749999997595
v -0.7352456250000003 -0.38430375000000006 0.03203374999999775
v -0.6997356250000004 -0.4539956250000001 0.037658124999997884
v -0.6875000000000002 -0.5312500000000001 0.03959624999999794
v -0.6997356250000003 -0.6085043750000001 0.0376581249999979
v -0.7352456250000002 -0.6781962500000002 0.032033749999997786
v -0.79055375 -0.7335043750000001 0.023273749999997644
v -0.8602456250000001 -0.7690143750000001 0.012235624999997433
v -0.8602456250000002 -0.2934856250000001 -0.012235625000002569
v -0.7905537499999999 -0.3289956250000001 -0.02327375000000237
v -0.7352456250000001 -0.38430375000000006 -0.0320337500000023
v -0.6997356250000002 -0.4539956250000001 -0.0376581250000022
v -0.6875 -0.5312500000000001 -0.03959625000000206
v -0.6997356250000001 -0.6085043750000001 -0.037658125000002186
v -0.735245625 -0.6781962500000002 -0.03203375000000227
v -0.7905537499999998 -0.7335043750000001 -0.02327375000000232
v -0.8602456250000001 -0.7690143750000001 -0.012235625000002512
v -0.8678081249999998 -0.2934856250000001 -0.03551000000000255
v -0.804938125 -0.3289956250000001 -0.06754375000000244
v -0.7550437499999999 -0.38430375000000006 -0.09296625000000219
v -0.7230099999999997 -0.4539956250000001 -0.10928812500000212
v -0.7119718749999999 -0.5312500000000001 -0.1149125000000021
v -0.7230099999999996 -0.6085043750000001 -0.10928812500000211
v -0.7550437499999998 -0.6781962500000002 -0.09296625000000215
v -0.8049381249999998 -0.7335043750000001 -0.06754375000000239
v -0.8678081249999997 -0.7690143750000001 -0.0355100000000025
v -0.8821918750000002 -0.2934856250000001 -0.055308125000002706
v -0.8322981249999997 -0.3289956250000001 -0.1052018750000024
v -0.7927018749999998 -0.38430375000000006 -0.1447981250000025
v -0.7672793749999998 -0.4539956250000001 -0.17022062500000232
v -0.7585199999999994 -0.5312500000000001 -0.1789800000000022
v -0.7672793749999997 -0.6085043750000001 -0.17022062500000232
v -0.7927018749999997 -0.6781962500000002 -0.14479812500000247
v -0.8322981249999996 -0.7335043750000001 -0.10520187500000235
v -0.8821918750000001 -0.7690143750000001 -0.05530812500000265
v -0.90199 -0.2934856250000001 -0.06969187500000268
v -0.8699562499999997 -0.3289956250000001 -0.13256187500000258
v -0.8445337499999996 -0.38430375000000006 -0.18245625000000254
v -0.8282118749999995 -0.4539956250000001 -0.21449000000000257
v -0.8225874999999995 -0.5312500000000001 -0.22552812500000255
v -0.8282118749999994 -0.6085043750000001 -0.21449000000000254
v -0.8445337499999995 -0.6781962500000002 -0.1824562500000025
v -0.8699562499999995 -0.7335043750000001 -0.13256187500000252
v -0.9019899999999998 -0.7690143750000001 -0.06969187500000262
v -0.9252643749999997 -0.2934856250000001 -0.07725437500000289
v -0.9142262499999997 -0.3289956250000001 -0.14694625000000283
v -0.9054662499999995 -0.38430375000000006 -0.20225437500000282
v -0.8998418749999993 -0.4539956250000001 -0.23776437500000272
v -0.8979037499999991 -0.5312500000000002 -0.25000000000000266
v -0.8998418749999992 -0.6085043750000001 -0.23776437500000272
v -0.9054662499999994 -0.6781962500000002 -0.2022543750000028
v -0.9142262499999996 -0.7335043750000001 -0.14694625000000278
v -0.9252643749999996 -0.7690143750000001 -0.07725437500000283
vt 0.375 0.23428749999999998
vt 0.399475 0.23428749999999998
vt 0.3872375 0.3125
vt 0.3860375 0.3125
vt 0.375 0.23428749999999998
vt 0.42155 0.23428749999999998
vt 0.4105125 0.3125
vt 0.38375625 0.3125
vt 0.375 0.23428749999999998
vt 0.4390625 0.23428749999999998
vt 0.43030625 0.3125
vt 0.380625 0.3125
vt 0.375 0.23428749999999998
vt 0.4503125 0.23428749999999998
vt 0.4446875 0.3125
vt 0.3769375 0.3125
vt 0.375 0.23428749999999998
vt 0.4541875 0.23428749999999998
vt 0.45225 0.3125
vt 0.375 0.3125
vt 0.3769375 0.23428749999999998
vt 0.45225 0.23428749999999998
vt 0.4541875 0.3125
vt 0.375 0.3125
vt 0.380625 0.23428749999999998
vt 0.4446875 0.23428749999999998
vt 0.4503125 0.3125
vt 0.375 0.3125
vt 0.38375625 0.23428749999999998
vt 0.43030625 0.23428749999999998
vt 0.4390625 0.3125
vt 0.375 0.3125
vt 0.3860375 0.23428749999999998
vt 0.4105125 0.23428749999999998
vt 0.42155 0.3125
vt 0.399475 0.3125
vt 0.375 0.3125
vt 0.3872375 0.23428749999999998
vt 0.375 0.23428749999999998
vt 0.399475 0.23428749999999998
vt 0.3872375 0.3125
vt 0.3860375 0.3125
vt 0.375 0.23428749999999998
vt 0.42155 0.23428749999999998
vt 0.4105125 0.3125
vt 0.38375625 0.3125
vt 0.375 0.23428749999999998
vt 0.4390625 0.23428749999999998
vt 0.43030625 0.3125
vt 0.380625 0.3125
vt 0.375 0.23428749999999998
vt 0.4503125 0.23428749999999998
vt 0.4446875 0.3125
vt 0.3769375 0.3125
vt 0.375 0.23428749999999998
vt 0.4541875 0.23428749999999998
vt 0.45225 0.3125
vt 0.375 0.3125
vt 0.3769375 0.23428749999999998
vt 0.45225 0.23428749999999998
vt 0.4541875 0.3125
vt 0.375 0.3125
vt 0.380625 0.23428749999999998
vt 0.4446875 0.23428749999999998
vt 0.4503125 0.3125
vt 0.375 0.3125
vt 0.38375625 0.23428749999999998
vt 0.43030625 0.23428749999999998
vt 0.4390625 0.3125
vt 0.375 0.3125
vt 0.3860375 0.23428749999999998
vt 0.4105125 0.23428749999999998
vt 0.42155 0.3125
vt 0.399475 0.3125
vt 0.375 0.3125
vt 0.3872375 0.23428749999999998
vt 0.375 0.23428749999999998
vt 0.399475 0.23428749999999998
vt 0.3872375 0.3125
vt 0.3860375 0.3125
vt 0.375 0.23428749999999998
vt 0.42155 0.23428749999999998
vt 0.4105125 0.3125
vt 0.38375625 0.3125
vt 0.375 0.23428749999999998
vt 0.4390625 0.23428749999999998
vt 0.43030625 0.3125
vt 0.380625 0.3125
vt 0.375 0.23428749999999998
vt 0.4503125 0.23428749999999998
vt 0.4446875 0.3125
vt 0.3769375 0.3125
vt 0.375 0.23428749999999998
vt 0.4541875 0.23428749999999998
vt 0.45225 0.3125
vt 0.375 0.3125
vt 0.3769375 0.23428749999999998
vt 0.45225 0.23428749999999998
vt 0.4541875 0.3125
vt 0.375 0.3125
vt 0.380625 0.23428749999999998
vt 0.4446875 0.23428749999999998
vt 0.4503125 0.3125
vt 0.375 0.3125
vt 0.38375625 0.23428749999999998
vt 0.43030625 0.23428749999999998
vt 0.4390625 0.3125
vt 0.375 0.3125
vt 0.3860375 0.23428749999999998
vt 0.4105125 0.23428749999999998
vt 0.42155 0.3125
vt 0.399475 0.3125
vt 0.375 0.3125
vt 0.3872375 0.23428749999999998
vt 0.375 0.23428749999999998
vt 0.399475 0.23428749999999998
vt 0.3872375 0.3125
vt 0.3860375 0.3125
vt 0.375 0.23428749999999998
vt 0.42155 0.23428749999999998
vt 0.4105125 0.3125
vt 0.38375625 0.3125
vt 0.375 0.23428749999999998
vt 0.4390625 0.23428749999999998
vt 0.43030625 0.3125
vt 0.380625 0.3125
vt 0.375 0.23428749999999998
vt 0.4503125 0.23428749999999998
vt 0.4446875 0.3125
vt 0.3769375 0.3125
vt 0.375 0.23428749999999998
vt 0.4541875 0.23428749999999998
vt 0.45225 0.3125
vt 0.375 0.3125
vt 0.3769375 0.23428749999999998
vt 0.45225 0.23428749999999998
vt 0.4541875 0.3125
vt 0.375 0.3125
vt 0.380625 0.23428749999999998
vt 0.4446875 0.23428749999999998
vt 0.4503125 0.3125
vt 0.375 0.3125
vt 0.38375625 0.23428749999999998
vt 0.43030625 0.23428749999999998
vt 0.4390625 0.3125
vt 0.375 0.3125
vt 0.3860375 0.23428749999999998
vt 0.4105125 0.23428749999999998
vt 0.42155 0.3125
vt 0.399475 0.3125
vt 0.375 0.3125
vt 0.3872375 0.23428749999999998
vt 0.375 0.23428749999999998
vt 0.399475 0.23428749999999998
vt 0.3872375 0.3125
vt 0.3860375 0.3125
vt 0.375 0.23428749999999998
vt 0.42155 0.23428749999999998
vt 0.4105125 0.3125
vt 0.38375625 0.3125
vt 0.375 0.23428749999999998
vt 0.4390625 0.23428749999999998
vt 0.43030625 0.3125
vt 0.380625 0.3125
vt 0.375 0.23428749999999998
vt 0.4503125 0.23428749999999998
vt 0.4446875 0.3125
vt 0.3769375 0.3125
vt 0.375 0.23428749999999998
vt 0.4541875 0.23428749999999998
vt 0.45225 0.3125
vt 0.375 0.3125
vt 0.3769375 0.23428749999999998
vt 0.45225 0.23428749999999998
vt 0.4541875 0.3125
vt 0.375 0.3125
vt 0.380625 0.23428749999999998
vt 0.4446875 0.23428749999999998
vt 0.4503125 0.3125
vt 0.375 0.3125
vt 0.38375625 0.23428749999999998
vt 0.43030625 0.23428749999999998
vt 0.4390625 0.3125
vt 0.375 0.3125
vt 0.3860375 0.23428749999999998
vt 0.4105125 0.23428749999999998
vt 0.42155 0.3125
vt 0.399475 0.3125
vt 0.375 0.3125
vt 0.3872375 0.23428749999999998
vt 0.375 0.23428749999999998
vt 0.399475 0.23428749999999998
vt 0.3872375 0.3125
vt 0.3860375 0.3125
vt 0.375 0.23428749999999998
vt 0.42155 0.23428749999999998
vt 0.4105125 0.3125
vt 0.38375625 0.3125
vt 0.375 0.23428749999999998
vt 0.4390625 0.23428749999999998
vt 0.43030625 0.3125
vt 0.380625 0.3125
vt 0.375 0.23428749999999998
vt 0.4503125 0.23428749999999998
vt 0.4446875 0.3125
vt 0.3769375 0.3125
vt 0.375 0.23428749999999998
vt 0.4541875 0.23428749999999998
vt 0.45225 0.3125
vt 0.375 0.3125
vt 0.3769375 0.23428749999999998
vt 0.45225 0.23428749999999998
vt 0.4541875 0.3125
vt 0.375 0.3125
vt 0.380625 0.23428749999999998
vt 0.4446875 0.23428749999999998
vt 0.4503125 0.3125
vt 0.375 0.3125
vt 0.38375625 0.23428749999999998
vt 0.43030625 0.23428749999999998
vt 0.4390625 0.3125
vt 0.375 0.3125
vt 0.3860375 0.23428749999999998
vt 0.4105125 0.23428749999999998
vt 0.42155 0.3125
vt 0.399475 0.3125
vt 0.375 0.3125
vt 0.3872375 0.23428749999999998
vt 0.375 0.23428749999999998
vt 0.399475 0.23428749999999998
vt 0.3872375 0.3125
vt 0.3860375 0.3125
vt 0.375 0.23428749999999998
vt 0.42155 0.23428749999999998
vt 0.4105125 0.3125
vt 0.38375625 0.3125
vt 0.375 0.23428749999999998
vt 0.4390625 0.23428749999999998
vt 0.43030625 0.3125
vt 0.380625 0.3125
vt 0.375 0.23428749999999998
vt 0.4503125 0.23428749999999998
vt 0.4446875 0.3125
vt 0.3769375 0.3125
vt 0.375 0.23428749999999998
vt 0.4541875 0.23428749999999998
vt 0.45225 0.3125
vt 0.375 0.3125
vt 0.3769375 0.23428749999999998
vt 0.45225 0.23428749999999998
vt 0.4541875 0.3125
vt 0.375 0.3125
vt 0.380625 0.23428749999999998
vt 0.4446875 0.23428749999999998
vt 0.4503125 0.3125
vt 0.375 0.3125
vt 0.38375625 0.23428749999999998
vt 0.43030625 0.23428749999999998
vt 0.4390625 0.3125
vt 0.375 0.3125
vt 0.3860375 0.23428749999999998
vt 0.4105125 0.23428749999999998
vt 0.42155 0.3125
vt 0.399475 0.3125
vt 0.375 0.3125
vt 0.3872375 0.23428749999999998
vt 0.375 0.23428749999999998
vt 0.399475 0.23428749999999998
vt 0.3872375 0.3125
vt 0.3860375 0.3125
vt 0.375 0.23428749999999998
vt 0.42155 0.23428749999999998
vt 0.4105125 0.3125
vt 0.38375625 0.3125
vt 0.375 0.23428749999999998
vt 0.4390625 0.23428749999999998
vt 0.43030625 0.3125
vt 0.380625 0.3125
vt 0.375 0.23428749999999998
vt 0.4503125 0.23428749999999998
vt 0.4446875 0.3125
vt 0.3769375 0.3125
vt 0.375 0.23428749999999998
vt 0.4541875 0.23428749999999998
vt 0.45225 0.3125
vt 0.375 0.3125
vt 0.3769375 0.23428749999999998
vt 0.45225 0.23428749999999998
vt 0.4541875 0.3125
vt 0.375 0.3125
vt 0.380625 0.23428749999999998
vt 0.4446875 0.23428749999999998
vt 0.4503125 0.3125
vt 0.375 0.3125
vt 0.38375625 0.23428749999999998
vt 0.43030625 0.23428749999999998
vt 0.4390625 0.3125
vt 0.375 0.3125
vt 0.3860375 0.23428749999999998
vt 0.4105125 0.23428749999999998
vt 0.42155 0.3125
vt 0.399475 0.3125
vt 0.375 0.3125
vt 0.3872375 0.23428749999999998
vt 0.375 0.23428749999999998
vt 0.399475 0.23428749999999998
vt 0.3872375 0.3125
vt 0.3860375 0.3125
vt 0.375 0.23428749999999998
vt 0.42155 0.23428749999999998
vt 0.4105125 0.3125
vt 0.38375625 0.3125
vt 0.375 0.23428749999999998
vt 0.4390625 0.23428749999999998
vt 0.43030625 0.3125
vt 0.380625 0.3125
vt 0.375 0.23428749999999998
vt 0.4503125 0.23428749999999998
vt 0.4446875 0.3125
vt 0.3769375 0.3125
vt 0.375 0.23428749999999998
vt 0.4541875 0.23428749999999998
vt 0.45225 0.3125
vt 0.375 0.3125
vt 0.3769375 0.23428749999999998
vt 0.45225 0.23428749999999998
vt 0.4541875 0.3125
vt 0.375 0.3125
vt 0.380625 0.23428749999999998
vt 0.4446875 0.23428749999999998
vt 0.4503125 0.3125
vt 0.375 0.3125
vt 0.38375625 0.23428749999999998
vt 0.43030625 0.23428749999999998
vt 0.4390625 0.3125
vt 0.375 0.3125
vt 0.3860375 0.23428749999999998
vt 0.4105125 0.23428749999999998
vt 0.42155 0.3125
vt 0.399475 0.3125
vt 0.375 0.3125
vt 0.3872375 0.23428749999999998
vt 0.375 0.23428749999999998
vt 0.399475 0.23428749999999998
vt 0.3872375 0.3125
vt 0.3860375 0.3125
vt 0.375 0.23428749999999998
vt 0.42155 0.23428749999999998
vt 0.4105125 0.3125
vt 0.38375625 0.3125
vt 0.375 0.23428749999999998
vt 0.4390625 0.23428749999999998
vt 0.43030625 0.3125
vt 0.380625 0.3125
vt 0.375 0.23428749999999998
vt 0.4503125 0.23428749999999998
vt 0.4446875 0.3125
vt 0.3769375 0.3125
vt 0.375 0.23428749999999998
vt 0.4541875 0.23428749999999998
vt 0.45225 0.3125
vt 0.375 0.3125
vt 0.3769375 0.23428749999999998
vt 0.45225 0.23428749999999998
vt 0.4541875 0.3125
vt 0.375 0.3125
vt 0.380625 0.23428749999999998
vt 0.4446875 0.23428749999999998
vt 0.4503125 0.3125
vt 0.375 0.3125
vt 0.38375625 0.23428749999999998
vt 0.43030625 0.23428749999999998
vt 0.4390625 0.3125
vt 0.375 0.3125
vt 0.3860375 0.23428749999999998
vt 0.4105125 0.23428749999999998
vt 0.42155 0.3125
vt 0.399475 0.3125
vt 0.375 0.3125
vt 0.3872375 0.23428749999999998
vt 0.375 0.23428749999999998
vt 0.399475 0.23428749999999998
vt 0.3872375 0.3125
vt 0.3860375 0.3125
vt 0.375 0.23428749999999998
vt 0.42155 0.23428749999999998
vt 0.4105125 0.3125
vt 0.38375625 0.3125
vt 0.375 0.23428749999999998
vt 0.4390625 0.23428749999999998
vt 0.43030625 0.3125
vt 0.380625 0.3125
vt 0.375 0.23428749999999998
vt 0.4503125 0.23428749999999998
vt 0.4446875 0.3125
vt 0.3769375 0.3125
vt 0.375 0.23428749999999998
vt 0.4541875 0.23428749999999998
vt 0.45225 0.3125
vt 0.375 0.3125
vt 0.3769375 0.23428749999999998
vt 0.45225 0.23428749999999998
vt 0.4541875 0.3125
vt 0.375 0.3125
vt 0.380625 0.23428749999999998
vt 0.4446875 0.23428749999999998
vt 0.4503125 0.3125
vt 0.375 0.3125
vt 0.38375625 0.23428749999999998
vt 0.43030625 0.23428749999999998
vt 0.4390625 0.3125
vt 0.375 0.3125
vt 0.3860375 0.23428749999999998
vt 0.4105125 0.23428749999999998
vt 0.42155 0.3125
vt 0.399475 0.3125
vt 0.375 0.3125
vt 0.3872375 0.23428749999999998
vt 0.375 0.23428749999999998
vt 0.399475 0.23428749999999998
vt 0.3872375 0.3125
vt 0.3860375 0.3125
vt 0.375 0.23428749999999998
vt 0.42155 0.23428749999999998
vt 0.4105125 0.3125
vt 0.38375625 0.3125
vt 0.375 0.23428749999999998
vt 0.4390625 0.23428749999999998
vt 0.43030625 0.3125
vt 0.380625 0.3125
vt 0.375 0.23428749999999998
vt 0.4503125 0.23428749999999998
vt 0.4446875 0.3125
vt 0.3769375 0.3125
vt 0.375 0.23428749999999998
vt 0.4541875 0.23428749999999998
vt 0.45225 0.3125
vt 0.375 0.3125
vt 0.3769375 0.23428749999999998
vt 0.45225 0.23428749999999998
vt 0.4541875 0.3125
vt 0.375 0.3125
vt 0.380625 0.23428749999999998
vt 0.4446875 0.23428749999999998
vt 0.4503125 0.3125
vt 0.375 0.3125
vt 0.38375625 0.23428749999999998
vt 0.43030625 0.23428749999999998
vt 0.4390625 0.3125
vt 0.375 0.3125
vt 0.3860375 0.23428749999999998
vt 0.4105125 0.23428749999999998
vt 0.42155 0.3125
vt 0.399475 0.3125
vt 0.375 0.3125
vt 0.3872375 0.23428749999999998
vt 0.375 0.23428749999999998
vt 0.399475 0.23428749999999998
vt 0.3872375 0.3125
vt 0.3860375 0.3125
vt 0.375 0.23428749999999998
vt 0.42155 0.23428749999999998
vt 0.4105125 0.3125
vt 0.38375625 0.3125
vt 0.375 0.23428749999999998
vt 0.4390625 0.23428749999999998
vt 0.43030625 0.3125
vt 0.380625 0.3125
vt 0.375 0.23428749999999998
vt 0.4503125 0.23428749999999998
vt 0.4446875 0.3125
vt 0.3769375 0.3125
vt 0.375 0.23428749999999998
vt 0.4541875 0.23428749999999998
vt 0.45225 0.3125
vt 0.375 0.3125
vt 0.3769375 0.23428749999999998
vt 0.45225 0.23428749999999998
vt 0.4541875 0.3125
vt 0.375 0.3125
vt 0.380625 0.23428749999999998
vt 0.4446875 0.23428749999999998
vt 0.4503125 0.3125
vt 0.375 0.3125
vt 0.38375625 0.23428749999999998
vt 0.43030625 0.23428749999999998
vt 0.4390625 0.3125
vt 0.375 0.3125
vt 0.3860375 0.23428749999999998
vt 0.4105125 0.23428749999999998
vt 0.42155 0.3125
vt 0.399475 0.3125
vt 0.375 0.3125
vt 0.3872375 0.23428749999999998
vt 0.375 0.23428749999999998
vt 0.399475 0.23428749999999998
vt 0.3872375 0.3125
vt 0.3860375 0.3125
vt 0.375 0.23428749999999998
vt 0.42155 0.23428749999999998
vt 0.4105125 0.3125
vt 0.38375625 0.3125
vt 0.375 0.23428749999999998
vt 0.4390625 0.23428749999999998
vt 0.43030625 0.3125
vt 0.380625 0.3125
vt 0.375 0.23428749999999998
vt 0.4503125 0.23428749999999998
vt 0.4446875 0.3125
vt 0.3769375 0.3125
vt 0.375 0.23428749999999998
vt 0.4541875 0.23428749999999998
vt 0.45225 0.3125
vt 0.375 0.3125
vt 0.3769375 0.23428749999999998
vt 0.45225 0.23428749999999998
vt 0.4541875 0.3125
vt 0.375 0.3125
vt 0.380625 0.23428749999999998
vt 0.4446875 0.23428749999999998
vt 0.4503125 0.3125
vt 0.375 0.3125
vt 0.38375625 0.23428749999999998
vt 0.43030625 0.23428749999999998
vt 0.4390625 0.3125
vt 0.375 0.3125
vt 0.3860375 0.23428749999999998
vt 0.4105125 0.23428749999999998
vt 0.42155 0.3125
vt 0.399475 0.3125
vt 0.375 0.3125
vt 0.3872375 0.23428749999999998
vt 0.375 0.23428749999999998
vt 0.399475 0.23428749999999998
vt 0.3872375 0.3125
vt 0.3860375 0.3125
vt 0.375 0.23428749999999998
vt 0.42155 0.23428749999999998
vt 0.4105125 0.3125
vt 0.38375625 0.3125
vt 0.375 0.23428749999999998
vt 0.4390625 0.23428749999999998
vt 0.43030625 0.3125
vt 0.380625 0.3125
vt 0.375 0.23428749999999998
vt 0.4503125 0.23428749999999998
vt 0.4446875 0.3125
vt 0.3769375 0.3125
vt 0.375 0.23428749999999998
vt 0.4541875 0.23428749999999998
vt 0.45225 0.3125
vt 0.375 0.3125
vt 0.3769375 0.23428749999999998
vt 0.45225 0.23428749999999998
vt 0.4541875 0.3125
vt 0.375 0.3125
vt 0.380625 0.23428749999999998
vt 0.4446875 0.23428749999999998
vt 0.4503125 0.3125
vt 0.375 0.3125
vt 0.38375625 0.23428749999999998
vt 0.43030625 0.23428749999999998
vt 0.4390625 0.3125
vt 0.375 0.3125
vt 0.3860375 0.23428749999999998
vt 0.4105125 0.23428749999999998
vt 0.42155 0.3125
vt 0.399475 0.3125
vt 0.375 0.3125
vt 0.3872375 0.23428749999999998
vt 0.375 0.23428749999999998
vt 0.399475 0.23428749999999998
vt 0.3872375 0.3125
vt 0.3860375 0.3125
vt 0.375 0.23428749999999998
vt 0.42155 0.23428749999999998
vt 0.4105125 0.3125
vt 0.38375625 0.3125
vt 0.375 0.23428749999999998
vt 0.4390625 0.23428749999999998
vt 0.43030625 0.3125
vt 0.380625 0.3125
vt 0.375 0.23428749999999998
vt 0.4503125 0.23428749999999998
vt 0.4446875 0.3125
vt 0.3769375 0.3125
vt 0.375 0.23428749999999998
vt 0.4541875 0.23428749999999998
vt 0.45225 0.3125
vt 0.375 0.3125
vt 0.3769375 0.23428749999999998
vt 0.45225 0.23428749999999998
vt 0.4541875 0.3125
vt 0.375 0.3125
vt 0.380625 0.23428749999999998
vt 0.4446875 0.23428749999999998
vt 0.4503125 0.3125
vt 0.375 0.3125
vt 0.38375625 0.23428749999999998
vt 0.43030625 0.23428749999999998
vt 0.4390625 0.3125
vt 0.375 0.3125
vt 0.3860375 0.23428749999999998
vt 0.4105125 0.23428749999999998
vt 0.42155 0.3125
vt 0.399475 0.3125
vt 0.375 0.3125
vt 0.3872375 0.23428749999999998
vt 0.375 0.23428749999999998
vt 0.399475 0.23428749999999998
vt 0.3872375 0.3125
vt 0.3860375 0.3125
vt 0.375 0.23428749999999998
vt 0.42155 0.23428749999999998
vt 0.4105125 0.3125
vt 0.38375625 0.3125
vt 0.375 0.23428749999999998
vt 0.4390625 0.23428749999999998
vt 0.43030625 0.3125
vt 0.380625 0.3125
vt 0.375 0.23428749999999998
vt 0.4503125 0.23428749999999998
vt 0.4446875 0.3125
vt 0.3769375 0.3125
vt 0.375 0.23428749999999998
vt 0.4541875 0.23428749999999998
vt 0.45225 0.3125
vt 0.375 0.3125
vt 0.3769375 0.23428749999999998
vt 0.45225 0.23428749999999998
vt 0.4541875 0.3125
vt 0.375 0.3125
vt 0.380625 0.23428749999999998
vt 0.4446875 0.23428749999999998
vt 0.4503125 0.3125
vt 0.375 0.3125
vt 0.38375625 0.23428749999999998
vt 0.43030625 0.23428749999999998
vt 0.4390625 0.3125
vt 0.375 0.3125
vt 0.3860375 0.23428749999999998
vt 0.4105125 0.23428749999999998
vt 0.42155 0.3125
vt 0.399475 0.3125
vt 0.375 0.3125
vt 0.3872375 0.23428749999999998
vt 0.375 0.23428749999999998
vt 0.399475 0.23428749999999998
vt 0.3872375 0.3125
vt 0.3860375 0.3125
vt 0.375 0.23428749999999998
vt 0.42155 0.23428749999999998
vt 0.4105125 0.3125
vt 0.38375625 0.3125
vt 0.375 0.23428749999999998
vt 0.4390625 0.23428749999999998
vt 0.43030625 0.3125
vt 0.380625 0.3125
vt 0.375 0.23428749999999998
vt 0.4503125 0.23428749999999998
vt 0.4446875 0.3125
vt 0.3769375 0.3125
vt 0.375 0.23428749999999998
vt 0.4541875 0.23428749999999998
vt 0.45225 0.3125
vt 0.375 0.3125
vt 0.3769375 0.23428749999999998
vt 0.45225 0.23428749999999998
vt 0.4541875 0.3125
vt 0.375 0.3125
vt 0.380625 0.23428749999999998
vt 0.4446875 0.23428749999999998
vt 0.4503125 0.3125
vt 0.375 0.3125
vt 0.38375625 0.23428749999999998
vt 0.43030625 0.23428749999999998
vt 0.4390625 0.3125
vt 0.375 0.3125
vt 0.3860375 0.23428749999999998
vt 0.4105125 0.23428749999999998
vt 0.42155 0.3125
vt 0.399475 0.3125
vt 0.375 0.3125
vt 0.3872375 0.23428749999999998
vt 0.375 0.23428749999999998
vt 0.399475 0.23428749999999998
vt 0.3872375 0.3125
vt 0.3860375 0.3125
vt 0.375 0.23428749999999998
vt 0.42155 0.23428749999999998
vt 0.4105125 0.3125
vt 0.38375625 0.3125
vt 0.375 0.23428749999999998
vt 0.4390625 0.23428749999999998
vt 0.43030625 0.3125
vt 0.380625 0.3125
vt 0.375 0.23428749999999998
vt 0.4503125 0.23428749999999998
vt 0.4446875 0.3125
vt 0.3769375 0.3125
vt 0.375 0.23428749999999998
vt 0.4541875 0.23428749999999998
vt 0.45225 0.3125
vt 0.375 0.3125
vt 0.3769375 0.23428749999999998
vt 0.45225 0.23428749999999998
vt 0.4541875 0.3125
vt 0.375 0.3125
vt 0.380625 0.23428749999999998
vt 0.4446875 0.23428749999999998
vt 0.4503125 0.3125
vt 0.375 0.3125
vt 0.38375625 0.23428749999999998
vt 0.43030625 0.23428749999999998
vt 0.4390625 0.3125
vt 0.375 0.3125
vt 0.3860375 0.23428749999999998
vt 0.4105125 0.23428749999999998
vt 0.42155 0.3125
vt 0.399475 0.3125
vt 0.375 0.3125
vt 0.3872375 0.23428749999999998
vt 0.375 0.23428749999999998
vt 0.399475 0.23428749999999998
vt 0.3872375 0.3125
vt 0.3860375 0.3125
vt 0.375 0.23428749999999998
vt 0.42155 0.23428749999999998
vt 0.4105125 0.3125
vt 0.38375625 0.3125
vt 0.375 0.23428749999999998
vt 0.4390625 0.23428749999999998
vt 0.43030625 0.3125
vt 0.380625 0.3125
vt 0.375 0.23428749999999998
vt 0.4503125 0.23428749999999998
vt 0.4446875 0.3125
vt 0.3769375 0.3125
vt 0.375 0.23428749999999998
vt 0.4541875 0.23428749999999998
vt 0.45225 0.3125
vt 0.375 0.3125
vt 0.3769375 0.23428749999999998
vt 0.45225 0.23428749999999998
vt 0.4541875 0.3125
vt 0.375 0.3125
vt 0.380625 0.23428749999999998
vt 0.4446875 0.23428749999999998
vt 0.4503125 0.3125
vt 0.375 0.3125
vt 0.38375625 0.23428749999999998
vt 0.43030625 0.23428749999999998
vt 0.4390625 0.3125
vt 0.375 0.3125
vt 0.3860375 0.23428749999999998
vt 0.4105125 0.23428749999999998
vt 0.42155 0.3125
vt 0.399475 0.3125
vt 0.375 0.3125
vt 0.3872375 0.23428749999999998
vn -0.04834113047127422 0.9876888108927864 -0.14877482294378044
vn -0.14029310253540844 0.8910053131240777 -0.43177236753369647
vn -0.2185075249712371 0.7071069239193173 -0.6724985202038033
vn -0.2753398204849873 0.45399287105251745 -0.8473951004630528
vn -0.3052142115616067 0.1564318484035773 -0.939347306306814
vn -0.30521708777915685 -0.1564317744953148 -0.9393463840649292
vn -0.27533517757848175 -0.4539931805366022 -0.8473964432389872
vn -0.21851051707286964 -0.7071066810231234 -0.6724978034023682
vn -0.14029489251771193 -0.8910051972705886 -0.4317720249972701
vn -0.04834113047127422 -0.9876888108927864 -0.14877482294378044
vn -0.0919461650374715 0.9876888547958222 -0.1265568206262281
vn -0.26684864435678757 0.8910054944253061 -0.3672887282627397
vn -0.4156265103500857 0.7071082888384057 -0.5720598497974073
vn -0.5237156658579182 0.4539891047149672 -0.7208438070311073
vn -0.5805515256091316 0.15643517948828903 -0.7990544166271636
vn -0.580542733419032 -0.1564354446712291 -0.7990607525869817
vn -0.5237216286157128 -0.45398864345270595 -0.7208397653681972
vn -0.4156236138007459 -0.7071085569426667 -0.5720616228603942
vn -0.2668445467248328 -0.8910057917483732 -0.36729098403591803
vn -0.09194616503747148 -0.9876888547958222 -0.1265568206262281
vn -0.1265568206262266 0.9876888547958222 -0.09194616503747334
vn -0.36728977493160386 0.8910048352218147 -0.2668494047998585
vn -0.5720610023652712 0.7071068641885486 -0.41562734774107307
vn -0.7208416410548967 0.45399435915421255 -0.5237140922081812
vn -0.7990557372562669 0.1564248726727507 -0.5805524851097941
vn -0.7990621411850836 -0.1564246074797703 -0.5805437422791752
vn -0.7208372191204337 -0.4539948204285481 -0.5237197786553133
vn -0.5720632092423273 -0.7071065960768463 -0.4156247663650291
vn -0.36729297494022556 -0.8910045378643896 -0.2668459931582725
vn -0.12655682062622622 -0.9876888547958224 -0.09194616503747374
vn -0.14877482294378142 0.9876888108927864 -0.048341130471271705
vn -0.43177188812200756 0.8910055699691589 -0.14029294676316134
vn -0.6724972926873114 0.7071082146033839 -0.21850712612784812
vn -0.8473968088896453 0.45398934552543513 -0.27534037559543173
vn -0.9393468736030263 0.1564347210055479 -0.3052140709668157
vn -0.9393459290940833 -0.15643479492520662 -0.30521693994777227
vn -0.8473984516093622 -0.4539890360496741 -0.27533583013611473
vn -0.6724961138736166 -0.7071084574969444 -0.21850996810483475
vn -0.43177111311454724 -0.8910056858129026 -0.14029459622132232
vn -0.14877482294378122 -0.9876888108927864 -0.04834113047127164
vn -0.15643114814209075 0.9876888659344842 0
vn -0.4539926927622825 0.8910054067840733 0
vn -0.7071067811865482 0.7071067811865469 0
vn -0.8910054067840746 0.45399269276228005 -5.226826873074268e-15
vn -0.9876888659344837 0.156431148142093 -5.5310855678655685e-15
vn -0.9876888659344837 -0.15643114814209344 -5.815750171220616e-15
vn -0.8910054067840751 -0.45399269276227916 0
vn -0.7071067811865476 -0.7071067811865476 0
vn -0.4539926927622826 -0.8910054067840734 0
vn -0.15643114814209053 -0.9876888659344842 0
vn -0.14877482294378166 0.9876888108927862 0.04834113047127149
vn -0.43177236753369574 0.8910053131240786 0.1402931025354065
vn -0.6724985202038057 0.7071069239193158 0.21850752497123402
vn -0.8473951004630524 0.45399287105251945 0.2753398204849856
vn -0.9393473063068131 0.15643184840357977 0.3052142115616079
vn -0.9393463840649294 -0.15643177449531656 0.30521708777915574
vn -0.8473964432389874 -0.45399318053660376 0.27533517757847814
vn -0.6724978034023698 -0.7071066810231224 0.21851051707286823
vn -0.43177202499727063 -0.8910051972705898 0.14029489251770316
vn -0.14877482294378153 -0.9876888108927864 0.04834113047127143
vn -0.12655682062622745 0.9876888547958224 0.09194616503747259
vn -0.3672887282627396 0.8910054944253059 0.26684864435678823
vn -0.5720598497974074 0.707108288838405 0.4156265103500865
vn -0.7208438070311067 0.45398910471496695 0.5237156658579191
vn -0.7990544166271644 0.1564351794882887 0.5805515256091306
vn -0.7990607525869811 -0.15643544467122875 0.5805427334190332
vn -0.7208397653681966 -0.4539886434527054 0.5237216286157137
vn -0.5720616228603942 -0.707108556942666 0.41562361380074714
vn -0.36729098403591587 -0.8910057917483726 0.26684454672483815
vn -0.12655682062622697 -0.9876888547958222 0.091946165037473
vn -0.09194616503747272 0.9876888547958222 0.12655682062622728
vn -0.2668494047998603 0.8910048352218147 0.3672897749316025
vn -0.415627347741072 0.7071068641885488 0.5720610023652716
vn -0.5237140922081804 0.4539943591542122 0.7208416410548975
vn -0.5805524851097968 0.1564248726727507 0.7990557372562648
vn -0.5805437422791743 -0.1564246074797697 0.7990621411850846
vn -0.5237197786553126 -0.4539948204285478 0.7208372191204343
vn -0.41562476636503154 -0.7071065960768468 0.5720632092423249
vn -0.2668459931582697 -0.8910045378643889 0.36729297494022867
vn -0.09194616503747273 -0.9876888547958222 0.12655682062622728
vn -0.048341130471274404 0.9876888108927864 0.14877482294378047
vn -0.14029294676315793 0.8910055699691597 0.43177188812200673
vn -0.21850712612784984 0.7071082146033826 0.6724972926873123
vn -0.2753403755954375 0.4539893455254345 0.8473968088896435
vn -0.3052140709668161 0.15643472100555336 0.9393468736030255
vn -0.305216939947778 -0.15643479492521134 0.9393459290940807
vn -0.27533583013611507 -0.45398903604967294 0.8473984516093628
vn -0.21850996810483048 -0.7071084574969424 0.67249611387362
vn -0.14029459622132937 -0.8910056858129043 0.4317711131145416
vn -0.048341130471274404 -0.9876888108927863 0.1487748229437805
vn -4.435650570462652e-16 0.9876888659344842 0.15643114814209028
vn -1.3102820136846384e-15 0.8910054067840726 0.4539926927622837
vn -2.163558099325709e-15 0.7071067811865485 0.7071067811865467
vn -2.944691196098171e-15 0.4539926927622831 0.8910054067840731
vn -2.765542783932778e-15 0.1564311481420913 0.9876888659344841
vn -2.9078750856102966e-15 -0.15643114814209047 0.9876888659344841
vn -2.6828251637889695e-15 -0.4539926927622829 0.891005406784073
vn -2.024971390502481e-15 -0.7071067811865482 0.7071067811865468
vn -1.3594509779728835e-15 -0.8910054067840726 0.4539926927622837
vn -4.435650570462653e-16 -0.9876888659344842 0.1564311481420903
vn 0.04834113047127359 0.9876888108927863 0.14877482294378075
vn 0.14029310253540583 0.8910053131240778 0.4317723675336972
vn 0.2185075249712361 0.7071069239193176 0.6724985202038032
vn 0.2753398204849879 0.4539928710525185 0.8473951004630522
vn 0.30521421156160794 0.15643184840357802 0.9393473063068133
vn 0.30521708777915785 -0.15643177449531348 0.9393463840649291
vn 0.27533517757848075 -0.45399318053660315 0.8473964432389871
vn 0.21851051707286606 -0.7071066810231236 0.672497803402369
vn 0.1402948925177101 -0.8910051972705888 0.4317720249972707
vn 0.0483411304712736 -0.9876888108927863 0.14877482294378075
vn 0.09194616503747151 0.9876888547958222 0.12655682062622808
vn 0.26684864435678757 0.8910054944253064 0.3672887282627389
vn 0.4156265103500863 0.7071082888384046 0.572059849797408
vn 0.5237156658579178 0.453989104714967 0.7208438070311075
vn 0.5805515256091305 0.15643517948828936 0.7990544166271645
vn 0.5805427334190321 -0.15643544467122802 0.799060752586982
vn 0.5237216286157131 -0.4539886434527055 0.720839765368197
vn 0.4156236138007475 -0.7071085569426655 0.5720616228603947
vn 0.26684454672483277 -0.8910057917483735 0.36729098403591764
vn 0.09194616503747152 -0.9876888547958222 0.12655682062622808
vn 0.1265568206262263 0.9876888547958222 0.09194616503747362
vn 0.36728977493160336 0.8910048352218148 0.26684940479985847
vn 0.5720610023652705 0.7071068641885484 0.41562734774107424
vn 0.7208416410548967 0.4539943591542123 0.5237140922081814
vn 0.7990557372562658 0.1564248726727518 0.5805524851097955
vn 0.7990621411850836 -0.15642460747977002 0.5805437422791755
vn 0.7208372191204326 -0.4539948204285478 0.5237197786553149
vn 0.5720632092423273 -0.707106596076846 0.41562476636502965
vn 0.36729297494022584 -0.8910045378643895 0.2668459931582723
vn 0.1265568206262263 -0.9876888547958222 0.09194616503747362
vn 0.1487748229437811 0.9876888108927863 0.0483411304712721
vn 0.4317718881220075 0.8910055699691589 0.14029294676316023
vn 0.6724972926873121 0.707108214603384 0.2185071261278462
vn 0.8473968088896451 0.4539893455254338 0.2753403755954338
vn 0.939346873603026 0.1564347210055509 0.30521407096681563
vn 0.9393459290940824 -0.1564347949252077 0.30521693994777427
vn 0.8473984516093639 -0.45398903604967245 0.27533583013611185
vn 0.6724961138736171 -0.7071084574969443 0.2185099681048331
vn 0.4317711131145463 -0.891005685812903 0.14029459622132343
vn 0.1487748229437811 -0.9876888108927863 0.0483411304712721
vn 0.15643114814209053 0.9876888659344842 0
vn 0.45399269276228277 0.891005406784073 2.2632143872734616e-15
vn 0.7071067811865481 0.707106781186547 2.5097273952178316e-15
vn 0.8910054067840735 0.4539926927622821 2.576604796585904e-15
vn 0.9876888659344837 0.15643114814209313 2.7655427839327882e-15
vn 0.987688865934484 -0.15643114814209177 2.907875085610305e-15
vn 0.8910054067840735 -0.4539926927622821 3.115538899883972e-15
vn 0.707106781186548 -0.7071067811865471 3.3352469961217394e-15
vn 0.45399269276228305 -0.8910054067840729 0
vn 0.15643114814209053 -0.9876888659344842 0
vn 0.1487748229437816 0.9876888108927864 -0.04834113047127097
vn 0.43177236753369497 0.8910053131240787 -0.14029310253540744
vn 0.6724985202038051 0.7071069239193158 -0.21850752497123582
vn 0.8473951004630538 0.45399287105251734 -0.27533982048498395
vn 0.9393473063068132 0.15643184840357954 -0.30521421156160794
vn 0.9393463840649303 -0.1564317744953147 -0.30521708777915374
vn 0.847396443238988 -0.45399318053660215 -0.27533517757848
vn 0.6724978034023696 -0.7071066810231217 -0.21851051707286995
vn 0.4317720249972703 -0.8910051972705901 -0.14029489251770144
vn 0.14877482294378158 -0.9876888108927864 -0.04834113047127096
vn 0.12655682062622686 0.9876888547958222 -0.0919461650374731
vn 0.36728872826273995 0.891005494425306 -0.2668486443567881
vn 0.5720598497974085 0.7071082888384047 -0.41562651035008547
vn 0.7208438070311063 0.45398910471496834 -0.5237156658579185
vn 0.7990544166271654 0.15643517948828653 -0.5805515256091297
vn 0.7990607525869816 -0.15643544467122525 -0.5805427334190331
vn 0.7208397653681972 -0.45398864345270723 -0.5237216286157116
vn 0.5720616228603947 -0.7071085569426657 -0.4156236138007471
vn 0.36729098403591576 -0.8910057917483727 -0.26684454672483865
vn 0.12655682062622686 -0.9876888547958222 -0.0919461650374731
vn 0.09194616503747269 0.9876888547958222 -0.1265568206262273
vn 0.2668494047998598 0.8910048352218147 -0.3672897749316027
vn 0.4156273477410716 0.7071068641885496 -0.572061002365271
vn 0.5237140922081809 0.45399435915421205 -0.7208416410548975
vn 0.5805524851097983 0.15642487267274935 -0.7990557372562642
vn 0.5805437422791744 -0.15642460747976775 -0.7990621411850847
vn 0.5237197786553124 -0.4539948204285477 -0.7208372191204345
vn 0.4156247663650303 -0.7071065960768477 -0.5720632092423247
vn 0.2668459931582696 -0.891004537864389 -0.36729297494022894
vn 0.09194616503747269 -0.9876888547958222 -0.1265568206262273
vn 0.04834113047127501 0.9876888108927863 -0.14877482294378017
vn 0.1402929467631599 0.8910055699691598 -0.43177188812200623
vn 0.21850712612784964 0.7071082146033836 -0.6724972926873114
vn 0.27534037559543595 0.45398934552543485 -0.8473968088896439
vn 0.3052140709668134 0.15643472100555297 -0.9393468736030263
vn 0.305216939947777 -0.1564347949252112 -0.939345929094081
vn 0.2753358301361158 -0.4539890360496735 -0.8473984516093619
vn 0.2185099681048335 -0.7071084574969438 -0.6724961138736175
vn 0.14029459622133125 -0.8910056858129042 -0.4317711131145412
vn 0.048341130471275 -0.9876888108927863 -0.14877482294378014
vn 4.4356505704626464e-16 0.9876888659344844 -0.1564311481420901
vn 1.4293985603832414e-15 0.8910054067840727 -0.4539926927622835
vn 2.0770157753526815e-15 0.7071067811865481 -0.707106781186547
vn 2.9446911960981724e-15 0.4539926927622818 -0.8910054067840736
vn 3.4481767622452888e-15 0.1564311481420898 -0.9876888659344842
vn 2.9078750856103053e-15 -0.15643114814209025 -0.9876888659344841
vn 2.7693679110079704e-15 -0.45399269276228216 -0.8910054067840736
vn 2.024971390502481e-15 -0.7071067811865482 -0.7071067811865468
vn 1.3594509779728827e-15 -0.8910054067840727 -0.45399269276228343
vn 4.4356505704626454e-16 -0.9876888659344842 -0.15643114814209008
usemtl m_ed51acd0-43ba-125b-d4ef-a14d1d12254d
f 547/2281/601 548/2282/601 549/2283/601
f 547/2284/602 550/2285/602 551/2286/602 548/2287/602
f 550/2288/603 552/2289/603 553/2290/603 551/2291/603
f 552/2292/604 554/2293/604 555/2294/604 553/2295/604
f 554/2296/605 556/2297/605 557/2298/605 555/2299/605
f 556/2300/606 558/2301/606 559/2302/606 557/2303/606
f 558/2304/607 560/2305/607 561/2306/607 559/2307/607
f 560/2308/608 562/2309/608 563/2310/608 561/2311/608
f 562/2312/609 564/2313/609 565/2314/609 563/2315/609
f 565/2316/610 564/2317/610 566/2318/610
f 548/2319/611 567/2320/611 549/2321/611
f 548/2322/612 551/2323/612 568/2324/612 567/2325/612
f 551/2326/613 553/2327/613 569/2328/613 568/2329/613
f 553/2330/614 555/2331/614 570/2332/614 569/2333/614
f 555/2334/615 557/2335/615 571/2336/615 570/2337/615
f 557/2338/616 559/2339/616 572/2340/616 571/2341/616
f 559/2342/617 561/2343/617 573/2344/617 572/2345/617
f 561/2346/618 563/2347/618 574/2348/618 573/2349/618
f 563/2350/619 565/2351/619 575/2352/619 574/2353/619
f 575/2354/620 565/2355/620 566/2356/620
f 567/2357/621 576/2358/621 549/2359/621
f 567/2360/622 568/2361/622 577/2362/622 576/2363/622
f 568/2364/623 569/2365/623 578/2366/623 577/2367/623
f 569/2368/624 570/2369/624 579/2370/624 578/2371/624
f 570/2372/625 571/2373/625 580/2374/625 579/2375/625
f 571/2376/626 572/2377/626 581/2378/626 580/2379/626
f 572/2380/627 573/2381/627 582/2382/627 581/2383/627
f 573/2384/628 574/2385/628 583/2386/628 582/2387/628
f 574/2388/629 575/2389/629 584/2390/629 583/2391/629
f 584/2392/630 575/2393/630 566/2394/630
f 576/2395/631 585/2396/631 549/2397/631
f 576/2398/632 577/2399/632 586/2400/632 585/2401/632
f 577/2402/633 578/2403/633 587/2404/633 586/2405/633
f 578/2406/634 579/2407/634 588/2408/634 587/2409/634
f 579/2410/635 580/2411/635 589/2412/635 588/2413/635
f 580/2414/636 581/2415/636 590/2416/636 589/2417/636
f 581/2418/637 582/2419/637 591/2420/637 590/2421/637
f 582/2422/638 583/2423/638 592/2424/638 591/2425/638
f 583/2426/639 584/2427/639 593/2428/639 592/2429/639
f 593/2430/640 584/2431/640 566/2432/640
f 585/2433/641 594/2434/641 549/2435/641
f 585/2436/642 586/2437/642 595/2438/642 594/2439/642
f 586/2440/643 587/2441/643 596/2442/643 595/2443/643
f 587/2444/644 588/2445/644 597/2446/644 596/2447/644
f 588/2448/645 589/2449/645 598/2450/645 597/2451/645
f 589/2452/646 590/2453/646 599/2454/646 598/2455/646
f 590/2456/647 591/2457/647 600/2458/647 599/2459/647
f 591/2460/648 592/2461/648 601/2462/648 600/2463/648
f 592/2464/649 593/2465/649 602/2466/649 601/2467/649
f 602/2468/650 593/2469/650 566/2470/650
f 594/2471/651 603/2472/651 549/2473/651
f 594/2474/652 595/2475/652 604/2476/652 603/2477/652
f 595/2478/653 596/2479/653 605/2480/653 604/2481/653
f 596/2482/654 597/2483/654 606/2484/654 605/2485/654
f 597/2486/655 598/2487/655 607/2488/655 606/2489/655
f 598/2490/656 599/2491/656 608/2492/656 607/2493/656
f 599/2494/657 600/2495/657 609/2496/657 608/2497/657
f 600/2498/658 601/2499/658 610/2500/658 609/2501/658
f 601/2502/659 602/2503/659 611/2504/659 610/2505/659
f 611/2506/660 602/2507/660 566/2508/660
f 603/2509/661 612/2510/661 549/2511/661
f 603/2512/662 604/2513/662 613/2514/662 612/2515/662
f 604/2516/663 605/2517/663 614/2518/663 613/2519/663
f 605/2520/664 606/2521/664 615/2522/664 614/2523/664
f 606/2524/665 607/2525/665 616/2526/665 615/2527/665
f 607/2528/666 608/2529/666 617/2530/666 616/2531/666
f 608/2532/667 609/2533/667 618/2534/667 617/2535/667
f 609/2536/668 610/2537/668 619/2538/668 618/2539/668
f 610/2540/669 611/2541/669 620/2542/669 619/2543/669
f 620/2544/670 611/2545/670 566/2546/670
f 612/2547/671 621/2548/671 549/2549/671
f 612/2550/672 613/2551/672 622/2552/672 621/2553/672
f 613/2554/673 614/2555/673 623/2556/673 622/2557/673
f 614/2558/674 615/2559/674 624/2560/674 623/2561/674
f 615/2562/675 616/2563/675 625/2564/675 624/2565/675
f 616/2566/676 617/2567/676 626/2568/676 625/2569/676
f 617/2570/677 618/2571/677 627/2572/677 626/2573/677
f 618/2574/678 619/2575/678 628/2576/678 627/2577/678
f 619/2578/679 620/2579/679 629/2580/679 628/2581/679
f 629/2582/680 620/2583/680 566/2584/680
f 621/2585/681 630/2586/681 549/2587/681
f 621/2588/682 622/2589/682 631/2590/682 630/2591/682
f 622/2592/683 623/2593/683 632/2594/683 631/2595/683
f 623/2596/684 624/2597/684 633/2598/684 632/2599/684
f 624/2600/685 625/2601/685 634/2602/685 633/2603/685
f 625/2604/686 626/2605/686 635/2606/686 634/2607/686
f 626/2608/687 627/2609/687 636/2610/687 635/2611/687
f 627/2612/688 628/2613/688 637/2614/688 636/2615/688
f 628/2616/689 629/2617/689 638/2618/689 637/2619/689
f 638/2620/690 629/2621/690 566/2622/690
f 630/2623/691 639/2624/691 549/2625/691
f 630/2626/692 631/2627/692 640/2628/692 639/2629/692
f 631/2630/693 632/2631/693 641/2632/693 640/2633/693
f 632/2634/694 633/2635/694 642/2636/694 641/2637/694
f 633/2638/695 634/2639/695 643/2640/695 642/2641/695
f 634/2642/696 635/2643/696 644/2644/696 643/2645/696
f 635/2646/697 636/2647/697 645/2648/697 644/2649/697
f 636/2650/698 637/2651/698 646/2652/698 645/2653/698
f 637/2654/699 638/2655/699 647/2656/699 646/2657/699
f 647/2658/700 638/2659/700 566/2660/700
f 639/2661/701 648/2662/701 549/2663/701
f 639/2664/702 640/2665/702 649/2666/702 648/2667/702
f 640/2668/703 641/2669/703 650/2670/703 649/2671/703
f 641/2672/704 642/2673/704 651/2674/704 650/2675/704
f 642/2676/705 643/2677/705 652/2678/705 651/2679/705
f 643/2680/706 644/2681/706 653/2682/706 652/2683/706
f 644/2684/707 645/2685/707 654/2686/707 653/2687/707
f 645/2688/708 646/2689/708 655/2690/708 654/2691/708
f 646/2692/709 647/2693/709 656/2694/709 655/2695/709
f 656/2696/710 647/2697/710 566/2698/710
f 648/2699/711 657/2700/711 549/2701/711
f 648/2702/712 649/2703/712 658/2704/712 657/2705/712
f 649/2706/713 650/2707/713 659/2708/713 658/2709/713
f 650/2710/714 651/2711/714 660/2712/714 659/2713/714
f 651/2714/715 652/2715/715 661/2716/715 660/2717/715
f 652/2718/716 653/2719/716 662/2720/716 661/2721/716
f 653/2722/717 654/2723/717 663/2724/717 662/2725/717
f 654/2726/718 655/2727/718 664/2728/718 663/2729/718
f 655/2730/719 656/2731/719 665/2732/719 664/2733/719
f 665/2734/720 656/2735/720 566/2736/720
f 657/2737/721 666/2738/721 549/2739/721
f 657/2740/722 658/2741/722 667/2742/722 666/2743/722
f 658/2744/723 659/2745/723 668/2746/723 667/2747/723
f 659/2748/724 660/2749/724 669/2750/724 668/2751/724
f 660/2752/725 661/2753/725 670/2754/725 669/2755/725
f 661/2756/726 662/2757/726 671/2758/726 670/2759/726
f 662/2760/727 663/2761/727 672/2762/727 671/2763/727
f 663/2764/728 664/2765/728 673/2766/728 672/2767/728
f 664/2768/729 665/2769/729 674/2770/729 673/2771/729
f 674/2772/730 665/2773/730 566/2774/730
f 666/2775/731 675/2776/731 549/2777/731
f 666/2778/732 667/2779/732 676/2780/732 675/2781/732
f 667/2782/733 668/2783/733 677/2784/733 676/2785/733
f 668/2786/734 669/2787/734 678/2788/734 677/2789/734
f 669/2790/735 670/2791/735 679/2792/735 678/2793/735
f 670/2794/736 671/2795/736 680/2796/736 679/2797/736
f 671/2798/737 672/2799/737 681/2800/737 680/2801/737
f 672/2802/738 673/2803/738 682/2804/738 681/2805/738
f 673/2806/739 674/2807/739 683/2808/739 682/2809/739
f 683/2810/740 674/2811/740 566/2812/740
f 675/2813/741 684/2814/741 549/2815/741
f 675/2816/742 676/2817/742 685/2818/742 684/2819/742
f 676/2820/743 677/2821/743 686/2822/743 685/2823/743
f 677/2824/744 678/2825/744 687/2826/744 686/2827/744
f 678/2828/745 679/2829/745 688/2830/745 687/2831/745
f 679/2832/746 680/2833/746 689/2834/746 688/2835/746
f 680/2836/747 681/2837/747 690/2838/747 689/2839/747
f 681/2840/748 682/2841/748 691/2842/748 690/2843/748
f 682/2844/749 683/2845/749 692/2846/749 691/2847/749
f 692/2848/750 683/2849/750 566/2850/750
f 684/2851/751 693/2852/751 549/2853/751
f 684/2854/752 685/2855/752 694/2856/752 693/2857/752
f 685/2858/753 686/2859/753 695/2860/753 694/2861/753
f 686/2862/754 687/2863/754 696/2864/754 695/2865/754
f 687/2866/755 688/2867/755 697/2868/755 696/2869/755
f 688/2870/756 689/2871/756 698/2872/756 697/2873/756
f 689/2874/757 690/2875/757 699/2876/757 698/2877/757
f 690/2878/758 691/2879/758 700/2880/758 699/2881/758
f 691/2882/759 692/2883/759 701/2884/759 700/2885/759
f 701/2886/760 692/2887/760 566/2888/760
f 693/2889/761 702/2890/761 549/2891/761
f 693/2892/762 694/2893/762 703/2894/762 702/2895/762
f 694/2896/763 695/2897/763 704/2898/763 703/2899/763
f 695/2900/764 696/2901/764 705/2902/764 704/2903/764
f 696/2904/765 697/2905/765 706/2906/765 705/2907/765
f 697/2908/766 698/2909/766 707/2910/766 706/2911/766
f 698/2912/767 699/2913/767 708/2914/767 707/2915/767
f 699/2916/768 700/2917/768 709/2918/768 708/2919/768
f 700/2920/769 701/2921/769 710/2922/769 709/2923/769
f 710/2924/770 701/2925/770 566/2926/770
f 702/2927/771 711/2928/771 549/2929/771
f 702/2930/772 703/2931/772 712/2932/772 711/2933/772
f 703/2934/773 704/2935/773 713/2936/773 712/2937/773
f 704/2938/774 705/2939/774 714/2940/774 713/2941/774
f 705/2942/775 706/2943/775 715/2944/775 714/2945/775
f 706/2946/776 707/2947/776 716/2948/776 715/2949/776
f 707/2950/777 708/2951/777 717/2952/777 716/2953/777
f 708/2954/778 709/2955/778 718/2956/778 717/2957/778
f 709/2958/779 710/2959/779 719/2960/779 718/2961/779
f 719/2962/780 710/2963/780 566/2964/780
f 711/2965/781 720/2966/781 549/2967/781
f 711/2968/782 712/2969/782 721/2970/782 720/2971/782
f 712/2972/783 713/2973/783 722/2974/783 721/2975/783
f 713/2976/784 714/2977/784 723/2978/784 722/2979/784
f 714/2980/785 715/2981/785 724/2982/785 723/2983/785
f 715/2984/786 716/2985/786 725/2986/786 724/2987/786
f 716/2988/787 717/2989/787 726/2990/787 725/2991/787
f 717/2992/788 718/2993/788 727/2994/788 726/2995/788
f 718/2996/789 719/2997/789 728/2998/789 727/2999/789
f 728/3000/790 719/3001/790 566/3002/790
f 720/3003/791 547/3004/791 549/3005/791
f 720/3006/792 721/3007/792 550/3008/792 547/3009/792
f 721/3010/793 722/3011/793 552/3012/793 550/3013/793
f 722/3014/794 723/3015/794 554/3016/794 552/3017/794
f 723/3018/795 724/3019/795 556/3020/795 554/3021/795
f 724/3022/796 725/3023/796 558/3024/796 556/3025/796
f 725/3026/797 726/3027/797 560/3028/797 558/3029/797
f 726/3030/798 727/3031/798 562/3032/798 560/3033/798
f 727/3034/799 728/3035/799 564/3036/799 562/3037/799
f 564/3038/800 728/3039/800 566/3040/800