# Made in Blockbench 5.1.6
mtllib dc_metro_arch_corner.mtl

o corner1
v 0.55691 -0.21688875 0.55691
v 0.2083875 -0.084775 0.7857375
v 0.2634875 -0.180210625 0.620438125
v 0.7857375 -0.084775 0.7857375
v 0.352725 -0.334775 0.352725
v 0.708286875 0.049374375 0.708286875
v 0.165715 -0.010864375 0.743065625
v 0.54765 0.327604375 0.54765
v 0.07721125 0.14242875 0.654561875
v -0.051006875 0.586830625 0.39798625
v -0.147275 0.531250625 0.430075
v 0.75483125 -0.031243125 0.17748125
v 0.7857375 -0.084775 0.2083875
v 0.64406 0.1606175 0.06671
v 0.18218 -0.0393825 0.18218
v 0.2857375 0.781250625 0.2857375
v -0.0661225 0.39069 -0.0661225
v -0.147275 0.531250625 -0.147275
v 0.36747125 0.639684375 0.040538125
v -0.049805 0.587525 -0.049805
v 0.112584375 0.68128 0.112584375
v 0.5883625 -0.19873 0.5883625
v 0.524918125 -0.235359375 0.2953275
v 0.649005625 -0.1637175 0.253965
v 0.654561875 0.14242875 0.07721125
v 0.39798625 0.586830625 -0.051006875
v 0.17748125 -0.031243125 0.75483125
v 0.06671 0.1606175 0.64406
v 0.102388125 0.67539375 0.346854375
v 0.145896875 0.700513125 0.145896875
v 0.00018625 0.6163875 0.00018625
v 0.430075 0.531250625 -0.147275
v 0.743065625 -0.010864375 0.165715
vt 0 1
vt 0 1
vt 0 1
vt 0 1
vt 0 1
vt 0 1
vt 0 1
vt 0 1
vt 0 1
vt 0 1
vt 0 1
vt 0 1
vt 0 1
vt 0 1
vt 0 1
vt 0 1
vt 0 1
vt 0 1
vt 0 1
vt 0 1
vt 0 1
vt 0 1
vt 0 1
vt 0 1
vt 0 1
vt 0 1
vt 0 1
vt 0 1
vt 0 1
vt 0 1
vt 0 1
vt 0 1
vt 0 1
vt 0 1
vt 0 1
vt 0 1
vt 0 1
vt 0 1
vt 0 1
vt 0 1
vt 0 1
vt 0 1
vt 0 1
vt 0 1
vt 0 1
vt 0 1
vt 0 1
vt 0 1
vt 0 1
vt 0 1
vt 0 1
vt 0 1
vt 0 1
vt 0 1
vt 0 1
vt 0 1
vt 0 1
vt 0 1
vt 0 1
vt 0 1
vt 0 1
vt 0 1
vt 0 1
vt 0 1
vt 0 1
vt 0 1
vt 0 1
vt 0 1
vt 0 1
vt 0 1
vt 0 1
vt 0 1
vt 0 1
vt 0 1
vt 0 1
vt 0 1
vt 0 1
vt 0 1
vt 0 1
vt 0 1
vt 0 1
vt 0 1
vt 0 1
vt 0 1
vt 0 1
vt 0 1
vt 0 1
vt 0 1
vt 0 1
vt 0 1
vt 0 1
vt 0 1
vt 0 1
vt 0 1
vt 0 1
vt 0 1
vt 0 1
vt 0 1
vt 0 1
vt 0 1
vt 0 1
vt 0 1
vt 0 1
vt 0 1
vt 0 1
vt 0 1
vt 0 1
vt 0 1
vt 0 1
vt 0 1
vt 0 1
vt 0 1
vt 0 1
vt 0 1
vt 0 1
vt 0 1
vt 0 1
vt 0 1
vt 0 1
vt 0 1
vt 0 1
vt 0 1
vt 0 1
vn -4.777194778712072e-7 -0.8660255037110897 0.4999998269216953
vn 0 -0.8660251886490847 0.5000003726251784
vn -3.627334465623673e-7 -0.8660252737403347 0.5000002252427961
vn 3.803057278502e-7 0.4999962607299868 0.8660275626421404
vn 0 0.49999732362357774 0.8660269489855724
vn 0.000001156581583852203 0.5000001746258926 0.8660253029633368
vn -3.932425830076708e-7 0.5000014862642131 0.8660245456876056
vn -0.0000029945240897929 0.49999947309220005 0.866025707989408
vn 0.0000010638656547279694 0.5000003512842747 0.8660252009696199
vn -0.000002648189699555619 -0.4999963850519516 -0.8660274908615592
vn 0.0000017966616987542901 -0.5000008013239473 -0.8660249411374842
vn 1.4231069064406916e-7 -0.5000000716454426 -0.8660253624199075
vn 8.344380236348524e-7 0.49999995390405083 0.8660254303975436
vn 9.914029633945423e-8 -0.4999999968721568 -0.8660254055902943
vn 0 -0.49999900797484476 -0.8660259765296716
vn 2.4551537622404196e-7 -0.4999996580017343 -0.8660256012371046
vn 7.776319185126e-7 0.866024896768139 -0.5000008781763582
vn 0 0.8660258196420463 -0.49999927971280356
vn -1.4064884182964533e-7 0.8660267333261292 -0.49999769715915066
vn -0.0000014714799958450875 0.8660246945938791 -0.5000012283499045
vn 0.499999396891363 -0.8660257519889046 -5.706038216111121e-7
vn 0.49999945274229257 -0.8660257197433943 -5.867266745300055e-7
vn 0.500001472530219 -0.8660245536170457 -9.834009720668152e-8
vn 0.5000016145189476 -0.866024471639483 0
vn 0.8660275626421404 0.4999962607299868 3.803057278502e-7
vn 0.8660269489855724 0.49999732362357774 0
vn 0.8660245456876056 0.5000014862642133 -3.932425830170231e-7
vn 0.8660252009696199 0.5000003512842747 0.0000010638656547150633
vn -0.8660274908615592 -0.4999963850519516 -0.000002648189699555619
vn -0.8660249411374842 -0.5000008013239473 0.0000017966616987542901
vn -0.8660253624199075 -0.5000000716454426 1.4231069064406916e-7
vn 0.8660254303975436 0.49999995390405083 8.344380236348524e-7
vn -0.8660254055902943 -0.4999999968721568 9.914029633945423e-8
vn -0.8660259765296716 -0.49999900797484476 0
vn -0.8660256012371047 -0.49999965800173424 2.455153762942485e-7
vn -0.4999972759587686 0.8660269765040922 -9.95720232600995e-7
vn -0.5000005958572714 0.8660250597657541 3.092725277779999e-7
vn -0.5000001367769158 0.8660253248162353 0
vn -0.5000007244869763 0.8660249854989948 -0.0000019912240348167988
vn 0.8660253029633368 0.5000001746258926 0.000001156581583852203
vn 0.866025707989408 0.49999947309220005 -0.0000029945240897929
usemtl m_a0a57bcb-95c0-7f80-7bef-e9aaf1d14c76
f 1/1/1 2/2/1 3/3/1
f 1/4/2 4/5/2 2/6/2
f 1/7/3 3/8/3 5/9/3
f 6/10/4 7/11/4 2/12/4
f 4/13/5 6/14/5 2/15/5
f 8/16/6 9/17/6 7/18/6
f 6/19/7 8/20/7 7/21/7
f 9/22/8 10/23/8 11/24/8
f 9/25/9 8/26/9 10/27/9
f 5/28/10 12/29/10 13/30/10
f 5/31/11 14/32/11 12/33/11
f 14/34/12 5/35/12 15/36/12
f 8/37/13 16/38/13 10/39/13
f 14/40/14 15/41/14 17/42/14
f 32/43/15 17/44/15 18/45/15
f 32/46/16 14/47/16 17/48/16
f 19/49/17 18/50/17 20/51/17
f 19/52/18 32/53/18 18/54/18
f 19/55/19 20/56/19 21/57/19
f 19/58/20 21/59/20 16/60/20
f 22/61/21 5/62/21 23/63/21
f 22/64/22 23/65/22 24/66/22
f 22/67/23 24/68/23 13/69/23
f 4/70/24 22/71/24 13/72/24
f 6/73/25 13/74/25 33/75/25
f 6/76/26 4/77/26 13/78/26
f 8/79/27 6/80/27 33/81/27
f 8/82/28 25/83/28 26/84/28
f 5/85/29 2/86/29 27/87/29
f 5/88/30 27/89/30 28/90/30
f 28/91/31 15/92/31 5/93/31
f 8/94/32 26/95/32 16/96/32
f 28/97/33 17/98/33 15/99/33
f 11/100/34 18/101/34 17/102/34
f 28/103/35 11/104/35 17/105/35
f 29/106/36 30/107/36 31/108/36
f 29/109/37 31/110/37 18/111/37
f 11/112/38 29/113/38 18/114/38
f 29/115/39 16/116/39 30/117/39
f 8/118/40 33/119/40 25/120/40
f 25/121/41 32/122/41 26/123/41
o part1
v 0.2857375 0.5312503848726287 -0.14727498590696342
v 0.2857375 -0.33477501891181005 0.3527250140930363
v 0.2857375 0.7812503848726285 0.2857377159852559
v 0.2857375 -0.08477501891181016 0.7857377159852557
v -0.5 0.5312503848726287 -0.14727498590696342
v -0.5 -0.33477501891181005 0.3527250140930363
v -0.5 0.7812503848726285 0.2857377159852559
v -0.5 -0.08477501891181016 0.7857377159852557
vt 0.125 0.9375
vt 0.125 1
vt 0 1
vt 0 0.9375
vt 0.125 0.9375
vt 0.125 1
vt 0 1
vt 0 0.9375
vt 1 0.875
vt 1 1
vt 0 1
vt 0 0.875
vt 1 0.875
vt 1 1
vt 0 1
vt 0 0.875
vt 1 0.9375
vt 1 1
vt 0 1
vt 0 0.9375
vt 1 0.9375
vt 1 1
vt 0 1
vt 0 0.9375
vn 1 0 0
vn -1 0 0
vn 0 -0.4999999999999998 -0.8660254037844388
vn 0 0.4999999999999998 0.8660254037844388
vn 0 0.8660254037844388 -0.4999999999999998
vn 0 -0.8660254037844388 0.4999999999999998
usemtl m_a0a57bcb-95c0-7f80-7bef-e9aaf1d14c76
f 37/124/42 35/125/42 34/126/42 36/127/42
f 40/128/43 38/129/43 39/130/43 41/131/43
f 34/132/44 35/133/44 39/134/44 38/135/44
f 37/136/45 36/137/45 40/138/45 41/139/45
f 36/140/46 34/141/46 38/142/46 40/143/46
f 41/144/47 39/145/47 35/146/47 37/147/47
o part13
v 8.5 10 8.5
v 8.5 10 7.5
v 8.5 9.5 8.5
v 8.5 9.5 7.5
v -0.5 10 8.5
v -0.5 10 7.5
v -0.5 9.5 8.5
v -0.5 9.5 7.5
vt 0.125 0.9375
vt 0.125 1
vt 0 1
vt 0 0.9375
vt 0.125 0.9375
vt 0.125 1
vt 0 1
vt 0 0.9375
vt 1 0.875
vt 1 1
vt 0 1
vt 0 0.875
vt 1 0.875
vt 1 1
vt 0 1
vt 0 0.875
vt 1 0.9375
vt 1 1
vt 0 1
vt 0 0.9375
vt 1 0.9375
vt 1 1
vt 0 1
vt 0 0.9375
vn 1 0 0
vn -1 0 0
vn 0 1 0
vn 0 -1 0
vn 0 0 1
vn 0 0 -1
usemtl m_a0a57bcb-95c0-7f80-7bef-e9aaf1d14c76
f 45/148/48 43/149/48 42/150/48 44/151/48
f 48/152/49 46/153/49 47/154/49 49/155/49
f 42/156/50 43/157/50 47/158/50 46/159/50
f 45/160/51 44/161/51 48/162/51 49/163/51
f 44/164/52 42/165/52 46/166/52 48/167/52
f 49/168/53 47/169/53 43/170/53 45/171/53
o part12
v 6.4772375 9.999048368818718 7.45638080800232
v 6.4772375 9.955428981453382 6.4573325864204625
v 6.4772375 9.499524258027789 7.478190501684988
v 6.4772375 9.455904870662453 6.47914228010313
v -0.5 9.999048368818718 7.45638080800232
v -0.5 9.955428981453382 6.4573325864204625
v -0.5 9.499524258027789 7.478190501684988
v -0.5 9.455904870662453 6.47914228010313
vt 0.125 0.9375
vt 0.125 1
vt 0 1
vt 0 0.9375
vt 0.125 0.9375
vt 0.125 1
vt 0 1
vt 0 0.9375
vt 1 0.875
vt 1 1
vt 0 1
vt 0 0.875
vt 1 0.875
vt 1 1
vt 0 1
vt 0 0.875
vt 1 0.9375
vt 1 1
vt 0 1
vt 0 0.9375
vt 1 0.9375
vt 1 1
vt 0 1
vt 0 0.9375
vn 1 0 0
vn -1 0 0
vn 0 0.9990482215818578 -0.043619387365336
vn 0 -0.9990482215818578 0.043619387365336
vn 0 0.043619387365336 0.9990482215818578
vn 0 -0.043619387365336 -0.9990482215818578
usemtl m_a0a57bcb-95c0-7f80-7bef-e9aaf1d14c76
f 53/172/54 51/173/54 50/174/54 52/175/54
f 56/176/55 54/177/55 55/178/55 57/179/55
f 50/180/56 51/181/56 55/182/56 54/183/56
f 53/184/57 52/185/57 56/186/57 57/187/57
f 52/188/58 50/189/58 54/190/58 56/191/58
f 57/192/59 55/193/59 51/194/59 53/195/59
o part11
v 5.45539625 9.955385284883448 6.41563816640161
v 5.45539625 9.86822954213579 5.419443468309865
v 5.45539625 9.457287935837575 6.459216037775439
v 5.45539625 9.370132193089917 5.463021339683694
v -0.5 9.955384662261762 6.41563822087395
v -0.5 9.868228919514104 5.419443522782204
v -0.5 9.45728731321589 6.459216092247779
v -0.5 9.370131570468232 5.4630213941560335
vt 0.125 0.9375
vt 0.125 1
vt 0 1
vt 0 0.9375
vt 0.125 0.9375
vt 0.125 1
vt 0 1
vt 0 0.9375
vt 1 0.875
vt 1 1
vt 0 1
vt 0 0.875
vt 1 0.875
vt 1 1
vt 0 1
vt 0 0.875
vt 1 0.9375
vt 1 1
vt 0 1
vt 0 0.9375
vt 1 0.9375
vt 1 1
vt 0 1
vt 0 0.9375
vn 1 0 0
vn -1 0 0
vn -1.0494683711405103e-7 0.9961946980917402 -0.08715574274765771
vn 1.0494683707676641e-7 -0.9961946980917402 0.08715574274765771
vn 0 0.08715574274765818 0.9961946980917455
vn 0 -0.08715574274765818 -0.9961946980917455
usemtl m_a0a57bcb-95c0-7f80-7bef-e9aaf1d14c76
f 61/196/60 59/197/60 58/198/60 60/199/60
f 64/200/61 62/201/61 63/202/61 65/203/61
f 58/204/62 59/205/62 63/206/62 62/207/62
f 61/208/63 60/209/63 64/210/63 65/211/63
f 60/212/64 58/213/64 62/214/64 64/215/64
f 65/216/65 63/217/65 59/218/65 61/219/65
o part10
v 4.438275625 9.862688119920232 5.336259410102876
v 4.438275625 9.689039942253302 4.351451657090669
v 4.438275625 9.37028424341413 5.423083498936341
v 4.438275625 9.1966360657472 4.438275745924134
v -0.5 9.862688119920232 5.336259410102876
v -0.5 9.689039942253302 4.351451657090669
v -0.5 9.37028424341413 5.423083498936341
v -0.5 9.1966360657472 4.438275745924134
vt 0.125 0.9375
vt 0.125 1
vt 0 1
vt 0 0.9375
vt 0.125 0.9375
vt 0.125 1
vt 0 1
vt 0 0.9375
vt 1 0.875
vt 1 1
vt 0 1
vt 0 0.875
vt 1 0.875
vt 1 1
vt 0 1
vt 0 0.875
vt 1 0.9375
vt 1 1
vt 0 1
vt 0 0.9375
vt 1 0.9375
vt 1 1
vt 0 1
vt 0 0.9375
vn 1 0 0
vn -1 0 0
vn 0 0.984807753012208 -0.17364817766693033
vn 0 -0.984807753012208 0.17364817766693033
vn 0 0.17364817766693033 0.984807753012208
vn 0 -0.17364817766693033 -0.984807753012208
usemtl m_a0a57bcb-95c0-7f80-7bef-e9aaf1d14c76
f 69/220/66 67/221/66 66/222/66 68/223/66
f 72/224/67 70/225/67 71/226/67 73/227/67
f 66/228/68 67/229/68 71/230/68 70/231/68
f 69/232/69 68/233/69 72/234/69 73/235/69
f 68/236/70 66/237/70 70/238/70 72/239/70
f 73/240/71 71/241/71 67/242/71 69/243/71
o part9
v 3.42360375 9.660908989523163 4.226967890821463
v 3.42360375 9.36020319001889 3.2732509400732357
v 3.42360375 9.18405051414905 4.377320790573599
v 3.42360375 8.883344714644776 3.423603839825372
v -0.5 9.660908989523163 4.226967890821463
v -0.5 9.36020319001889 3.2732509400732357
v -0.5 9.18405051414905 4.377320790573599
v -0.5 8.883344714644776 3.423603839825372
vt 0.125 0.9375
vt 0.125 1
vt 0 1
vt 0 0.9375
vt 0.125 0.9375
vt 0.125 1
vt 0 1
vt 0 0.9375
vt 1 0.875
vt 1 1
vt 0 1
vt 0 0.875
vt 1 0.875
vt 1 1
vt 0 1
vt 0 0.875
vt 1 0.9375
vt 1 1
vt 0 1
vt 0 0.9375
vt 1 0.9375
vt 1 1
vt 0 1
vt 0 0.9375
vn 1 0 0
vn -1 0 0
vn 0 0.9537169507482269 -0.30070579950427306
vn 0 -0.9537169507482269 0.30070579950427306
vn 0 0.30070579950427306 0.9537169507482269
vn 0 -0.30070579950427306 -0.9537169507482269
usemtl m_a0a57bcb-95c0-7f80-7bef-e9aaf1d14c76
f 77/244/72 75/245/72 74/246/72 76/247/72
f 80/248/73 78/249/73 79/250/73 81/251/73
f 74/252/74 75/253/74 79/254/74 78/255/74
f 77/256/75 76/257/75 80/258/75 81/259/75
f 76/260/76 74/261/76 78/262/76 80/263/76
f 81/264/77 79/265/77 75/266/77 77/267/77
o part8
v 2.551506875 9.20909728178481 2.9699637220772837
v 2.270256875 8.438633598195649 1.9658759007711892
v 2.551506875 8.812420611639194 3.274344436581644
v 2.270256875 8.041956928050032 2.2702566152755494
v -0.5 9.209097662260705 2.9699642179231214
v -0.5 8.438633978671543 1.965876396617027
v -0.5 8.812420992115086 3.274344932427482
v -0.5 8.041957308525925 2.270257111121387
vt 0.158203125 0.9375
vt 0.158203125 1
vt 0 1
vt 0 0.9375
vt 0.158203125 0.9375
vt 0.158203125 1
vt 0 1
vt 0 0.9375
vt 1 0.841796875
vt 1 1
vt 0 1
vt 0 0.841796875
vt 1 0.841796875
vt 1 1
vt 0 1
vt 0 0.841796875
vt 1 0.9375
vt 1 1
vt 0 1
vt 0 0.9375
vt 1 0.9375
vt 1 1
vt 0 1
vt 0 0.9375
vn 0.9761870601839528 -0.13205889549720112 -0.17210250332133775
vn -1 0 0
vn 0 0.7933533402912352 -0.6087614290087207
vn 0 -0.7933533402912352 0.6087614290087207
vn 2.0481684150763246e-7 0.6087614290087079 0.7933533402912185
vn -2.2561084708015308e-7 -0.6087614290087052 -0.7933533402912152
usemtl m_a0a57bcb-95c0-7f80-7bef-e9aaf1d14c76
f 85/268/78 83/269/78 82/270/78 84/271/78
f 88/272/79 86/273/79 87/274/79 89/275/79
f 82/276/80 83/277/80 87/278/80 86/279/80
f 85/280/81 84/281/81 88/282/81 89/283/81
f 84/284/82 82/285/82 86/286/82 88/287/82
f 89/288/83 87/289/83 83/290/83 85/291/83
o part7b
v 1.594788125 8.343996364616585 1.8311936685798225
v 1.344788125 7.410879735216271 0.9761498120662524
v 1.594788125 8.006201260808755 2.1998323369848842
v 1.344788125 7.073084631408441 1.3447884804713146
v -0.5 8.343996364616585 1.8311936685798225
v -0.5 7.410879735216271 0.9761498120662524
v -0.5 8.006201260808755 2.1998323369848842
v -0.5 7.073084631408441 1.3447884804713146
vt 0.158203125 0.9375
vt 0.158203125 1
vt 0 1
vt 0 0.9375
vt 0.158203125 0.9375
vt 0.158203125 1
vt 0 1
vt 0 0.9375
vt 1 0.841796875
vt 1 1
vt 0 1
vt 0 0.841796875
vt 1 0.841796875
vt 1 1
vt 0 1
vt 0 0.841796875
vt 1 0.9375
vt 1 1
vt 0 1
vt 0 0.9375
vt 1 0.9375
vt 1 1
vt 0 1
vt 0 0.9375
vn 0.9810437422032618 -0.1428743343300462 -0.1309202065136091
vn -1 0 0
vn 0 0.6755902076156604 -0.7372773368101241
vn 0 -0.6755902076156604 0.7372773368101241
vn 0 0.7372773368101241 0.6755902076156604
vn 0 -0.7372773368101241 -0.6755902076156604
usemtl m_a0a57bcb-95c0-7f80-7bef-e9aaf1d14c76
f 93/292/84 91/293/84 90/294/84 92/295/84
f 96/296/85 94/297/85 95/298/85 97/299/85
f 90/300/86 91/301/86 95/302/86 94/303/86
f 93/304/87 92/305/87 96/306/87 97/307/87
f 92/308/88 90/309/88 94/310/88 96/311/88
f 97/312/89 95/313/89 91/314/89 93/315/89
o part7
v 0.7179199999999999 7.313471246528623 0.8890899983331192
v 0.7179199999999999 6.484079801686019 0.3083438565276848
v 0.7179199999999999 7.0266830283531 1.298666020477615
v 0.7179199999999999 6.197291583510496 0.7179198786721807
v -0.5 7.313471246528623 0.8890899983331192
v -0.5 6.484079801686019 0.3083438565276848
v -0.5 7.0266830283531 1.298666020477615
v -0.5 6.197291583510496 0.7179198786721807
vt 0.128125 0.9375
vt 0.128125 1
vt 0.0015625 1
vt 0.0015625 0.9375
vt 0.1265625 0.9375
vt 0.1265625 1
vt 0 1
vt 0 0.9375
vt 1 0.8734375
vt 1 1
vt 0 1
vt 0 0.8734375
vt 1 0.871875
vt 1 0.9984375
vt 0 0.9984375
vt 0 0.871875
vt 1 0.9375
vt 1 1
vt 0 1
vt 0 0.9375
vt 1 0.9375
vt 1 1
vt 0 1
vt 0 0.9375
vn 1 0 0
vn -1 0 0
vn 0 0.5735764363510463 -0.8191520442889917
vn 0 -0.5735764363510463 0.8191520442889917
vn 0 0.8191520442889917 0.5735764363510463
vn 0 -0.8191520442889917 -0.5735764363510463
usemtl m_a0a57bcb-95c0-7f80-7bef-e9aaf1d14c76
f 101/316/90 99/317/90 98/318/90 100/319/90
f 104/320/91 102/321/91 103/322/91 105/323/91
f 98/324/92 99/325/92 103/326/92 102/327/92
f 101/328/93 100/329/93 104/330/93 105/331/93
f 100/332/94 98/333/94 102/334/94 104/335/94
f 105/336/95 103/337/95 99/338/95 101/339/95
o part6
v 0.324321875 6.2516593308407185 0.19649565593757168
v 0.324321875 5.3119667100548105 -0.1455244873880972
v 0.324321875 6.080649259177884 0.6663419663305258
v 0.324321875 5.140956638391976 0.3243218230048569
v -0.5 6.2516593308407185 0.19649565593757168
v -0.5 5.3119667100548105 -0.1455244873880972
v -0.5 6.080649259177884 0.6663419663305258
v -0.5 5.140956638391976 0.3243218230048569
vt 0.125 0.9375
vt 0.125 1
vt 0 1
vt 0 0.9375
vt 0.125 0.9375
vt 0.125 1
vt 0 1
vt 0 0.9375
vt 1 0.875
vt 1 1
vt 0 1
vt 0 0.875
vt 1 0.875
vt 1 1
vt 0 1
vt 0 0.875
vt 1 0.9375
vt 1 1
vt 0 1
vt 0 0.9375
vt 1 0.9375
vt 1 1
vt 0 1
vt 0 0.9375
vn 1 0 0
vn -1 0 0
vn 0 0.3420201433256689 -0.9396926207859083
vn 0 -0.3420201433256689 0.9396926207859083
vn 0 0.9396926207859083 0.3420201433256689
vn 0 -0.9396926207859083 -0.3420201433256689
usemtl m_a0a57bcb-95c0-7f80-7bef-e9aaf1d14c76
f 109/340/96 107/341/96 106/342/96 108/343/96
f 112/344/97 110/345/97 111/346/97 113/347/97
f 106/348/98 107/349/98 111/350/98 110/351/98
f 109/352/99 108/353/99 112/354/99 113/355/99
f 108/356/100 106/357/100 110/358/100 112/359/100
f 113/360/101 111/361/101 107/362/101 109/363/101
o part5
v 0.129883125 5.143067988594989 -0.18887285172253931
v 0.129883125 4.158260235582782 -0.36252102938946984
v 0.129883125 5.056243899761524 0.30353102478356464
v 0.129883125 4.071436146749317 0.12988284711663411
v -0.5 5.143067988594989 -0.18887285172253931
v -0.5 4.158260235582782 -0.36252102938946984
v -0.5 5.056243899761524 0.30353102478356464
v -0.5 4.071436146749317 0.12988284711663411
vt 0.125 0.9375
vt 0.125 1
vt 0 1
vt 0 0.9375
vt 0.125 0.9375
vt 0.125 1
vt 0 1
vt 0 0.9375
vt 1 0.875
vt 1 1
vt 0 1
vt 0 0.875
vt 1 0.875
vt 1 1
vt 0 1
vt 0 0.875
vt 1 0.9375
vt 1 1
vt 0 1
vt 0 0.9375
vt 1 0.9375
vt 1 1
vt 0 1
vt 0 0.9375
vn 1 0 0
vn -1 0 0
vn 0 0.17364817766693055 -0.9848077530122081
vn 0 -0.17364817766693055 0.9848077530122081
vn 0 0.9848077530122081 0.17364817766693055
vn 0 -0.9848077530122081 -0.17364817766693055
usemtl m_a0a57bcb-95c0-7f80-7bef-e9aaf1d14c76
f 117/364/102 115/365/102 114/366/102 116/367/102
f 120/368/103 118/369/103 119/370/103 121/371/103
f 114/372/104 115/373/104 119/374/104 118/375/104
f 117/376/105 116/377/105 120/378/105 121/379/105
f 116/380/106 114/381/106 118/382/106 120/383/106
f 121/384/107 119/385/107 115/386/107 117/387/107
o part4
v 0.00427749999999999 4.12197131697805 -0.360918917541323
v 0.00427749999999999 3.13052645560424 -0.49144510976137434
v 0.00427749999999999 4.056708220868025 0.13480351314558225
v 0.00427749999999999 3.065263359494214 0.004277320925530903
v -0.5 4.12197131697805 -0.360918917541323
v -0.5 3.13052645560424 -0.49144510976137434
v -0.5 4.056708220868025 0.13480351314558225
v -0.5 3.065263359494214 0.004277320925530903
vt 0.125 0.9375
vt 0.125 1
vt 0 1
vt 0 0.9375
vt 0.125 0.9375
vt 0.125 1
vt 0 1
vt 0 0.9375
vt 1 0.875
vt 1 1
vt 0 1
vt 0 0.875
vt 1 0.875
vt 1 1
vt 0 1
vt 0 0.875
vt 1 0.9375
vt 1 1
vt 0 1
vt 0 0.9375
vt 1 0.9375
vt 1 1
vt 0 1
vt 0 0.9375
vn 1 0 0
vn -1 0 0
vn 0 0.13052619222005135 -0.9914448613738105
vn 0 -0.13052619222005135 0.9914448613738105
vn 0 0.9914448613738105 0.13052619222005135
vn 0 -0.9914448613738105 -0.13052619222005135
usemtl m_a0a57bcb-95c0-7f80-7bef-e9aaf1d14c76
f 125/388/108 123/389/108 122/390/108 124/391/108
f 128/392/109 126/393/109 127/394/109 129/395/109
f 122/396/110 123/397/110 127/398/110 126/399/110
f 125/400/111 124/401/111 128/402/111 129/403/111
f 124/404/112 122/405/112 126/406/112 128/407/112
f 129/408/113 127/409/113 123/410/113 125/411/113
o part2
v 0.011851875000000012 1.7835598232994858 -0.4762960061250314
v 0.011851875000000012 0.8072638161795527 -0.2598563921869288
v 0.011851875000000012 1.891779630268537 0.011851997434935313
v 0.011851875000000012 0.915483623148604 0.22829161137303794
v -0.5 1.7835598232994858 -0.4762960061250314
v -0.5 0.8072638161795527 -0.2598563921869288
v -0.5 1.891779630268537 0.011851997434935313
v -0.5 0.915483623148604 0.22829161137303794
vt 0.125 0.9375
vt 0.125 1
vt 0 1
vt 0 0.9375
vt 0.125 0.9375
vt 0.125 1
vt 0 1
vt 0 0.9375
vt 1 0.875
vt 1 1
vt 0 1
vt 0 0.875
vt 1 0.875
vt 1 1
vt 0 1
vt 0 0.875
vt 1 0.9375
vt 1 1
vt 0 1
vt 0 0.9375
vt 1 0.9375
vt 1 1
vt 0 1
vt 0 0.9375
vn 1 0 0
vn -1 0 0
vn 0 -0.21643961393810265 -0.9762960071199335
vn 0 0.21643961393810265 0.9762960071199335
vn 0 0.9762960071199335 -0.21643961393810265
vn 0 -0.9762960071199335 0.21643961393810265
usemtl m_a0a57bcb-95c0-7f80-7bef-e9aaf1d14c76
f 133/412/114 131/413/114 130/414/114 132/415/114
f 136/416/115 134/417/115 135/418/115 137/419/115
f 130/420/116 131/421/116 135/422/116 134/423/116
f 133/424/117 132/425/117 136/426/117 137/427/117
f 132/428/118 130/429/118 134/430/118 136/431/118
f 137/432/119 135/433/119 131/434/119 133/435/119
o part7
v 0.8890899983331192 7.313471246528623 0.71792
v 0.8890899983331192 7.313471246528623 -0.5
v 1.298666020477615 7.0266830283531 0.71792
v 1.298666020477615 7.0266830283531 -0.5
v 0.3083438565276848 6.484079801686019 0.71792
v 0.3083438565276848 6.484079801686019 -0.5
v 0.7179198786721807 6.197291583510496 0.71792
v 0.7179198786721807 6.197291583510496 -0.5
vt 1 0.9375
vt 1 1
vt 0 1
vt 0 0.9375
vt 1 0.9375
vt 1 1
vt 0 1
vt 0 0.9375
vt 0 0.8734375
vt 1 0.8734375
vt 1 1
vt 0 1
vt 1 0.9984375
vt 0 0.9984375
vt 0 0.871875
vt 1 0.871875
vt 0.1265625 0.9375
vt 0.1265625 1
vt 0 1
vt 0 0.9375
vt 0.128125 0.9375
vt 0.128125 1
vt 0.0015625 1
vt 0.0015625 0.9375
vn 0.5735764363510463 0.8191520442889917 0
vn -0.5735764363510463 -0.8191520442889917 0
vn -0.8191520442889917 0.5735764363510463 0
vn 0.8191520442889917 -0.5735764363510463 0
vn 0 0 1
vn 0 0 -1
usemtl m_a0a57bcb-95c0-7f80-7bef-e9aaf1d14c76
f 141/436/120 139/437/120 138/438/120 140/439/120
f 144/440/121 142/441/121 143/442/121 145/443/121
f 138/444/122 139/445/122 143/446/122 142/447/122
f 141/448/123 140/449/123 144/450/123 145/451/123
f 140/452/124 138/453/124 142/454/124 144/455/124
f 145/456/125 143/457/125 139/458/125 141/459/125
o part8
v 2.9699637220772837 9.20909728178481 2.5515068750000003
v 2.9699642179231214 9.209097662260705 -0.5
v 3.274344436581644 8.812420611639194 2.5515068750000003
v 3.274344932427482 8.812420992115086 -0.5
v 1.9658759007711892 8.438633598195649 2.270256875
v 1.965876396617027 8.438633978671543 -0.5
v 2.2702566152755494 8.041956928050032 2.270256875
v 2.270257111121387 8.041957308525925 -0.5
vt 1 0.9375
vt 1 1
vt 0 1
vt 0 0.9375
vt 1 0.9375
vt 1 1
vt 0 1
vt 0 0.9375
vt 0 0.841796875
vt 1 0.841796875
vt 1 1
vt 0 1
vt 1 1
vt 0 1
vt 0 0.841796875
vt 1 0.841796875
vt 0.158203125 0.9375
vt 0.158203125 1
vt 0 1
vt 0 0.9375
vt 0.158203125 0.9375
vt 0.158203125 1
vt 0 1
vt 0 0.9375
vn 0.7933533402912185 0.6087614290087079 2.0481684150763244e-7
vn -0.7933533402912152 -0.6087614290087052 -2.2561084708015308e-7
vn -0.6087614290087207 0.7933533402912352 0
vn 0.6087614290087207 -0.7933533402912352 0
vn -0.1721025033213378 -0.13205889549720118 0.9761870601839528
vn 0 0 -1
usemtl m_a0a57bcb-95c0-7f80-7bef-e9aaf1d14c76
f 149/460/126 147/461/126 146/462/126 148/463/126
f 152/464/127 150/465/127 151/466/127 153/467/127
f 146/468/128 147/469/128 151/470/128 150/471/128
f 149/472/129 148/473/129 152/474/129 153/475/129
f 148/476/130 146/477/130 150/478/130 152/479/130
f 153/480/131 151/481/131 147/482/131 149/483/131
o part9
v 4.226967890821463 9.660908989523163 3.42360375
v 4.226967890821463 9.660908989523163 -0.5
v 4.377320790573599 9.18405051414905 3.42360375
v 4.377320790573599 9.18405051414905 -0.5
v 3.2732509400732357 9.36020319001889 3.42360375
v 3.2732509400732357 9.36020319001889 -0.5
v 3.423603839825372 8.883344714644776 3.42360375
v 3.423603839825372 8.883344714644776 -0.5
vt 1 0.9375
vt 1 1
vt 0 1
vt 0 0.9375
vt 1 0.9375
vt 1 1
vt 0 1
vt 0 0.9375
vt 0 0.875
vt 1 0.875
vt 1 1
vt 0 1
vt 1 1
vt 0 1
vt 0 0.875
vt 1 0.875
vt 0.125 0.9375
vt 0.125 1
vt 0 1
vt 0 0.9375
vt 0.125 0.9375
vt 0.125 1
vt 0 1
vt 0 0.9375
vn 0.9537169507482269 0.30070579950427306 0
vn -0.9537169507482269 -0.30070579950427306 0
vn -0.30070579950427306 0.9537169507482269 0
vn 0.30070579950427306 -0.9537169507482269 0
vn 0 0 1
vn 0 0 -1
usemtl m_a0a57bcb-95c0-7f80-7bef-e9aaf1d14c76
f 157/484/132 155/485/132 154/486/132 156/487/132
f 160/488/133 158/489/133 159/490/133 161/491/133
f 154/492/134 155/493/134 159/494/134 158/495/134
f 157/496/135 156/497/135 160/498/135 161/499/135
f 156/500/136 154/501/136 158/502/136 160/503/136
f 161/504/137 159/505/137 155/506/137 157/507/137
o part10
v 5.336259410102876 9.862688119920232 4.438275625
v 5.336259410102876 9.862688119920232 -0.5
v 5.423083498936341 9.37028424341413 4.438275625
v 5.423083498936341 9.37028424341413 -0.5
v 4.351451657090669 9.689039942253302 4.438275625
v 4.351451657090669 9.689039942253302 -0.5
v 4.438275745924134 9.1966360657472 4.438275625
v 4.438275745924134 9.1966360657472 -0.5
vt 1 0.9375
vt 1 1
vt 0 1
vt 0 0.9375
vt 1 0.9375
vt 1 1
vt 0 1
vt 0 0.9375
vt 0 0.875
vt 1 0.875
vt 1 1
vt 0 1
vt 1 1
vt 0 1
vt 0 0.875
vt 1 0.875
vt 0.125 0.9375
vt 0.125 1
vt 0 1
vt 0 0.9375
vt 0.125 0.9375
vt 0.125 1
vt 0 1
vt 0 0.9375
vn 0.984807753012208 0.17364817766693033 0
vn -0.984807753012208 -0.17364817766693033 0
vn -0.17364817766693033 0.984807753012208 0
vn 0.17364817766693033 -0.984807753012208 0
vn 0 0 1
vn 0 0 -1
usemtl m_a0a57bcb-95c0-7f80-7bef-e9aaf1d14c76
f 165/508/138 163/509/138 162/510/138 164/511/138
f 168/512/139 166/513/139 167/514/139 169/515/139
f 162/516/140 163/517/140 167/518/140 166/519/140
f 165/520/141 164/521/141 168/522/141 169/523/141
f 164/524/142 162/525/142 166/526/142 168/527/142
f 169/528/143 167/529/143 163/530/143 165/531/143
o part11
v 6.41563816640161 9.955385284883448 5.45539625
v 6.41563822087395 9.955384662261762 -0.5
v 6.459216037775439 9.457287935837575 5.45539625
v 6.459216092247779 9.45728731321589 -0.5
v 5.419443468309865 9.86822954213579 5.45539625
v 5.419443522782204 9.868228919514104 -0.5
v 5.463021339683694 9.370132193089917 5.45539625
v 5.4630213941560335 9.370131570468232 -0.5
vt 1 0.9375
vt 1 1
vt 0 1
vt 0 0.9375
vt 1 0.9375
vt 1 1
vt 0 1
vt 0 0.9375
vt 0 0.875
vt 1 0.875
vt 1 1
vt 0 1
vt 1 1
vt 0 1
vt 0 0.875
vt 1 0.875
vt 0.125 0.9375
vt 0.125 1
vt 0 1
vt 0 0.9375
vt 0.125 0.9375
vt 0.125 1
vt 0 1
vt 0 0.9375
vn 0.9961946980917455 0.08715574274765818 0
vn -0.9961946980917455 -0.08715574274765818 0
vn -0.08715574274765771 0.9961946980917402 -1.0494683711405103e-7
vn 0.08715574274765771 -0.9961946980917402 1.0494683707676641e-7
vn 0 0 1
vn 0 0 -1
usemtl m_a0a57bcb-95c0-7f80-7bef-e9aaf1d14c76
f 173/532/144 171/533/144 170/534/144 172/535/144
f 176/536/145 174/537/145 175/538/145 177/539/145
f 170/540/146 171/541/146 175/542/146 174/543/146
f 173/544/147 172/545/147 176/546/147 177/547/147
f 172/548/148 170/549/148 174/550/148 176/551/148
f 177/552/149 175/553/149 171/554/149 173/555/149
o part12
v 7.45638080800232 9.999048368818718 6.4772375
v 7.45638080800232 9.999048368818718 -0.5
v 7.478190501684988 9.499524258027789 6.4772375
v 7.478190501684988 9.499524258027789 -0.5
v 6.4573325864204625 9.955428981453382 6.4772375
v 6.4573325864204625 9.955428981453382 -0.5
v 6.47914228010313 9.455904870662453 6.4772375
v 6.47914228010313 9.455904870662453 -0.5
vt 1 0.9375
vt 1 1
vt 0 1
vt 0 0.9375
vt 1 0.9375
vt 1 1
vt 0 1
vt 0 0.9375
vt 0 0.875
vt 1 0.875
vt 1 1
vt 0 1
vt 1 1
vt 0 1
vt 0 0.875
vt 1 0.875
vt 0.125 0.9375
vt 0.125 1
vt 0 1
vt 0 0.9375
vt 0.125 0.9375
vt 0.125 1
vt 0 1
vt 0 0.9375
vn 0.9990482215818578 0.043619387365336 0
vn -0.9990482215818578 -0.043619387365336 0
vn -0.043619387365336 0.9990482215818578 0
vn 0.043619387365336 -0.9990482215818578 0
vn 0 0 1
vn 0 0 -1
usemtl m_a0a57bcb-95c0-7f80-7bef-e9aaf1d14c76
f 181/556/150 179/557/150 178/558/150 180/559/150
f 184/560/151 182/561/151 183/562/151 185/563/151
f 178/564/152 179/565/152 183/566/152 182/567/152
f 181/568/153 180/569/153 184/570/153 185/571/153
f 180/572/154 178/573/154 182/574/154 184/575/154
f 185/576/155 183/577/155 179/578/155 181/579/155
o part13
v 8.5 10 8.5
v 8.5 10 -0.5
v 8.5 9.5 8.5
v 8.5 9.5 -0.5
v 7.5 10 8.5
v 7.5 10 -0.5
v 7.5 9.5 8.5
v 7.5 9.5 -0.5
vt 1 0.9375
vt 1 1
vt 0 1
vt 0 0.9375
vt 1 0.9375
vt 1 1
vt 0 1
vt 0 0.9375
vt 0 0.875
vt 1 0.875
vt 1 1
vt 0 1
vt 1 1
vt 0 1
vt 0 0.875
vt 1 0.875
vt 0.125 0.9375
vt 0.125 1
vt 0 1
vt 0 0.9375
vt 0.125 0.9375
vt 0.125 1
vt 0 1
vt 0 0.9375
vn 1 0 0
vn -1 0 0
vn 0 1 0
vn 0 -1 0
vn 0 0 1
vn 0 0 -1
usemtl m_a0a57bcb-95c0-7f80-7bef-e9aaf1d14c76
f 189/580/156 187/581/156 186/582/156 188/583/156
f 192/584/157 190/585/157 191/586/157 193/587/157
f 186/588/158 187/589/158 191/590/158 190/591/158
f 189/592/159 188/593/159 192/594/159 193/595/159
f 188/596/160 186/597/160 190/598/160 192/599/160
f 193/600/161 191/601/161 187/602/161 189/603/161
o part5
v -0.18887285172253931 5.143067988594989 0.129883125
v -0.18887285172253931 5.143067988594989 -0.5
v 0.30353102478356464 5.056243899761524 0.129883125
v 0.30353102478356464 5.056243899761524 -0.5
v -0.36252102938946984 4.158260235582782 0.129883125
v -0.36252102938946984 4.158260235582782 -0.5
v 0.12988284711663411 4.071436146749317 0.129883125
v 0.12988284711663411 4.071436146749317 -0.5
vt 1 0.9375
vt 1 1
vt 0 1
vt 0 0.9375
vt 1 0.9375
vt 1 1
vt 0 1
vt 0 0.9375
vt 0 0.875
vt 1 0.875
vt 1 1
vt 0 1
vt 1 1
vt 0 1
vt 0 0.875
vt 1 0.875
vt 0.125 0.9375
vt 0.125 1
vt 0 1
vt 0 0.9375
vt 0.125 0.9375
vt 0.125 1
vt 0 1
vt 0 0.9375
vn 0.17364817766693055 0.9848077530122081 0
vn -0.17364817766693055 -0.9848077530122081 0
vn -0.9848077530122081 0.17364817766693055 0
vn 0.9848077530122081 -0.17364817766693055 0
vn 0 0 1
vn 0 0 -1
usemtl m_a0a57bcb-95c0-7f80-7bef-e9aaf1d14c76
f 197/604/162 195/605/162 194/606/162 196/607/162
f 200/608/163 198/609/163 199/610/163 201/611/163
f 194/612/164 195/613/164 199/614/164 198/615/164
f 197/616/165 196/617/165 200/618/165 201/619/165
f 196/620/166 194/621/166 198/622/166 200/623/166
f 201/624/167 199/625/167 195/626/167 197/627/167
o part6
v 0.19649565593757168 6.2516593308407185 0.3243218750000001
v 0.19649565593757168 6.2516593308407185 -0.5
v 0.6663419663305258 6.080649259177884 0.3243218750000001
v 0.6663419663305258 6.080649259177884 -0.5
v -0.1455244873880972 5.3119667100548105 0.3243218750000001
v -0.1455244873880972 5.3119667100548105 -0.5
v 0.3243218230048569 5.140956638391976 0.3243218750000001
v 0.3243218230048569 5.140956638391976 -0.5
vt 1 0.9375
vt 1 1
vt 0 1
vt 0 0.9375
vt 1 0.9375
vt 1 1
vt 0 1
vt 0 0.9375
vt 0 0.875
vt 1 0.875
vt 1 1
vt 0 1
vt 1 1
vt 0 1
vt 0 0.875
vt 1 0.875
vt 0.125 0.9375
vt 0.125 1
vt 0 1
vt 0 0.9375
vt 0.125 0.9375
vt 0.125 1
vt 0 1
vt 0 0.9375
vn 0.3420201433256689 0.9396926207859083 0
vn -0.3420201433256689 -0.9396926207859083 0
vn -0.9396926207859083 0.3420201433256689 0
vn 0.9396926207859083 -0.3420201433256689 0
vn 0 0 1
vn 0 0 -1
usemtl m_a0a57bcb-95c0-7f80-7bef-e9aaf1d14c76
f 205/628/168 203/629/168 202/630/168 204/631/168
f 208/632/169 206/633/169 207/634/169 209/635/169
f 202/636/170 203/637/170 207/638/170 206/639/170
f 205/640/171 204/641/171 208/642/171 209/643/171
f 204/644/172 202/645/172 206/646/172 208/647/172
f 209/648/173 207/649/173 203/650/173 205/651/173
o part4
v -0.360918917541323 4.12197131697805 0.004277499999999934
v -0.360918917541323 4.12197131697805 -0.5
v 0.13480351314558225 4.056708220868025 0.004277499999999934
v 0.13480351314558225 4.056708220868025 -0.5
v -0.49144510976137434 3.13052645560424 0.004277499999999934
v -0.49144510976137434 3.13052645560424 -0.5
v 0.004277320925530903 3.065263359494214 0.004277499999999934
v 0.004277320925530903 3.065263359494214 -0.5
vt 1 0.9375
vt 1 1
vt 0 1
vt 0 0.9375
vt 1 0.9375
vt 1 1
vt 0 1
vt 0 0.9375
vt 0 0.875
vt 1 0.875
vt 1 1
vt 0 1
vt 1 1
vt 0 1
vt 0 0.875
vt 1 0.875
vt 0.125 0.9375
vt 0.125 1
vt 0 1
vt 0 0.9375
vt 0.125 0.9375
vt 0.125 1
vt 0 1
vt 0 0.9375
vn 0.13052619222005135 0.9914448613738105 0
vn -0.13052619222005135 -0.9914448613738105 0
vn -0.9914448613738105 0.13052619222005135 0
vn 0.9914448613738105 -0.13052619222005135 0
vn 0 0 1
vn 0 0 -1
usemtl m_a0a57bcb-95c0-7f80-7bef-e9aaf1d14c76
f 213/652/174 211/653/174 210/654/174 212/655/174
f 216/656/175 214/657/175 215/658/175 217/659/175
f 210/660/176 211/661/176 215/662/176 214/663/176
f 213/664/177 212/665/177 216/666/177 217/667/177
f 212/668/178 210/669/178 214/670/178 216/671/178
f 217/672/179 215/673/179 211/674/179 213/675/179
o part2
v -0.4762960061250314 1.7835598232994858 0.011851875000000012
v -0.4762960061250314 1.7835598232994858 -0.5
v 0.011851997434935313 1.891779630268537 0.011851875000000012
v 0.011851997434935313 1.891779630268537 -0.5
v -0.2598563921869288 0.8072638161795527 0.011851875000000012
v -0.2598563921869288 0.8072638161795527 -0.5
v 0.22829161137303794 0.915483623148604 0.011851875000000012
v 0.22829161137303794 0.915483623148604 -0.5
vt 1 0.9375
vt 1 1
vt 0 1
vt 0 0.9375
vt 1 0.9375
vt 1 1
vt 0 1
vt 0 0.9375
vt 0 0.875
vt 1 0.875
vt 1 1
vt 0 1
vt 1 1
vt 0 1
vt 0 0.875
vt 1 0.875
vt 0.125 0.9375
vt 0.125 1
vt 0 1
vt 0 0.9375
vt 0.125 0.9375
vt 0.125 1
vt 0 1
vt 0 0.9375
vn -0.21643961393810265 0.9762960071199335 0
vn 0.21643961393810265 -0.9762960071199335 0
vn -0.9762960071199335 -0.21643961393810265 0
vn 0.9762960071199335 0.21643961393810265 0
vn 0 0 1
vn 0 0 -1
usemtl m_a0a57bcb-95c0-7f80-7bef-e9aaf1d14c76
f 221/676/180 219/677/180 218/678/180 220/679/180
f 224/680/181 222/681/181 223/682/181 225/683/181
f 218/684/182 219/685/182 223/686/182 222/687/182
f 221/688/183 220/689/183 224/690/183 225/691/183
f 220/692/184 218/693/184 222/694/184 224/695/184
f 225/696/185 223/697/185 219/698/185 221/699/185
o part1
v -0.14727498590696342 0.5312503848726287 0.2857375
v -0.14727498590696342 0.5312503848726287 -0.5
v 0.2857377159852559 0.7812503848726285 0.2857375
v 0.2857377159852559 0.7812503848726285 -0.5
v 0.3527250140930363 -0.33477501891181005 0.2857375
v 0.3527250140930363 -0.33477501891181005 -0.5
v 0.7857377159852557 -0.08477501891181016 0.2857375
v 0.7857377159852557 -0.08477501891181016 -0.5
vt 1 0.9375
vt 1 1
vt 0 1
vt 0 0.9375
vt 1 0.9375
vt 1 1
vt 0 1
vt 0 0.9375
vt 0 0.875
vt 1 0.875
vt 1 1
vt 0 1
vt 1 1
vt 0 1
vt 0 0.875
vt 1 0.875
vt 0.125 0.9375
vt 0.125 1
vt 0 1
vt 0 0.9375
vt 0.125 0.9375
vt 0.125 1
vt 0 1
vt 0 0.9375
vn -0.4999999999999998 0.8660254037844388 0
vn 0.4999999999999998 -0.8660254037844388 0
vn -0.8660254037844388 -0.4999999999999998 0
vn 0.8660254037844388 0.4999999999999998 0
vn 0 0 1
vn 0 0 -1
usemtl m_a0a57bcb-95c0-7f80-7bef-e9aaf1d14c76
f 229/700/186 227/701/186 226/702/186 228/703/186
f 232/704/187 230/705/187 231/706/187 233/707/187
f 226/708/188 227/709/188 231/710/188 230/711/188
f 229/712/189 228/713/189 232/714/189 233/715/189
f 228/716/190 226/717/190 230/718/190 232/719/190
f 233/720/191 231/721/191 227/722/191 229/723/191
o corner2
v 0.1908225 0.907176875 0.1908225
v -0.283270625 0.9128775 0.21653625
v -0.25985625 0.80726375 -0.25985625
v -0.283848125 0.91548375 0.228291875
v 0.228291875 0.91548375 0.228291875
v -0.029766875 0.85827375 -0.271165
v -0.265495625 0.8327025 -0.265495625
v -0.457954375 1.700825625 -0.457954375
v 0.03584375 1.78356 -0.47629625
v 0.228291875 0.91548375 -0.283848125
v -0.47629625 1.78356 -0.47629625
v -0.3443425 1.18835625 0.1677975
v 0.024465 1.834886875 0.024465
v -0.156315625 1.8544975 0.0201175
v -0.15768125 1.854195 0.020184375
v -0.47629625 1.78356 0.03584375
v 0.011851875 1.891779375 0.011851875
v 0.034419375 1.789985625 -0.44731
v -0.474936875 1.78386125 -0.474936875
v -0.224689375 1.83934 -0.224689375
v -0.246084375 0.810316875 -0.246084375
v -0.246865625 0.81014375 -0.260495
v -0.21636125 0.81690625 -0.261994375
v 0.035831875 1.78361375 -0.476051875
v 0.03343875 1.794408125 -0.427363125
v 0.0201175 1.8544975 -0.156315625
v -0.271165 0.85827375 -0.029766875
v -0.015984375 1.885608125 0.01322
v -0.014481875 1.88594125 -0.014481875
v -0.2700675 1.829279375 -0.2700675
v -0.45674875 1.787893125 -0.45674875
vt 0 1
vt 0 1
vt 0 1
vt 0 1
vt 0 1
vt 0 1
vt 0 1
vt 0 1
vt 0 1
vt 0 1
vt 0 1
vt 0 1
vt 0 1
vt 0 1
vt 0 1
vt 0 1
vt 0 1
vt 0 1
vt 0 1
vt 0 1
vt 0 1
vt 0 1
vt 0 1
vt 0 1
vt 0 1
vt 0 1
vt 0 1
vt 0 1
vt 0 1
vt 0 1
vt 0 1
vt 0 1
vt 0 1
vt 0 1
vt 0 1
vt 0 1
vt 0 1
vt 0 1
vt 0 1
vt 0 1
vt 0 1
vt 0 1
vt 0 1
vt 0 1
vt 0 1
vt 0 1
vt 0 1
vt 0 1
vt 0 1
vt 0 1
vt 0 1
vt 0 1
vt 0 1
vt 0 1
vt 0 1
vt 0 1
vt 0 1
vt 0 1
vt 0 1
vt 0 1
vt 0 1
vt 0 1
vt 0 1
vt 0 1
vt 0 1
vt 0 1
vt 0 1
vt 0 1
vt 0 1
vt 0 1
vt 0 1
vt 0 1
vt 0 1
vt 0 1
vt 0 1
vt 0 1
vt 0 1
vt 0 1
vt 0 1
vt 0 1
vt 0 1
vt 0 1
vt 0 1
vt 0 1
vt 0 1
vt 0 1
vt 0 1
vt 0 1
vt 0 1
vt 0 1
vt 0 1
vt 0 1
vt 0 1
vt 0 1
vt 0 1
vt 0 1
vt 0 1
vt 0 1
vt 0 1
vt 0 1
vt 0 1
vt 0 1
vt 0 1
vt 0 1
vt 0 1
vt 0 1
vt 0 1
vt 0 1
vt 0 1
vt 0 1
vt 0 1
vt 0 1
vt 0 1
vt 0 1
vn -4.087722912576703e-8 -0.9762959748810935 0.21643975935805748
vn 3.6027338235457463e-7 -0.9762944119808485 0.21644680901976704
vn 0 -0.9762953764229673 0.2164424588086559
vn -0.000002535052171423244 -0.21643063502003662 -0.9762979976515355
vn -0.0000014196565236078718 -0.21644043559780385 -0.9762958249609682
vn 1.5636947591227274e-7 -0.2164398527583247 -0.9762959541747217
vn 0 -0.21644080219123263 -0.9762957436897981
vn -1.7077964636404424e-7 -0.21643983064740455 -0.9762959590765978
vn 0 0.21643960769042433 0.9762960085050104
vn 6.537179069129116e-8 0.2164397384492604 0.9762959795164637
vn -0.00004384362271428861 0.21605099355783666 0.9763820800590355
vn -4.5057366638691475e-7 0.216441188905545 0.976295657956621
vn -3.169525227864287e-7 0.2164399463258227 0.9762959334312391
vn 0.0000010816294193364652 0.2164457538089901 0.9762946459224736
vn -0.000004064438552321221 0.9763144946498737 -0.2163562051803511
vn 0 0.9762993657165833 -0.21642446373133828
vn 7.690290745581063e-7 0.9762956674468644 -0.21644114609724807
vn 0.0000022200854414945535 0.9762960243233026 -0.21643953632731838
vn 0.21644279278145695 -0.9762953023680977 -0.000005191144592441293
vn 0.2164345993380027 -0.9762971188050652 -0.0000047251274454660166
vn 0.21644051194322333 -0.9762958080124307 0.000006863710283355844
vn 0.21643999114463947 -0.9762959234951812 0
vn 0.9763032694538026 0.21640679642018137 -0.00015657895762610061
vn 0.976295896674612 0.21644011212035957 0.0000012812499856614553
vn 0.9762959408831922 0.21643991271251894 0
vn 0.9762968139728632 0.21643597442762555 -3.135146420942842e-8
vn 0.9762960002100802 0.21643964510610664 -3.763653571371218e-7
vn 0.9762946459224736 0.2164457538089901 0.0000010816294193364652
vn -0.9762979976515354 -0.2164306350200366 -0.000002535052171423244
vn -0.9762958249609685 -0.2164404355978039 -0.000001419656523607872
vn -0.9762959541747217 -0.2164398527583247 1.5636947591227274e-7
vn -0.9762957436897981 -0.21644080219123263 0
vn -0.9762959590765978 -0.21643983064740452 -1.7077964637154675e-7
vn -0.21644020630941221 0.9762958757936954 9.80209596302982e-7
vn -0.21641812398928997 0.9763007710787472 0
vn -0.21643885728212706 0.9762961748658356 -8.63188145993905e-7
vn -0.2164385090528498 0.9762962520662459 -6.168930422391658e-7
vn -0.2164429834862134 0.9762952601026551 8.221766031703749e-7
usemtl m_a0a57bcb-95c0-7f80-7bef-e9aaf1d14c76
f 234/724/192 235/725/192 236/726/192
f 234/727/193 237/728/193 235/729/193
f 234/730/194 238/731/194 237/732/194
f 239/733/195 236/734/195 240/735/195
f 239/736/196 240/737/196 241/738/196
f 239/739/197 242/740/197 243/741/197
f 242/742/198 241/743/198 244/744/198
f 242/745/199 239/746/199 241/747/199
f 238/748/200 245/749/200 237/750/200
f 238/751/201 246/752/201 245/753/201
f 246/754/202 247/755/202 248/756/202
f 246/757/203 248/758/203 249/759/203
f 245/760/204 246/761/204 249/762/204
f 246/763/205 250/764/205 247/765/205
f 251/766/206 244/767/206 252/768/206
f 251/769/207 242/770/207 244/771/207
f 251/772/208 252/773/208 253/774/208
f 251/775/209 253/776/209 250/777/209
f 254/778/210 236/779/210 255/780/210
f 254/781/211 255/782/211 256/783/211
f 254/784/212 256/785/212 243/786/212
f 238/787/213 254/788/213 243/789/213
f 243/790/214 242/791/214 257/792/214
f 243/793/215 257/794/215 258/795/215
f 238/796/216 243/797/216 258/798/216
f 246/799/217 258/800/217 259/801/217
f 246/802/218 238/803/218 258/804/218
f 246/805/219 259/806/219 250/807/219
f 260/808/220 240/809/220 236/810/220
f 260/811/221 241/812/221 240/813/221
f 260/814/222 237/815/222 249/816/222
f 249/817/223 244/818/223 241/819/223
f 260/820/224 249/821/224 241/822/224
f 261/823/225 262/824/225 263/825/225
f 249/826/226 264/827/226 244/828/226
f 249/829/227 263/830/227 264/831/227
f 249/832/228 261/833/228 263/834/228
f 261/835/229 250/836/229 262/837/229
o corner3
v 0 2 -0.5
v -0.5 2 -0.5
v -0.026315625 2.052631875 -0.5
v -0.5 3 -0.5
v -0.4722225 2 0
v -0.5 2 0
v 0 2 -0.0277775
v -0.4723075 2 -0.00153875
v 0 2 0
v -0.5 2 0
v -0.5 2.055555625 0
v -0.5 3 0
v 0 3 -0.5
v -0.00153875 3 -0.4723075
v -0.5 3 0
v -0.0277775 3 0
v 0 2.055555625 -0.5
v 0 2.944444375 0
v 0 2 0
v 0 3 0
v 0 2.944444375 0
v 0 3 -0.4722225
v -0.0277775 3 0
v -0.5 2 0
v 0 2 0
v 0 2.944444375 0
v 0 3 0
vt 0 1
vt 0 1
vt 0 1
vt 0 1
vt 0 1
vt 0 1
vt 0 1
vt 0 1
vt 0 1
vt 0 1
vt 0 1
vt 0 1
vt 0 1
vt 0 1
vt 0 1
vt 0 1
vt 0 1
vt 0 1
vt 0 1
vt 0 1
vt 0 1
vt 0 1
vt 0 1
vt 0 1
vt 0 1
vt 0 1
vt 0 1
vt 0 1
vt 0 1
vt 0 1
vt 0 1
vt 0 1
vt 0 1
vt 0 1
vt 0 1
vt 0 1
vt 0 1
vt 0 1
vt 0 1
vt 0 1
vt 0 1
vt 0 1
vt 0 1
vt 0 1
vt 0 1
vt 0 1
vt 0 1
vt 0 1
vt 0 1
vt 0 1
vt 0 1
vt 0 1
vt 0 1
vt 0 1
vt 0 1
vt 0 1
vt 0 1
vt 0 1
vt 0 1
vt 0 1
vt 0 1
vt 0 1
vt 0 1
vt 0 1
vt 0 1
vt 0 1
vt 0 1
vt 0 1
vt 0 1
vt 0 1
vt 0 1
vt 0 1
vt 0 1
vt 0 1
vt 0 1
vn 0 0 -1
vn 0 0 -1
vn 0 -1 0
vn 0 -1 0
vn 0 -1 0
vn 0 -1 0
vn 0 -1 0
vn -1 0 0
vn -1 0 0
vn -1 0 0
vn 0 1 0
vn 0 1 0
vn 0 1 0
vn 0 0 -1
vn 0 0 -1
vn 0 0 -1
vn 1 0 0
vn 1 0 0
vn 1 0 0
vn 0 1 0
vn 0 1 0
vn 0 1 0
vn 0 0 1
vn 0 0 1
vn 0 0 1
usemtl m_a0a57bcb-95c0-7f80-7bef-e9aaf1d14c76
f 265/838/230 266/839/230 267/840/230
f 268/841/231 267/842/231 266/843/231
f 266/844/232 269/845/232 270/846/232
f 265/847/233 271/848/233 272/849/233
f 266/850/234 265/851/234 272/852/234
f 272/853/235 273/854/235 269/855/235
f 272/856/236 271/857/236 273/858/236
f 266/859/237 274/860/237 275/861/237
f 268/862/238 266/863/238 276/864/238
f 266/865/239 275/866/239 276/867/239
f 277/868/240 268/869/240 278/870/240
f 278/871/241 279/872/241 280/873/241
f 278/874/242 268/875/242 279/876/242
f 265/877/243 267/878/243 281/879/243
f 277/880/244 281/881/244 267/882/244
f 268/883/245 277/884/245 267/885/245
f 265/886/246 282/887/246 283/888/246
f 265/889/247 277/890/247 282/891/247
f 277/892/248 284/893/248 285/894/248
f 277/895/249 278/896/249 286/897/249
f 284/898/250 286/899/250 278/900/250
f 287/901/251 284/902/251 278/903/251
f 288/904/252 289/905/252 290/906/252
f 276/907/253 288/908/253 290/909/253
f 276/910/254 290/911/254 291/912/254
o corner4
v -0.022048125 3.068729375 -0.022048125
v 0.012869375 3.13052625 -0.491445
v 0.004759375 3.06892375 -0.023525
v -0.491445 3.13052625 -0.491445
v 0.0042775 3.065263125 0.0042775
v -0.396341875 3.85290875 0.1079725
v -0.491445 3.13052625 0.012869375
v 0.12572875 3.9877775 0.12572875
v -0.37137625 4.042539375 0.132938125
v -0.36951125 4.056708125 0.13480375
v 0.13480375 4.056708125 0.13480375
v 0.020416875 3.18785625 -0.4838975
v -0.491319375 3.131483125 -0.491319375
v -0.387503125 3.92004625 -0.387503125
v -0.36091875 4.12197125 -0.36091875
v 0.01371875 4.072649375 -0.3674125
v 0.13480375 4.056708125 -0.36951125
v -0.36105125 4.12096375 -0.353265625
v -0.352811875 4.12090375 -0.352811875
v -0.3532725 4.120964375 -0.3532725
v -0.49094625 3.130460625 -0.49094625
v -0.463223125 3.12681125 0.01238
v -0.490974375 3.130464375 0.01286125
v 0.1079725 3.85290875 -0.396341875
v 0.132938125 4.042539375 -0.37137625
v -0.49138125 3.131010625 0.012933125
v -0.4913775 3.131039375 -0.4913775
v -0.4838975 3.18785625 0.020416875
v -0.3674125 4.072649375 0.01371875
v 0.127609375 4.057655625 -0.36938625
v 0.10166375 4.06107125 0.10166375
vt 0 1
vt 0 1
vt 0 1
vt 0 1
vt 0 1
vt 0 1
vt 0 1
vt 0 1
vt 0 1
vt 0 1
vt 0 1
vt 0 1
vt 0 1
vt 0 1
vt 0 1
vt 0 1
vt 0 1
vt 0 1
vt 0 1
vt 0 1
vt 0 1
vt 0 1
vt 0 1
vt 0 1
vt 0 1
vt 0 1
vt 0 1
vt 0 1
vt 0 1
vt 0 1
vt 0 1
vt 0 1
vt 0 1
vt 0 1
vt 0 1
vt 0 1
vt 0 1
vt 0 1
vt 0 1
vt 0 1
vt 0 1
vt 0 1
vt 0 1
vt 0 1
vt 0 1
vt 0 1
vt 0 1
vt 0 1
vt 0 1
vt 0 1
vt 0 1
vt 0 1
vt 0 1
vt 0 1
vt 0 1
vt 0 1
vt 0 1
vt 0 1
vt 0 1
vt 0 1
vt 0 1
vt 0 1
vt 0 1
vt 0 1
vt 0 1
vt 0 1
vt 0 1
vt 0 1
vt 0 1
vt 0 1
vt 0 1
vt 0 1
vt 0 1
vt 0 1
vt 0 1
vt 0 1
vt 0 1
vt 0 1
vt 0 1
vt 0 1
vt 0 1
vt 0 1
vt 0 1
vt 0 1
vt 0 1
vt 0 1
vt 0 1
vt 0 1
vt 0 1
vt 0 1
vt 0 1
vt 0 1
vt 0 1
vt 0 1
vt 0 1
vt 0 1
vt 0 1
vt 0 1
vt 0 1
vt 0 1
vt 0 1
vt 0 1
vt 0 1
vt 0 1
vt 0 1
vt 0 1
vt 0 1
vt 0 1
vt 0 1
vt 0 1
vt 0 1
vt 0 1
vt 0 1
vt 0 1
vn -0.000002155249460653964 -0.9914449488515313 -0.1305255277412792
vn 0 -0.9914449696012637 -0.13052537014829474
vn -0.000002895501683704336 -0.9914432099258899 -0.13053873556712625
vn -2.9117464553456545e-7 -0.13052570214018605 0.9914449258938829
vn -4.78426750490957e-7 -0.13052756723034503 0.9914446803491856
vn -8.899216044840076e-7 -0.13052600149174648 0.9914448864832501
vn -0.0000023991430621154863 -0.1305447056101517 0.9914424238610142
vn 0 -0.1305277623843918 0.9914446546564886
vn 4.250772801333419e-7 0.13052606934801034 -0.9914448775501227
vn -7.632699397538411e-7 0.1305284359282377 -0.9914445659811473
vn -2.444465068622572e-7 0.13052709508571686 -0.9914447425088424
vn 7.90334333824017e-8 0.1305258798435326 -0.9914449024989063
vn 0 0.13016971726120388 -0.9914917269993424
vn 6.835238912673253e-7 0.13052376322796003 -0.9914451811534233
vn 0.000035637374347517575 0.9914543254213146 0.13045428062483624
vn 0.000035696196158950653 0.9914456696216662 0.13052004793987704
vn 0 0.9914449113390031 0.13052581269617208
vn 0.00003156993686170303 0.9914447709303219 0.13052687538687507
vn -0.13051227094392454 -0.991446694045147 9.382052118068196e-8
vn -0.13035232995198626 -0.9914677352673047 1.0290582654306817e-7
vn -0.13045451257129317 -0.9914542955425563 0
vn -0.13052721885199153 -0.9914447262141733 9.314165674617871e-7
vn 0.9914449258938829 -0.13052570214018605 -2.9117464553456545e-7
vn 0.9914446803491856 -0.13052756723034503 -4.78426750490957e-7
vn 0.9914448864832501 -0.13052600149174645 -8.899216044692203e-7
vn 0.9914424238610144 -0.13054470561015172 -0.0000023991430621154868
vn 0.9914446546564886 -0.1305277623843918 0
vn -0.9914499407007904 0.1304876050987193 0
vn -0.9915301804852411 0.12987648434918567 3.115291934233916e-8
vn -0.9914451398948689 0.130524076623524 6.484016908488039e-7
vn -0.9914584064766947 0.1304232656648704 6.28578142330123e-8
vn -0.9914448775501227 0.13052606934801034 4.250772801333419e-7
vn -0.9914445659811473 0.1305284359282377 -7.632699397538411e-7
vn -0.9914447425088424 0.13052709508571686 -2.444465068622572e-7
vn -0.9914449024989063 0.1305258798435326 7.903343338632682e-8
vn 0.13057259549654796 0.9914387511618128 0
vn 0.1305303304393282 0.9914443165579313 6.13546250138647e-7
vn 0.13052555417113804 0.9914449453742743 3.4590785891952517e-7
usemtl m_a0a57bcb-95c0-7f80-7bef-e9aaf1d14c76
f 292/913/255 293/914/255 294/915/255
f 292/916/256 295/917/256 293/918/256
f 292/919/257 294/920/257 296/921/257
f 296/922/258 297/923/258 298/924/258
f 299/925/259 300/926/259 297/927/259
f 296/928/260 299/929/260 297/930/260
f 299/931/261 301/932/261 300/933/261
f 299/934/262 302/935/262 301/936/262
f 303/937/263 304/938/263 305/939/263
f 305/940/264 306/941/264 307/942/264
f 305/943/265 307/944/265 308/945/265
f 303/946/266 305/947/266 308/948/266
f 293/949/267 295/950/267 304/951/267
f 303/952/268 293/953/268 304/954/268
f 309/955/269 310/956/269 311/957/269
f 309/958/270 311/959/270 306/960/270
f 301/961/271 302/962/271 310/963/271
f 309/964/272 301/965/272 310/966/272
f 312/967/273 313/968/273 314/969/273
f 312/970/274 314/971/274 298/972/274
f 295/973/275 312/974/275 298/975/275
f 312/976/276 296/977/276 313/978/276
f 296/979/277 293/980/277 315/981/277
f 299/982/278 315/983/278 316/984/278
f 299/985/279 296/986/279 315/987/279
f 299/988/280 316/989/280 308/990/280
f 302/991/281 299/992/281 308/993/281
f 295/994/282 298/995/282 317/996/282
f 317/997/283 304/998/283 318/999/283
f 317/1000/284 319/1001/284 304/1002/284
f 317/1003/285 318/1004/285 295/1005/285
f 319/1006/286 305/1007/286 304/1008/286
f 305/1009/287 320/1010/287 306/1011/287
f 305/1012/288 301/1013/288 320/1014/288
f 305/1015/289 319/1016/289 301/1017/289
f 302/1018/290 308/1019/290 321/1020/290
f 321/1021/291 322/1022/291 302/1023/291
f 321/1024/292 306/1025/292 322/1026/292
o corner5
v 0.09720875 4.0771975 0.09720875
v 0.1451925 4.158260625 -0.36252125
v 0.13095625 4.077523125 0.0953625
v -0.36252125 4.158260625 -0.36252125
v 0.129883125 4.071435625 0.129883125
v -0.268110625 4.69369 0.239603125
v -0.36252125 4.158260625 0.1451925
v 0.28832125 4.96998375 0.28832125
v -0.209781875 5.0244875 0.29793125
v -0.2041825 5.05624375 0.30353125
v 0.30353125 5.05624375 0.30353125
v 0.157885625 4.230248125 -0.3498275
v -0.35981625 4.1736 -0.35981625
v -0.250029375 4.7962325 -0.250029375
v -0.188873125 5.143068125 -0.188873125
v 0.204945625 5.073626875 -0.201116875
v 0.30353125 5.05624375 -0.2041825
v -0.18940125 5.14007125 -0.171879375
v -0.170865625 5.1398925 -0.170865625
v -0.17191375 5.1400775 -0.17191375
v -0.35456375 4.156856875 -0.35456375
v -0.32728125 4.152046875 0.144096875
v -0.355013125 4.15693625 0.14495875
v 0.239603125 4.69369 -0.268110625
v 0.29793125 5.0244875 -0.209781875
v -0.3609875 4.166958125 0.146725625
v -0.360894375 4.167486875 -0.360894375
v -0.3498275 4.230248125 0.157885625
v -0.201116875 5.073626875 0.204945625
v 0.28731875 5.0591025 -0.203678125
v 0.261849375 5.063593125 0.261849375
vt 0 1
vt 0 1
vt 0 1
vt 0 1
vt 0 1
vt 0 1
vt 0 1
vt 0 1
vt 0 1
vt 0 1
vt 0 1
vt 0 1
vt 0 1
vt 0 1
vt 0 1
vt 0 1
vt 0 1
vt 0 1
vt 0 1
vt 0 1
vt 0 1
vt 0 1
vt 0 1
vt 0 1
vt 0 1
vt 0 1
vt 0 1
vt 0 1
vt 0 1
vt 0 1
vt 0 1
vt 0 1
vt 0 1
vt 0 1
vt 0 1
vt 0 1
vt 0 1
vt 0 1
vt 0 1
vt 0 1
vt 0 1
vt 0 1
vt 0 1
vt 0 1
vt 0 1
vt 0 1
vt 0 1
vt 0 1
vt 0 1
vt 0 1
vt 0 1
vt 0 1
vt 0 1
vt 0 1
vt 0 1
vt 0 1
vt 0 1
vt 0 1
vt 0 1
vt 0 1
vt 0 1
vt 0 1
vt 0 1
vt 0 1
vt 0 1
vt 0 1
vt 0 1
vt 0 1
vt 0 1
vt 0 1
vt 0 1
vt 0 1
vt 0 1
vt 0 1
vt 0 1
vt 0 1
vt 0 1
vt 0 1
vt 0 1
vt 0 1
vt 0 1
vt 0 1
vt 0 1
vt 0 1
vt 0 1
vt 0 1
vt 0 1
vt 0 1
vt 0 1
vt 0 1
vt 0 1
vt 0 1
vt 0 1
vt 0 1
vt 0 1
vt 0 1
vt 0 1
vt 0 1
vt 0 1
vt 0 1
vt 0 1
vt 0 1
vt 0 1
vt 0 1
vt 0 1
vt 0 1
vt 0 1
vt 0 1
vt 0 1
vt 0 1
vt 0 1
vt 0 1
vt 0 1
vt 0 1
vn 0.000002348469803882248 -0.9848076769112858 -0.17364860924027414
vn 0 -0.9848076349961192 -0.1736488469681004
vn 0.000001466313872977711 -0.9848049192860305 -0.1736642477537769
vn -4.1091256739417717e-7 -0.17364807158401485 0.9848077717173968
vn -8.06655001807693e-7 -0.173646886528895 0.9848079806734765
vn -2.507820664051106e-7 -0.1736479722529083 0.9848077892321884
vn -0.0000026531832894852386 -0.17366325288028497 0.9848050947228081
vn 0 -0.17364856126287626 0.9848076853738162
vn 3.1080198333860364e-7 0.17364807264330995 -0.9848077715306511
vn 0.0000013828547341728577 0.17364731178381007 -0.9848079056894009
vn -0.0000037717772835968545 0.17365551133452983 -0.9848064598533648
vn -4.775595602826265e-8 0.17364782201650145 -0.984807815722907
vn 0 0.1736640129519157 -0.984804960692947
vn -3.2323257403833643e-7 0.1736536922979824 -0.9848067806179918
vn -0.000010263603463873095 0.9847758896261805 0.17382878675761218
vn -0.000010582956978747136 0.9848036627846855 0.17367137258013735
vn 0 0.9848078306249773 0.173647737502468
vn -5.343035429803959e-8 0.9848078312666747 0.17364773386320445
vn -0.17363085239579756 -0.9848108077677793 2.8826243368655594e-7
vn -0.17371050175385025 -0.9847967615606683 2.1437717733806093e-7
vn -0.173723559007335 -0.9847944582733115 0
vn -0.17364988332441597 -0.9848074522563091 0.0000013618409224689073
vn 0.9848077717173968 -0.17364807158401485 -4.109125673941771e-7
vn 0.9848079806734765 -0.173646886528895 -8.06655001807693e-7
vn 0.9848077892321884 -0.17364797225290832 -2.507820664200896e-7
vn 0.9848050947228081 -0.17366325288028497 -0.0000026531832894852386
vn 0.9848076853738162 -0.17364856126287626 0
vn -0.9848049242007351 0.1736642198899494 0
vn -0.9848018057638896 0.17368190281120888 2.4553396168763466e-7
vn -0.9848070421085204 0.17365220935376105 -1.5592011619060648e-7
vn -0.9848070622620946 0.17365209505979864 2.1352111752568418e-7
vn -0.9848077715306511 0.17364807264330995 3.1080198333860364e-7
vn -0.9848079056894011 0.1736473117838101 0.0000013828547341728579
vn -0.9848064598533646 0.1736555113345298 -0.0000037717772835968536
vn -0.984807815722907 0.17364782201650145 -4.775595603640997e-8
vn 0.17365105406275666 0.9848072458216854 0
vn 0.1736418295472859 0.9848088723358349 3.040209073317259e-7
vn 0.17364849791967799 0.9848076965427196 6.801948670904379e-7
usemtl m_a0a57bcb-95c0-7f80-7bef-e9aaf1d14c76
f 323/1027/293 324/1028/293 325/1029/293
f 323/1030/294 326/1031/294 324/1032/294
f 323/1033/295 325/1034/295 327/1035/295
f 327/1036/296 328/1037/296 329/1038/296
f 330/1039/297 331/1040/297 328/1041/297
f 327/1042/298 330/1043/298 328/1044/298
f 330/1045/299 332/1046/299 331/1047/299
f 330/1048/300 333/1049/300 332/1050/300
f 334/1051/301 335/1052/301 336/1053/301
f 336/1054/302 337/1055/302 338/1056/302
f 336/1057/303 338/1058/303 339/1059/303
f 334/1060/304 336/1061/304 339/1062/304
f 324/1063/305 326/1064/305 335/1065/305
f 334/1066/306 324/1067/306 335/1068/306
f 340/1069/307 341/1070/307 342/1071/307
f 340/1072/308 342/1073/308 337/1074/308
f 332/1075/309 333/1076/309 341/1077/309
f 340/1078/310 332/1079/310 341/1080/310
f 343/1081/311 344/1082/311 345/1083/311
f 343/1084/312 345/1085/312 329/1086/312
f 326/1087/313 343/1088/313 329/1089/313
f 343/1090/314 327/1091/314 344/1092/314
f 327/1093/315 324/1094/315 346/1095/315
f 330/1096/316 346/1097/316 347/1098/316
f 330/1099/317 327/1100/317 346/1101/317
f 330/1102/318 347/1103/318 339/1104/318
f 333/1105/319 330/1106/319 339/1107/319
f 326/1108/320 329/1109/320 348/1110/320
f 348/1111/321 335/1112/321 349/1113/321
f 348/1114/322 350/1115/322 335/1116/322
f 348/1117/323 349/1118/323 326/1119/323
f 350/1120/324 336/1121/324 335/1122/324
f 336/1123/325 351/1124/325 337/1125/325
f 336/1126/326 332/1127/326 351/1128/326
f 336/1129/327 350/1130/327 332/1131/327
f 333/1132/328 339/1133/328 352/1134/328
f 352/1135/329 353/1136/329 333/1137/329
f 352/1138/330 337/1139/330 353/1140/330
o corner6
v 0.324321875 5.140956875 0.324321875
v 0.386564375 5.311966875 -0.145524375
v 0.4803525 5.5696475 -0.05173625
v 0.62364125 5.963329375 0.62364125
v 0.64312125 6.01685125 0.1110325
v 0.666341875 6.080649375 0.134253125
v 0.666341875 6.080649375 0.666341875
v -0.145524375 5.311966875 0.386564375
v -0.145524375 5.311966875 -0.145524375
v -0.126 5.30486 -0.126
v -0.099559375 5.295236875 0.380475
v -0.13152125 5.350439375 -0.13152125
v -0.110501875 5.40819 0.421586875
v 0.022455625 5.77348875 0.022455625
v 0.150649375 6.1256975 0.542573125
v 0.196495625 6.251659375 0.196495625
v 0.134253125 6.080649375 0.666341875
v 0.633 6.092785 0.13867
v 0.60847375 6.10171125 0.60847375
v 0.634979375 6.092064375 0.634979375
v -0.05173625 5.5696475 0.4803525
v 0.1110325 6.01685125 0.64312125
v 0.3300625 5.15672875 0.280988125
v 0.283423125 5.1558425 0.283423125
v 0.229121875 5.175606875 0.229121875
v 0.421586875 5.40819 -0.110501875
v 0.542573125 6.1256975 0.150649375
v 0.16121 6.1547125 0.462855625
v 0.191711875 6.238515625 0.23260625
v 0.3825875 6.1839275 0.3825875
v 0.234859375 6.23769625 0.234859375
v 0.232429375 6.23858 0.232429375
vt 0 1
vt 0 1
vt 0 1
vt 0 1
vt 0 1
vt 0 1
vt 0 1
vt 0 1
vt 0 1
vt 0 1
vt 0 1
vt 0 1
vt 0 1
vt 0 1
vt 0 1
vt 0 1
vt 0 1
vt 0 1
vt 0 1
vt 0 1
vt 0 1
vt 0 1
vt 0 1
vt 0 1
vt 0 1
vt 0 1
vt 0 1
vt 0 1
vt 0 1
vt 0 1
vt 0 1
vt 0 1
vt 0 1
vt 0 1
vt 0 1
vt 0 1
vt 0 1
vt 0 1
vt 0 1
vt 0 1
vt 0 1
vt 0 1
vt 0 1
vt 0 1
vt 0 1
vt 0 1
vt 0 1
vt 0 1
vt 0 1
vt 0 1
vt 0 1
vt 0 1
vt 0 1
vt 0 1
vt 0 1
vt 0 1
vt 0 1
vt 0 1
vt 0 1
vt 0 1
vt 0 1
vt 0 1
vt 0 1
vt 0 1
vt 0 1
vt 0 1
vt 0 1
vt 0 1
vt 0 1
vt 0 1
vt 0 1
vt 0 1
vt 0 1
vt 0 1
vt 0 1
vt 0 1
vt 0 1
vt 0 1
vt 0 1
vt 0 1
vt 0 1
vt 0 1
vt 0 1
vt 0 1
vt 0 1
vt 0 1
vt 0 1
vt 0 1
vt 0 1
vt 0 1
vt 0 1
vt 0 1
vt 0 1
vt 0 1
vt 0 1
vt 0 1
vt 0 1
vt 0 1
vt 0 1
vt 0 1
vt 0 1
vt 0 1
vt 0 1
vt 0 1
vt 0 1
vt 0 1
vt 0 1
vt 0 1
vt 0 1
vt 0 1
vt 0 1
vt 0 1
vt 0 1
vt 0 1
vt 0 1
vt 0 1
vt 0 1
vn 0.9396925818519423 -0.3420202502958129 -1.4361542250195662e-7
vn 0.9396927645324631 -0.3420197483844167 -6.304368975484616e-7
vn 0.9396925528446529 -0.34202032999258775 -2.4650187302009777e-7
vn 0.9396926674611131 -0.3420200150859303 -6.619722838806205e-7
vn 0.9396935549389204 -0.3420175767504566 0
vn -0.34204494791313594 -0.9396835922836475 0
vn -0.34202198034270187 -0.9396919521638327 9.90783024053097e-7
vn -0.34201973393598806 -0.9396927697910737 8.579738495364032e-7
vn -0.9396904214819364 0.3420261858032232 0
vn -0.9396921147299672 0.34202153369951654 -3.912264959767149e-7
vn -0.9396929680536277 0.3420191892139253 -1.1400793547799227e-7
vn -0.9396925852777899 0.3420202408832017 3.7460339890304186e-7
vn -0.939692310047529 0.3420209970710816 -2.0530169402024104e-7
vn -0.9396927636726238 0.3420197507470695 4.680094910208187e-7
vn 0.3420198488126047 0.9396927279791625 0.0000011326087033447093
vn 0.3420077669541104 0.9396971253243719 4.183221856873695e-7
vn 0.3420197075150451 0.9396927794078889 0
vn 0.3420245372020165 0.939691021534009 3.4257678317603835e-7
vn -1.4361542250195662e-7 -0.3420202502958129 0.9396925818519423
vn -6.304368975484616e-7 -0.3420197483844167 0.9396927645324631
vn -2.4650187302009777e-7 -0.3420203299925877 0.9396925528446529
vn -6.619722838806205e-7 -0.3420200150859303 0.9396926674611131
vn 0 -0.3420175767504566 0.9396935549389203
vn 9.510101628607376e-9 -0.9396948523622751 -0.34201401205775495
vn -6.242670020248915e-7 -0.9396909508960841 -0.3420247312748358
vn 0 -0.9396926880000857 -0.3420199586561785
vn -0.0000027974017502474186 -0.939692310169064 -0.3420209967257895
vn -1.1400793547799227e-7 0.3420191892139253 -0.9396929680536277
vn 3.7460339890304186e-7 0.3420202408832017 -0.9396925852777899
vn -2.0530169402024104e-7 0.3420209970710816 -0.939692310047529
vn 4.6800949102081877e-7 0.3420197507470695 -0.9396927636726239
vn -9.78490795596814e-7 0.34202650028874 -0.9396903070157101
vn 0 0.3420214079613703 -0.9396921604951921
vn 0 0.9396923433653247 0.3420209055314964
vn -0.000016018419891302786 0.9396872479883811 0.3420349042297192
vn -3.0554628988057515e-7 0.9396936752035898 0.3420172463228674
vn 6.299691513889594e-7 0.9396928459697315 0.3420195246369857
vn -0.0000011156368275599708 0.9397789497285711 0.3417828633003989
vn 1.146542775903817e-7 0.9396879543632098 0.3420329639445195
usemtl m_a0a57bcb-95c0-7f80-7bef-e9aaf1d14c76
f 354/1141/331 355/1142/331 356/1143/331
f 357/1144/332 356/1145/332 358/1146/332
f 357/1147/333 354/1148/333 356/1149/333
f 357/1150/334 358/1151/334 359/1152/334
f 360/1153/335 357/1154/335 359/1155/335
f 361/1156/336 362/1157/336 363/1158/336
f 364/1159/337 361/1160/337 363/1161/337
f 364/1162/338 363/1163/338 354/1164/338
f 361/1165/339 365/1166/339 362/1167/339
f 361/1168/340 366/1169/340 365/1170/340
f 366/1171/341 367/1172/341 365/1173/341
f 367/1174/342 368/1175/342 369/1176/342
f 367/1177/343 370/1178/343 368/1179/343
f 367/1180/344 366/1181/344 370/1182/344
f 371/1183/345 369/1184/345 372/1185/345
f 371/1186/346 372/1187/346 373/1188/346
f 359/1189/347 373/1190/347 360/1191/347
f 359/1192/348 371/1193/348 373/1194/348
f 354/1195/349 374/1196/349 361/1197/349
f 357/1198/350 375/1199/350 374/1200/350
f 354/1201/351 357/1202/351 374/1203/351
f 357/1204/352 370/1205/352 375/1206/352
f 357/1207/353 360/1208/353 370/1209/353
f 376/1210/354 354/1211/354 377/1212/354
f 376/1213/355 377/1214/355 378/1215/355
f 355/1216/356 378/1217/356 362/1218/356
f 355/1219/357 376/1220/357 378/1221/357
f 379/1222/358 365/1223/358 367/1224/358
f 367/1225/359 369/1226/359 380/1227/359
f 367/1228/360 380/1229/360 359/1230/360
f 379/1231/361 367/1232/361 359/1233/361
f 379/1234/362 362/1235/362 365/1236/362
f 379/1237/363 355/1238/363 362/1239/363
f 360/1240/364 381/1241/364 370/1242/364
f 382/1243/365 383/1244/365 384/1245/365
f 382/1246/366 381/1247/366 383/1248/366
f 381/1249/367 360/1250/367 383/1251/367
f 382/1252/368 384/1253/368 385/1254/368
f 382/1255/369 385/1256/369 369/1257/369
o corner7
v 0.346884375 6.45709375 0.346884375
v 0.71792 6.19729125 0.71792
v 0.37149875 6.439858125 0.887766875
v 0.344264375 6.458928125 0.901119375
v 0.30834375 6.48408 0.91873125
v 0.30834375 6.48408 0.30834375
v 0.91873125 6.48408 0.30834375
v 1.2266375 6.923815 0.61625
v 1.189638125 6.870975 1.189638125
v 1.29866625 7.026683125 0.68827875
v 1.29866625 7.026683125 1.29866625
v 0.364101875 6.563710625 0.364101875
v 0.406205625 6.623840625 1.016593125
v 0.5536175 6.834366875 0.5536175
v 0.88909 7.31347125 0.88909
v 0.68827875 7.026683125 1.29866625
v 1.243355 7.065411875 0.715396875
v 1.220374375 7.081503125 1.220374375
v 1.247133125 7.06276625 1.247133125
v 0.664906875 6.234411875 0.664906875
v 0.745715 6.236986875 0.661229375
v 0.61625 6.923815 1.2266375
v 1.016593125 6.623840625 0.406205625
v 0.74958125 7.114231875 1.173633125
v 0.8587725 7.27017375 0.950925625
v 0.955319375 7.267096875 0.955319375
vt 0 1
vt 0 1
vt 0 1
vt 0 1
vt 0 1
vt 0 1
vt 0 1
vt 0 1
vt 0 1
vt 0 1
vt 0 1
vt 0 1
vt 0 1
vt 0 1
vt 0 1
vt 0 1
vt 0 1
vt 0 1
vt 0 1
vt 0 1
vt 0 1
vt 0 1
vt 0 1
vt 0 1
vt 0 1
vt 0 1
vt 0 1
vt 0 1
vt 0 1
vt 0 1
vt 0 1
vt 0 1
vt 0 1
vt 0 1
vt 0 1
vt 0 1
vt 0 1
vt 0 1
vt 0 1
vt 0 1
vt 0 1
vt 0 1
vt 0 1
vt 0 1
vt 0 1
vt 0 1
vt 0 1
vt 0 1
vt 0 1
vt 0 1
vt 0 1
vt 0 1
vt 0 1
vt 0 1
vt 0 1
vt 0 1
vt 0 1
vt 0 1
vt 0 1
vt 0 1
vt 0 1
vt 0 1
vt 0 1
vt 0 1
vt 0 1
vt 0 1
vt 0 1
vt 0 1
vt 0 1
vt 0 1
vt 0 1
vt 0 1
vt 0 1
vt 0 1
vt 0 1
vt 0 1
vt 0 1
vt 0 1
vt 0 1
vt 0 1
vt 0 1
vt 0 1
vt 0 1
vt 0 1
vt 0 1
vt 0 1
vt 0 1
vt 0 1
vt 0 1
vt 0 1
vt 0 1
vt 0 1
vt 0 1
vt 0 1
vt 0 1
vt 0 1
vt 0 1
vt 0 1
vt 0 1
vn -0.573576819617324 -0.8191517759226541 -6.616936565337469e-7
vn -0.5735822905464414 -0.819147945106019 -2.906518501148576e-7
vn -0.5735762516886069 -0.8191521735909552 -2.4810954480939054e-7
vn -0.5735737814721013 -0.8191539032488305 0
vn 0.8191519318095034 -0.5735765969875716 -9.568736906568444e-7
vn 0.8191520329669505 -0.5735764525203019 5.816279913084443e-7
vn 0.8191528710351729 -0.5735752556328396 7.460044927285934e-7
vn 0.8191517424493316 -0.5735768674225138 0
vn -0.8191512656378828 0.573577548378469 0
vn -0.819150892608262 0.5735780811180593 1.1398930819457277e-7
vn -0.8191520445111362 0.5735764360336905 3.3992084941298695e-7
vn -0.8191521260970948 0.5735763195168899 2.6096078709590046e-7
vn -0.8191521728859034 0.5735762526955122 -2.776585853543715e-7
vn 0.5735769705788731 0.8191516702183799 -3.3751786677164144e-8
vn 0.5735803426440299 0.8191493090592945 1.9494387991045447e-7
vn 0.5735683556833572 0.8191577023740241 0
vn 0.5735705303654516 0.8191561796728422 2.9884704989592135e-7
vn -4.2093931776442306e-7 -0.8191490821420532 -0.5735806667118888
vn -1.317122267935014e-7 -0.8191520682085205 -0.5735764021904022
vn 0 -0.8191521122618632 -0.5735763392757132
vn -9.568736906568444e-7 -0.5735765969875716 0.8191519318095034
vn 5.816279912185965e-7 -0.5735764525203018 0.8191520329669504
vn 7.460044927285934e-7 -0.5735752556328396 0.8191528710351729
vn 0 -0.5735768674225138 0.8191517424493316
vn 3.3992084941298695e-7 0.5735764360336905 -0.8191520445111362
vn 2.6096078709590046e-7 0.5735763195168899 -0.8191521260970948
vn -2.776585853543715e-7 0.5735762526955122 -0.8191521728859034
vn 0 0.573577548378469 -0.8191512656378828
vn 1.1398930819457274e-7 0.5735780811180592 -0.819150892608262
vn 0 0.8191532344734818 0.5735747365876858
vn -8.237982076478445e-7 0.8191515346982701 0.5735771641207398
vn 0.0000030420572739545138 0.819153832393544 0.5735738826565551
vn 0.000002965911697497147 0.8191530462785794 0.5735750053512851
usemtl m_a0a57bcb-95c0-7f80-7bef-e9aaf1d14c76
f 386/1258/370 387/1259/370 388/1260/370
f 386/1261/371 388/1262/371 389/1263/371
f 386/1264/372 389/1265/372 390/1266/372
f 391/1267/373 386/1268/373 390/1269/373
f 387/1270/374 392/1271/374 393/1272/374
f 394/1273/375 387/1274/375 393/1275/375
f 394/1276/376 393/1277/376 395/1278/376
f 396/1279/377 394/1280/377 395/1281/377
f 390/1282/378 397/1283/378 391/1284/378
f 390/1285/379 398/1286/379 397/1287/379
f 398/1288/380 399/1289/380 397/1290/380
f 398/1291/381 400/1292/381 399/1293/381
f 398/1294/382 401/1295/382 400/1296/382
f 402/1297/383 400/1298/383 403/1299/383
f 402/1300/384 403/1301/384 404/1302/384
f 395/1303/385 404/1304/385 396/1305/385
f 395/1306/386 402/1307/386 404/1308/386
f 405/1309/387 406/1310/387 387/1311/387
f 405/1312/388 392/1313/388 406/1314/388
f 405/1315/389 391/1316/389 392/1317/389
f 387/1318/390 407/1319/390 390/1320/390
f 387/1321/391 394/1322/391 407/1323/391
f 394/1324/392 401/1325/392 407/1326/392
f 394/1327/393 396/1328/393 401/1329/393
f 408/1330/394 397/1331/394 399/1332/394
f 408/1333/395 399/1334/395 400/1335/395
f 408/1336/396 400/1337/396 395/1338/396
f 392/1339/397 391/1340/397 397/1341/397
f 408/1342/398 392/1343/398 397/1344/398
f 396/1345/399 409/1346/399 401/1347/399
f 396/1348/400 410/1349/400 409/1350/400
f 410/1351/401 396/1352/401 411/1353/401
f 410/1354/402 411/1355/402 400/1356/402
o corner7b
v 1.039195 7.353109375 1.039195
v 1.344788125 7.073085 1.344788125
v 1.06145625 7.33271 1.582691875
v 1.034410625 7.35749375 1.60540125
v 0.97615 7.410879375 1.654320625
v 0.97615 7.410879375 0.97615
v 1.654320625 7.410879375 0.97615
v 2.02442875 7.814781875 1.346258125
v 1.965589375 7.75057 1.965589375
v 2.1998325 8.006201875 1.52166125
v 2.1998325 8.006201875 2.1998325
v 1.13111375 7.5799925 1.13111375
v 1.202306875 7.657686875 1.8804775
v 1.34402875 7.81234875 1.34402875
v 1.83119375 8.34399625 1.83119375
v 1.52166125 8.006201875 2.1998325
v 2.11407625 8.0847825 1.593668125
v 2.09359875 8.10354625 2.09359875
v 2.120619375 8.078786875 2.120619375
v 1.272199375 7.1396 1.272199375
v 1.410495 7.144790625 1.266535
v 1.346258125 7.814781875 2.02442875
v 1.7412725 7.50577125 1.063101875
v 1.090844375 7.536046875 1.090844375
v 1.8804775 7.657686875 1.202306875
v 1.591415625 8.082325 2.116758125
v 1.75368375 8.25940875 1.923504375
v 1.930756875 8.25276375 1.930756875
vt 0 1
vt 0 1
vt 0 1
vt 0 1
vt 0 1
vt 0 1
vt 0 1
vt 0 1
vt 0 1
vt 0 1
vt 0 1
vt 0 1
vt 0 1
vt 0 1
vt 0 1
vt 0 1
vt 0 1
vt 0 1
vt 0 1
vt 0 1
vt 0 1
vt 0 1
vt 0 1
vt 0 1
vt 0 1
vt 0 1
vt 0 1
vt 0 1
vt 0 1
vt 0 1
vt 0 1
vt 0 1
vt 0 1
vt 0 1
vt 0 1
vt 0 1
vt 0 1
vt 0 1
vt 0 1
vt 0 1
vt 0 1
vt 0 1
vt 0 1
vt 0 1
vt 0 1
vt 0 1
vt 0 1
vt 0 1
vt 0 1
vt 0 1
vt 0 1
vt 0 1
vt 0 1
vt 0 1
vt 0 1
vt 0 1
vt 0 1
vt 0 1
vt 0 1
vt 0 1
vt 0 1
vt 0 1
vt 0 1
vt 0 1
vt 0 1
vt 0 1
vt 0 1
vt 0 1
vt 0 1
vt 0 1
vt 0 1
vt 0 1
vt 0 1
vt 0 1
vt 0 1
vt 0 1
vt 0 1
vt 0 1
vt 0 1
vt 0 1
vt 0 1
vt 0 1
vt 0 1
vt 0 1
vt 0 1
vt 0 1
vt 0 1
vt 0 1
vt 0 1
vt 0 1
vt 0 1
vt 0 1
vt 0 1
vt 0 1
vt 0 1
vt 0 1
vt 0 1
vt 0 1
vt 0 1
vt 0 1
vt 0 1
vt 0 1
vt 0 1
vt 0 1
vt 0 1
vn -0.6755894906957753 -0.7372779937448439 -0.0000010004177073283154
vn -0.6756049602354771 -0.7372638182531354 1.6526049801225076e-7
vn -0.6755872417963925 -0.7372800544716699 4.4070310860258037e-7
vn -0.6755895791389911 -0.7372779127023954 0
vn 0.737277010275923 -0.6755905639636542 0.0000013668505712321816
vn 0.7372770116549452 -0.675590562460099 -2.935460331023952e-8
vn 0.7372779574015322 -0.6755895303583357 1.6750342297640967e-7
vn 0.737277812512525 -0.6755896884772192 0
vn -0.7372770726922988 0.6755904958495752 0
vn -0.7372778862836799 0.6755896079698018 -5.279542522496898e-7
vn -0.7372774937378104 0.6755900363588272 -6.09663548621327e-7
vn -0.7372772466619266 0.6755903059949803 -4.666517688282302e-7
vn -0.7372772977772151 0.6755902502099435 -0.0000018957542161653201
vn 0.6755900564700135 0.737277475309311 6.103927491795057e-7
vn 0.6755832427193843 0.7372837189011786 9.69579592749668e-8
vn 0.6755879014039587 0.7372794500571647 0
vn 0.6755878658610881 0.7372794826259987 -8.647467101350135e-9
vn 0.0000010637639042126332 -0.7372784992723804 -0.6755889390076892
vn 0.000001011053288060023 -0.7372778582676803 -0.6755896385433988
vn 0 -0.737277208250475 -0.6755903479138713
vn 0.0000013668505712321816 -0.6755905639636542 0.737277010275923
vn -2.9354603332509116e-8 -0.6755905624600991 0.7372770116549452
vn 1.6750342297640967e-7 -0.6755895303583357 0.7372779574015322
vn 0 -0.6755896884772193 0.737277812512525
vn 0 0.6755880611691293 -0.7372793036602457
vn 4.6990550262419864e-7 0.6755957083792533 -0.7372722962510623
vn -6.969668131692095e-7 0.6755904940758933 -0.7372770743172506
vn -1.3446777881721323e-7 0.6755886505338001 -0.7372787636097359
vn -6.09663548621327e-7 0.6755900363588272 -0.7372774937378104
vn -4.6665176882823016e-7 0.6755903059949802 -0.7372772466619265
vn -0.0000018957542161653201 0.6755902502099435 -0.7372772977772151
vn 0 0.7372796115243611 0.6755877251922857
vn -2.390063919006308e-7 0.7372787396418324 0.6755886766902579
vn -0.0000029441358925851516 0.7372765641461109 0.6755910508230831
vn -0.0000029102613147048093 0.7372769761242272 0.6755906012287665
usemtl m_a0a57bcb-95c0-7f80-7bef-e9aaf1d14c76
f 412/1357/403 413/1358/403 414/1359/403
f 412/1360/404 414/1361/404 415/1362/404
f 412/1363/405 415/1364/405 416/1365/405
f 417/1366/406 412/1367/406 416/1368/406
f 413/1369/407 418/1370/407 419/1371/407
f 420/1372/408 413/1373/408 419/1374/408
f 420/1375/409 419/1376/409 421/1377/409
f 422/1378/410 420/1379/410 421/1380/410
f 416/1381/411 423/1382/411 417/1383/411
f 416/1384/412 424/1385/412 423/1386/412
f 424/1387/413 425/1388/413 423/1389/413
f 424/1390/414 426/1391/414 425/1392/414
f 424/1393/415 427/1394/415 426/1395/415
f 428/1396/416 426/1397/416 429/1398/416
f 428/1399/417 429/1400/417 430/1401/417
f 421/1402/418 430/1403/418 422/1404/418
f 421/1405/419 428/1406/419 430/1407/419
f 431/1408/420 432/1409/420 413/1410/420
f 431/1411/421 418/1412/421 432/1413/421
f 431/1414/422 417/1415/422 418/1416/422
f 413/1417/423 433/1418/423 416/1419/423
f 413/1420/424 420/1421/424 433/1422/424
f 420/1423/425 427/1424/425 433/1425/425
f 420/1426/426 422/1427/426 427/1428/426
f 417/1429/427 434/1430/427 418/1431/427
f 434/1432/428 435/1433/428 423/1434/428
f 436/1435/429 434/1436/429 423/1437/429
f 434/1438/430 417/1439/430 435/1440/430
f 436/1441/431 423/1442/431 425/1443/431
f 436/1444/432 425/1445/432 426/1446/432
f 436/1447/433 426/1448/433 421/1449/433
f 422/1450/434 437/1451/434 427/1452/434
f 422/1453/435 438/1454/435 437/1455/435
f 438/1456/436 422/1457/436 439/1458/436
f 438/1459/437 439/1460/437 426/1461/437
o corner8
v 2.052191875 8.32614625 2.052191875
v 2.270256875 8.041956875 2.270256875
v 2.07101125 8.301619375 2.608655625
v 2.04413125 8.33665 2.654308125
v 1.96587625 8.43863375 1.96587625
v 1.96587625 8.43863375 2.78721625
v 2.78721625 8.43863375 1.96587625
v 2.97795875 8.584995 2.15661875
v 2.8955225 8.52174 2.8955225
v 2.115006875 8.55306625 2.936346875
v 2.275529375 8.67623875 2.275529375
v 2.187716875 8.608858125 2.187716875
v 2.37866875 8.755380625 3.20000875
v 3.274345 8.812420625 2.453005
v 3.274345 8.812420625 3.274345
v 2.491840625 8.84222 2.491840625
v 2.969964375 9.209098125 2.969964375
v 2.453005 8.812420625 3.274345
v 3.168388125 8.950506875 2.6329625
v 3.1508725 8.973334375 3.1508725
v 2.179631875 8.1600625 2.179631875
v 2.4390775 8.1714975 2.1708575
v 2.15661875 8.584995 2.97795875
v 2.936346875 8.55306625 2.115006875
v 3.20000875 8.755380625 2.37866875
v 2.78147625 9.064465625 3.08094375
v 3.091426875 9.050805 3.091426875
vt 0 1
vt 0 1
vt 0 1
vt 0 1
vt 0 1
vt 0 1
vt 0 1
vt 0 1
vt 0 1
vt 0 1
vt 0 1
vt 0 1
vt 0 1
vt 0 1
vt 0 1
vt 0 1
vt 0 1
vt 0 1
vt 0 1
vt 0 1
vt 0 1
vt 0 1
vt 0 1
vt 0 1
vt 0 1
vt 0 1
vt 0 1
vt 0 1
vt 0 1
vt 0 1
vt 0 1
vt 0 1
vt 0 1
vt 0 1
vt 0 1
vt 0 1
vt 0 1
vt 0 1
vt 0 1
vt 0 1
vt 0 1
vt 0 1
vt 0 1
vt 0 1
vt 0 1
vt 0 1
vt 0 1
vt 0 1
vt 0 1
vt 0 1
vt 0 1
vt 0 1
vt 0 1
vt 0 1
vt 0 1
vt 0 1
vt 0 1
vt 0 1
vt 0 1
vt 0 1
vt 0 1
vt 0 1
vt 0 1
vt 0 1
vt 0 1
vt 0 1
vt 0 1
vt 0 1
vt 0 1
vt 0 1
vt 0 1
vt 0 1
vt 0 1
vt 0 1
vt 0 1
vt 0 1
vt 0 1
vt 0 1
vt 0 1
vt 0 1
vt 0 1
vt 0 1
vt 0 1
vt 0 1
vt 0 1
vt 0 1
vt 0 1
vt 0 1
vt 0 1
vt 0 1
vt 0 1
vt 0 1
vt 0 1
vt 0 1
vt 0 1
vt 0 1
vt 0 1
vt 0 1
vt 0 1
vt 0 1
vt 0 1
vt 0 1
vt 0 1
vt 0 1
vt 0 1
vn -0.7933545683527139 -0.6087598285637288 -9.687790297106136e-7
vn -0.7933534040554853 -0.6087613459085738 -0.000001075034061611957
vn -0.793352903382548 -0.6087619983987845 0
vn -0.7933498205524562 -0.6087660159934123 -9.455928154503619e-7
vn 0.6087608263231586 -0.7933538027461289 -0.000001612921966219935
vn 0.6087610431276538 -0.7933536363878644 5.322368680281146e-7
vn -0.6087632595675592 0.7933519356506799 0
vn -0.6087597118683757 0.7933546578963772 -2.3342095293320134e-7
vn -0.6087602173146657 0.7933542700551989 -4.284927686618334e-7
vn -0.6087612998473456 0.793353439400083 -4.78460750748974e-7
vn 0.6087617808268718 -0.7933530703312722 6.62996885011095e-7
vn 0.6087612933664344 -0.7933534443732039 0
vn -0.6087607321369733 0.7933538750191763 -3.3723887501604864e-7
vn -0.6087619316159409 0.7933529546266381 -6.417902787788693e-7
vn -0.6087612810784547 0.7933534537995401 0.0000020148426024427644
vn 0.7933545370409304 0.6087598693709787 0
vn 0.7933558506107723 0.6087581574823577 -5.855632724855288e-7
vn 0.7933532600053912 0.6087615336387007 -8.21985201568704e-7
vn -1.5448124854416755e-7 -0.6087588252261341 -0.793355338237081
vn 0 -0.6087621690576033 -0.7933527724312068
vn 7.390228323667468e-8 -0.6087620866620778 -0.7933528356556291
vn -0.000001612921966219935 -0.7933538027461289 0.6087608263231586
vn 5.322368680066758e-7 -0.7933536363878644 0.6087610431276538
vn 6.629968850110949e-7 -0.793353070331272 0.6087617808268717
vn 0 -0.7933534443732038 0.6087612933664344
vn 0 0.7933519356506799 -0.6087632595675592
vn -2.3342095293320134e-7 0.7933546578963772 -0.6087597118683757
vn -4.284927686618334e-7 0.7933542700551989 -0.6087602173146658
vn -4.78460750748974e-7 0.793353439400083 -0.6087612998473456
vn -3.3723887501604864e-7 0.7933538750191763 -0.6087607321369733
vn -6.417902787788693e-7 0.7933529546266381 -0.6087619316159409
vn 0.0000020148426024427644 0.7933534537995401 -0.6087612810784547
vn -0.0000025598184488108964 0.6087599188176838 0.7933544990951614
vn -0.00000263704764164006 0.6087588159511836 0.7933553453495849
vn 0 0.608762061625322 0.7933528548670432
usemtl m_a0a57bcb-95c0-7f80-7bef-e9aaf1d14c76
f 440/1462/438 441/1463/438 442/1464/438
f 440/1465/439 442/1466/439 443/1467/439
f 444/1468/440 443/1469/440 445/1470/440
f 444/1471/441 440/1472/441 443/1473/441
f 441/1474/442 446/1475/442 447/1476/442
f 448/1477/443 441/1478/443 447/1479/443
f 444/1480/444 445/1481/444 449/1482/444
f 449/1483/445 450/1484/445 451/1485/445
f 449/1486/446 452/1487/446 450/1488/446
f 449/1489/447 451/1490/447 444/1491/447
f 448/1492/448 447/1493/448 453/1494/448
f 454/1495/449 448/1496/449 453/1497/449
f 452/1498/450 455/1499/450 450/1500/450
f 452/1501/451 456/1502/451 455/1503/451
f 452/1504/452 457/1505/452 456/1506/452
f 454/1507/453 453/1508/453 458/1509/453
f 458/1510/454 459/1511/454 454/1512/454
f 458/1513/455 456/1514/455 459/1515/455
f 460/1516/456 461/1517/456 441/1518/456
f 444/1519/457 446/1520/457 461/1521/457
f 460/1522/458 444/1523/458 461/1524/458
f 441/1525/459 462/1526/459 445/1527/459
f 441/1528/460 448/1529/460 462/1530/460
f 448/1531/461 457/1532/461 462/1533/461
f 448/1534/462 454/1535/462 457/1536/462
f 444/1537/463 463/1538/463 446/1539/463
f 463/1540/464 451/1541/464 450/1542/464
f 464/1543/465 463/1544/465 450/1545/465
f 463/1546/466 444/1547/466 451/1548/466
f 464/1549/467 450/1550/467 455/1551/467
f 464/1552/468 455/1553/468 456/1554/468
f 464/1555/469 456/1556/469 453/1557/469
f 465/1558/470 466/1559/470 456/1560/470
f 465/1561/471 454/1562/471 466/1563/471
f 465/1564/472 457/1565/472 454/1566/472
o corner9
v 3.3373575 9.156883125 3.3373575
v 3.42360375 8.883344375 3.42360375
v 3.350999375 9.113618125 4.15393625
v 3.324496875 9.197670625 4.37302625
v 3.27325125 9.3602025 4.32178
v 3.27325125 9.3602025 3.27325125
v 3.328791875 9.184050625 4.377320625
v 3.967269375 9.054761875 3.36955625
v 3.909999375 9.036705 3.909999375
v 4.019191875 9.0711325 4.019191875
v 4.377320625 9.184050625 3.328791875
v 4.377320625 9.184050625 4.377320625
v 4.34769625 9.2780075 4.34769625
v 4.32178 9.3602025 3.27325125
v 4.31277125 9.388775 3.36386875
v 4.29718 9.438225625 4.29718
v 3.72049 9.501216875 3.72049
v 3.66789625 9.484634375 4.282546875
v 3.77888125 9.5196275 4.27151375
v 4.2269675 9.66090875 4.2269675
v 3.35913375 9.087818125 3.35913375
v 4.216123125 9.133225625 3.344816875
v 3.36955625 9.054761875 3.967269375
v 4.27151375 9.5196275 3.77888125
v 4.282546875 9.484634375 3.66789625
v 3.638526875 9.475374375 3.638526875
v 4.290335625 9.4599325 3.5895525
v 3.546906875 9.44648625 4.294575
v 4.3072775 9.40619875 4.3072775
vt 0 1
vt 0 1
vt 0 1
vt 0 1
vt 0 1
vt 0 1
vt 0 1
vt 0 1
vt 0 1
vt 0 1
vt 0 1
vt 0 1
vt 0 1
vt 0 1
vt 0 1
vt 0 1
vt 0 1
vt 0 1
vt 0 1
vt 0 1
vt 0 1
vt 0 1
vt 0 1
vt 0 1
vt 0 1
vt 0 1
vt 0 1
vt 0 1
vt 0 1
vt 0 1
vt 0 1
vt 0 1
vt 0 1
vt 0 1
vt 0 1
vt 0 1
vt 0 1
vt 0 1
vt 0 1
vt 0 1
vt 0 1
vt 0 1
vt 0 1
vt 0 1
vt 0 1
vt 0 1
vt 0 1
vt 0 1
vt 0 1
vt 0 1
vt 0 1
vt 0 1
vt 0 1
vt 0 1
vt 0 1
vt 0 1
vt 0 1
vt 0 1
vt 0 1
vt 0 1
vt 0 1
vt 0 1
vt 0 1
vt 0 1
vt 0 1
vt 0 1
vt 0 1
vt 0 1
vt 0 1
vt 0 1
vt 0 1
vt 0 1
vt 0 1
vt 0 1
vt 0 1
vt 0 1
vt 0 1
vt 0 1
vt 0 1
vt 0 1
vt 0 1
vt 0 1
vt 0 1
vt 0 1
vt 0 1
vt 0 1
vt 0 1
vt 0 1
vt 0 1
vt 0 1
vt 0 1
vt 0 1
vt 0 1
vt 0 1
vt 0 1
vt 0 1
vt 0 1
vt 0 1
vt 0 1
vt 0 1
vt 0 1
vt 0 1
vt 0 1
vt 0 1
vt 0 1
vt 0 1
vt 0 1
vt 0 1
vn -0.9537171912789044 -0.3007050366367711 5.967565135001719e-7
vn -0.9537177149479352 -0.3007033757613737 -4.5086707038084917e-7
vn -0.9537170888957766 -0.300705361355872 0
vn -0.9537053569314922 -0.3007425676896969 0.00001181454498881352
vn -0.9537141617521427 -0.30071464492672556 3.706635468869475e-8
vn 0.3007064696157119 -0.9537167394624643 5.839004975612334e-7
vn 0.30069990260205265 -0.9537188100142951 -1.811764341924119e-7
vn 0.30070716531980807 -0.9537165201071678 0
vn 0.30070592040882865 -0.9537169126268945 -7.099666924951191e-7
vn 0.9537172823018902 0.3007047479483764 0
vn 0.953716843754451 0.3007061388415693 -0.0000014294797107987943
vn 0.953717549049392 0.3007039019285954 -3.719591840948175e-7
vn 0.9537169080839538 0.3007059348180027 -1.2032584862895234e-7
vn -0.30070338323456386 0.9537177125917601 -1.6829780749606617e-7
vn -0.3007075780890034 0.9537163899606038 -5.998478296067074e-7
vn -0.3007068445482173 0.9537166212465076 0
vn -0.30070616881687867 0.9537168343043182 1.56231677982462e-7
vn 0.9537160508861225 0.3007086534866567 -6.487433265025803e-7
vn -1.9242149453582053e-8 -0.3007044231042968 -0.9537173847243804
vn 6.65866087143115e-8 -0.3007058965017669 -0.9537169201650268
vn 5.642226721321738e-7 -0.30070638698793345 -0.9537167655149746
vn 0 -0.30070614809380186 -0.9537168408383007
vn 5.839004975612334e-7 -0.9537167394624643 0.3007064696157119
vn -1.811764341924119e-7 -0.9537188100142951 0.30069990260205265
vn 0 -0.9537165201071678 0.30070716531980807
vn -7.099666924951191e-7 -0.9537169126268945 0.3007059204088286
vn -1.6829780749606617e-7 0.9537177125917601 -0.30070338323456386
vn 3.260001284493352e-7 0.953716442108659 -0.30070741269794926
vn 0 0.9537162672277892 -0.30070796734554955
vn -6.340889264534716e-7 0.9537162850163713 -0.3007079109271478
vn 7.31330478038047e-7 0.9537179892131392 -0.3007025058936356
vn 1.56231677982462e-7 0.9537168343043182 -0.30070616881687867
vn -7.493904287931004e-7 0.3007063338838433 0.9537167822585366
vn 1.4837851137375944e-7 0.3007061944239109 0.9537168262304422
vn 0 0.30070576737095667 0.9537169608798222
vn 1.7703291154109075e-7 0.30070668633379916 0.9537166711314817
usemtl m_a0a57bcb-95c0-7f80-7bef-e9aaf1d14c76
f 467/1567/473 468/1568/473 469/1569/473
f 467/1570/474 470/1571/474 471/1572/474
f 472/1573/475 467/1574/475 471/1575/475
f 469/1576/476 473/1577/476 470/1578/476
f 467/1579/477 469/1580/477 470/1581/477
f 474/1582/478 475/1583/478 468/1584/478
f 474/1585/479 476/1586/479 475/1587/479
f 477/1588/480 478/1589/480 476/1590/480
f 474/1591/481 477/1592/481 476/1593/481
f 477/1594/482 479/1595/482 478/1596/482
f 477/1597/483 480/1598/483 481/1599/483
f 481/1600/484 482/1601/484 479/1602/484
f 477/1603/485 481/1604/485 479/1605/485
f 483/1606/486 484/1607/486 485/1608/486
f 483/1609/487 471/1610/487 484/1611/487
f 483/1612/488 472/1613/488 471/1614/488
f 483/1615/489 485/1616/489 486/1617/489
f 481/1618/490 486/1619/490 482/1620/490
f 487/1621/491 488/1622/491 468/1623/491
f 487/1624/492 472/1625/492 488/1626/492
f 488/1627/493 480/1628/493 477/1629/493
f 488/1630/494 472/1631/494 480/1632/494
f 489/1633/495 468/1634/495 475/1635/495
f 489/1636/496 475/1637/496 476/1638/496
f 473/1639/497 476/1640/497 478/1641/497
f 473/1642/498 489/1643/498 476/1644/498
f 483/1645/499 490/1646/499 491/1647/499
f 492/1648/500 493/1649/500 480/1650/500
f 472/1651/501 492/1652/501 480/1653/501
f 483/1654/502 491/1655/502 493/1656/502
f 492/1657/503 483/1658/503 493/1659/503
f 483/1660/504 486/1661/504 490/1662/504
f 473/1663/505 494/1664/505 471/1665/505
f 494/1666/506 478/1667/506 495/1668/506
f 494/1669/507 473/1670/507 478/1671/507
f 494/1672/508 495/1673/508 486/1674/508
o corner10
v 4.351451875 9.68904 5.366878125
v 4.438275625 9.19663625 4.438275625
v 5.396815 9.519259375 4.38138875
v 5.423083125 9.370284375 4.407656875
v 4.391090625 9.464235 4.391090625
v 5.366878125 9.68904 4.351451875
v 4.351451875 9.68904 4.351451875
v 4.424410625 9.27527125 4.884239375
v 4.83888625 9.267275 4.83888625
v 4.954296875 9.287624375 4.954296875
v 4.407656875 9.370284375 5.423083125
v 5.423083125 9.370284375 5.423083125
v 4.947538125 9.794145625 4.947538125
v 5.34698625 9.801853125 4.991246875
v 5.350446875 9.782225625 4.879931875
v 4.367793125 9.59636375 5.38322
v 5.393110625 9.540266875 5.393110625
v 5.371809375 9.66107375 5.371809375
v 5.336259375 9.862688125 5.336259375
v 4.39871 9.421024375 4.39871
v 4.3871425 9.486625625 5.402569375
v 4.40837125 9.366235 5.400120625
v 4.884239375 9.27527125 4.424410625
v 4.879931875 9.782225625 5.350446875
v 4.991246875 9.801853125 5.34698625
v 5.37619125 9.63622375 4.360764375
v 5.36648875 9.69124875 5.36648875
v 5.4019875 9.489925625 5.4019875
vt 0 1
vt 0 1
vt 0 1
vt 0 1
vt 0 1
vt 0 1
vt 0 1
vt 0 1
vt 0 1
vt 0 1
vt 0 1
vt 0 1
vt 0 1
vt 0 1
vt 0 1
vt 0 1
vt 0 1
vt 0 1
vt 0 1
vt 0 1
vt 0 1
vt 0 1
vt 0 1
vt 0 1
vt 0 1
vt 0 1
vt 0 1
vt 0 1
vt 0 1
vt 0 1
vt 0 1
vt 0 1
vt 0 1
vt 0 1
vt 0 1
vt 0 1
vt 0 1
vt 0 1
vt 0 1
vt 0 1
vt 0 1
vt 0 1
vt 0 1
vt 0 1
vt 0 1
vt 0 1
vt 0 1
vt 0 1
vt 0 1
vt 0 1
vt 0 1
vt 0 1
vt 0 1
vt 0 1
vt 0 1
vt 0 1
vt 0 1
vt 0 1
vt 0 1
vt 0 1
vt 0 1
vt 0 1
vt 0 1
vt 0 1
vt 0 1
vt 0 1
vt 0 1
vt 0 1
vt 0 1
vt 0 1
vt 0 1
vt 0 1
vt 0 1
vt 0 1
vt 0 1
vt 0 1
vt 0 1
vt 0 1
vt 0 1
vt 0 1
vt 0 1
vt 0 1
vt 0 1
vt 0 1
vt 0 1
vt 0 1
vt 0 1
vt 0 1
vt 0 1
vt 0 1
vt 0 1
vt 0 1
vt 0 1
vt 0 1
vt 0 1
vt 0 1
vt 0 1
vt 0 1
vt 0 1
vt 0 1
vt 0 1
vt 0 1
vt 0 1
vt 0 1
vt 0 1
vn -1.1475888514923191e-7 -0.1736469987062293 -0.9848079608940545
vn 4.186439559261175e-7 -0.17364853570245287 -0.9848076898807293
vn 3.8521320039939727e-7 -0.1736479430862656 -0.9848077943750043
vn 0 -0.1736463214494884 -0.9848080803116216
vn 0.0000010306220038903888 -0.9848088515507019 0.17364194742724326
vn 0 -0.9848076323251728 0.17364886211572847
vn 7.623778399536212e-8 -0.9848076171224862 0.17364894833405967
vn 0.000001632407743121139 -0.9848079110740764 0.17364728124347242
vn -0.0000014760675312279027 0.9848082563153836 -0.17364532326231813
vn -0.000002087816502397684 0.9848076328480487 -0.17364885913781272
vn 0 0.9848078840221715 -0.1736474346708686
vn 6.266761594611681e-7 0.17364621724633503 0.9848080986850413
vn -0.0000010990534704704832 0.1736536750023176 0.9848067836672236
vn 5.07631031589422e-7 0.17364800860847268 0.9848077828216297
vn 0 0.17364817205772598 0.9848077540012622
vn 5.594906828937003e-7 0.17364502628069017 0.9848083086812711
vn -0.0000011539759861346933 0.9848077529442696 -0.17364817804839422
vn -0.9848081498272774 -0.1736459272013975 -3.769365666960647e-7
vn -0.9848079169770904 -0.17364724777330737 0
vn -0.9848069160251103 -0.17365292377460356 -0.00001461654548670847
vn -0.9848068648906122 -0.17365321437943643 1.1407990979243842e-7
vn -0.9848078072642056 -0.1736478699877855 4.155749984708385e-7
vn 0.17364728124347242 -0.9848079110740764 0.000001632407743121139
vn 0.17364194742724326 -0.9848088515507019 0.0000010306220038903888
vn 0.17364886211572847 -0.9848076323251728 0
vn 0.17364894833405964 -0.9848076171224862 7.62377839953621e-8
vn -0.17364532326231813 0.9848082563153836 -0.0000014760675312279027
vn -0.17364885913781272 0.9848076328480487 -0.000002087816502397684
vn -0.1736474346708686 0.9848078840221715 0
vn -0.17364817804839422 0.9848077529442696 -0.0000011539759861346933
vn 0.9848071525568068 0.17365158298281574 -7.187048217281067e-7
vn 0.9848077618909226 0.17364812731319795 1.0848333806678209e-7
vn 0.984808253257144 0.17364534061302409 0
vn 0.9848077214467467 0.17364835668305983 -3.741866664115422e-7
vn 0.9848080082996856 0.17364672985337548 1.873180662718205e-7
usemtl m_a0a57bcb-95c0-7f80-7bef-e9aaf1d14c76
f 497/1675/509 498/1676/509 499/1677/509
f 497/1678/510 500/1679/510 498/1680/510
f 500/1681/511 501/1682/511 498/1683/511
f 500/1684/512 502/1685/512 501/1686/512
f 503/1687/513 504/1688/513 505/1689/513
f 506/1690/514 505/1691/514 507/1692/514
f 506/1693/515 503/1694/515 505/1695/515
f 503/1696/516 497/1697/516 504/1698/516
f 508/1699/517 509/1700/517 510/1701/517
f 508/1702/518 510/1703/518 501/1704/518
f 502/1705/519 508/1706/519 501/1707/519
f 511/1708/520 512/1709/520 513/1710/520
f 511/1711/521 514/1712/521 496/1713/521
f 511/1714/522 513/1715/522 514/1716/522
f 506/1717/523 507/1718/523 512/1719/523
f 511/1720/524 506/1721/524 512/1722/524
f 508/1723/525 514/1724/525 509/1725/525
f 515/1726/526 516/1727/526 496/1728/526
f 502/1729/527 515/1730/527 496/1731/527
f 517/1732/528 506/1733/528 516/1734/528
f 515/1735/529 517/1736/529 516/1737/529
f 515/1738/530 497/1739/530 517/1740/530
f 518/1741/531 504/1742/531 497/1743/531
f 518/1744/532 505/1745/532 504/1746/532
f 499/1747/533 507/1748/533 505/1749/533
f 518/1750/534 499/1751/534 505/1752/534
f 508/1753/535 519/1754/535 520/1755/535
f 508/1756/536 496/1757/536 519/1758/536
f 508/1759/537 502/1760/537 496/1761/537
f 508/1762/538 520/1763/538 514/1764/538
f 521/1765/539 501/1766/539 514/1767/539
f 521/1768/540 514/1769/540 522/1770/540
f 499/1771/541 523/1772/541 507/1773/541
f 499/1774/542 522/1775/542 523/1776/542
f 499/1777/543 521/1778/543 522/1779/543
o corner11
v 5.46302125 9.37013125 5.46302125
v 6.45264125 9.53244 5.44882125
v 6.45921625 9.4572875 5.45539625
v 5.4342875 9.69856 5.4342875
v 6.433270625 9.753846875 5.429450625
v 6.42326375 9.86822875 5.41944375
v 5.41944375 9.86822875 5.41944375
v 5.46044625 9.399566875 5.799464375
v 5.76567875 9.39661 5.76567875
v 5.89345 9.407789375 5.89345
v 5.45539625 9.4572875 6.45921625
v 6.45921625 9.4572875 6.45921625
v 6.156208125 9.9326875 6.156208125
v 6.4174025 9.935216875 6.185119375
v 6.418254375 9.925480625 6.073834375
v 5.4405825 9.626608125 6.4444025
v 6.44928625 9.5707825 6.44928625
v 6.4350525 9.7334775 6.4350525
v 6.41563875 9.955384375 6.41563875
v 5.41944375 9.86822875 6.42326375
v 5.448245 9.539028125 5.448245
v 5.45312875 9.483203125 6.45694875
v 5.43886 9.646300625 6.442679375
v 5.799464375 9.399566875 5.46044625
v 6.073834375 9.925480625 6.418254375
v 6.185119375 9.935216875 6.4174025
v 6.430519375 9.785295625 5.426699375
v 6.425681875 9.840583125 6.425681875
v 6.44505125 9.619195 6.44505125
vt 0 1
vt 0 1
vt 0 1
vt 0 1
vt 0 1
vt 0 1
vt 0 1
vt 0 1
vt 0 1
vt 0 1
vt 0 1
vt 0 1
vt 0 1
vt 0 1
vt 0 1
vt 0 1
vt 0 1
vt 0 1
vt 0 1
vt 0 1
vt 0 1
vt 0 1
vt 0 1
vt 0 1
vt 0 1
vt 0 1
vt 0 1
vt 0 1
vt 0 1
vt 0 1
vt 0 1
vt 0 1
vt 0 1
vt 0 1
vt 0 1
vt 0 1
vt 0 1
vt 0 1
vt 0 1
vt 0 1
vt 0 1
vt 0 1
vt 0 1
vt 0 1
vt 0 1
vt 0 1
vt 0 1
vt 0 1
vt 0 1
vt 0 1
vt 0 1
vt 0 1
vt 0 1
vt 0 1
vt 0 1
vt 0 1
vt 0 1
vt 0 1
vt 0 1
vt 0 1
vt 0 1
vt 0 1
vt 0 1
vt 0 1
vt 0 1
vt 0 1
vt 0 1
vt 0 1
vt 0 1
vt 0 1
vt 0 1
vt 0 1
vt 0 1
vt 0 1
vt 0 1
vt 0 1
vt 0 1
vt 0 1
vt 0 1
vt 0 1
vt 0 1
vt 0 1
vt 0 1
vt 0 1
vt 0 1
vt 0 1
vt 0 1
vt 0 1
vt 0 1
vt 0 1
vt 0 1
vt 0 1
vt 0 1
vt 0 1
vt 0 1
vt 0 1
vt 0 1
vt 0 1
vt 0 1
vt 0 1
vt 0 1
vt 0 1
vt 0 1
vt 0 1
vt 0 1
vt 0 1
vt 0 1
vt 0 1
vn 1.9188800883118057e-7 -0.08715583414674158 -0.9961946900953392
vn 1.0732566003066908e-7 -0.08715588261530907 -0.996194685854896
vn 1.5348671438381688e-7 -0.08715560178699869 -0.9961947104241835
vn -1.721690138945391e-8 -0.08715364933899444 -0.9961948812390552
vn 0 -0.08715374893171592 -0.9961948725260271
vn -0.000003099830131349808 -0.996194529020169 0.08715767516790929
vn -0.0000023329823389363814 -0.9961939274693137 0.08716455052268259
vn 0 -0.9961946993270945 0.08715572862755497
vn -3.454355054177607e-7 -0.9961947225488865 0.08715546320012206
vn 1.9384932107893352e-7 0.9961946406437575 -0.08715639937845987
vn 3.482225127814319e-7 0.9961946832823455 -0.08715591201901574
vn 0 0.9961946723233955 -0.08715603728074621
vn 2.823198539697216e-7 0.08715444188435473 0.9961948119016416
vn -1.520656611856616e-8 0.08715445025916273 0.9961948111689917
vn 4.201704673528636e-7 0.08715316886326864 0.9961949232740117
vn 0 0.08715987280432662 0.9961943367499807
vn 3.941585505561461e-7 0.08715644732976112 0.9961946364484701
vn -3.818328525400822e-8 0.9961948226492007 -0.08715431903770765
vn -0.9961949261638637 -0.08715313583199337 -1.554838752248486e-7
vn -0.9961946778401259 -0.08715597422428693 1.530452377129299e-7
vn -0.9961947171962697 -0.08715552438167129 0
vn -0.996194114514108 -0.08716241280997505 7.718552083537714e-7
vn -0.996194856280984 -0.08715393461726019 -2.0002963807521383e-7
vn 0.08715767516790929 -0.996194529020169 -0.000003099830131349808
vn 0.08716455052268259 -0.9961939274693137 -0.0000023329823389363814
vn 0.08715572862755497 -0.9961946993270945 0
vn 0.08715546320012207 -0.9961947225488865 -3.4543550541474105e-7
vn -0.08715639937845987 0.9961946406437575 1.9384932107893352e-7
vn -0.08715591201901574 0.9961946832823455 3.482225127814319e-7
vn -0.08715603728074622 0.9961946723233955 0
vn -0.08715431903770765 0.9961948226492007 -3.818328525400822e-8
vn 0.9961947852484064 0.08715474653671934 -4.132585007634007e-8
vn 0.9961952065855052 0.08714993043848979 7.933399625841317e-7
vn 0.996194735908762 0.0871553104961032 0
vn 0.9961945297580486 0.08715766678846774 3.619033736279655e-7
vn 0.9961947291674161 0.08715538755039023 -1.2702566190876676e-8
usemtl m_a0a57bcb-95c0-7f80-7bef-e9aaf1d14c76
f 524/1780/544 525/1781/544 526/1782/544
f 527/1783/545 528/1784/545 525/1785/545
f 524/1786/546 527/1787/546 525/1788/546
f 527/1789/547 529/1790/547 528/1791/547
f 527/1792/548 530/1793/548 529/1794/548
f 531/1795/549 524/1796/549 532/1797/549
f 531/1798/550 532/1799/550 533/1800/550
f 534/1801/551 533/1802/551 535/1803/551
f 534/1804/552 531/1805/552 533/1806/552
f 536/1807/553 537/1808/553 538/1809/553
f 536/1810/554 538/1811/554 529/1812/554
f 530/1813/555 536/1814/555 529/1815/555
f 539/1816/556 540/1817/556 541/1818/556
f 539/1819/557 542/1820/557 543/1821/557
f 539/1822/558 541/1823/558 542/1824/558
f 534/1825/559 535/1826/559 540/1827/559
f 539/1828/560 534/1829/560 540/1830/560
f 536/1831/561 542/1832/561 537/1833/561
f 544/1834/562 545/1835/562 546/1836/562
f 544/1837/563 546/1838/563 543/1839/563
f 530/1840/564 544/1841/564 543/1842/564
f 524/1843/565 534/1844/565 545/1845/565
f 544/1846/566 524/1847/566 545/1848/566
f 547/1849/567 532/1850/567 524/1851/567
f 547/1852/568 533/1853/568 532/1854/568
f 526/1855/569 535/1856/569 533/1857/569
f 547/1858/570 526/1859/570 533/1860/570
f 536/1861/571 548/1862/571 549/1863/571
f 536/1864/572 543/1865/572 548/1866/572
f 536/1867/573 530/1868/573 543/1869/573
f 536/1870/574 549/1871/574 542/1872/574
f 550/1873/575 529/1874/575 542/1875/575
f 550/1876/576 542/1877/576 551/1878/576
f 526/1879/577 552/1880/577 535/1881/577
f 550/1882/578 551/1883/578 552/1884/578
f 526/1885/579 550/1886/579 552/1887/579
o corner12
v 6.462270625 9.84233 6.462270625
v 7.46080375 9.897750625 6.459850625
v 7.47158 9.650929375 6.4706275
v 6.4791425 9.455905 6.4791425
v 7.478190625 9.499524375 6.4772375
v 7.458285625 9.955429375 6.4573325
v 6.4573325 9.955429375 6.4573325
v 6.478714375 9.46570125 6.70351625
v 6.681055 9.464720625 6.681055
v 6.8432125 9.471800625 6.8432125
v 6.4772375 9.499524375 7.478190625
v 7.478190625 9.499524375 7.478190625
v 7.326068125 9.99335875 7.326068125
v 7.456601875 9.993991875 7.340558125
v 7.45681375 9.989135 7.229313125
v 7.01737 9.979880625 7.01737
v 7.457535 9.972621875 6.851105625
v 6.472324375 9.612065625 7.473276875
v 7.47570875 9.556375625 7.47570875
v 7.465005 9.801519375 7.465005
v 7.456380625 9.999048125 7.456380625
v 6.4573325 9.955429375 7.458285625
v 6.474233125 9.56834 6.474233125
v 6.476664375 9.512649375 7.4776175
v 6.46595125 9.7580225 7.466904375
v 6.70351625 9.46570125 6.478714375
v 7.229313125 9.989135 7.45681375
v 7.340558125 9.993991875 7.456601875
v 7.461323125 9.885843125 6.460370625
v 7.45890375 9.941265 7.45890375
v 7.46967 9.694675625 7.46967
vt 0 1
vt 0 1
vt 0 1
vt 0 1
vt 0 1
vt 0 1
vt 0 1
vt 0 1
vt 0 1
vt 0 1
vt 0 1
vt 0 1
vt 0 1
vt 0 1
vt 0 1
vt 0 1
vt 0 1
vt 0 1
vt 0 1
vt 0 1
vt 0 1
vt 0 1
vt 0 1
vt 0 1
vt 0 1
vt 0 1
vt 0 1
vt 0 1
vt 0 1
vt 0 1
vt 0 1
vt 0 1
vt 0 1
vt 0 1
vt 0 1
vt 0 1
vt 0 1
vt 0 1
vt 0 1
vt 0 1
vt 0 1
vt 0 1
vt 0 1
vt 0 1
vt 0 1
vt 0 1
vt 0 1
vt 0 1
vt 0 1
vt 0 1
vt 0 1
vt 0 1
vt 0 1
vt 0 1
vt 0 1
vt 0 1
vt 0 1
vt 0 1
vt 0 1
vt 0 1
vt 0 1
vt 0 1
vt 0 1
vt 0 1
vt 0 1
vt 0 1
vt 0 1
vt 0 1
vt 0 1
vt 0 1
vt 0 1
vt 0 1
vt 0 1
vt 0 1
vt 0 1
vt 0 1
vt 0 1
vt 0 1
vt 0 1
vt 0 1
vt 0 1
vt 0 1
vt 0 1
vt 0 1
vt 0 1
vt 0 1
vt 0 1
vt 0 1
vt 0 1
vt 0 1
vt 0 1
vt 0 1
vt 0 1
vt 0 1
vt 0 1
vt 0 1
vt 0 1
vt 0 1
vt 0 1
vt 0 1
vt 0 1
vt 0 1
vt 0 1
vt 0 1
vt 0 1
vt 0 1
vt 0 1
vt 0 1
vt 0 1
vt 0 1
vt 0 1
vt 0 1
vt 0 1
vt 0 1
vn -1.8713500453950634e-7 -0.04362111854222211 -0.9990481459955223
vn -6.754158147208116e-7 -0.043616222205367816 -0.9990483597704747
vn 4.6497260025020354e-8 -0.043619888877706806 -0.9990481996852277
vn -4.5880380260769276e-7 -0.043616233102739176 -0.9990483592948427
vn 0 -0.04362026589257846 -0.9990481832241431
vn 2.0935451085952778e-7 -0.9990482447493382 0.043618856739063495
vn 2.7273492388240986e-7 -0.9990482198683222 0.04361942661088442
vn 0 -0.9990482211474236 0.04361939731551494
vn 2.326034689641751e-7 -0.9990482153052073 0.043619531123410146
vn -0.000003843125838238153 0.9990482942787471 -0.043617722131681434
vn -0.0000011513032619649196 0.9990482221411388 -0.04361937454050146
vn 0 0.9990482616411115 -0.04361846984791641
vn -0.0000013855843310575694 0.9990481951123058 -0.04361999359152329
vn -0.0000030197901110397204 0.999048342762924 -0.04361661166959477
vn -2.7327563462318306e-7 0.04362158305293614 0.999048125713612
vn 6.056591794079106e-7 0.04361844065193294 0.9990482629156247
vn 6.540377403157208e-8 0.04361981185134138 0.999048203048306
vn 0 0.043614052162985355 0.9990484545075501
vn -3.504460869395479e-7 0.043620195294421515 0.9990481863065235
vn -0.000004298116527872869 0.9990484728785113 -0.0436136311334097
vn -0.9990482383499256 -0.04361900331112589 -2.3273910816419665e-7
vn -0.9990482701663246 -0.043618274583882205 0
vn -0.9990482282083449 -0.043619235593158806 -1.8826937257787576e-7
vn -0.9990479718280628 -0.043625107291007215 -2.867449359219033e-7
vn -0.9990480825658528 -0.043622571236772 -4.311463827565756e-7
vn 0.043618856739063495 -0.9990482447493382 2.0935451085952778e-7
vn 0.04361942661088442 -0.9990482198683222 2.7273492388240986e-7
vn 0.04361939731551494 -0.9990482211474236 0
vn 0.04361953112341015 -0.9990482153052073 2.3260346896417515e-7
vn -0.043617722131681434 0.9990482942787471 -0.000003843125838238153
vn -0.04361968549866669 0.9990482085509786 -0.000005298835467685204
vn -0.04361888057568427 0.9990482437086431 0
vn -0.0436136311334097 0.9990484728785113 -0.000004298116527872869
vn 0.9990486583838645 0.043609381793335164 0.000001001925831186379
vn 0.9990480274449157 0.04362383360055273 -6.437757700221487e-7
vn 0.9990482354776374 0.043619069096851655 -3.7882608422701266e-7
vn 0.9990481909255772 0.04362008950393754 0
vn 0.9990481700207879 0.043620568291875286 -9.432801365019369e-8
usemtl m_a0a57bcb-95c0-7f80-7bef-e9aaf1d14c76
f 553/1888/580 554/1889/580 555/1890/580
f 556/1891/581 555/1892/581 557/1893/581
f 556/1894/582 553/1895/582 555/1896/582
f 553/1897/583 558/1898/583 554/1899/583
f 553/1900/584 559/1901/584 558/1902/584
f 560/1903/585 556/1904/585 561/1905/585
f 560/1906/586 561/1907/586 562/1908/586
f 563/1909/587 562/1910/587 564/1911/587
f 563/1912/588 560/1913/588 562/1914/588
f 565/1915/589 566/1916/589 567/1917/589
f 568/1918/590 569/1919/590 558/1920/590
f 559/1921/591 568/1922/591 558/1923/591
f 568/1924/592 567/1925/592 569/1926/592
f 568/1927/593 565/1928/593 567/1929/593
f 570/1930/594 571/1931/594 572/1932/594
f 570/1933/595 573/1934/595 574/1935/595
f 570/1936/596 572/1937/596 573/1938/596
f 563/1939/597 564/1940/597 571/1941/597
f 570/1942/598 563/1943/598 571/1944/598
f 565/1945/599 573/1946/599 566/1947/599
f 575/1948/600 576/1949/600 577/1950/600
f 559/1951/601 577/1952/601 574/1953/601
f 559/1954/602 575/1955/602 577/1956/602
f 556/1957/603 563/1958/603 576/1959/603
f 575/1960/604 556/1961/604 576/1962/604
f 578/1963/605 561/1964/605 556/1965/605
f 578/1966/606 562/1967/606 561/1968/606
f 557/1969/607 564/1970/607 562/1971/607
f 578/1972/608 557/1973/608 562/1974/608
f 565/1975/609 579/1976/609 580/1977/609
f 565/1978/610 574/1979/610 579/1980/610
f 565/1981/611 559/1982/611 574/1983/611
f 565/1984/612 580/1985/612 573/1986/612
f 581/1987/613 558/1988/613 573/1989/613
f 581/1990/614 573/1991/614 582/1992/614
f 581/1993/615 582/1994/615 583/1995/615
f 557/1996/616 583/1997/616 564/1998/616
f 557/1999/617 581/2000/617 583/2001/617
o part1
v 0.3482377159852559 0.6729972093995737 -0.375
v 0.3482377159852559 0.6729972093995737 -0.5
v 0.7812504178774753 0.9229972093995736 -0.375
v 0.7812504178774753 0.9229972093995736 -0.5
v 0.7232377159852557 0.02347815656124469 -0.5
v 0.7232377159852557 0.02347815656124469 -0.375
v 1.156250417877475 0.2734781565612445 -0.5
v 1.156250417877475 0.2734781565612445 -0.375
vt 0.0234375 1
vt 0.1171875 1
vt 0.1171875 0.9375
vt 0.0234375 0.9375
vt 0 1
vt 0.015625 1
vt 0.015625 0.9375
vt 0 0.9375
vt 0.0078125 1
vt 0.1015625 1
vt 0.1015625 0.9375
vt 0.0078125 0.9375
vt 0.109375 1
vt 0.125 1
vt 0.125 0.9375
vt 0.109375 0.9375
vt 0.015625 0.9921875
vt 0.015625 0.8984375
vt 0 0.8984375
vt 0 0.9921875
vt 0 0.8828125
vt 0 0.9765625
vt 0.015625 0.9765625
vt 0.015625 0.8828125
vn 0 0 -1
vn -0.4999999999999998 0.8660254037844388 0
vn 0 0 1
vn 0.4999999999999998 -0.8660254037844388 0
vn -0.8660254037844388 -0.4999999999999998 0
vn 0.8660254037844388 0.4999999999999998 0
usemtl m_a0a57bcb-95c0-7f80-7bef-e9aaf1d14c76
f 587/2005/618 590/2004/618 588/2003/618 585/2002/618
f 586/2009/619 587/2008/619 585/2007/619 584/2006/619
f 591/2013/620 586/2012/620 584/2011/620 589/2010/620
f 590/2017/621 591/2016/621 589/2015/621 588/2014/621
f 589/2021/622 584/2020/622 585/2019/622 588/2018/622
f 590/2025/623 587/2024/623 586/2023/623 591/2022/623
o part2
v 0.038906949177198086 1.7697426293785457 -0.375
v 0.038906949177198086 1.7697426293785457 -0.5
v 0.5270549527371647 1.8779624363475969 -0.375
v 0.5270549527371647 1.8779624363475969 -0.5
v 0.20123665963077506 1.0375206240385957 -0.5
v 0.20123665963077506 1.0375206240385957 -0.375
v 0.6893846631907417 1.1457404310076469 -0.5
v 0.6893846631907417 1.1457404310076469 -0.375
vt 0.0234375 1
vt 0.1171875 1
vt 0.1171875 0.9375
vt 0.0234375 0.9375
vt 0 1
vt 0.015625 1
vt 0.015625 0.9375
vt 0 0.9375
vt 0.0078125 1
vt 0.1015625 1
vt 0.1015625 0.9375
vt 0.0078125 0.9375
vt 0.109375 1
vt 0.125 1
vt 0.125 0.9375
vt 0.109375 0.9375
vt 0.015625 0.9921875
vt 0.015625 0.8984375
vt 0 0.8984375
vt 0 0.9921875
vt 0 0.8828125
vt 0 0.9765625
vt 0.015625 0.9765625
vt 0.015625 0.8828125
vn 0 0 -1
vn -0.21643961393810265 0.9762960071199335 0
vn 0 0 1
vn 0.21643961393810265 -0.9762960071199335 0
vn -0.9762960071199335 -0.21643961393810265 0
vn 0.9762960071199335 0.21643961393810265 0
usemtl m_a0a57bcb-95c0-7f80-7bef-e9aaf1d14c76
f 595/2029/624 598/2028/624 596/2027/624 593/2026/624
f 594/2033/625 595/2032/625 593/2031/625 592/2030/625
f 599/2037/626 594/2036/626 592/2035/626 597/2034/626
f 598/2041/627 599/2040/627 597/2039/627 596/2038/627
f 597/2045/628 592/2044/628 593/2043/628 596/2042/628
f 598/2049/629 595/2048/629 594/2047/629 599/2046/629
o part3
v 2.220446049250313e-16 2.8750000000000004 -0.375
v 2.220446049250313e-16 2.8750000000000004 -0.5
v 0.5000000000000002 2.8750000000000004 -0.375
v 0.5000000000000002 2.8750000000000004 -0.5
v 0 2.1250000000000004 -0.5
v 0 2.1250000000000004 -0.375
v 0.5 2.1250000000000004 -0.5
v 0.5 2.1250000000000004 -0.375
vt 0.0234375 1
vt 0.1171875 1
vt 0.1171875 0.9375
vt 0.0234375 0.9375
vt 0 1
vt 0.015625 1
vt 0.015625 0.9375
vt 0 0.9375
vt 0.0078125 1
vt 0.1015625 1
vt 0.1015625 0.9375
vt 0.0078125 0.9375
vt 0.109375 1
vt 0.125 1
vt 0.125 0.9375
vt 0.109375 0.9375
vt 0.015625 0.9921875
vt 0.015625 0.8984375
vt 0 0.8984375
vt 0 0.9921875
vt 0 0.8828125
vt 0 0.9765625
vt 0.015625 0.9765625
vt 0.015625 0.8828125
vn 0 0 -1
vn 2.220446049250313e-16 1 0
vn 0 0 1
vn -2.220446049250313e-16 -1 0
vn -1 2.220446049250313e-16 0
vn 1 -2.220446049250313e-16 0
usemtl m_a0a57bcb-95c0-7f80-7bef-e9aaf1d14c76
f 603/2053/630 606/2052/630 604/2051/630 601/2050/630
f 602/2057/631 603/2056/631 601/2055/631 600/2054/631
f 607/2061/632 602/2060/632 600/2059/632 605/2058/632
f 606/2065/633 607/2064/633 605/2063/633 604/2062/633
f 605/2069/634 600/2068/634 601/2067/634 604/2066/634
f 606/2073/635 603/2072/635 602/2071/635 607/2070/635
o part4
v 0.11848804641741695 3.932777280470461 -0.375
v 0.11848804641741695 3.932777280470461 -0.5
v 0.6142104771043222 3.867514184360435 -0.375
v 0.6142104771043222 3.867514184360435 -0.5
v 0.02059340225237838 3.1891936344401026 -0.5
v 0.02059340225237838 3.1891936344401026 -0.375
v 0.5163158329392836 3.123930538330077 -0.5
v 0.5163158329392836 3.123930538330077 -0.375
vt 0.0234375 1
vt 0.1171875 1
vt 0.1171875 0.9375
vt 0.0234375 0.9375
vt 0 1
vt 0.015625 1
vt 0.015625 0.9375
vt 0 0.9375
vt 0.0078125 1
vt 0.1015625 1
vt 0.1015625 0.9375
vt 0.0078125 0.9375
vt 0.109375 1
vt 0.125 1
vt 0.125 0.9375
vt 0.109375 0.9375
vt 0.015625 0.9921875
vt 0.015625 0.8984375
vt 0 0.8984375
vt 0 0.9921875
vt 0 0.8828125
vt 0 0.9765625
vt 0.015625 0.9765625
vt 0.015625 0.8828125
vn 0 0 -1
vn 0.13052619222005135 0.9914448613738105 0
vn 0 0 1
vn -0.13052619222005135 -0.9914448613738105 0
vn -0.9914448613738105 0.13052619222005135 0
vn 0.9914448613738105 -0.13052619222005135 0
usemtl m_a0a57bcb-95c0-7f80-7bef-e9aaf1d14c76
f 611/2077/636 614/2076/636 612/2075/636 609/2074/636
f 610/2081/637 611/2080/637 609/2079/637 608/2078/637
f 615/2085/638 610/2084/638 608/2083/638 613/2082/638
f 614/2089/639 615/2088/639 613/2087/639 612/2086/639
f 613/2093/640 608/2092/640 609/2091/640 612/2090/640
f 614/2097/641 611/2096/641 610/2095/641 615/2094/641
o part5
v 0.2818250025751975 4.9331429306349985 -0.375
v 0.2818250025751975 4.9331429306349985 -0.5
v 0.7742288790813014 4.8463188418015335 -0.375
v 0.7742288790813014 4.8463188418015335 -0.5
v 0.1515888693249996 4.194537115875843 -0.5
v 0.1515888693249996 4.194537115875843 -0.375
v 0.6439927458311036 4.107713027042378 -0.5
v 0.6439927458311036 4.107713027042378 -0.375
vt 0.0234375 1
vt 0.1171875 1
vt 0.1171875 0.9375
vt 0.0234375 0.9375
vt 0 1
vt 0.015625 1
vt 0.015625 0.9375
vt 0 0.9375
vt 0.0078125 1
vt 0.1015625 1
vt 0.1015625 0.9375
vt 0.0078125 0.9375
vt 0.109375 1
vt 0.125 1
vt 0.125 0.9375
vt 0.109375 0.9375
vt 0.015625 0.9921875
vt 0.015625 0.8984375
vt 0 0.8984375
vt 0 0.9921875
vt 0 0.8828125
vt 0 0.9765625
vt 0.015625 0.9765625
vt 0.015625 0.8828125
vn 0 0 -1
vn 0.17364817766693055 0.9848077530122081 0
vn 0 0 1
vn -0.17364817766693055 -0.9848077530122081 0
vn -0.9848077530122081 0.17364817766693055 0
vn 0.9848077530122081 -0.17364817766693055 0
usemtl m_a0a57bcb-95c0-7f80-7bef-e9aaf1d14c76
f 619/2101/642 622/2100/642 620/2099/642 617/2098/642
f 618/2105/643 619/2104/643 617/2103/643 616/2102/643
f 623/2109/644 618/2108/644 616/2107/644 621/2106/644
f 622/2113/645 623/2112/645 621/2111/645 620/2110/645
f 621/2117/646 616/2116/646 617/2115/646 620/2114/646
f 622/2121/647 619/2120/647 618/2119/647 623/2118/647
o part6
v 0.6235894484148173 5.963187681579646 -0.375
v 0.6235894484148173 5.963187681579646 -0.5
v 1.0934357588077714 5.792177609916811 -0.375
v 1.0934357588077714 5.792177609916811 -0.5
v 0.3670743409205657 5.258418215990214 -0.5
v 0.3670743409205657 5.258418215990214 -0.375
v 0.8369206513135199 5.087408144327379 -0.5
v 0.8369206513135199 5.087408144327379 -0.375
vt 0.0234375 1
vt 0.1171875 1
vt 0.1171875 0.9375
vt 0.0234375 0.9375
vt 0 1
vt 0.015625 1
vt 0.015625 0.9375
vt 0 0.9375
vt 0.0078125 1
vt 0.1015625 1
vt 0.1015625 0.9375
vt 0.0078125 0.9375
vt 0.109375 1
vt 0.125 1
vt 0.125 0.9375
vt 0.109375 0.9375
vt 0.015625 0.9921875
vt 0.015625 0.8984375
vt 0 0.8984375
vt 0 0.9921875
vt 0 0.8828125
vt 0 0.9765625
vt 0.015625 0.9765625
vt 0.015625 0.8828125
vn 0 0 -1
vn 0.3420201433256689 0.9396926207859083 0
vn 0 0 1
vn -0.3420201433256689 -0.9396926207859083 0
vn -0.9396926207859083 0.3420201433256689 0
vn 0.9396926207859083 -0.3420201433256689 0
usemtl m_a0a57bcb-95c0-7f80-7bef-e9aaf1d14c76
f 627/2125/648 630/2124/648 628/2123/648 625/2122/648
f 626/2129/649 627/2128/649 625/2127/649 624/2126/649
f 631/2133/650 626/2132/650 624/2131/650 629/2130/650
f 630/2137/651 631/2136/651 629/2135/651 628/2134/651
f 629/2141/652 624/2140/652 625/2139/652 628/2138/652
f 630/2145/653 627/2144/653 626/2143/653 631/2142/653
o part7
v 1.2269689659337342 6.924289022816976 -0.375
v 1.2269689659337342 6.924289022816976 -0.5
v 1.6365449880782301 6.637500804641453 -0.375
v 1.6365449880782301 6.637500804641453 -0.5
v 0.7896169332160613 6.29968558904662 -0.5
v 0.7896169332160613 6.29968558904662 -0.375
v 1.1991929553605571 6.012897370871096 -0.5
v 1.1991929553605571 6.012897370871096 -0.375
vt 0.02265625 1
vt 0.11796875 1
vt 0.11796875 0.9375
vt 0.02265625 0.9375
vt 0 1
vt 0.015625 1
vt 0.015625 0.9375
vt 0 0.9375
vt 0.00703125 1
vt 0.10234375 1
vt 0.10234375 0.9375
vt 0.00703125 0.9375
vt 0.109375 1
vt 0.125 1
vt 0.125 0.9375
vt 0.109375 0.9375
vt 0.015625 0.99296875
vt 0.015625 0.89765625
vt 0 0.89765625
vt 0 0.99296875
vt 0 0.88203125
vt 0 0.97734375
vt 0.015625 0.97734375
vt 0.015625 0.88203125
vn 0 0 -1
vn 0.5735764363510463 0.8191520442889917 0
vn 0 0 1
vn -0.5735764363510463 -0.8191520442889917 0
vn -0.8191520442889917 0.5735764363510463 0
vn 0.8191520442889917 -0.5735764363510463 0
usemtl m_a0a57bcb-95c0-7f80-7bef-e9aaf1d14c76
f 635/2149/654 638/2148/654 636/2147/654 633/2146/654
f 634/2153/655 635/2152/655 633/2151/655 632/2150/655
f 639/2157/656 634/2156/656 632/2155/656 637/2154/656
f 638/2161/657 639/2160/657 637/2159/657 636/2158/657
f 637/2165/658 632/2164/658 633/2163/658 636/2162/658
f 638/2169/659 635/2168/659 634/2167/659 639/2166/659
o part7b
v 2.1153835610329272 7.914041593707489 -0.375
v 2.1153835610329272 7.914041593707489 -0.5
v 2.484022229437989 7.576246489899658 -0.375
v 2.484022229437989 7.576246489899658 -0.5
v 1.429237256423272 7.165244298509706 -0.5
v 1.429237256423272 7.165244298509706 -0.375
v 1.797875924828334 6.8274491947018765 -0.5
v 1.797875924828334 6.8274491947018765 -0.375
vt 0 1
vt 0.125 1
vt 0.125 0.9375
vt 0 0.9375
vt 0 1
vt 0.015625 1
vt 0.015625 0.9375
vt 0 0.9375
vt 0 1
vt 0.125 1
vt 0.125 0.9375
vt 0 0.9375
vt 0.109375 1
vt 0.125 1
vt 0.125 0.9375
vt 0.109375 0.9375
vt 0.015625 1
vt 0.015625 0.875
vt 0 0.875
vt 0 1
vt 0 0.875
vt 0 1
vt 0.015625 1
vt 0.015625 0.875
vn 0 0 -1
vn 0.6755902076156604 0.7372773368101241 0
vn 0 0 1
vn -0.6755902076156604 -0.7372773368101241 0
vn -0.7372773368101241 0.6755902076156604 0
vn 0.7372773368101241 -0.6755902076156604 0
usemtl m_a0a57bcb-95c0-7f80-7bef-e9aaf1d14c76
f 643/2173/660 646/2172/660 644/2171/660 641/2170/660
f 642/2177/661 643/2176/661 641/2175/661 640/2174/661
f 647/2181/662 642/2180/662 640/2179/662 645/2178/662
f 646/2185/663 647/2184/663 645/2183/663 644/2182/663
f 645/2189/664 640/2188/664 641/2187/664 644/2186/664
f 646/2193/665 643/2192/665 642/2191/665 647/2190/665
o part8
v 3.175175466618515 8.73632614432157 -0.375
v 3.175175466618515 8.73632614432157 -0.5
v 3.479556181122875 8.339649474175953 -0.375
v 3.479556181122875 8.339649474175953 -0.5
v 2.3694259803852287 8.118052817984587 -0.5
v 2.3694259803852287 8.118052817984587 -0.375
v 2.6738066948895893 7.721376147838971 -0.5
v 2.6738066948895893 7.721376147838971 -0.375
vt 0 1
vt 0.125 1
vt 0.125 0.9375
vt 0 0.9375
vt 0 1
vt 0.015625 1
vt 0.015625 0.9375
vt 0 0.9375
vt 0 1
vt 0.125 1
vt 0.125 0.9375
vt 0 0.9375
vt 0.109375 1
vt 0.125 1
vt 0.125 0.9375
vt 0.109375 0.9375
vt 0.015625 1
vt 0.015625 0.875
vt 0 0.875
vt 0 1
vt 0 0.875
vt 0 1
vt 0.015625 1
vt 0.015625 0.875
vn 0 0 -1
vn 0.7933533402912352 0.6087614290087207 0
vn 0 0 1
vn -0.7933533402912352 -0.6087614290087207 0
vn -0.6087614290087207 0.7933533402912352 0
vn 0.6087614290087207 -0.7933533402912352 0
usemtl m_a0a57bcb-95c0-7f80-7bef-e9aaf1d14c76
f 651/2197/666 654/2196/666 652/2195/666 649/2194/666
f 650/2201/667 651/2200/667 649/2199/667 648/2198/667
f 655/2205/668 650/2204/668 648/2203/668 653/2202/668
f 654/2209/669 655/2208/669 653/2207/669 652/2206/669
f 653/2213/670 648/2212/670 649/2211/670 652/2210/670
f 654/2217/671 651/2216/671 650/2215/671 655/2214/671
o part9
v 4.25810596255617 9.146462277116113 -0.375
v 4.25810596255617 9.146462277116113 -0.5
v 4.408458862308307 8.669603801742 -0.375
v 4.408458862308307 8.669603801742 -0.5
v 3.5428182494950002 8.920932927487907 -0.5
v 3.5428182494950002 8.920932927487907 -0.375
v 3.693171149247137 8.444074452113794 -0.5
v 3.693171149247137 8.444074452113794 -0.375
vt 0.0234375 1
vt 0.1171875 1
vt 0.1171875 0.9375
vt 0.0234375 0.9375
vt 0 1
vt 0.015625 1
vt 0.015625 0.9375
vt 0 0.9375
vt 0.0078125 1
vt 0.1015625 1
vt 0.1015625 0.9375
vt 0.0078125 0.9375
vt 0.109375 1
vt 0.125 1
vt 0.125 0.9375
vt 0.109375 0.9375
vt 0.015625 0.9921875
vt 0.015625 0.8984375
vt 0 0.8984375
vt 0 0.9921875
vt 0 0.8828125
vt 0 0.9765625
vt 0.015625 0.9765625
vt 0.015625 0.8828125
vn 0 0 -1
vn 0.9537169507482269 0.30070579950427306 0
vn 0 0 1
vn -0.9537169507482269 -0.30070579950427306 0
vn -0.30070579950427306 0.9537169507482269 0
vn 0.30070579950427306 -0.9537169507482269 0
usemtl m_a0a57bcb-95c0-7f80-7bef-e9aaf1d14c76
f 659/2221/672 662/2220/672 660/2219/672 657/2218/672
f 658/2225/673 659/2224/673 657/2223/673 656/2222/673
f 663/2229/674 658/2228/674 656/2227/674 661/2226/674
f 662/2233/675 663/2232/675 661/2231/675 660/2230/675
f 661/2237/676 656/2236/676 657/2235/676 660/2234/676
f 662/2241/677 659/2240/677 658/2239/677 663/2238/677
o part10
v 5.299982956413087 9.348577836607683 -0.375
v 5.299982956413087 9.348577836607683 -0.5
v 5.386807045246552 8.85617396010158 -0.375
v 5.386807045246552 8.85617396010158 -0.5
v 4.5613771416539315 9.218341703357487 -0.5
v 4.5613771416539315 9.218341703357487 -0.375
v 4.6482012304873965 8.725937826851382 -0.5
v 4.6482012304873965 8.725937826851382 -0.375
vt 0.0234375 1
vt 0.1171875 1
vt 0.1171875 0.9375
vt 0.0234375 0.9375
vt 0 1
vt 0.015625 1
vt 0.015625 0.9375
vt 0 0.9375
vt 0.0078125 1
vt 0.1015625 1
vt 0.1015625 0.9375
vt 0.0078125 0.9375
vt 0.109375 1
vt 0.125 1
vt 0.125 0.9375
vt 0.109375 0.9375
vt 0.015625 0.9921875
vt 0.015625 0.8984375
vt 0 0.8984375
vt 0 0.9921875
vt 0 0.8828125
vt 0 0.9765625
vt 0.015625 0.9765625
vt 0.015625 0.8828125
vn 0 0 -1
vn 0.984807753012208 0.17364817766693033 0
vn 0 0 1
vn -0.984807753012208 -0.17364817766693033 0
vn -0.17364817766693033 0.984807753012208 0
vn 0.17364817766693033 -0.984807753012208 0
usemtl m_a0a57bcb-95c0-7f80-7bef-e9aaf1d14c76
f 667/2245/678 670/2244/678 668/2243/678 665/2242/678
f 666/2249/679 667/2248/679 665/2247/679 664/2246/679
f 671/2253/680 666/2252/680 664/2251/680 669/2250/680
f 670/2257/681 671/2256/681 669/2255/681 668/2254/681
f 669/2261/682 664/2260/682 665/2259/682 668/2258/682
f 670/2265/683 667/2264/683 666/2263/683 671/2262/683
o part11
v 6.334691714981747 9.446392960496578 -0.375
v 6.334691714981747 9.446392960496578 -0.5
v 6.378269586355576 8.948295611450705 -0.375
v 6.378269586355576 8.948295611450705 -0.5
v 5.587545691412938 9.381026153435833 -0.5
v 5.587545691412938 9.381026153435833 -0.375
v 5.631123562786767 8.88292880438996 -0.5
v 5.631123562786767 8.88292880438996 -0.375
vt 0.0234375 1
vt 0.1171875 1
vt 0.1171875 0.9375
vt 0.0234375 0.9375
vt 0 1
vt 0.015625 1
vt 0.015625 0.9375
vt 0 0.9375
vt 0.0078125 1
vt 0.1015625 1
vt 0.1015625 0.9375
vt 0.0078125 0.9375
vt 0.109375 1
vt 0.125 1
vt 0.125 0.9375
vt 0.109375 0.9375
vt 0.015625 0.9921875
vt 0.015625 0.8984375
vt 0 0.8984375
vt 0 0.9921875
vt 0 0.8828125
vt 0 0.9765625
vt 0.015625 0.9765625
vt 0.015625 0.8828125
vn 0 0 -1
vn 0.9961946980917455 0.08715574274765818 0
vn 0 0 1
vn -0.9961946980917455 -0.08715574274765818 0
vn -0.08715574274765818 0.9961946980917455 0
vn 0.08715574274765818 -0.9961946980917455 0
usemtl m_a0a57bcb-95c0-7f80-7bef-e9aaf1d14c76
f 675/2269/684 678/2268/684 676/2267/684 673/2266/684
f 674/2273/685 675/2272/685 673/2271/685 672/2270/685
f 679/2277/686 674/2276/686 672/2275/686 677/2274/686
f 678/2281/687 679/2280/687 677/2279/687 676/2278/687
f 677/2285/688 672/2284/688 673/2283/688 676/2282/688
f 678/2289/689 675/2288/689 674/2287/689 679/2286/689
o part12
v 7.353309266455722 9.494071608687719 -0.375
v 7.353309266455722 9.494071608687719 -0.5
v 7.37511896013839 8.99454749789679 -0.375
v 7.37511896013839 8.99454749789679 -0.5
v 6.604023100269329 9.461357068163716 -0.5
v 6.604023100269329 9.461357068163716 -0.375
v 6.6258327939519965 8.961832957372787 -0.5
v 6.6258327939519965 8.961832957372787 -0.375
vt 0.0234375 1
vt 0.1171875 1
vt 0.1171875 0.9375
vt 0.0234375 0.9375
vt 0 1
vt 0.015625 1
vt 0.015625 0.9375
vt 0 0.9375
vt 0.0078125 1
vt 0.1015625 1
vt 0.1015625 0.9375
vt 0.0078125 0.9375
vt 0.109375 1
vt 0.125 1
vt 0.125 0.9375
vt 0.109375 0.9375
vt 0.015625 0.9921875
vt 0.015625 0.8984375
vt 0 0.8984375
vt 0 0.9921875
vt 0 0.8828125
vt 0 0.9765625
vt 0.015625 0.9765625
vt 0.015625 0.8828125
vn 0 0 -1
vn 0.9990482215818578 0.043619387365336 0
vn 0 0 1
vn -0.9990482215818578 -0.043619387365336 0
vn -0.043619387365336 0.9990482215818578 0
vn 0.043619387365336 -0.9990482215818578 0
usemtl m_a0a57bcb-95c0-7f80-7bef-e9aaf1d14c76
f 683/2293/690 686/2292/690 684/2291/690 681/2290/690
f 682/2297/691 683/2296/691 681/2295/691 680/2294/691
f 687/2301/692 682/2300/692 680/2299/692 685/2298/692
f 686/2305/693 687/2304/693 685/2303/693 684/2302/693
f 685/2309/694 680/2308/694 681/2307/694 684/2306/694
f 686/2313/695 683/2312/695 682/2311/695 687/2310/695
o part13
v 8.375 9.5 -0.375
v 8.375 9.5 -0.5
v 8.375 9 -0.375
v 8.375 9 -0.5
v 7.625 9.5 -0.5
v 7.625 9.5 -0.375
v 7.625 9 -0.5
v 7.625 9 -0.375
vt 0.0234375 1
vt 0.1171875 1
vt 0.1171875 0.9375
vt 0.0234375 0.9375
vt 0 1
vt 0.015625 1
vt 0.015625 0.9375
vt 0 0.9375
vt 0.0078125 1
vt 0.1015625 1
vt 0.1015625 0.9375
vt 0.0078125 0.9375
vt 0.109375 1
vt 0.125 1
vt 0.125 0.9375
vt 0.109375 0.9375
vt 0.015625 0.9921875
vt 0.015625 0.8984375
vt 0 0.8984375
vt 0 0.9921875
vt 0 0.8828125
vt 0 0.9765625
vt 0.015625 0.9765625
vt 0.015625 0.8828125
vn 0 0 -1
vn 1 0 0
vn 0 0 1
vn -1 0 0
vn 0 1 0
vn 0 -1 0
usemtl m_a0a57bcb-95c0-7f80-7bef-e9aaf1d14c76
f 691/2317/696 694/2316/696 692/2315/696 689/2314/696
f 690/2321/697 691/2320/697 689/2319/697 688/2318/697
f 695/2325/698 690/2324/698 688/2323/698 693/2322/698
f 694/2329/699 695/2328/699 693/2327/699 692/2326/699
f 693/2333/700 688/2332/700 689/2331/700 692/2330/700
f 694/2337/701 691/2336/701 690/2335/701 695/2334/701
o part13
v -0.375 9.5 8.375
v -0.375 9.5 7.625
v -0.375 9 8.375
v -0.375 9 7.625
v -0.5 9.5 7.625
v -0.5 9.5 8.375
v -0.5 9 7.625
v -0.5 9 8.375
vt 0.109375 1
vt 0.125 1
vt 0.125 0.9375
vt 0.109375 0.9375
vt 0.0234375 1
vt 0.1171875 1
vt 0.1171875 0.9375
vt 0.0234375 0.9375
vt 0 1
vt 0.015625 1
vt 0.015625 0.9375
vt 0 0.9375
vt 0.0078125 1
vt 0.1015625 1
vt 0.1015625 0.9375
vt 0.0078125 0.9375
vt 0 0.9921875
vt 0.015625 0.9921875
vt 0.015625 0.8984375
vt 0 0.8984375
vt 0 0.9765625
vt 0.015625 0.9765625
vt 0.015625 0.8828125
vt 0 0.8828125
vn 0 0 -1
vn 1 0 0
vn 0 0 1
vn -1 0 0
vn 0 1 0
vn 0 -1 0
usemtl m_a0a57bcb-95c0-7f80-7bef-e9aaf1d14c76
f 699/2341/702 702/2340/702 700/2339/702 697/2338/702
f 698/2345/703 699/2344/703 697/2343/703 696/2342/703
f 703/2349/704 698/2348/704 696/2347/704 701/2346/704
f 702/2353/705 703/2352/705 701/2351/705 700/2350/705
f 701/2357/706 696/2356/706 697/2355/706 700/2354/706
f 702/2361/707 699/2360/707 698/2359/707 703/2358/707
o part12
v -0.375 9.494071608687719 7.353309266455722
v -0.375 9.461357068163716 6.604023100269329
v -0.375 8.99454749789679 7.37511896013839
v -0.375 8.961832957372787 6.6258327939519965
v -0.5 9.461357068163716 6.604023100269329
v -0.5 9.494071608687719 7.353309266455722
v -0.5 8.961832957372787 6.6258327939519965
v -0.5 8.99454749789679 7.37511896013839
vt 0.109375 1
vt 0.125 1
vt 0.125 0.9375
vt 0.109375 0.9375
vt 0.0234375 1
vt 0.1171875 1
vt 0.1171875 0.9375
vt 0.0234375 0.9375
vt 0 1
vt 0.015625 1
vt 0.015625 0.9375
vt 0 0.9375
vt 0.0078125 1
vt 0.1015625 1
vt 0.1015625 0.9375
vt 0.0078125 0.9375
vt 0 0.9921875
vt 0.015625 0.9921875
vt 0.015625 0.8984375
vt 0 0.8984375
vt 0 0.9765625
vt 0.015625 0.9765625
vt 0.015625 0.8828125
vt 0 0.8828125
vn 0 -0.043619387365336 -0.9990482215818578
vn 1 0 0
vn 0 0.043619387365336 0.9990482215818578
vn -1 0 0
vn 0 0.9990482215818578 -0.043619387365336
vn 0 -0.9990482215818578 0.043619387365336
usemtl m_a0a57bcb-95c0-7f80-7bef-e9aaf1d14c76
f 707/2365/708 710/2364/708 708/2363/708 705/2362/708
f 706/2369/709 707/2368/709 705/2367/709 704/2366/709
f 711/2373/710 706/2372/710 704/2371/710 709/2370/710
f 710/2377/711 711/2376/711 709/2375/711 708/2374/711
f 709/2381/712 704/2380/712 705/2379/712 708/2378/712
f 710/2385/713 707/2384/713 706/2383/713 711/2382/713
o part11
v -0.375 9.446392960496578 6.334691714981747
v -0.375 9.381026153435833 5.587545691412938
v -0.375 8.948295611450705 6.378269586355576
v -0.375 8.88292880438996 5.631123562786767
v -0.5 9.381026153435833 5.587545691412938
v -0.5 9.446392960496578 6.334691714981747
v -0.5 8.88292880438996 5.631123562786767
v -0.5 8.948295611450705 6.378269586355576
vt 0.109375 1
vt 0.125 1
vt 0.125 0.9375
vt 0.109375 0.9375
vt 0.0234375 1
vt 0.1171875 1
vt 0.1171875 0.9375
vt 0.0234375 0.9375
vt 0 1
vt 0.015625 1
vt 0.015625 0.9375
vt 0 0.9375
vt 0.0078125 1
vt 0.1015625 1
vt 0.1015625 0.9375
vt 0.0078125 0.9375
vt 0 0.9921875
vt 0.015625 0.9921875
vt 0.015625 0.8984375
vt 0 0.8984375
vt 0 0.9765625
vt 0.015625 0.9765625
vt 0.015625 0.8828125
vt 0 0.8828125
vn 0 -0.08715574274765818 -0.9961946980917455
vn 1 0 0
vn 0 0.08715574274765818 0.9961946980917455
vn -1 0 0
vn 0 0.9961946980917455 -0.08715574274765818
vn 0 -0.9961946980917455 0.08715574274765818
usemtl m_a0a57bcb-95c0-7f80-7bef-e9aaf1d14c76
f 715/2389/714 718/2388/714 716/2387/714 713/2386/714
f 714/2393/715 715/2392/715 713/2391/715 712/2390/715
f 719/2397/716 714/2396/716 712/2395/716 717/2394/716
f 718/2401/717 719/2400/717 717/2399/717 716/2398/717
f 717/2405/718 712/2404/718 713/2403/718 716/2402/718
f 718/2409/719 715/2408/719 714/2407/719 719/2406/719
o part10
v -0.375 9.348577836607683 5.299982956413087
v -0.375 9.218341703357487 4.5613771416539315
v -0.375 8.85617396010158 5.386807045246552
v -0.375 8.725937826851382 4.6482012304873965
v -0.5 9.218341703357487 4.5613771416539315
v -0.5 9.348577836607683 5.299982956413087
v -0.5 8.725937826851382 4.6482012304873965
v -0.5 8.85617396010158 5.386807045246552
vt 0.109375 1
vt 0.125 1
vt 0.125 0.9375
vt 0.109375 0.9375
vt 0.0234375 1
vt 0.1171875 1
vt 0.1171875 0.9375
vt 0.0234375 0.9375
vt 0 1
vt 0.015625 1
vt 0.015625 0.9375
vt 0 0.9375
vt 0.0078125 1
vt 0.1015625 1
vt 0.1015625 0.9375
vt 0.0078125 0.9375
vt 0 0.9921875
vt 0.015625 0.9921875
vt 0.015625 0.8984375
vt 0 0.8984375
vt 0 0.9765625
vt 0.015625 0.9765625
vt 0.015625 0.8828125
vt 0 0.8828125
vn 0 -0.17364817766693033 -0.984807753012208
vn 1 0 0
vn 0 0.17364817766693033 0.984807753012208
vn -1 0 0
vn 0 0.984807753012208 -0.17364817766693033
vn 0 -0.984807753012208 0.17364817766693033
usemtl m_a0a57bcb-95c0-7f80-7bef-e9aaf1d14c76
f 723/2413/720 726/2412/720 724/2411/720 721/2410/720
f 722/2417/721 723/2416/721 721/2415/721 720/2414/721
f 727/2421/722 722/2420/722 720/2419/722 725/2418/722
f 726/2425/723 727/2424/723 725/2423/723 724/2422/723
f 725/2429/724 720/2428/724 721/2427/724 724/2426/724
f 726/2433/725 723/2432/725 722/2431/725 727/2430/725
o part9
v -0.375 9.146462277116113 4.25810596255617
v -0.375 8.920932927487907 3.5428182494950002
v -0.375 8.669603801742 4.408458862308307
v -0.375 8.444074452113794 3.693171149247137
v -0.5 8.920932927487907 3.5428182494950002
v -0.5 9.146462277116113 4.25810596255617
v -0.5 8.444074452113794 3.693171149247137
v -0.5 8.669603801742 4.408458862308307
vt 0.109375 1
vt 0.125 1
vt 0.125 0.9375
vt 0.109375 0.9375
vt 0.0234375 1
vt 0.1171875 1
vt 0.1171875 0.9375
vt 0.0234375 0.9375
vt 0 1
vt 0.015625 1
vt 0.015625 0.9375
vt 0 0.9375
vt 0.0078125 1
vt 0.1015625 1
vt 0.1015625 0.9375
vt 0.0078125 0.9375
vt 0 0.9921875
vt 0.015625 0.9921875
vt 0.015625 0.8984375
vt 0 0.8984375
vt 0 0.9765625
vt 0.015625 0.9765625
vt 0.015625 0.8828125
vt 0 0.8828125
vn 0 -0.30070579950427306 -0.9537169507482269
vn 1 0 0
vn 0 0.30070579950427306 0.9537169507482269
vn -1 0 0
vn 0 0.9537169507482269 -0.30070579950427306
vn 0 -0.9537169507482269 0.30070579950427306
usemtl m_a0a57bcb-95c0-7f80-7bef-e9aaf1d14c76
f 731/2437/726 734/2436/726 732/2435/726 729/2434/726
f 730/2441/727 731/2440/727 729/2439/727 728/2438/727
f 735/2445/728 730/2444/728 728/2443/728 733/2442/728
f 734/2449/729 735/2448/729 733/2447/729 732/2446/729
f 733/2453/730 728/2452/730 729/2451/730 732/2450/730
f 734/2457/731 731/2456/731 730/2455/731 735/2454/731
o part8
v -0.375 8.73632614432157 3.175175466618515
v -0.375 8.118052817984587 2.3694259803852287
v -0.375 8.339649474175953 3.479556181122875
v -0.375 7.721376147838971 2.6738066948895893
v -0.5 8.118052817984587 2.3694259803852287
v -0.5 8.73632614432157 3.175175466618515
v -0.5 7.721376147838971 2.6738066948895893
v -0.5 8.339649474175953 3.479556181122875
vt 0.109375 1
vt 0.125 1
vt 0.125 0.9375
vt 0.109375 0.9375
vt 0 1
vt 0.125 1
vt 0.125 0.9375
vt 0 0.9375
vt 0 1
vt 0.015625 1
vt 0.015625 0.9375
vt 0 0.9375
vt 0 1
vt 0.125 1
vt 0.125 0.9375
vt 0 0.9375
vt 0 1
vt 0.015625 1
vt 0.015625 0.875
vt 0 0.875
vt 0 1
vt 0.015625 1
vt 0.015625 0.875
vt 0 0.875
vn 0 -0.6087614290087207 -0.7933533402912352
vn 1 0 0
vn 0 0.6087614290087207 0.7933533402912352
vn -1 0 0
vn 0 0.7933533402912352 -0.6087614290087207
vn 0 -0.7933533402912352 0.6087614290087207
usemtl m_a0a57bcb-95c0-7f80-7bef-e9aaf1d14c76
f 739/2461/732 742/2460/732 740/2459/732 737/2458/732
f 738/2465/733 739/2464/733 737/2463/733 736/2462/733
f 743/2469/734 738/2468/734 736/2467/734 741/2466/734
f 742/2473/735 743/2472/735 741/2471/735 740/2470/735
f 741/2477/736 736/2476/736 737/2475/736 740/2474/736
f 742/2481/737 739/2480/737 738/2479/737 743/2478/737
o part7b
v -0.375 7.914041593707489 2.1153835610329272
v -0.375 7.165244298509706 1.429237256423272
v -0.375 7.576246489899658 2.484022229437989
v -0.375 6.8274491947018765 1.797875924828334
v -0.5 7.165244298509706 1.429237256423272
v -0.5 7.914041593707489 2.1153835610329272
v -0.5 6.8274491947018765 1.797875924828334
v -0.5 7.576246489899658 2.484022229437989
vt 0.109375 1
vt 0.125 1
vt 0.125 0.9375
vt 0.109375 0.9375
vt 0 1
vt 0.125 1
vt 0.125 0.9375
vt 0 0.9375
vt 0 1
vt 0.015625 1
vt 0.015625 0.9375
vt 0 0.9375
vt 0 1
vt 0.125 1
vt 0.125 0.9375
vt 0 0.9375
vt 0 1
vt 0.015625 1
vt 0.015625 0.875
vt 0 0.875
vt 0 1
vt 0.015625 1
vt 0.015625 0.875
vt 0 0.875
vn 0 -0.7372773368101241 -0.6755902076156604
vn 1 0 0
vn 0 0.7372773368101241 0.6755902076156604
vn -1 0 0
vn 0 0.6755902076156604 -0.7372773368101241
vn 0 -0.6755902076156604 0.7372773368101241
usemtl m_a0a57bcb-95c0-7f80-7bef-e9aaf1d14c76
f 747/2485/738 750/2484/738 748/2483/738 745/2482/738
f 746/2489/739 747/2488/739 745/2487/739 744/2486/739
f 751/2493/740 746/2492/740 744/2491/740 749/2490/740
f 750/2497/741 751/2496/741 749/2495/741 748/2494/741
f 749/2501/742 744/2500/742 745/2499/742 748/2498/742
f 750/2505/743 747/2504/743 746/2503/743 751/2502/743
o part7
v -0.375 6.924289022816976 1.2269689659337342
v -0.375 6.29968558904662 0.7896169332160613
v -0.375 6.637500804641453 1.6365449880782301
v -0.375 6.012897370871096 1.1991929553605571
v -0.5 6.29968558904662 0.7896169332160613
v -0.5 6.924289022816976 1.2269689659337342
v -0.5 6.012897370871096 1.1991929553605571
v -0.5 6.637500804641453 1.6365449880782301
vt 0.109375 1
vt 0.125 1
vt 0.125 0.9375
vt 0.109375 0.9375
vt 0.02265625 1
vt 0.11796875 1
vt 0.11796875 0.9375
vt 0.02265625 0.9375
vt 0 1
vt 0.015625 1
vt 0.015625 0.9375
vt 0 0.9375
vt 0.00703125 1
vt 0.10234375 1
vt 0.10234375 0.9375
vt 0.00703125 0.9375
vt 0 0.99296875
vt 0.015625 0.99296875
vt 0.015625 0.89765625
vt 0 0.89765625
vt 0 0.97734375
vt 0.015625 0.97734375
vt 0.015625 0.88203125
vt 0 0.88203125
vn 0 -0.8191520442889917 -0.5735764363510463
vn 1 0 0
vn 0 0.8191520442889917 0.5735764363510463
vn -1 0 0
vn 0 0.5735764363510463 -0.8191520442889917
vn 0 -0.5735764363510463 0.8191520442889917
usemtl m_a0a57bcb-95c0-7f80-7bef-e9aaf1d14c76
f 755/2509/744 758/2508/744 756/2507/744 753/2506/744
f 754/2513/745 755/2512/745 753/2511/745 752/2510/745
f 759/2517/746 754/2516/746 752/2515/746 757/2514/746
f 758/2521/747 759/2520/747 757/2519/747 756/2518/747
f 757/2525/748 752/2524/748 753/2523/748 756/2522/748
f 758/2529/749 755/2528/749 754/2527/749 759/2526/749
o part6
v -0.375 5.963187681579646 0.6235894484148173
v -0.375 5.258418215990214 0.3670743409205657
v -0.375 5.792177609916811 1.0934357588077714
v -0.375 5.087408144327379 0.8369206513135199
v -0.5 5.258418215990214 0.3670743409205657
v -0.5 5.963187681579646 0.6235894484148173
v -0.5 5.087408144327379 0.8369206513135199
v -0.5 5.792177609916811 1.0934357588077714
vt 0.109375 1
vt 0.125 1
vt 0.125 0.9375
vt 0.109375 0.9375
vt 0.0234375 1
vt 0.1171875 1
vt 0.1171875 0.9375
vt 0.0234375 0.9375
vt 0 1
vt 0.015625 1
vt 0.015625 0.9375
vt 0 0.9375
vt 0.0078125 1
vt 0.1015625 1
vt 0.1015625 0.9375
vt 0.0078125 0.9375
vt 0 0.9921875
vt 0.015625 0.9921875
vt 0.015625 0.8984375
vt 0 0.8984375
vt 0 0.9765625
vt 0.015625 0.9765625
vt 0.015625 0.8828125
vt 0 0.8828125
vn 0 -0.9396926207859083 -0.3420201433256689
vn 1 0 0
vn 0 0.9396926207859083 0.3420201433256689
vn -1 0 0
vn 0 0.3420201433256689 -0.9396926207859083
vn 0 -0.3420201433256689 0.9396926207859083
usemtl m_a0a57bcb-95c0-7f80-7bef-e9aaf1d14c76
f 763/2533/750 766/2532/750 764/2531/750 761/2530/750
f 762/2537/751 763/2536/751 761/2535/751 760/2534/751
f 767/2541/752 762/2540/752 760/2539/752 765/2538/752
f 766/2545/753 767/2544/753 765/2543/753 764/2542/753
f 765/2549/754 760/2548/754 761/2547/754 764/2546/754
f 766/2553/755 763/2552/755 762/2551/755 767/2550/755
o part5
v -0.375 4.9331429306349985 0.2818250025751975
v -0.375 4.194537115875843 0.1515888693249996
v -0.375 4.8463188418015335 0.7742288790813014
v -0.375 4.107713027042378 0.6439927458311036
v -0.5 4.194537115875843 0.1515888693249996
v -0.5 4.9331429306349985 0.2818250025751975
v -0.5 4.107713027042378 0.6439927458311036
v -0.5 4.8463188418015335 0.7742288790813014
vt 0.109375 1
vt 0.125 1
vt 0.125 0.9375
vt 0.109375 0.9375
vt 0.0234375 1
vt 0.1171875 1
vt 0.1171875 0.9375
vt 0.0234375 0.9375
vt 0 1
vt 0.015625 1
vt 0.015625 0.9375
vt 0 0.9375
vt 0.0078125 1
vt 0.1015625 1
vt 0.1015625 0.9375
vt 0.0078125 0.9375
vt 0 0.9921875
vt 0.015625 0.9921875
vt 0.015625 0.8984375
vt 0 0.8984375
vt 0 0.9765625
vt 0.015625 0.9765625
vt 0.015625 0.8828125
vt 0 0.8828125
vn 0 -0.9848077530122081 -0.17364817766693055
vn 1 0 0
vn 0 0.9848077530122081 0.17364817766693055
vn -1 0 0
vn 0 0.17364817766693055 -0.9848077530122081
vn 0 -0.17364817766693055 0.9848077530122081
usemtl m_a0a57bcb-95c0-7f80-7bef-e9aaf1d14c76
f 771/2557/756 774/2556/756 772/2555/756 769/2554/756
f 770/2561/757 771/2560/757 769/2559/757 768/2558/757
f 775/2565/758 770/2564/758 768/2563/758 773/2562/758
f 774/2569/759 775/2568/759 773/2567/759 772/2566/759
f 773/2573/760 768/2572/760 769/2571/760 772/2570/760
f 774/2577/761 771/2576/761 770/2575/761 775/2574/761
o part4
v -0.375 3.932777280470461 0.11848804641741695
v -0.375 3.1891936344401026 0.02059340225237838
v -0.375 3.867514184360435 0.6142104771043222
v -0.375 3.123930538330077 0.5163158329392836
v -0.5 3.1891936344401026 0.02059340225237838
v -0.5 3.932777280470461 0.11848804641741695
v -0.5 3.123930538330077 0.5163158329392836
v -0.5 3.867514184360435 0.6142104771043222
vt 0.109375 1
vt 0.125 1
vt 0.125 0.9375
vt 0.109375 0.9375
vt 0.0234375 1
vt 0.1171875 1
vt 0.1171875 0.9375
vt 0.0234375 0.9375
vt 0 1
vt 0.015625 1
vt 0.015625 0.9375
vt 0 0.9375
vt 0.0078125 1
vt 0.1015625 1
vt 0.1015625 0.9375
vt 0.0078125 0.9375
vt 0 0.9921875
vt 0.015625 0.9921875
vt 0.015625 0.8984375
vt 0 0.8984375
vt 0 0.9765625
vt 0.015625 0.9765625
vt 0.015625 0.8828125
vt 0 0.8828125
vn 0 -0.9914448613738105 -0.13052619222005135
vn 1 0 0
vn 0 0.9914448613738105 0.13052619222005135
vn -1 0 0
vn 0 0.13052619222005135 -0.9914448613738105
vn 0 -0.13052619222005135 0.9914448613738105
usemtl m_a0a57bcb-95c0-7f80-7bef-e9aaf1d14c76
f 779/2581/762 782/2580/762 780/2579/762 777/2578/762
f 778/2585/763 779/2584/763 777/2583/763 776/2582/763
f 783/2589/764 778/2588/764 776/2587/764 781/2586/764
f 782/2593/765 783/2592/765 781/2591/765 780/2590/765
f 781/2597/766 776/2596/766 777/2595/766 780/2594/766
f 782/2601/767 779/2600/767 778/2599/767 783/2598/767
o part3
v -0.375 2.8750000000000004 2.220446049250313e-16
v -0.375 2.1250000000000004 0
v -0.375 2.8750000000000004 0.5000000000000002
v -0.375 2.1250000000000004 0.5
v -0.5 2.1250000000000004 0
v -0.5 2.8750000000000004 2.220446049250313e-16
v -0.5 2.1250000000000004 0.5
v -0.5 2.8750000000000004 0.5000000000000002
vt 0.109375 1
vt 0.125 1
vt 0.125 0.9375
vt 0.109375 0.9375
vt 0.0234375 1
vt 0.1171875 1
vt 0.1171875 0.9375
vt 0.0234375 0.9375
vt 0 1
vt 0.015625 1
vt 0.015625 0.9375
vt 0 0.9375
vt 0.0078125 1
vt 0.1015625 1
vt 0.1015625 0.9375
vt 0.0078125 0.9375
vt 0 0.9921875
vt 0.015625 0.9921875
vt 0.015625 0.8984375
vt 0 0.8984375
vt 0 0.9765625
vt 0.015625 0.9765625
vt 0.015625 0.8828125
vt 0 0.8828125
vn 0 -1 -2.220446049250313e-16
vn 1 0 0
vn 0 1 2.220446049250313e-16
vn -1 0 0
vn 0 2.220446049250313e-16 -1
vn 0 -2.220446049250313e-16 1
usemtl m_a0a57bcb-95c0-7f80-7bef-e9aaf1d14c76
f 787/2605/768 790/2604/768 788/2603/768 785/2602/768
f 786/2609/769 787/2608/769 785/2607/769 784/2606/769
f 791/2613/770 786/2612/770 784/2611/770 789/2610/770
f 790/2617/771 791/2616/771 789/2615/771 788/2614/771
f 789/2621/772 784/2620/772 785/2619/772 788/2618/772
f 790/2625/773 787/2624/773 786/2623/773 791/2622/773
o part2
v -0.375 1.7697426293785457 0.038906949177198086
v -0.375 1.0375206240385957 0.20123665963077506
v -0.375 1.8779624363475969 0.5270549527371647
v -0.375 1.1457404310076469 0.6893846631907417
v -0.5 1.0375206240385957 0.20123665963077506
v -0.5 1.7697426293785457 0.038906949177198086
v -0.5 1.1457404310076469 0.6893846631907417
v -0.5 1.8779624363475969 0.5270549527371647
vt 0.109375 1
vt 0.125 1
vt 0.125 0.9375
vt 0.109375 0.9375
vt 0.0234375 1
vt 0.1171875 1
vt 0.1171875 0.9375
vt 0.0234375 0.9375
vt 0 1
vt 0.015625 1
vt 0.015625 0.9375
vt 0 0.9375
vt 0.0078125 1
vt 0.1015625 1
vt 0.1015625 0.9375
vt 0.0078125 0.9375
vt 0 0.9921875
vt 0.015625 0.9921875
vt 0.015625 0.8984375
vt 0 0.8984375
vt 0 0.9765625
vt 0.015625 0.9765625
vt 0.015625 0.8828125
vt 0 0.8828125
vn 0 -0.9762960071199335 0.21643961393810265
vn 1 0 0
vn 0 0.9762960071199335 -0.21643961393810265
vn -1 0 0
vn 0 -0.21643961393810265 -0.9762960071199335
vn 0 0.21643961393810265 0.9762960071199335
usemtl m_a0a57bcb-95c0-7f80-7bef-e9aaf1d14c76
f 795/2629/774 798/2628/774 796/2627/774 793/2626/774
f 794/2633/775 795/2632/775 793/2631/775 792/2630/775
f 799/2637/776 794/2636/776 792/2635/776 797/2634/776
f 798/2641/777 799/2640/777 797/2639/777 796/2638/777
f 797/2645/778 792/2644/778 793/2643/778 796/2642/778
f 798/2649/779 795/2648/779 794/2647/779 799/2646/779
o part1
v -0.375 0.6729972093995737 0.3482377159852559
v -0.375 0.02347815656124469 0.7232377159852557
v -0.375 0.9229972093995736 0.7812504178774753
v -0.375 0.2734781565612445 1.156250417877475
v -0.5 0.02347815656124469 0.7232377159852557
v -0.5 0.6729972093995737 0.3482377159852559
v -0.5 0.2734781565612445 1.156250417877475
v -0.5 0.9229972093995736 0.7812504178774753
vt 0.109375 1
vt 0.125 1
vt 0.125 0.9375
vt 0.109375 0.9375
vt 0.0234375 1
vt 0.1171875 1
vt 0.1171875 0.9375
vt 0.0234375 0.9375
vt 0 1
vt 0.015625 1
vt 0.015625 0.9375
vt 0 0.9375
vt 0.0078125 1
vt 0.1015625 1
vt 0.1015625 0.9375
vt 0.0078125 0.9375
vt 0 0.9921875
vt 0.015625 0.9921875
vt 0.015625 0.8984375
vt 0 0.8984375
vt 0 0.9765625
vt 0.015625 0.9765625
vt 0.015625 0.8828125
vt 0 0.8828125
vn 0 -0.8660254037844388 0.4999999999999998
vn 1 0 0
vn 0 0.8660254037844388 -0.4999999999999998
vn -1 0 0
vn 0 -0.4999999999999998 -0.8660254037844388
vn 0 0.4999999999999998 0.8660254037844388
usemtl m_a0a57bcb-95c0-7f80-7bef-e9aaf1d14c76
f 803/2653/780 806/2652/780 804/2651/780 801/2650/780
f 802/2657/781 803/2656/781 801/2655/781 800/2654/781
f 807/2661/782 802/2660/782 800/2659/782 805/2658/782
f 806/2665/783 807/2664/783 805/2663/783 804/2662/783
f 805/2669/784 800/2668/784 801/2667/784 804/2666/784
f 806/2673/785 803/2672/785 802/2671/785 807/2670/785
o part13
v 8.5 9.5 7.5
v 8.5 9.5 -0.5
v 8.5 9 7.5
v 8.5 9 -0.5
v 8.375 9.5 -0.5
v 8.375 9.5 7.5
v 8.375 9 -0.5
v 8.375 9 7.5
vt 0.109375 1
vt 0.125 1
vt 0.125 0.9375
vt 0.109375 0.9375
vt 0 1
vt 1 1
vt 1 0.9375
vt 0 0.9375
vt 0 1
vt 0.015625 1
vt 0.015625 0.9375
vt 0 0.9375
vt 0 1
vt 1 1
vt 1 0.9375
vt 0 0.9375
vt 1 1
vt 1 0.984375
vt 0 0.984375
vt 0 1
vt 0 0.875
vt 0 0.890625
vt 1 0.890625
vt 1 0.875
vn 0 0 -1
vn 1 0 0
vn 0 0 1
vn -1 0 0
vn 0 1 0
vn 0 -1 0
usemtl m_a0a57bcb-95c0-7f80-7bef-e9aaf1d14c76
f 811/2677/786 814/2676/786 812/2675/786 809/2674/786
f 810/2681/787 811/2680/787 809/2679/787 808/2678/787
f 815/2685/788 810/2684/788 808/2683/788 813/2682/788
f 814/2689/789 815/2688/789 813/2687/789 812/2686/789
f 813/2693/790 808/2692/790 809/2691/790 812/2690/790
f 814/2697/791 811/2696/791 810/2695/791 815/2694/791
o part13
v 7.625 9.5 7.5
v 7.625 9.5 -0.5
v 7.625 9 7.5
v 7.625 9 -0.5
v 7.5 9.5 -0.5
v 7.5 9.5 7.5
v 7.5 9 -0.5
v 7.5 9 7.5
vt 0.109375 1
vt 0.125 1
vt 0.125 0.9375
vt 0.109375 0.9375
vt 0 1
vt 0.125 1
vt 0.125 0.9375
vt 0 0.9375
vt 0 1
vt 0.015625 1
vt 0.015625 0.9375
vt 0 0.9375
vt 0 1
vt 0.125 1
vt 0.125 0.9375
vt 0 0.9375
vt 0.125 1
vt 0.125 0.984375
vt 0 0.984375
vt 0 1
vt 0 0.875
vt 0 0.890625
vt 0.125 0.890625
vt 0.125 0.875
vn 0 0 -1
vn 1 0 0
vn 0 0 1
vn -1 0 0
vn 0 1 0
vn 0 -1 0
usemtl m_a0a57bcb-95c0-7f80-7bef-e9aaf1d14c76
f 819/2701/792 822/2700/792 820/2699/792 817/2698/792
f 818/2705/793 819/2704/793 817/2703/793 816/2702/793
f 823/2709/794 818/2708/794 816/2707/794 821/2706/794
f 822/2713/795 823/2712/795 821/2711/795 820/2710/795
f 821/2717/796 816/2716/796 817/2715/796 820/2714/796
f 822/2721/797 819/2720/797 818/2719/797 823/2718/797
o part13
v 7.5 9.5 8.5
v 7.5 9.5 8.375
v 7.5 9 8.5
v 7.5 9 8.375
v -0.5 9.5 8.375
v -0.5 9.5 8.5
v -0.5 9 8.375
v -0.5 9 8.5
vt 0 1
vt 0.125 1
vt 0.125 0.9375
vt 0 0.9375
vt 0.0078125 1
vt 0.0234375 1
vt 0.0234375 0.9375
vt 0.0078125 0.9375
vt 0 1
vt 0.125 1
vt 0.125 0.9375
vt 0 0.9375
vt 0.1015625 1
vt 0.1171875 1
vt 0.1171875 0.9375
vt 0.1015625 0.9375
vt 0 0.8984375
vt 0.125 0.8984375
vt 0.125 0.8828125
vt 0 0.8828125
vt 0 0.9921875
vt 0.125 0.9921875
vt 0.125 0.9765625
vt 0 0.9765625
vn 0 0 -1
vn 1 0 0
vn 0 0 1
vn -1 0 0
vn 0 1 0
vn 0 -1 0
usemtl m_a0a57bcb-95c0-7f80-7bef-e9aaf1d14c76
f 827/2725/798 830/2724/798 828/2723/798 825/2722/798
f 826/2729/799 827/2728/799 825/2727/799 824/2726/799
f 831/2733/800 826/2732/800 824/2731/800 829/2730/800
f 830/2737/801 831/2736/801 829/2735/801 828/2734/801
f 829/2741/802 824/2740/802 825/2739/802 828/2738/802
f 830/2745/803 827/2744/803 826/2743/803 831/2742/803
o part13
v 7.5 9.5 7.625
v 7.5 9.5 7.5
v 7.5 9 7.625
v 7.5 9 7.5
v -0.5 9.5 7.5
v -0.5 9.5 7.625
v -0.5 9 7.5
v -0.5 9 7.625
vt 0 1
vt 0.125 1
vt 0.125 0.9375
vt 0 0.9375
vt 0.0078125 1
vt 0.0234375 1
vt 0.0234375 0.9375
vt 0.0078125 0.9375
vt 0 1
vt 0.125 1
vt 0.125 0.9375
vt 0 0.9375
vt 0.1015625 1
vt 0.1171875 1
vt 0.1171875 0.9375
vt 0.1015625 0.9375
vt 0 0.8984375
vt 0.125 0.8984375
vt 0.125 0.8828125
vt 0 0.8828125
vt 0 0.9921875
vt 0.125 0.9921875
vt 0.125 0.9765625
vt 0 0.9765625
vn 0 0 -1
vn 1 0 0
vn 0 0 1
vn -1 0 0
vn 0 1 0
vn 0 -1 0
usemtl m_a0a57bcb-95c0-7f80-7bef-e9aaf1d14c76
f 835/2749/804 838/2748/804 836/2747/804 833/2746/804
f 834/2753/805 835/2752/805 833/2751/805 832/2750/805
f 839/2757/806 834/2756/806 832/2755/806 837/2754/806
f 838/2761/807 839/2760/807 837/2759/807 836/2758/807
f 837/2765/808 832/2764/808 833/2763/808 836/2762/808
f 838/2769/809 835/2768/809 834/2767/809 839/2766/809
o corner1
v 0.785065625 0.059174375 0.7850656250000001
v 0.781161875 0.05692062500000006 0.7039300000000001
v 0.81141375 0.07438687500000007 0.69384625
v 1.156250625 0.273478125 0.5789006250000001
v 1.156250625 0.273478125 1.156250625
v 0.723238125 0.023478125000000016 0.7232381250000001
v 0.98727 0.56616125 0.40992000000000006
v 0.836956875 0.826510625 0.8369575
v 0.77884625 0.927161875 0.20149625000000004
v 0.77839875 0.927936875 0.49953937500000006
v 0.6649881249999999 0.124369375 0.8979862500000001
v 0.5967312499999999 0.24259437500000003 0.59673125
v 0.674308125 0.10822687500000006 0.67430875
v 0.5789 0.273478125 1.156250625
v 0.198795 0.931839375 0.7751943750000001
v 0.34823812499999995 0.6729975 0.34823812500000006
v 0.781250625 0.9229975 0.7812506250000001
v 0.718601875 0.886826875 0.8021337500000001
v 0.72243625 0.889040625 0.72243625
v 0.68539875 0.8676575 0.685399375
v 1.0802218749999999 0.229583125 1.080221875
v 0.5964849999999999 0.24302 1.10349625
v 0.40991999999999995 0.56616125 0.9872700000000001
v 0.7084024999999999 0.9241843750000001 0.7805650000000001
v 0.89798625 0.124369375 0.66498875
v 0.39111125 0.6977506250000001 0.39111187500000005
v 0.90308625 0.711971875 0.41574375
vt 0 1
vt 0 1
vt 0 1
vt 0 1
vt 0 1
vt 0 1
vt 0 1
vt 0 1
vt 0 1
vt 0 1
vt 0 1
vt 0 1
vt 0 1
vt 0 1
vt 0 1
vt 0 1
vt 0 1
vt 0 1
vt 0 1
vt 0 1
vt 0 1
vt 0 1
vt 0 1
vt 0 1
vt 0 1
vt 0 1
vt 0 1
vt 0 1
vt 0 1
vt 0 1
vt 0 1
vt 0 1
vt 0 1
vt 0 1
vt 0 1
vt 0 1
vt 0 1
vt 0 1
vt 0 1
vt 0 1
vt 0 1
vt 0 1
vt 0 1
vt 0 1
vt 0 1
vt 0 1
vt 0 1
vt 0 1
vt 0 1
vt 0 1
vt 0 1
vt 0 1
vt 0 1
vt 0 1
vt 0 1
vt 0 1
vt 0 1
vt 0 1
vt 0 1
vt 0 1
vt 0 1
vt 0 1
vt 0 1
vt 0 1
vt 0 1
vt 0 1
vt 0 1
vt 0 1
vt 0 1
vt 0 1
vt 0 1
vt 0 1
vt 0 1
vt 0 1
vt 0 1
vt 0 1
vt 0 1
vt 0 1
vt 0 1
vt 0 1
vt 0 1
vt 0 1
vt 0 1
vt 0 1
vt 0 1
vt 0 1
vt 0 1
vt 0 1
vt 0 1
vt 0 1
vt 0 1
vt 0 1
vt 0 1
vt 0 1
vt 0 1
vt 0 1
vt 0 1
vt 0 1
vt 0 1
vt 0 1
vt 0 1
vt 0 1
vn 0.5000065875724883 -0.8660216004133247 -0.0000012883897132188611
vn 0.49999808177118027 -0.8660265112595041 -0.000004564208732973165
vn 0.49999998308041 -0.8660254135529685 0
vn 0.5000020752938286 -0.8660242056090965 -9.989204721949641e-7
vn 0.8660254755420886 0.499999875712084 0
vn 0.866025130991648 0.5000004724905787 3.120458088602868e-7
vn 0.8660254251299356 0.4999999630284887 1.5570363713033482e-7
vn 0.8660254972083573 0.4999998381843065 8.276642722030211e-7
vn -0.8660259249956119 -0.49999909723436164 -5.641776819100191e-7
vn -0.8660253297002941 -0.5000001283173225 -3.9766680780054105e-7
vn -0.8660252930200633 -0.5000001918478835 -0.0000012623300233978276
vn -0.8660252802584024 -0.5000002139519909 -0.0000011485055398314354
vn -0.8660240727556188 -0.500002305402391 -2.5547104332770966e-7
vn 0.866027359363446 0.4999966128222876 -4.650365420028986e-7
vn -0.4999916616936472 0.8660302178543018 2.3673224858913874e-7
vn 0.018362995470341384 0.8578186071743907 -0.5136244129543931
vn 0.0943792224891844 0.9777386325284015 -0.187402584891
vn -0.5000037880314206 0.8660232167522631 -5.411543355346648e-7
vn 0.0000013754458475588414 -0.8660225581246613 0.5000049287930328
vn 0 -0.8660264853416481 0.4999981266832831
vn 0.0000010480339897447172 -0.866025504805529 0.4999998250252001
vn 0 0.499999875712084 0.8660254755420885
vn -1.841104489072657e-7 0.4999995236060941 0.8660256788303944
vn -0.0015950782773308122 0.5009968476160637 0.8654476381642369
vn -0.0000019189418268897385 0.5000016577672836 0.8660244466678096
vn -0.000004566767768669332 0.499999044045973 0.8660259556920092
vn -2.850915507576633e-7 -0.5000019975695936 -0.8660242504839776
vn -4.3774846966747654e-7 -0.5000000762496443 -0.8660253597615709
vn -2.1524353162768197e-7 -0.4999997384468304 -0.8660255547921523
vn 7.918654162335483e-7 -0.4999999393870882 -0.8660254387789548
vn -6.979539278605281e-7 -0.4999977069707883 -0.8660267276611426
vn -0.5061916056785399 0.8623812084259672 0.008289131097413346
vn -0.05391625277047014 0.6887223790189406 0.7230176500789463
vn -3.5661485183498395e-8 0.8660252628721523 -0.5000002440671589
usemtl m_a0a57bcb-95c0-7f80-7bef-e9aaf1d14c76
f 840/2770/810 841/2771/810 842/2772/810
f 840/2773/811 842/2774/811 843/2775/811
f 844/2776/812 840/2777/812 843/2778/812
f 840/2779/813 845/2780/813 841/2781/813
f 844/2782/814 843/2783/814 846/2784/814
f 847/2785/815 844/2786/815 846/2787/815
f 846/2788/816 848/2789/816 849/2790/816
f 847/2791/817 846/2792/817 849/2793/817
f 850/2794/818 851/2795/818 852/2796/818
f 850/2797/819 853/2798/819 854/2799/819
f 854/2800/820 855/2801/820 851/2802/820
f 850/2803/821 854/2804/821 851/2805/821
f 850/2806/822 852/2807/822 845/2808/822
f 847/2809/823 849/2810/823 856/2811/823
f 857/2812/824 858/2813/824 859/2814/824
f 854/2815/825 859/2816/825 855/2817/825
f 854/2818/826 857/2819/826 859/2820/826
f 857/2821/827 856/2822/827 858/2823/827
f 860/2824/828 853/2825/828 861/2826/828
f 860/2827/829 844/2828/829 853/2829/829
f 860/2830/830 861/2831/830 845/2832/830
f 844/2833/831 862/2834/831 853/2835/831
f 844/2836/832 847/2837/832 862/2838/832
f 862/2839/833 863/2840/833 854/2841/833
f 862/2842/834 847/2843/834 863/2844/834
f 847/2845/835 856/2846/835 863/2847/835
f 864/2848/836 852/2849/836 851/2850/836
f 864/2851/837 848/2852/837 843/2853/837
f 848/2854/838 851/2855/838 855/2856/838
f 848/2857/839 864/2858/839 851/2859/839
f 864/2860/840 845/2861/840 852/2862/840
f 848/2863/841 855/2864/841 865/2865/841
f 866/2866/842 848/2867/842 865/2868/842
f 866/2869/843 865/2870/843 856/2871/843
o corner2
v 0.241451875 1.04643625 0.241451875
v 0.239169375 1.04593 0.1993725
v 0.26772125 1.05226 0.19796875
v 0.689384375 1.145740625 0.177245
v 0.689384375 1.145740625 0.689384375
v 0.201236875 1.037520625 0.201236875
v 0.18125625 1.12764625 0.6077675
v 0.118368125 1.4113175 0.118368125
v 0.1888125 1.09356125 0.1888125
v 0.177245 1.145740625 0.689384375
v 0.0128875 1.887108125 0.52601875
v 0.038906875 1.7697425 0.038906875
v 0.607694375 1.51422 0.095555
v 0.54592 1.79286875 0.54592
v 0.5265875 1.880071875 0.0144475
v 0.527004375 1.878191875 0.11602125
v 0.527055 1.8779625 0.527055
v 0.4712 1.86558 0.5298
v 0.474215 1.866248125 0.474215
v 0.428803125 1.856180625 0.428803125
v 0.628193125 1.132174375 0.628193125
v 0.179055 1.137575 0.65255375
v 0.096299375 1.510861875 0.608439375
v 0.28319875 1.8797325 0.5266625
v 0.6077675 1.12764625 0.18125625
v 0.5482525 1.7823475 0.0957625
v 0.069813125 1.776594375 0.069813125
v 0.227665 1.811589375 0.227665
vt 0 1
vt 0 1
vt 0 1
vt 0 1
vt 0 1
vt 0 1
vt 0 1
vt 0 1
vt 0 1
vt 0 1
vt 0 1
vt 0 1
vt 0 1
vt 0 1
vt 0 1
vt 0 1
vt 0 1
vt 0 1
vt 0 1
vt 0 1
vt 0 1
vt 0 1
vt 0 1
vt 0 1
vt 0 1
vt 0 1
vt 0 1
vt 0 1
vt 0 1
vt 0 1
vt 0 1
vt 0 1
vt 0 1
vt 0 1
vt 0 1
vt 0 1
vt 0 1
vt 0 1
vt 0 1
vt 0 1
vt 0 1
vt 0 1
vt 0 1
vt 0 1
vt 0 1
vt 0 1
vt 0 1
vt 0 1
vt 0 1
vt 0 1
vt 0 1
vt 0 1
vt 0 1
vt 0 1
vt 0 1
vt 0 1
vt 0 1
vt 0 1
vt 0 1
vt 0 1
vt 0 1
vt 0 1
vt 0 1
vt 0 1
vt 0 1
vt 0 1
vt 0 1
vt 0 1
vt 0 1
vt 0 1
vt 0 1
vt 0 1
vt 0 1
vt 0 1
vt 0 1
vt 0 1
vt 0 1
vt 0 1
vt 0 1
vt 0 1
vt 0 1
vt 0 1
vt 0 1
vt 0 1
vt 0 1
vt 0 1
vt 0 1
vt 0 1
vt 0 1
vt 0 1
vt 0 1
vt 0 1
vt 0 1
vt 0 1
vt 0 1
vt 0 1
vt 0 1
vt 0 1
vt 0 1
vt 0 1
vt 0 1
vt 0 1
vt 0 1
vt 0 1
vt 0 1
vn 0.21644642185486213 -0.9762944978034498 0.000004993696536633181
vn 0.21644001232578466 -0.9762959187989814 9.312045782790362e-7
vn 0.21643988509954024 -0.9762959470048507 0
vn 0.21643845140363868 -0.9762962648316963 0.000005447294361393153
vn -0.9762963421798349 -0.2164381025747099 3.663655108698686e-7
vn -0.9762960259055391 -0.21643952919160467 0.000002089912199573909
vn -0.9762958172756248 -0.21644047026862326 1.315667882500005e-7
vn -0.9762959630500712 -0.21643981272326193 -6.736087175461544e-7
vn -0.9762943392229056 -0.21644713719524325 0.0000011375220412234908
vn 0.9762959571412279 0.21643983937735173 0
vn 0.9762961911740348 0.21643878372094147 -6.872441334614419e-7
vn 0.9762963491680059 0.21643807105137228 -8.857306419515317e-7
vn 0.9762963573066133 0.21643803434192807 -2.008025547706482e-7
vn 0.976295570230172 0.2164415846103825 5.384599853889547e-7
vn -0.21643373096703306 0.9762973113135 -0.000004660569294798387
vn 0.017763523332151667 0.9722414008882038 -0.2333047698564503
vn 0.0475485979257505 0.9925325376560786 -0.11233117345278754
vn -0.2164355824434679 0.976296900860411 -0.000004765929291581534
vn 6.707305014794599e-7 -0.9762933561756233 0.21645157122757858
vn 0 -0.9762944007087622 0.21644685986338308
vn -2.9405581239909623e-8 -0.9762960839213626 0.2164392675089505
vn 0 0.21643851205495535 0.9762962514008937
vn 3.118194628268372e-7 0.2164389948316089 0.976296144372283
vn 0.0035331675432236634 0.21473218140181832 0.9766665792365008
vn -6.906008588893425e-7 0.21644051818058893 0.9762958066535169
vn -3.886320443076844e-7 0.2164413887057891 0.9762956136616402
vn 3.663655108698686e-7 -0.2164381025747099 -0.9762963421798349
vn 0.0000020617188622412592 -0.2164394079792877 -0.9762960527777037
vn 3.114808074103949e-7 -0.21644043225099158 -0.9762958257039241
vn -5.935275816108e-7 -0.2164396810367242 -0.9762959922443445
vn 0.0000011375220412234908 -0.21644713719524325 -0.9762943392229056
vn -3.9413401682623454e-7 0.9762952604738918 -0.21644298181290325
vn -0.10199900391360466 0.6228233366040629 0.7756850485744939
vn -5.903483465081375e-7 0.9762960249276613 -0.21643953361181303
vn -4.0475647134798553e-7 0.976296120244744 -0.21643910366404814
usemtl m_a0a57bcb-95c0-7f80-7bef-e9aaf1d14c76
f 867/2872/844 868/2873/844 869/2874/844
f 867/2875/845 869/2876/845 870/2877/845
f 871/2878/846 867/2879/846 870/2880/846
f 867/2881/847 872/2882/847 868/2883/847
f 873/2884/848 874/2885/848 875/2886/848
f 873/2887/849 876/2888/849 877/2889/849
f 877/2890/850 878/2891/850 874/2892/850
f 873/2893/851 877/2894/851 874/2895/851
f 873/2896/852 875/2897/852 872/2898/852
f 871/2899/853 870/2900/853 879/2901/853
f 880/2902/854 871/2903/854 879/2904/854
f 879/2905/855 881/2906/855 882/2907/855
f 880/2908/856 879/2909/856 882/2910/856
f 880/2911/857 882/2912/857 883/2913/857
f 884/2914/858 885/2915/858 886/2916/858
f 877/2917/859 886/2918/859 878/2919/859
f 877/2920/860 884/2921/860 886/2922/860
f 884/2923/861 883/2924/861 885/2925/861
f 887/2926/862 876/2927/862 888/2928/862
f 887/2929/863 871/2930/863 876/2931/863
f 887/2932/864 888/2933/864 872/2934/864
f 871/2935/865 889/2936/865 876/2937/865
f 871/2938/866 880/2939/866 889/2940/866
f 889/2941/867 890/2942/867 877/2943/867
f 889/2944/868 880/2945/868 890/2946/868
f 880/2947/869 883/2948/869 890/2949/869
f 891/2950/870 875/2951/870 874/2952/870
f 891/2953/871 881/2954/871 870/2955/871
f 881/2956/872 874/2957/872 878/2958/872
f 881/2959/873 891/2960/873 874/2961/873
f 891/2962/874 872/2963/874 875/2964/874
f 892/2965/875 878/2966/875 893/2967/875
f 892/2968/876 881/2969/876 878/2970/876
f 892/2971/877 893/2972/877 894/2973/877
f 892/2974/878 894/2975/878 883/2976/878
o corner3
v 0 2.125 -0.5
v 0.055555625 2.125 0.5
v 0 2.125 0.5
v 0.5 2.125 -0.5
v 0.5 2.125 0.5
v 0.5 2.791666875 0.5
v 0.5 2.458333125 0
v 0.5 2.833333125 0
v 0.5 2.125 0
v 0 2.125 0.5
v 0 2.166666875 0
v 0 2.125 0
v 0 2.208333125 0.5
v 0.5 2.875 0.5
v 0.5 2.833333125 0
v 0.5 2.875 0
v 0 2.541666875 0
v 0 2.875 0.5
v 0 2.875 0
v 0.05384625 2.125 0.469230625
v 0.5 2.125 0.444444375
v 0.5 2.125 0.47085625
v 0.5 2.125 0.47385625
v 0.054021875 2.125 0.47239875
v 0.0277775 2.125 0
v 0 2.833333125 0.5
v 0 2.458333125 0.5
v 0 2.125 0.5
v 0.5 2.208333125 0
v 0 2.166666875 0
v 0 2.541666875 0
v 0.5 2.875 0
v 0.5 2.125 0
v 0 2.125 0
vt 0 1
vt 0 1
vt 0 1
vt 0 1
vt 0 1
vt 0 1
vt 0 1
vt 0 1
vt 0 1
vt 0 1
vt 0 1
vt 0 1
vt 0 1
vt 0 1
vt 0 1
vt 0 1
vt 0 1
vt 0 1
vt 0 1
vt 0 1
vt 0 1
vt 0 1
vt 0 1
vt 0 1
vt 0 1
vt 0 1
vt 0 1
vt 0 1
vt 0 1
vt 0 1
vt 0 1
vt 0 1
vt 0 1
vt 0 1
vt 0 1
vt 0 1
vt 0 1
vt 0 1
vt 0 1
vt 0 1
vt 0 1
vt 0 1
vt 0 1
vt 0 1
vt 0 1
vt 0 1
vt 0 1
vt 0 1
vt 0 1
vt 0 1
vt 0 1
vt 0 1
vt 0 1
vt 0 1
vt 0 1
vt 0 1
vt 0 1
vt 0 1
vt 0 1
vt 0 1
vt 0 1
vt 0 1
vt 0 1
vt 0 1
vt 0 1
vt 0 1
vt 0 1
vt 0 1
vt 0 1
vt 0 1
vt 0 1
vt 0 1
vt 0 1
vt 0 1
vt 0 1
vt 0 1
vt 0 1
vt 0 1
vt 0 1
vt 0 1
vt 0 1
vt 0 1
vt 0 1
vt 0 1
vn 0 -1 0
vn 0 -1 0
vn 1 0 0
vn 1 0 0
vn 1 0 0
vn -1 0 0
vn -1 0 0
vn 1 0 0
vn 1 0 0
vn -1 0 0
vn -1 0 0
vn -1 0 0
vn 0 -1 0
vn 0 -1 0
vn 0 -1 0
vn 0 -1 0
vn 0 -1 0
vn 0 -1 0
vn 0 0 1
vn 0 0 1
vn 0 0 1
vn 0 0 1
vn 0 0 1
vn 0 0 -1
vn 0 0 -1
vn 0 0 -1
vn 0 0 -1
vn 0 0 -1
usemtl m_a0a57bcb-95c0-7f80-7bef-e9aaf1d14c76
f 895/2977/879 896/2978/879 897/2979/879
f 898/2980/880 899/2981/880 896/2982/880
f 900/2983/881 901/2984/881 902/2985/881
f 899/2986/882 903/2987/882 901/2988/882
f 900/2989/883 899/2990/883 901/2991/883
f 904/2992/884 905/2993/884 906/2994/884
f 904/2995/885 907/2996/885 905/2997/885
f 908/2998/886 909/2999/886 910/3000/886
f 908/3001/887 900/3002/887 909/3003/887
f 907/3004/888 911/3005/888 905/3006/888
f 912/3007/889 913/3008/889 911/3009/889
f 907/3010/890 912/3011/890 911/3012/890
f 914/3013/891 915/3014/891 916/3015/891
f 896/3016/892 917/3017/892 899/3018/892
f 918/3019/893 916/3020/893 917/3021/893
f 906/3022/894 919/3023/894 914/3024/894
f 914/3025/895 903/3026/895 915/3027/895
f 914/3028/896 919/3029/896 903/3030/896
f 900/3031/897 920/3032/897 921/3033/897
f 899/3034/898 921/3035/898 922/3036/898
f 899/3037/899 900/3038/899 921/3039/899
f 908/3040/900 912/3041/900 920/3042/900
f 900/3043/901 908/3044/901 920/3045/901
f 923/3046/902 924/3047/902 925/3048/902
f 926/3049/903 925/3050/903 913/3051/903
f 926/3052/904 923/3053/904 925/3054/904
f 927/3055/905 928/3056/905 924/3057/905
f 923/3058/906 927/3059/906 924/3060/906
o corner4
v 0.050939375 3.18519875 0.050939375
v 0.516315625 3.123930625 0.516315625
v 0.076991875 3.18176875 0.523930625
v 0.04923875 3.1854225 0.52441125
v 0.012588125 3.123805 0.515644375
v 0.020593125 3.18919375 0.020593125
v 0.517131875 3.12247125 0.012339375
v 0.560625 3.460491875 0.056310625
v 0.60222125 3.776448125 0.60222125
v 0.607648125 3.81766625 0.103333125
v 0.614210625 3.867514375 0.10989625
v 0.614210625 3.867514375 0.614210625
v 0.026318125 3.232678125 0.026318125
v 0.031864375 3.274803125 0.53617875
v 0.070771875 3.570336875 0.070771875
v 0.111206875 3.8774725 0.538568125
v 0.118488125 3.932776875 0.118488125
v 0.10989625 3.867514375 0.614210625
v 0.580585 3.87194125 0.11047875
v 0.556043125 3.875171875 0.556043125
v 0.582476875 3.871691875 0.582476875
v 0.463259375 3.130915625 0.463259375
v 0.517286875 3.1313075 0.460283125
v 0.056310625 3.460491875 0.560625
v 0.103333125 3.81766625 0.607648125
v 0.530798125 3.233935 0.02648375
v 0.53617875 3.274803125 0.031864375
v 0.538568125 3.8774725 0.111206875
v 0.114013125 3.898785625 0.376681875
v 0.303413125 3.90843125 0.303413125
v 0.15454 3.92803125 0.15454
v 0.117898125 3.928296875 0.152521875
v 0.152381875 3.928315 0.152381875
vt 0 1
vt 0 1
vt 0 1
vt 0 1
vt 0 1
vt 0 1
vt 0 1
vt 0 1
vt 0 1
vt 0 1
vt 0 1
vt 0 1
vt 0 1
vt 0 1
vt 0 1
vt 0 1
vt 0 1
vt 0 1
vt 0 1
vt 0 1
vt 0 1
vt 0 1
vt 0 1
vt 0 1
vt 0 1
vt 0 1
vt 0 1
vt 0 1
vt 0 1
vt 0 1
vt 0 1
vt 0 1
vt 0 1
vt 0 1
vt 0 1
vt 0 1
vt 0 1
vt 0 1
vt 0 1
vt 0 1
vt 0 1
vt 0 1
vt 0 1
vt 0 1
vt 0 1
vt 0 1
vt 0 1
vt 0 1
vt 0 1
vt 0 1
vt 0 1
vt 0 1
vt 0 1
vt 0 1
vt 0 1
vt 0 1
vt 0 1
vt 0 1
vt 0 1
vt 0 1
vt 0 1
vt 0 1
vt 0 1
vt 0 1
vt 0 1
vt 0 1
vt 0 1
vt 0 1
vt 0 1
vt 0 1
vt 0 1
vt 0 1
vt 0 1
vt 0 1
vt 0 1
vt 0 1
vt 0 1
vt 0 1
vt 0 1
vt 0 1
vt 0 1
vt 0 1
vt 0 1
vt 0 1
vt 0 1
vt 0 1
vt 0 1
vt 0 1
vt 0 1
vt 0 1
vt 0 1
vt 0 1
vt 0 1
vt 0 1
vt 0 1
vt 0 1
vt 0 1
vt 0 1
vt 0 1
vt 0 1
vt 0 1
vt 0 1
vt 0 1
vt 0 1
vt 0 1
vt 0 1
vt 0 1
vt 0 1
vt 0 1
vt 0 1
vt 0 1
vt 0 1
vt 0 1
vt 0 1
vt 0 1
vt 0 1
vt 0 1
vt 0 1
vt 0 1
vt 0 1
vn -0.13052632086583826 -0.9914448444372309 -2.5125636618969847e-7
vn -0.1305255573544651 -0.9914449449552002 -2.940397299087151e-7
vn 0.8592421722010997 -0.5115582215064103 0.00332799043483109
vn 0.0004269008309010407 -0.9913901141153294 -0.13094067126021247
vn 0.9917888858543826 -0.12787063366014317 0.0019765988656737098
vn 0.9914447673069212 -0.13052690672488781 7.46588884910101e-7
vn 0.991444841229508 -0.13052634523046558 4.159806018177064e-7
vn 0.9914451791744086 -0.13052377825823833 0.000001009542994685524
vn 0.9914444728797804 -0.13052914309124397 0
vn -0.9914638903937687 0.1303761521457952 0.0011886954654113785
vn -0.9919554793777082 0.1265867957213331 0.00033178539279722045
vn -0.9914448235902015 0.13052647921268584 7.314077308234369e-7
vn -0.9914448085462426 0.1305265934831055 -6.328289019150521e-7
vn -0.9914449551252875 0.1305254800100065 0.000004977377976737139
vn -0.9914449526342475 0.1305254990263022 9.820062814744651e-8
vn 0.1305249762950483 0.9914450214523207 7.643792922155281e-7
vn 0.130522998263693 0.9914452818606931 6.535403588606062e-7
vn 0.1305161362504419 0.9914461852154438 0
vn 0.13052555065451404 0.9914449458370961 6.431322660964859e-7
vn 7.578155778596708e-7 -0.991444733862803 -0.13052716075645518
vn 0.008337853626722605 -0.999770797452965 0.019718842693266608
vn -0.13313440385857733 -0.9910944380068286 0.002654328756925796
vn -0.0012878750160652578 -0.13225684847737673 0.9912146424507536
vn 7.465888849101011e-7 -0.13052690672488784 0.9914447673069213
vn 4.159806018281594e-7 -0.13052634523046558 0.991444841229508
vn 0.000001009542994685524 -0.13052377825823833 0.9914451791744086
vn 0 -0.130529143091244 0.9914444728797804
vn 0.00041887989091808484 0.1258365647841496 -0.9920508976372945
vn 1.400092475303262e-7 0.13053176061556634 -0.9914441282647153
vn 4.3355590606745214e-7 0.13053002284230664 -0.9914443570552001
vn 7.314077308234369e-7 0.13052647921268584 -0.9914448235902015
vn -6.328289019150521e-7 0.1305265934831055 -0.9914448085462426
vn 0.000004977377976737139 0.1305254800100065 -0.9914449551252875
vn 9.820062814133013e-8 0.1305254990263022 -0.9914449526342475
vn 0 0.9914448630949136 0.13052617914697442
vn 0.000002362057161911756 0.9914447522733866 0.1305270208959966
vn -0.0000017957840269684152 0.9914448504376636 0.13052627527595312
vn 0.0000011191142709747936 0.9914451680677941 0.13052386262201748
vn 0.000008080424378518057 0.9914680400941737 0.13035001114892567
vn 0.000008734221726187345 0.9914472097729151 0.13050835282546053
usemtl m_a0a57bcb-95c0-7f80-7bef-e9aaf1d14c76
f 929/3061/907 930/3062/907 931/3063/907
f 929/3064/908 931/3065/908 932/3066/908
f 929/3067/909 932/3068/909 933/3069/909
f 934/3070/910 929/3071/910 933/3072/910
f 930/3073/911 935/3074/911 936/3075/911
f 937/3076/912 936/3077/912 938/3078/912
f 937/3079/913 930/3080/913 936/3081/913
f 937/3082/914 938/3083/914 939/3084/914
f 940/3085/915 937/3086/915 939/3087/915
f 933/3088/916 941/3089/916 934/3090/916
f 933/3091/917 942/3092/917 941/3093/917
f 942/3094/918 943/3095/918 941/3096/918
f 943/3097/919 944/3098/919 945/3099/919
f 942/3100/920 946/3101/920 944/3102/920
f 943/3103/921 942/3104/921 944/3105/921
f 947/3106/922 945/3107/922 948/3108/922
f 947/3109/923 948/3110/923 949/3111/923
f 939/3112/924 949/3113/924 940/3114/924
f 939/3115/925 947/3116/925 949/3117/925
f 950/3118/926 951/3119/926 930/3120/926
f 950/3121/927 935/3122/927 951/3123/927
f 950/3124/928 934/3125/928 935/3126/928
f 930/3127/929 952/3128/929 933/3129/929
f 937/3130/930 953/3131/930 952/3132/930
f 930/3133/931 937/3134/931 952/3135/931
f 937/3136/932 946/3137/932 953/3138/932
f 937/3139/933 940/3140/933 946/3141/933
f 934/3142/934 954/3143/934 935/3144/934
f 934/3145/935 955/3146/935 954/3147/935
f 955/3148/936 934/3149/936 941/3150/936
f 955/3151/937 941/3152/937 943/3153/937
f 943/3154/938 945/3155/938 956/3156/938
f 955/3157/939 956/3158/939 939/3159/939
f 955/3160/940 943/3161/940 956/3162/940
f 940/3163/941 957/3164/941 946/3165/941
f 957/3166/942 958/3167/942 959/3168/942
f 960/3169/943 957/3170/943 959/3171/943
f 957/3172/944 940/3173/944 958/3174/944
f 960/3175/945 959/3176/945 961/3177/945
f 960/3178/946 961/3179/946 945/3180/946
o corner5
v 0.18930125000000003 4.187886875 0.18930125
v 0.6439925 4.107713125 0.6439925
v 0.214908125 4.183371875 0.6573331250000001
v 0.18717375000000003 4.1882624999999996 0.6581956250000001
v 0.13706312500000006 4.104995625 0.6440275
v 0.15158875000000005 4.194536875 0.15158875
v 0.64368375 4.102013125 0.13489875
v 0.695885 4.402008125 0.18817125
v 0.7560525 4.7432375 0.7560525
v 0.7632950000000001 4.78431 0.255581875
v 0.77422875 4.84631875 0.26651562500000003
v 0.77422875 4.84631875 0.77422875
v 0.16115625 4.24879625 0.16115625
v 0.16861062500000001 4.291074375 0.676324375
v 0.213185 4.5438681249999995 0.213185
v 0.26930750000000003 4.8621525 0.68443125
v 0.281825 4.933143125 0.281825
v 0.26651562500000003 4.84631875 0.77422875
v 0.73222 4.853725625 0.26782125
v 0.70813 4.857973125 0.7081299999999999
v 0.7346018750000001 4.85330625 0.7346018750000001
v 0.584649375 4.118176875 0.584649375
v 0.645941875 4.118768125 0.5812962500000001
v 0.18817125 4.402008125 0.6958850000000001
v 0.255581875 4.78431 0.7632950000000001
v 0.6673481250000001 4.2401675 0.159634375
v 0.676324375 4.291074375 0.16861062500000001
v 0.68443125 4.8621525 0.26930750000000003
v 0.2744075 4.8910768749999995 0.520390625
v 0.45966625000000005 4.901785 0.45966625
v 0.32707562500000004 4.925163749999999 0.327075625
v 0.28049687500000003 4.925613125 0.324526875
v 0.324299375 4.925653125 0.324299375
vt 0 1
vt 0 1
vt 0 1
vt 0 1
vt 0 1
vt 0 1
vt 0 1
vt 0 1
vt 0 1
vt 0 1
vt 0 1
vt 0 1
vt 0 1
vt 0 1
vt 0 1
vt 0 1
vt 0 1
vt 0 1
vt 0 1
vt 0 1
vt 0 1
vt 0 1
vt 0 1
vt 0 1
vt 0 1
vt 0 1
vt 0 1
vt 0 1
vt 0 1
vt 0 1
vt 0 1
vt 0 1
vt 0 1
vt 0 1
vt 0 1
vt 0 1
vt 0 1
vt 0 1
vt 0 1
vt 0 1
vt 0 1
vt 0 1
vt 0 1
vt 0 1
vt 0 1
vt 0 1
vt 0 1
vt 0 1
vt 0 1
vt 0 1
vt 0 1
vt 0 1
vt 0 1
vt 0 1
vt 0 1
vt 0 1
vt 0 1
vt 0 1
vt 0 1
vt 0 1
vt 0 1
vt 0 1
vt 0 1
vt 0 1
vt 0 1
vt 0 1
vt 0 1
vt 0 1
vt 0 1
vt 0 1
vt 0 1
vt 0 1
vt 0 1
vt 0 1
vt 0 1
vt 0 1
vt 0 1
vt 0 1
vt 0 1
vt 0 1
vt 0 1
vt 0 1
vt 0 1
vt 0 1
vt 0 1
vt 0 1
vt 0 1
vt 0 1
vt 0 1
vt 0 1
vt 0 1
vt 0 1
vt 0 1
vt 0 1
vt 0 1
vt 0 1
vt 0 1
vt 0 1
vt 0 1
vt 0 1
vt 0 1
vt 0 1
vt 0 1
vt 0 1
vt 0 1
vt 0 1
vt 0 1
vt 0 1
vt 0 1
vt 0 1
vt 0 1
vt 0 1
vt 0 1
vt 0 1
vt 0 1
vt 0 1
vt 0 1
vt 0 1
vt 0 1
vt 0 1
vn -0.17364727207843997 -0.9848079126914064 3.338755547296469e-7
vn -0.17365869968743702 -0.9848058976376569 9.78539602057133e-7
vn 0.8564776478025324 -0.5161662063411276 0.0042995634719584265
vn 0.005254533108523199 -0.9838811596659557 -0.17874633852525768
vn 0.985155499452364 -0.17165921943988402 0.0013244923756212308
vn 0.9848077936441032 -0.17364794723070276 6.29672989067421e-7
vn 0.9848077548837255 -0.17364816705133873 7.658658520156787e-7
vn 0.9848079106734641 -0.17364728352178824 6.858356650245368e-7
vn 0.9848073536816061 -0.17365044236808633 0
vn -0.984878186992491 0.17323096004957533 0.0024477064134498937
vn -0.9859466960580667 0.1670592795983304 0.0005564461061322447
vn -0.9848079513638065 0.1736470527540759 -6.678009646412707e-7
vn -0.9848076254926014 0.1736489008647727 2.8452327714922337e-7
vn -0.9848076383906524 0.17364882771584467 5.824261682871451e-7
vn -0.9848076377854319 0.1736488311488641 3.330740906209438e-7
vn 0.17364969951157938 0.9848074846685579 5.711222049967288e-7
vn 0.17361931092975771 0.9848128425599301 -0.0000011431716392362708
vn 0.17365330613061175 0.9848068487119228 0
vn 0.17363902175672172 0.9848093674015365 -0.0000012468737166848988
vn 9.265608847019726e-8 -0.9848078621980411 -0.1736475584421378
vn 0.011687488251653307 -0.9992303110839398 0.037445801226044385
vn -0.18440674301862992 -0.9827871587880875 0.011115468973435039
vn 0.0009909144227553497 -0.17216052794317188 0.9850684091508239
vn 6.296729890476178e-7 -0.17364794723070273 0.9848077936441033
vn 7.658658520156786e-7 -0.1736481670513387 0.9848077548837255
vn 6.858356649804477e-7 -0.1736472835217885 0.9848079106734641
vn 0 -0.17365044236808633 0.9848073536816061
vn -0.0002407559253167982 0.17628077204128278 -0.9843398962985874
vn -5.43782820342407e-7 0.17364816622918225 -0.9848077550288415
vn -9.377701137684743e-7 0.17365024319700817 -0.9848073888008461
vn -6.678009646412707e-7 0.1736470527540759 -0.9848079513638065
vn 2.845232770646493e-7 0.17364890086477275 -0.9848076254926014
vn 5.824261684200671e-7 0.1736488277158446 -0.9848076383906524
vn 3.3307409059530584e-7 0.17364883114886406 -0.9848076377854319
vn 0 0.9848080085569751 0.17364672839430303
vn -0.000004136828468550325 0.9848077499684105 0.173648194879888
vn -8.61517892816182e-7 0.9848075973754227 0.17364906032255256
vn -0.0000028153652829253155 0.9848070605330356 0.17365210484286026
vn 0.000002278489654171728 0.9848174091282749 0.1735934061900989
vn 0.0000026329638240825324 0.9848057381584585 0.1736596040627796
usemtl m_a0a57bcb-95c0-7f80-7bef-e9aaf1d14c76
f 962/3181/947 963/3182/947 964/3183/947
f 962/3184/948 964/3185/948 965/3186/948
f 962/3187/949 965/3188/949 966/3189/949
f 967/3190/950 962/3191/950 966/3192/950
f 963/3193/951 968/3194/951 969/3195/951
f 970/3196/952 969/3197/952 971/3198/952
f 970/3199/953 963/3200/953 969/3201/953
f 970/3202/954 971/3203/954 972/3204/954
f 973/3205/955 970/3206/955 972/3207/955
f 966/3208/956 974/3209/956 967/3210/956
f 966/3211/957 975/3212/957 974/3213/957
f 975/3214/958 976/3215/958 974/3216/958
f 976/3217/959 977/3218/959 978/3219/959
f 975/3220/960 979/3221/960 977/3222/960
f 976/3223/961 975/3224/961 977/3225/961
f 980/3226/962 978/3227/962 981/3228/962
f 980/3229/963 981/3230/963 982/3231/963
f 972/3232/964 982/3233/964 973/3234/964
f 972/3235/965 980/3236/965 982/3237/965
f 983/3238/966 984/3239/966 963/3240/966
f 983/3241/967 968/3242/967 984/3243/967
f 983/3244/968 967/3245/968 968/3246/968
f 963/3247/969 985/3248/969 966/3249/969
f 970/3250/970 986/3251/970 985/3252/970
f 963/3253/971 970/3254/971 985/3255/971
f 970/3256/972 979/3257/972 986/3258/972
f 970/3259/973 973/3260/973 979/3261/973
f 967/3262/974 987/3263/974 968/3264/974
f 967/3265/975 988/3266/975 987/3267/975
f 988/3268/976 967/3269/976 974/3270/976
f 988/3271/977 974/3272/977 976/3273/977
f 976/3274/978 978/3275/978 989/3276/978
f 988/3277/979 989/3278/979 972/3279/979
f 988/3280/980 976/3281/980 989/3282/980
f 973/3283/981 990/3284/981 979/3285/981
f 990/3286/982 991/3287/982 992/3288/982
f 993/3289/983 990/3290/983 992/3291/983
f 990/3292/984 973/3293/984 991/3294/984
f 993/3295/985 992/3296/985 994/3297/985
f 993/3298/986 994/3299/986 978/3300/986
o corner6
v 0.836920625 5.087408125 0.836920625
v 0.8357375 5.08861875 0.29681625
v 0.9225775 5.32274875 0.39048875
v 1.06402375 5.71136875 0.531935
v 1.04927875 5.670856875 1.04927875
v 1.093435625 5.7921775 0.561346875
v 1.093435625 5.7921775 1.093435625
v 0.298658125 5.082716875 0.831114375
v 0.335824375 5.258418125 0.367074375
v 0.414833125 5.241035625 0.414833125
v 0.43961625 5.232015 0.889553125
v 0.3612625 5.32830875 0.3925125
v 0.4081225 5.3711975 0.940211875
v 0.4461175 5.561446875 0.4773675
v 0.592339375 5.9631875 0.623589375
v 0.561346875 5.7921775 1.093435625
v 1.037641875 5.812485 0.568738125
v 1.0143775 5.8209525 1.0143775
v 1.04096375 5.81127625 1.04096375
v 0.39048875 5.32274875 0.9225775
v 0.531935 5.71136875 1.06402375
v 0.84623125 5.112988125 0.766640625
v 0.770589375 5.111550625 0.770589375
v 0.733046875 5.125215 0.733046875
v 0.940211875 5.3711975 0.4081225
v 0.6158725 5.941984375 0.68184375
v 0.6854775 5.9406625 0.6854775
v 0.68136 5.94216125 0.68136
vt 0 1
vt 0 1
vt 0 1
vt 0 1
vt 0 1
vt 0 1
vt 0 1
vt 0 1
vt 0 1
vt 0 1
vt 0 1
vt 0 1
vt 0 1
vt 0 1
vt 0 1
vt 0 1
vt 0 1
vt 0 1
vt 0 1
vt 0 1
vt 0 1
vt 0 1
vt 0 1
vt 0 1
vt 0 1
vt 0 1
vt 0 1
vt 0 1
vt 0 1
vt 0 1
vt 0 1
vt 0 1
vt 0 1
vt 0 1
vt 0 1
vt 0 1
vt 0 1
vt 0 1
vt 0 1
vt 0 1
vt 0 1
vt 0 1
vt 0 1
vt 0 1
vt 0 1
vt 0 1
vt 0 1
vt 0 1
vt 0 1
vt 0 1
vt 0 1
vt 0 1
vt 0 1
vt 0 1
vt 0 1
vt 0 1
vt 0 1
vt 0 1
vt 0 1
vt 0 1
vt 0 1
vt 0 1
vt 0 1
vt 0 1
vt 0 1
vt 0 1
vt 0 1
vt 0 1
vt 0 1
vt 0 1
vt 0 1
vt 0 1
vt 0 1
vt 0 1
vt 0 1
vt 0 1
vt 0 1
vt 0 1
vt 0 1
vt 0 1
vt 0 1
vt 0 1
vt 0 1
vt 0 1
vt 0 1
vt 0 1
vt 0 1
vt 0 1
vt 0 1
vt 0 1
vt 0 1
vt 0 1
vt 0 1
vt 0 1
vt 0 1
vt 0 1
vt 0 1
vt 0 1
vt 0 1
vt 0 1
vt 0 1
vt 0 1
vt 0 1
vt 0 1
vt 0 1
vn 0.9379505086985028 -0.34675758641585575 -0.002831871337199899
vn 0.9396925532829967 -0.3420203287881719 -3.368144832909903e-7
vn 0.939692571008598 -0.3420202800876008 -2.2398038457284064e-7
vn 0.9396930252232132 -0.34201903214124346 -1.1331114127325169e-7
vn 0.9396931716880162 -0.3420186297307744 0
vn 0.007911171891234732 -0.9353875558109155 -0.35353576027523564
vn 0.7361054117834613 -0.6749236002327619 -0.05125384465528329
vn -0.34202002383907587 -0.9396926642752644 -6.111736853341569e-7
vn -0.9440903365338241 0.3261898540471332 0.047891706799411106
vn -0.9402000117479339 0.3362980381498062 0.054106999970212816
vn -0.9445658683288849 0.3236014065173562 0.0554747698335792
vn -0.9445653467810351 0.3236028218009713 0.05547539439131261
vn -0.9445653633130078 0.3236027865071683 0.05547531878377755
vn 0.3420095827567429 0.9396964644512966 -5.399565399293085e-7
vn 0.342028830704534 0.9396894587931107 0
vn 0.34202357309259956 0.9396913724455211 -6.514056145176799e-7
vn 0.3204262735369028 0.9472726044707125 -0.001271238186573411
vn -0.007006499022013506 -0.3537209900575113 0.9353247404854576
vn -3.368144832909903e-7 -0.3420203287881719 0.9396925532829967
vn -2.23980384562339e-7 -0.3420202800876009 0.939692571008598
vn -1.1331114127325169e-7 -0.34201903214124346 0.9396930252232132
vn 0 -0.3420186297307744 0.9396931716880162
vn 0.0000032884397638345774 -0.9396920219422265 -0.3420217886148724
vn 0.0000031898131414678087 -0.9396914147480356 -0.3420234568544398
vn -0.32112418213557786 -0.9470292527494547 0.003854099708876642
vn -0.12311597752569677 -0.9909139641182644 0.05414768502271691
vn -2.772518368551579e-7 0.3420190295421991 -0.9396930261691505
vn 3.768128450741882e-7 0.34202052950034556 -0.9396924802296555
vn 2.088910726327792e-7 0.3420204423670387 -0.939692511943674
vn -3.992306669045615e-7 0.34202048350769737 -0.9396924969696212
vn -0.0055764335414946915 0.3682668758663256 -0.9297033997617808
vn -0.000011286073199347527 0.9396814704163117 0.3420507769745057
vn -0.00001147644155622145 0.9396897491134929 0.3420280328851892
vn 0 0.9396923352719958 0.34202092776767784
vn -0.000009372579909945874 0.9396932517872887 0.34201840953022683
usemtl m_a0a57bcb-95c0-7f80-7bef-e9aaf1d14c76
f 995/3301/987 996/3302/987 997/3303/987
f 995/3304/988 997/3305/988 998/3306/988
f 999/3307/989 995/3308/989 998/3309/989
f 999/3310/990 998/3311/990 1000/3312/990
f 1001/3313/991 999/3314/991 1000/3315/991
f 1002/3316/992 1003/3317/992 1004/3318/992
f 1005/3319/993 1002/3320/993 1004/3321/993
f 1005/3322/994 1004/3323/994 995/3324/994
f 1002/3325/995 1006/3326/995 1003/3327/995
f 1002/3328/996 1007/3329/996 1006/3330/996
f 1007/3331/997 1008/3332/997 1006/3333/997
f 1007/3334/998 1009/3335/998 1008/3336/998
f 1007/3337/999 1010/3338/999 1009/3339/999
f 1011/3340/1000 1012/3341/1000 1013/3342/1000
f 1000/3343/1001 1013/3344/1001 1001/3345/1001
f 1000/3346/1002 1011/3347/1002 1013/3348/1002
f 1011/3349/1003 1009/3350/1003 1012/3351/1003
f 995/3352/1004 1014/3353/1004 1002/3354/1004
f 995/3355/1005 1015/3356/1005 1014/3357/1005
f 995/3358/1006 999/3359/1006 1015/3360/1006
f 999/3361/1007 1010/3362/1007 1015/3363/1007
f 999/3364/1008 1001/3365/1008 1010/3366/1008
f 1016/3367/1009 995/3368/1009 1017/3369/1009
f 1016/3370/1010 1017/3371/1010 1018/3372/1010
f 996/3373/1011 1018/3374/1011 1003/3375/1011
f 996/3376/1012 1016/3377/1012 1018/3378/1012
f 1019/3379/1013 1006/3380/1013 1008/3381/1013
f 1019/3382/1014 1008/3383/1014 1009/3384/1014
f 1019/3385/1015 1009/3386/1015 1000/3387/1015
f 1019/3388/1016 1003/3389/1016 1006/3390/1016
f 1019/3391/1017 996/3392/1017 1003/3393/1017
f 1020/3394/1018 1021/3395/1018 1022/3396/1018
f 1020/3397/1019 1022/3398/1019 1009/3399/1019
f 1010/3400/1020 1001/3401/1020 1021/3402/1020
f 1020/3403/1021 1010/3404/1021 1021/3405/1021
o corner7
v 1.199193125 6.0128975 1.199193125
v 1.210264375 6.016881875 0.57993375
v 1.56581875 6.536493125 0.95543125
v 1.537531875 6.496095 1.537531875
v 1.636545 6.637500625 1.0261575
v 1.636545 6.637500625 1.636545
v 0.59511125 6.02307875 1.20472
v 0.539616875 6.299685625 0.602116875
v 0.85110375 6.2566325 0.85110375
v 0.87419625 6.2404625 1.358535625
v 0.60548625 6.393756875 0.66486125
v 0.886663125 6.43828125 1.49705
v 0.725531875 6.5652 0.7630318749999999
v 0.9769687499999999 6.924289375 0.9769687499999999
v 1.0261575 6.637500625 1.636545
v 1.565506875 6.687241875 1.060986875
v 1.54354625 6.702619375 1.54354625
v 1.57037125 6.68383625 1.57037125
v 0.95543125 6.536493125 1.56581875
v 1.23797125 6.068278125 1.120100625
v 1.12523125 6.064685625 1.12523125
v 1.09242375 6.087658125 1.09242375
v 1.49705 6.43828125 0.886663125
v 1.078598125 6.71239375 1.52958625
v 1.189276875 6.870459375 1.303845
v 1.3093075 6.866635 1.3093075
vt 0 1
vt 0 1
vt 0 1
vt 0 1
vt 0 1
vt 0 1
vt 0 1
vt 0 1
vt 0 1
vt 0 1
vt 0 1
vt 0 1
vt 0 1
vt 0 1
vt 0 1
vt 0 1
vt 0 1
vt 0 1
vt 0 1
vt 0 1
vt 0 1
vt 0 1
vt 0 1
vt 0 1
vt 0 1
vt 0 1
vt 0 1
vt 0 1
vt 0 1
vt 0 1
vt 0 1
vt 0 1
vt 0 1
vt 0 1
vt 0 1
vt 0 1
vt 0 1
vt 0 1
vt 0 1
vt 0 1
vt 0 1
vt 0 1
vt 0 1
vt 0 1
vt 0 1
vt 0 1
vt 0 1
vt 0 1
vt 0 1
vt 0 1
vt 0 1
vt 0 1
vt 0 1
vt 0 1
vt 0 1
vt 0 1
vt 0 1
vt 0 1
vt 0 1
vt 0 1
vt 0 1
vt 0 1
vt 0 1
vt 0 1
vt 0 1
vt 0 1
vt 0 1
vt 0 1
vt 0 1
vt 0 1
vt 0 1
vt 0 1
vt 0 1
vt 0 1
vt 0 1
vt 0 1
vt 0 1
vt 0 1
vt 0 1
vt 0 1
vt 0 1
vt 0 1
vt 0 1
vt 0 1
vt 0 1
vt 0 1
vt 0 1
vt 0 1
vt 0 1
vt 0 1
vt 0 1
vt 0 1
vt 0 1
vt 0 1
vt 0 1
vt 0 1
vt 0 1
vt 0 1
vt 0 1
vn 0.8215053464553639 -0.5700943319298001 0.011019003891803946
vn 0.819151965477706 -0.573576548905138 -2.883801504382367e-7
vn 0.8191519963578701 -0.5735765048037058 -2.838188797745335e-7
vn 0.8191524786047533 -0.5735758160833574 0
vn 0.21710380897028536 -0.8794175050257572 -0.4236635315729525
vn 0.6317729111273058 -0.7733124200089996 -0.053393724589637453
vn -0.5735762409201589 -0.8191521811307928 -7.516781178427166e-7
vn -0.8640634727871029 0.42257405185854113 0.27354247511300084
vn -0.8670547655273738 0.41833613603126124 0.2705751482799279
vn -0.8545729717093632 0.44672746633669425 0.2648388318283891
vn -0.8569096278682324 0.4423724571685916 0.26459875057405313
vn -0.8667231639670095 0.4305431084359585 0.25184040347275255
vn 0.3751090522416963 0.9268968607292227 -0.01246629442331052
vn 0.5735781189031608 0.8191508661504057 -7.428449409689956e-7
vn 0.573578649296894 0.8191504947631728 0
vn 0.5735748098587432 0.8191531831684614 -6.95754121678882e-7
vn -0.0021884066771556067 -0.5742585245951274 0.8186710925677314
vn -2.8838015047678045e-7 -0.573576548905138 0.819151965477706
vn -2.838188797745335e-7 -0.5735765048037058 0.8191519963578701
vn 0 -0.5735758160833574 0.8191524786047533
vn 2.4309007791179725e-7 -0.819154726622414 -0.5735726055628002
vn -4.954787133967247e-7 -0.8191471013414823 -0.573583495546727
vn -0.38719772542187336 -0.9212054425798403 0.03818971051747213
vn -0.15020807723423413 -0.9834531422742105 0.10127907229322418
vn 0.20635521913483226 0.37339695966870257 -0.9044292310877533
vn 0.2078238733998904 0.3891457303477958 -0.8974267870958316
vn 0.25184040347275255 0.4305431084359585 -0.8667231639670095
vn 0.1950322774693885 0.4460504790397148 -0.8734995025147665
vn 0.1807989784350266 0.4953969815009458 -0.8496431957690255
vn 0 0.819152756862204 0.573575418689688
vn -2.022117696721008e-7 0.8191522612537896 0.5735761264930423
vn -0.000003662139724435187 0.8191500758069722 0.5735792476127605
vn 0.024829839543534647 0.9888664625805244 0.14671945423740798
usemtl m_a0a57bcb-95c0-7f80-7bef-e9aaf1d14c76
f 1023/3406/1022 1024/3407/1022 1025/3408/1022
f 1026/3409/1023 1023/3410/1023 1025/3411/1023
f 1026/3412/1024 1025/3413/1024 1027/3414/1024
f 1028/3415/1025 1026/3416/1025 1027/3417/1025
f 1029/3418/1026 1030/3419/1026 1031/3420/1026
f 1032/3421/1027 1029/3422/1027 1031/3423/1027
f 1032/3424/1028 1031/3425/1028 1023/3426/1028
f 1029/3427/1029 1033/3428/1029 1030/3429/1029
f 1029/3430/1030 1034/3431/1030 1033/3432/1030
f 1034/3433/1031 1035/3434/1031 1033/3435/1031
f 1034/3436/1032 1036/3437/1032 1035/3438/1032
f 1034/3439/1033 1037/3440/1033 1036/3441/1033
f 1038/3442/1034 1036/3443/1034 1039/3444/1034
f 1038/3445/1035 1039/3446/1035 1040/3447/1035
f 1027/3448/1036 1040/3449/1036 1028/3450/1036
f 1027/3451/1037 1038/3452/1037 1040/3453/1037
f 1023/3454/1038 1041/3455/1038 1029/3456/1038
f 1023/3457/1039 1026/3458/1039 1041/3459/1039
f 1026/3460/1040 1037/3461/1040 1041/3462/1040
f 1026/3463/1041 1028/3464/1041 1037/3465/1041
f 1042/3466/1042 1023/3467/1042 1043/3468/1042
f 1042/3469/1043 1043/3470/1043 1044/3471/1043
f 1024/3472/1044 1044/3473/1044 1030/3474/1044
f 1024/3475/1045 1042/3476/1045 1044/3477/1045
f 1045/3478/1046 1033/3479/1046 1035/3480/1046
f 1045/3481/1047 1035/3482/1047 1036/3483/1047
f 1045/3484/1048 1036/3485/1048 1027/3486/1048
f 1045/3487/1049 1030/3488/1049 1033/3489/1049
f 1045/3490/1050 1024/3491/1050 1030/3492/1050
f 1028/3493/1051 1046/3494/1051 1037/3495/1051
f 1028/3496/1052 1047/3497/1052 1046/3498/1052
f 1047/3499/1053 1028/3500/1053 1048/3501/1053
f 1047/3502/1054 1048/3503/1054 1036/3504/1054
o corner7b
v 1.5116331250000001 7.0897425 1.5116331250000001
v 1.797875625 6.827449375 1.797875625
v 1.532485 7.070634999999999 2.0207143750000003
v 1.5053625000000002 7.095488124999999 2.043488125
v 1.1042368750000002 6.821494374999999 1.7902200000000001
v 0.9917368750000001 7.165244374999999 1.054236875
v 1.7949075 6.826181875 1.108924375
v 2.320680625 7.39799 1.6425093750000002
v 2.27264 7.345563749999999 2.27264
v 2.484021875 7.576246875 1.8058512500000001
v 2.484021875 7.576246875 2.484021875
v 1.150958125 7.33900375 1.213458125
v 1.6444275000000002 7.400083749999999 2.32259875
v 1.30390125 7.505911875 1.36640125
v 1.6778831250000001 7.914041875 1.7403831250000001
v 1.8058512500000001 7.576246875 2.484021875
v 2.3862106250000004 7.665873749999999 1.88798
v 2.3666062500000002 7.683838124999999 2.3666062500000002
v 2.393691875 7.6590187499999995 2.393691875
v 1.70745875 6.91030125 1.70745875
v 1.7922200000000001 6.8230168749999995 1.7004025
v 1.6425093750000002 7.39799 2.320680625
v 2.1802900000000003 7.24478125 1.5021193750000001
v 1.1077762500000001 7.2918787499999995 1.1702762500000001
v 2.32259875 7.400083749999999 1.6444275000000002
v 1.86958625 7.645801875 2.40811625
v 2.028424375 7.819143125 2.2189468750000003
v 2.227084375 7.8116868749999995 2.227084375
vt 0 1
vt 0 1
vt 0 1
vt 0 1
vt 0 1
vt 0 1
vt 0 1
vt 0 1
vt 0 1
vt 0 1
vt 0 1
vt 0 1
vt 0 1
vt 0 1
vt 0 1
vt 0 1
vt 0 1
vt 0 1
vt 0 1
vt 0 1
vt 0 1
vt 0 1
vt 0 1
vt 0 1
vt 0 1
vt 0 1
vt 0 1
vt 0 1
vt 0 1
vt 0 1
vt 0 1
vt 0 1
vt 0 1
vt 0 1
vt 0 1
vt 0 1
vt 0 1
vt 0 1
vt 0 1
vt 0 1
vt 0 1
vt 0 1
vt 0 1
vt 0 1
vt 0 1
vt 0 1
vt 0 1
vt 0 1
vt 0 1
vt 0 1
vt 0 1
vt 0 1
vt 0 1
vt 0 1
vt 0 1
vt 0 1
vt 0 1
vt 0 1
vt 0 1
vt 0 1
vt 0 1
vt 0 1
vt 0 1
vt 0 1
vt 0 1
vt 0 1
vt 0 1
vt 0 1
vt 0 1
vt 0 1
vt 0 1
vt 0 1
vt 0 1
vt 0 1
vt 0 1
vt 0 1
vt 0 1
vt 0 1
vt 0 1
vt 0 1
vt 0 1
vt 0 1
vt 0 1
vt 0 1
vt 0 1
vt 0 1
vt 0 1
vt 0 1
vt 0 1
vt 0 1
vt 0 1
vt 0 1
vt 0 1
vt 0 1
vt 0 1
vt 0 1
vt 0 1
vt 0 1
vt 0 1
vt 0 1
vt 0 1
vt 0 1
vt 0 1
vt 0 1
vt 0 1
vn -0.6755902707233139 -0.7372772789825024 -3.962664495456557e-7
vn -0.6755894236565452 -0.7372780551753901 -4.600952312616905e-7
vn 0.5572614853432717 -0.8301916556001856 0.015538723397802852
vn 0.2633790129242554 -0.857994171398392 -0.44099602877739347
vn 0.7370133461723078 -0.67587542930571 -0.0019317413698903862
vn 0.7372769168745792 -0.6755906658940224 8.867001207840263e-7
vn 0.7372790013339715 -0.6755883911010141 0.0000012348780861788029
vn 0.7372777566984576 -0.6755897493876666 0
vn -0.8273337809041247 0.44974569624179095 0.3365228427415774
vn -0.8228910905270038 0.4544326996263425 0.34108822120031174
vn -0.8277430548579311 0.44340232033799204 0.34385435500127814
vn -0.8277432195226182 0.4434019953585853 0.34385437767513694
vn -0.8277426661493656 0.44340259395318676 0.3438549378902755
vn 0.33458992677620586 0.942114962776204 -0.02165589557338219
vn 0.675590037179524 0.7372774929859035 -4.365158144313129e-7
vn 0.6755887880923105 0.7372786375611077 0
vn 0.6755874892274389 0.7372798277446837 -3.6717467431149625e-7
vn -0.7125226525286139 -0.6978333797437928 0.07307560296667932
vn -0.7176644025465637 -0.6963540669323118 -0.006987044032583033
vn -0.39205565865316977 -0.917149582781853 0.07161706026570966
vn -0.002330740822581137 -0.675933893022221 0.7369585740806893
vn 8.867001208495456e-7 -0.6755906658940224 0.7372769168745792
vn 0.0000012348780861788029 -0.6755883911010141 0.7372790013339715
vn 0 -0.6755897493876666 0.7372777566984576
vn 0.27224080166827047 0.5136471362734195 -0.8136655119305062
vn 0.27600585956531276 0.49953108454884326 -0.8211513021697461
vn 0.27600585100578906 0.4995312030203666 -0.8211512329769685
vn 0.2760054682451105 0.49953407823921114 -0.8211496125411611
vn 0.27600535725963776 0.4995332138820866 -0.8211501756637536
vn 0.2760053768754976 0.49953286926619256 -0.8211503787117799
vn 0.27600587110745867 0.49953339815364645 -0.8211498908501927
vn 0 0.7372758392907288 0.6755918418676704
vn 5.744625358490066e-7 0.7372781554995015 0.675589314171652
vn -0.0000015477627791237886 0.7372763386509757 0.6755912969118358
vn 0.02984699742447265 0.9844088170137335 0.17334485204460356
usemtl m_a0a57bcb-95c0-7f80-7bef-e9aaf1d14c76
f 1049/3505/1055 1050/3506/1055 1051/3507/1055
f 1049/3508/1056 1051/3509/1056 1052/3510/1056
f 1049/3511/1057 1052/3512/1057 1053/3513/1057
f 1054/3514/1058 1049/3515/1058 1053/3516/1058
f 1050/3517/1059 1055/3518/1059 1056/3519/1059
f 1057/3520/1060 1050/3521/1060 1056/3522/1060
f 1057/3523/1061 1056/3524/1061 1058/3525/1061
f 1059/3526/1062 1057/3527/1062 1058/3528/1062
f 1053/3529/1063 1060/3530/1063 1054/3531/1063
f 1053/3532/1064 1061/3533/1064 1060/3534/1064
f 1061/3535/1065 1062/3536/1065 1060/3537/1065
f 1061/3538/1066 1063/3539/1066 1062/3540/1066
f 1061/3541/1067 1064/3542/1067 1063/3543/1067
f 1065/3544/1068 1063/3545/1068 1066/3546/1068
f 1065/3547/1069 1066/3548/1069 1067/3549/1069
f 1058/3550/1070 1067/3551/1070 1059/3552/1070
f 1058/3553/1071 1065/3554/1071 1067/3555/1071
f 1068/3556/1072 1069/3557/1072 1050/3558/1072
f 1068/3559/1073 1055/3560/1073 1069/3561/1073
f 1068/3562/1074 1054/3563/1074 1055/3564/1074
f 1050/3565/1075 1070/3566/1075 1053/3567/1075
f 1050/3568/1076 1057/3569/1076 1070/3570/1076
f 1057/3571/1077 1064/3572/1077 1070/3573/1077
f 1057/3574/1078 1059/3575/1078 1064/3576/1078
f 1054/3577/1079 1071/3578/1079 1055/3579/1079
f 1071/3580/1080 1072/3581/1080 1060/3582/1080
f 1073/3583/1081 1071/3584/1081 1060/3585/1081
f 1071/3586/1082 1054/3587/1082 1072/3588/1082
f 1073/3589/1083 1060/3590/1083 1062/3591/1083
f 1073/3592/1084 1062/3593/1084 1063/3594/1084
f 1073/3595/1085 1063/3596/1085 1058/3597/1085
f 1059/3598/1086 1074/3599/1086 1064/3600/1086
f 1059/3601/1087 1075/3602/1087 1074/3603/1087
f 1075/3604/1088 1059/3605/1088 1076/3606/1088
f 1075/3607/1089 1076/3608/1089 1063/3609/1089
o corner8
v 2.4698675 7.987155625 2.4698675
v 2.673806875 7.72137625 2.673806875
v 2.4874675 7.9642175 2.990284375
v 2.46043375 7.99944875 3.036198125
v 1.24442625 8.1180525 2.05692625
v 1.88661375 7.71649 2.673578125
v 2.2081863433942095 7.448799721743679 1.817678831958792
v 3.220041875 8.1561425 2.398701875
v 3.152551875 8.08873 3.152551875
v 1.4953293749999998 9.506431875 2.370329375
v 2.97071625 8.339649375 3.47955625
v 3.128576875 9.56071875 4.09805875
v 3.47955625 8.339649375 2.59571625
v 3.47955625 8.339649375 3.47955625
v 3.36623625 8.48733125 2.85067875
v 3.34937 8.509310625 3.34937
v 2.050175625 9.64257625 1.925175625
v 2.569979375 7.85668625 2.569979375
v 2.867219375 7.869786875 2.559926875
v 2.438704037779411 8.095595094692285 3.1406155418333515
v 2.9811044683942094 9.710215971743677 2.01901695695879
v 2.975540625 8.58314125 3.29271875
v 3.30382125 8.568671875 3.30382125
vt 0 1
vt 0 1
vt 0 1
vt 0 1
vt 0 1
vt 0 1
vt 0 1
vt 0 1
vt 0 1
vt 0 1
vt 0 1
vt 0 1
vt 0 1
vt 0 1
vt 0 1
vt 0 1
vt 0 1
vt 0 1
vt 0 1
vt 0 1
vt 0 1
vt 0 1
vt 0 1
vt 0 1
vt 0 1
vt 0 1
vt 0 1
vt 0 1
vt 0 1
vt 0 1
vt 0 1
vt 0 1
vt 0 1
vt 0 1
vt 0 1
vt 0 1
vt 0 1
vt 0 1
vt 0 1
vt 0 1
vt 0 1
vt 0 1
vt 0 1
vt 0 1
vt 0 1
vt 0 1
vt 0 1
vt 0 1
vt 0 1
vt 0 1
vt 0 1
vt 0 1
vt 0 1
vt 0 1
vt 0 1
vt 0 1
vt 0 1
vt 0 1
vt 0 1
vt 0 1
vt 0 1
vt 0 1
vt 0 1
vt 0 1
vt 0 1
vt 0 1
vt 0 1
vt 0 1
vt 0 1
vt 0 1
vt 0 1
vt 0 1
vt 0 1
vt 0 1
vt 0 1
vt 0 1
vt 0 1
vt 0 1
vt 0 1
vt 0 1
vt 0 1
vt 0 1
vt 0 1
vt 0 1
vt 0 1
vt 0 1
vt 0 1
vt 0 1
vt 0 0.9487087932129029
vt 0.07804312345178288 0.7870842501381393
vn -0.7933531967585862 -0.608761616061957 -0.0000016021415131562628
vn -0.7933557151357624 -0.60875833403703 -0.0000013723124240647107
vn 0.5975566049451335 -0.22583668800039222 -0.7693659040011191
vn -0.11274780048569687 -0.9934286085348538 0.019685863713380023
vn 0.5987956558572829 -0.797686304744413 -0.07169603719627984
vn 0.6180619093199777 -0.7859872023479789 -0.014953059651492191
vn -0.7029977621193549 -0.03331994375465078 0.7104110977478927
vn -0.40783496372131095 -0.3700699096084276 0.834696893709835
vn -0.725389100798437 -0.04217321851584934 0.6870459024569243
vn 0.5872146133436572 -0.8091893295796886 -0.019789562148606346
vn 0.6087615708316916 -0.7933532314666221 0
vn 0.7933540883441879 0.6087604541258924 0
vn 0.7933515393586372 0.6087637760213275 0.0000012394063852261488
vn -0.1511303872808521 0.9821478107924392 0.11200573108532794
vn 0.6638249010592279 0.747814203184103 -0.010508008842382151
vn 2.608627755077177e-8 -0.6087632071822774 -0.7933519758475093
vn -0.30962073435060106 -0.682535147157867 0.6620277741563291
vn 0.021413965192217093 -0.8673742456036693 -0.49719549490940895
vn 0.0046537535923396114 -0.7790854570933278 0.6269004650845161
vn -0.017909519795116062 -0.7844965307573533 0.6198745375722299
vn -0.01774749697900007 -0.7979702034022227 0.6024355408117916
vn 0 -0.793353231466622 0.6087615708316915
vn -0.07879138328940075 0.2330354312338428 -0.9692710692623605
vn 0.5809761501945122 -0.12699151559719873 -0.8039526527548063
vn -0.24877114656916258 0.16992174175982372 -0.9535405173939765
vn 0.08993418008898656 -0.978219240458025 -0.18708009207140802
vn 0.014547530478555531 0.7951882096414937 0.6061881561067746
vn 5.822227914811984e-7 0.6087613938251936 0.7933533672882902
vn 0 0.6087606352782093 0.7933539493414469
vn -0.5585538175363047 0.8286815032930748 -0.036119233318975284
usemtl m_a0a57bcb-95c0-7f80-7bef-e9aaf1d14c76
f 1077/3610/1090 1078/3611/1090 1079/3612/1090
f 1077/3613/1091 1079/3614/1091 1080/3615/1091
f 1081/3616/1092 1080/3617/1092 1082/3618/1092
f 1081/3619/1093 1077/3620/1093 1080/3621/1093
f 1078/3622/1094 1083/3623/1094 1084/3624/1094
f 1085/3625/1095 1078/3626/1095 1084/3627/1095
f 1082/3628/1096 1086/3629/1096 1081/3630/1096
f 1082/3631/1097 1087/3632/1097 1088/3633/1097
f 1086/3634/1098 1082/3635/1098 1088/3636/1098
f 1085/3637/1099 1084/3638/1099 1089/3639/1099
f 1090/3640/1100 1085/3641/1100 1089/3642/1100
f 1090/3643/1101 1089/3644/1101 1091/3645/1101
f 1091/3646/1102 1092/3647/1102 1090/3648/1102
f 1086/3649/1103 1088/3650/1103 1093/3651/1103
f 1091/3652/1104 1093/3653/1104 1092/3654/1104
f 1094/3655/1105 1095/3656/1105 1078/3657/1105
f 1081/3658/1106 1083/3659/1106 1095/3660/1106
f 1094/3661/1107 1081/3662/1107 1095/3663/1107
f 1078/3664/1108 1096/3665/1108 1082/3666/1108
f 1078/3667/1109 1085/3668/1109 1096/3669/1109
f 1085/3670/1110 1087/3671/1110 1096/3672/1110
f 1085/3673/1111 1090/3674/1111 1087/3675/1111
f 1083/3676/1112 1081/3677/1112 1086/3678/1112
f 1083/3679/1113 1097/3680/1113 1089/3681/1113
f 1083/3682/1114 1086/3683/1114 1097/3684/1114
f 1086/3685/1115 1093/3686/1115 1097/3687/1115
f 1098/3688/1116 1099/3689/1116 1093/3690/1116
f 1098/3691/1117 1090/3692/1117 1099/3693/1117
f 1098/3694/1118 1087/3695/1118 1090/3696/1118
f 1089/3697/1119 1084/3698/1119 1083/3699/1119
o part12
v 7.4781904618560775 9.499524529279189 7.375119375
v 7.4781904891181945 9.49952390487405 -0.5
v 7.500000155538745 9.00000041848826 7.375119375
v 7.5000001828008624 8.99999979408312 -0.5
v 7.353309434158345 9.494072105858521 7.375119375
v 7.353309461420462 9.494071481453382 -0.5
v 7.375119127841013 8.994547995067592 7.375119375
v 7.37511915510313 8.994547370662453 -0.5
vt 0.125 0.9375
vt 0.125 1
vt 0 1
vt 0 0.9375
vt 0.125 0.9375
vt 0.125 1
vt 0 1
vt 0 0.9375
vt 0 0.984375
vt 0.125 0.984375
vt 0.125 1
vt 0 1
vt 0.125 0.890625
vt 0 0.890625
vt 0 0.875
vt 0.125 0.875
vt 0.015625 0.9375
vt 0.015625 1
vt 0 1
vt 0 0.9375
vt 0.125 0.9375
vt 0.125 1
vt 0.109375 1
vt 0.109375 0.9375
vn 0.9990482215818578 0.043619387365336 0
vn -0.9990482215818578 -0.043619387365336 0
vn -0.04361938736533586 0.9990482215818547 -7.936387633468499e-8
vn 0.04361938736533586 -0.9990482215818547 7.936387630648927e-8
vn 0 0 1
vn 0 0 -1
usemtl m_a0a57bcb-95c0-7f80-7bef-e9aaf1d14c76
f 1103/3700/1120 1101/3701/1120 1100/3702/1120 1102/3703/1120
f 1106/3704/1121 1104/3705/1121 1105/3706/1121 1107/3707/1121
f 1100/3708/1122 1101/3709/1122 1105/3710/1122 1104/3711/1122
f 1103/3712/1123 1102/3713/1123 1106/3714/1123 1107/3715/1123
f 1102/3716/1124 1100/3717/1124 1104/3718/1124 1106/3719/1124
f 1107/3720/1125 1105/3721/1125 1101/3722/1125 1103/3723/1125
o part12
v 6.604022961856077 9.461357654279187 6.500951875
v 6.604022989118194 9.46135702987405 -0.5
v 6.625832655538745 8.96183354348826 6.500951875
v 6.625832682800862 8.96183291908312 -0.5
v 6.479141934158345 9.455905230858521 6.500951875
v 6.479141961420462 9.455904606453382 -0.5
v 6.500951627841013 8.956381120067592 6.500951875
v 6.50095165510313 8.956380495662453 -0.5
vt 0.125 0.9375
vt 0.125 1
vt 0 1
vt 0 0.9375
vt 0.125 0.9375
vt 0.125 1
vt 0 1
vt 0 0.9375
vt 0 0.984375
vt 0.125 0.984375
vt 0.125 1
vt 0 1
vt 0.125 0.890625
vt 0 0.890625
vt 0 0.875
vt 0.125 0.875
vt 0.015625 0.9375
vt 0.015625 1
vt 0 1
vt 0 0.9375
vt 0.125 0.9375
vt 0.125 1
vt 0.109375 1
vt 0.109375 0.9375
vn 0.9990482215818578 0.043619387365336 0
vn -0.9990482215818578 -0.043619387365336 0
vn -0.043619387365335834 0.9990482215818539 -8.927357470206596e-8
vn 0.043619387365335834 -0.9990482215818539 8.927357467034962e-8
vn 0 0 1
vn 0 0 -1
usemtl m_a0a57bcb-95c0-7f80-7bef-e9aaf1d14c76
f 1111/3724/1126 1109/3725/1126 1108/3726/1126 1110/3727/1126
f 1114/3728/1127 1112/3729/1127 1113/3730/1127 1115/3731/1127
f 1108/3732/1128 1109/3733/1128 1113/3734/1128 1112/3735/1128
f 1111/3736/1129 1110/3737/1129 1114/3738/1129 1115/3739/1129
f 1110/3740/1130 1108/3741/1130 1112/3742/1130 1114/3743/1130
f 1115/3744/1131 1113/3745/1131 1109/3746/1131 1111/3747/1131
o part11
v 6.459215985043672 9.45728713735756 6.378269375
v 6.459215985043672 9.45728713735756 -0.5
v 6.502793856417501 8.959189788311688 6.378269375
v 6.502793856417501 8.959189788311688 -0.5
v 6.334691647782204 9.446392669514104 6.378269375
v 6.334691647782204 9.446392669514104 -0.5
v 6.378269519156033 8.948295320468231 6.378269375
v 6.378269519156033 8.948295320468231 -0.5
vt 0.125 0.9375
vt 0.125 1
vt 0 1
vt 0 0.9375
vt 0.125 0.9375
vt 0.125 1
vt 0 1
vt 0 0.9375
vt 0 0.984375
vt 0.125 0.984375
vt 0.125 1
vt 0 1
vt 0.125 0.890625
vt 0 0.890625
vt 0 0.875
vt 0.125 0.875
vt 0.015625 0.9375
vt 0.015625 1
vt 0 1
vt 0 0.9375
vt 0.125 0.9375
vt 0.125 1
vt 0.109375 1
vt 0.109375 0.9375
vn 0.9961946980917455 0.08715574274765818 0
vn -0.9961946980917455 -0.08715574274765818 0
vn -0.08715574274765818 0.9961946980917455 0
vn 0.08715574274765818 -0.9961946980917455 0
vn 0 0 1
vn 0 0 -1
usemtl m_a0a57bcb-95c0-7f80-7bef-e9aaf1d14c76
f 1119/3748/1132 1117/3749/1132 1116/3750/1132 1118/3751/1132
f 1122/3752/1133 1120/3753/1133 1121/3754/1133 1123/3755/1133
f 1116/3756/1134 1117/3757/1134 1121/3758/1134 1120/3759/1134
f 1119/3760/1135 1118/3761/1135 1122/3762/1135 1123/3763/1135
f 1118/3764/1136 1116/3765/1136 1120/3766/1136 1122/3767/1136
f 1123/3768/1137 1121/3769/1137 1117/3770/1137 1119/3771/1137
o part11
v 5.587545985043672 9.381025887357561 5.506599375
v 5.587545985043672 9.381025887357561 -0.5
v 5.631123856417501 8.882928538311688 5.506599375
v 5.631123856417501 8.882928538311688 -0.5
v 5.463021647782204 9.370131419514104 5.506599375
v 5.463021647782204 9.370131419514104 -0.5
v 5.506599519156033 8.872034070468231 5.506599375
v 5.506599519156033 8.872034070468231 -0.5
vt 0.125 0.9375
vt 0.125 1
vt 0 1
vt 0 0.9375
vt 0.125 0.9375
vt 0.125 1
vt 0 1
vt 0 0.9375
vt 0 0.984375
vt 0.125 0.984375
vt 0.125 1
vt 0 1
vt 0.125 0.890625
vt 0 0.890625
vt 0 0.875
vt 0.125 0.875
vt 0.015625 0.9375
vt 0.015625 1
vt 0 1
vt 0 0.9375
vt 0.125 0.9375
vt 0.125 1
vt 0.109375 1
vt 0.109375 0.9375
vn 0.9961946980917455 0.08715574274765818 0
vn -0.9961946980917455 -0.08715574274765818 0
vn -0.08715574274765818 0.9961946980917455 0
vn 0.08715574274765818 -0.9961946980917455 0
vn 0 0 1
vn 0 0 -1
usemtl m_a0a57bcb-95c0-7f80-7bef-e9aaf1d14c76
f 1127/3772/1138 1125/3773/1138 1124/3774/1138 1126/3775/1138
f 1130/3776/1139 1128/3777/1139 1129/3778/1139 1131/3779/1139
f 1124/3780/1140 1125/3781/1140 1129/3782/1140 1128/3783/1140
f 1127/3784/1141 1126/3785/1141 1130/3786/1141 1131/3787/1141
f 1126/3788/1142 1124/3789/1142 1128/3790/1142 1130/3791/1142
f 1131/3792/1143 1129/3793/1143 1125/3794/1143 1127/3795/1143
o part10
v 5.423083876217195 9.37028408946167 5.3868068749999996
v 5.423083876217195 9.37028408946167 -0.5
v 5.50990796505066 8.877880212955565 5.3868068749999996
v 5.50990796505066 8.877880212955565 -0.5
v 5.299982907090669 9.348578067253303 5.3868068749999996
v 5.299982907090669 9.348578067253303 -0.5
v 5.386806995924134 8.856174190747199 5.3868068749999996
v 5.386806995924134 8.856174190747199 -0.5
vt 0.125 0.9375
vt 0.125 1
vt 0 1
vt 0 0.9375
vt 0.125 0.9375
vt 0.125 1
vt 0 1
vt 0 0.9375
vt 0 0.984375
vt 0.125 0.984375
vt 0.125 1
vt 0 1
vt 0.125 0.890625
vt 0 0.890625
vt 0 0.875
vt 0.125 0.875
vt 0.015625 0.9375
vt 0.015625 1
vt 0 1
vt 0 0.9375
vt 0.125 0.9375
vt 0.125 1
vt 0.109375 1
vt 0.109375 0.9375
vn 0.984807753012208 0.17364817766693033 0
vn -0.984807753012208 -0.17364817766693033 0
vn -0.17364817766693033 0.984807753012208 0
vn 0.17364817766693033 -0.984807753012208 0
vn 0 0 1
vn 0 0 -1
usemtl m_a0a57bcb-95c0-7f80-7bef-e9aaf1d14c76
f 1135/3796/1144 1133/3797/1144 1132/3798/1144 1134/3799/1144
f 1138/3800/1145 1136/3801/1145 1137/3802/1145 1139/3803/1145
f 1132/3804/1146 1133/3805/1146 1137/3806/1146 1136/3807/1146
f 1135/3808/1147 1134/3809/1147 1138/3810/1147 1139/3811/1147
f 1134/3812/1148 1132/3813/1148 1136/3814/1148 1138/3815/1148
f 1139/3816/1149 1137/3817/1149 1133/3818/1149 1135/3819/1149
o part10
v 4.561377109747305 9.218340973956824 4.5251
v 4.561377001217195 9.21834158946167 -0.5
v 4.648201198580771 8.72593709745072 4.5251
v 4.64820109005066 8.725937712955565 -0.5
v 4.438276140620779 9.196634951748457 4.5251
v 4.438276032090668 9.196635567253303 -0.5
v 4.525100229454244 8.704231075242353 4.5251
v 4.525100120924133 8.704231690747198 -0.5
vt 0.125 0.9375
vt 0.125 1
vt 0 1
vt 0 0.9375
vt 0.125 0.9375
vt 0.125 1
vt 0 1
vt 0 0.9375
vt 0 0.984375
vt 0.125 0.984375
vt 0.125 1
vt 0 1
vt 0.125 0.890625
vt 0 0.890625
vt 0 0.875
vt 0.125 0.875
vt 0.015625 0.9375
vt 0.015625 1
vt 0 1
vt 0 0.9375
vt 0.125 0.9375
vt 0.125 1
vt 0.109375 1
vt 0.109375 0.9375
vn 0.984807753012208 0.17364817766693033 0
vn -0.984807753012208 -0.17364817766693033 0
vn -0.173648177666929 0.9848077530122006 1.2437563431102547e-7
vn 0.173648177666929 -0.9848077530122006 -1.2437563431102547e-7
vn 0 0 1
vn 0 0 -1
usemtl m_a0a57bcb-95c0-7f80-7bef-e9aaf1d14c76
f 1143/3820/1150 1141/3821/1150 1140/3822/1150 1142/3823/1150
f 1146/3824/1151 1144/3825/1151 1145/3826/1151 1147/3827/1151
f 1140/3828/1152 1141/3829/1152 1145/3830/1152 1144/3831/1152
f 1143/3832/1153 1142/3833/1153 1146/3834/1153 1147/3835/1153
f 1142/3836/1154 1140/3837/1154 1144/3838/1154 1146/3839/1154
f 1147/3840/1155 1145/3841/1155 1141/3842/1155 1143/3843/1155
o part9
v 4.3773205589167645 9.184050789956924 4.408458749999999
v 4.3773205589167645 9.184050789956924 -0.5
v 4.527673458668901 8.70719231458281 4.408458749999999
v 4.527673458668901 8.70719231458281 -0.5
v 4.258105940073236 9.14646256501889 4.408458749999999
v 4.258105940073236 9.14646256501889 -0.5
v 4.408458839825372 8.669604089644777 4.408458749999999
v 4.408458839825372 8.669604089644777 -0.5
vt 0.125 0.9375
vt 0.125 1
vt 0 1
vt 0 0.9375
vt 0.125 0.9375
vt 0.125 1
vt 0 1
vt 0 0.9375
vt 0 0.984375
vt 0.125 0.984375
vt 0.125 1
vt 0 1
vt 0.125 0.890625
vt 0 0.890625
vt 0 0.875
vt 0.125 0.875
vt 0.015625 0.9375
vt 0.015625 1
vt 0 1
vt 0 0.9375
vt 0.125 0.9375
vt 0.125 1
vt 0.109375 1
vt 0.109375 0.9375
vn 0.9537169507482269 0.30070579950427306 0
vn -0.9537169507482269 -0.30070579950427306 0
vn -0.30070579950427306 0.9537169507482269 0
vn 0.30070579950427306 -0.9537169507482269 0
vn 0 0 1
vn 0 0 -1
usemtl m_a0a57bcb-95c0-7f80-7bef-e9aaf1d14c76
f 1151/3844/1156 1149/3845/1156 1148/3846/1156 1150/3847/1156
f 1154/3848/1157 1152/3849/1157 1153/3850/1157 1155/3851/1157
f 1148/3852/1158 1149/3853/1158 1153/3854/1158 1152/3855/1158
f 1151/3856/1159 1150/3857/1159 1154/3858/1159 1155/3859/1159
f 1150/3860/1160 1148/3861/1160 1152/3862/1160 1154/3863/1160
f 1155/3864/1161 1153/3865/1161 1149/3866/1161 1151/3867/1161
o part9
v 3.5428180589167644 8.920933289956924 3.57395625
v 3.5428180589167644 8.920933289956924 -0.5
v 3.693170958668901 8.44407481458281 3.57395625
v 3.693170958668901 8.44407481458281 -0.5
v 3.423603440073236 8.88334506501889 3.57395625
v 3.423603440073236 8.88334506501889 -0.5
v 3.573956339825372 8.406486589644777 3.57395625
v 3.573956339825372 8.406486589644777 -0.5
vt 0.125 0.9375
vt 0.125 1
vt 0 1
vt 0 0.9375
vt 0.125 0.9375
vt 0.125 1
vt 0 1
vt 0 0.9375
vt 0 0.984375
vt 0.125 0.984375
vt 0.125 1
vt 0 1
vt 0.125 0.890625
vt 0 0.890625
vt 0 0.875
vt 0.125 0.875
vt 0.015625 0.9375
vt 0.015625 1
vt 0 1
vt 0 0.9375
vt 0.125 0.9375
vt 0.125 1
vt 0.109375 1
vt 0.109375 0.9375
vn 0.9537169507482269 0.30070579950427306 0
vn -0.9537169507482269 -0.30070579950427306 0
vn -0.30070579950427306 0.9537169507482269 0
vn 0.30070579950427306 -0.9537169507482269 0
vn 0 0 1
vn 0 0 -1
usemtl m_a0a57bcb-95c0-7f80-7bef-e9aaf1d14c76
f 1159/3868/1162 1157/3869/1162 1156/3870/1162 1158/3871/1162
f 1162/3872/1163 1160/3873/1163 1161/3874/1163 1163/3875/1163
f 1156/3876/1164 1157/3877/1164 1161/3878/1164 1160/3879/1164
f 1159/3880/1165 1158/3881/1165 1162/3882/1165 1163/3883/1165
f 1158/3884/1166 1156/3885/1166 1160/3886/1166 1162/3887/1166
f 1163/3888/1167 1161/3889/1167 1157/3890/1167 1159/3891/1167
o part8
v 3.2743450451682907 8.812420786878075 3.47955625
v 3.2743450451682907 8.812420786878075 -0.5
v 3.5787257596726514 8.415744116732457 3.47955625
v 3.5787257596726514 8.415744116732457 -0.5
v 3.1751758776318866 8.736325608251985 3.47955625
v 3.1751758776318866 8.736325608251985 -0.5
v 3.479556592136247 8.339648938106368 3.47955625
v 3.479556592136247 8.339648938106368 -0.5
vt 0.125 0.9375
vt 0.125 1
vt 0 1
vt 0 0.9375
vt 0.125 0.9375
vt 0.125 1
vt 0 1
vt 0 0.9375
vt 0 0.984375
vt 0.125 0.984375
vt 0.125 1
vt 0 1
vt 0.125 0.890625
vt 0 0.890625
vt 0 0.875
vt 0.125 0.875
vt 0.015625 0.9375
vt 0.015625 1
vt 0 1
vt 0 0.9375
vt 0.125 0.9375
vt 0.125 1
vt 0.109375 1
vt 0.109375 0.9375
vn 0.7933533402912352 0.6087614290087207 0
vn -0.7933533402912352 -0.6087614290087207 0
vn -0.6087614290087207 0.7933533402912352 0
vn 0.6087614290087207 -0.7933533402912352 0
vn 0 0 1
vn 0 0 -1
usemtl m_a0a57bcb-95c0-7f80-7bef-e9aaf1d14c76
f 1167/3892/1168 1165/3893/1168 1164/3894/1168 1166/3895/1168
f 1170/3896/1169 1168/3897/1169 1169/3898/1169 1171/3899/1169
f 1164/3900/1170 1165/3901/1170 1169/3902/1170 1168/3903/1170
f 1167/3904/1171 1166/3905/1171 1170/3906/1171 1171/3907/1171
f 1166/3908/1172 1164/3909/1172 1168/3910/1172 1170/3911/1172
f 1171/3912/1173 1169/3913/1173 1165/3914/1173 1167/3915/1173
o part8
v 2.3694261891534314 8.118052282297633 2.5746374999999997
v 2.3694261891534314 8.118052282297633 -0.5
v 2.673806903657792 7.7213756121520145 2.5746374999999997
v 2.673806903657792 7.7213756121520145 -0.5
v 2.2702570216170272 8.041957103671542 2.5746374999999997
v 2.2702570216170272 8.041957103671542 -0.5
v 2.5746377361213875 7.645280433525925 2.5746374999999997
v 2.5746377361213875 7.645280433525925 -0.5
vt 0.125 0.9375
vt 0.125 1
vt 0 1
vt 0 0.9375
vt 0.125 0.9375
vt 0.125 1
vt 0 1
vt 0 0.9375
vt 0 0.984375
vt 0.125 0.984375
vt 0.125 1
vt 0 1
vt 0.125 0.890625
vt 0 0.890625
vt 0 0.875
vt 0.125 0.875
vt 0.015625 0.9375
vt 0.015625 1
vt 0 1
vt 0 0.9375
vt 0.125 0.9375
vt 0.125 1
vt 0.109375 1
vt 0.109375 0.9375
vn 0.7933533402912352 0.6087614290087207 0
vn -0.7933533402912352 -0.6087614290087207 0
vn -0.6087614290087207 0.7933533402912352 0
vn 0.6087614290087207 -0.7933533402912352 0
vn 0 0 1
vn 0 0 -1
usemtl m_a0a57bcb-95c0-7f80-7bef-e9aaf1d14c76
f 1175/3916/1174 1173/3917/1174 1172/3918/1174 1174/3919/1174
f 1178/3920/1175 1176/3921/1175 1177/3922/1175 1179/3923/1175
f 1172/3924/1176 1173/3925/1176 1177/3926/1176 1176/3927/1176
f 1175/3928/1177 1174/3929/1177 1178/3930/1177 1179/3931/1177
f 1174/3932/1178 1172/3933/1178 1176/3934/1178 1178/3935/1178
f 1179/3936/1179 1177/3937/1179 1173/3938/1179 1175/3939/1179
o part7b
v 2.1998323369848842 8.006201260808755 2.4840225
v 2.1998323369848842 8.006201260808755 -0.5
v 2.5684710053899464 7.668406157000923 2.4840225
v 2.5684710053899464 7.668406157000923 -0.5
v 2.115383561032927 7.914041593707489 2.4840225
v 2.115383561032927 7.914041593707489 -0.5
v 2.484022229437989 7.576246489899658 2.4840225
v 2.484022229437989 7.576246489899658 -0.5
vt 0.125 0.9375
vt 0.125 1
vt 0 1
vt 0 0.9375
vt 0.125 0.9375
vt 0.125 1
vt 0 1
vt 0 0.9375
vt 0 0.984375
vt 0.125 0.984375
vt 0.125 1
vt 0 1
vt 0.125 0.890625
vt 0 0.890625
vt 0 0.875
vt 0.125 0.875
vt 0.015625 0.9375
vt 0.015625 1
vt 0 1
vt 0 0.9375
vt 0.125 0.9375
vt 0.125 1
vt 0.109375 1
vt 0.109375 0.9375
vn 0.6755902076156604 0.7372773368101241 0
vn -0.6755902076156604 -0.7372773368101241 0
vn -0.7372773368101241 0.6755902076156604 0
vn 0.7372773368101241 -0.6755902076156604 0
vn 0 0 1
vn 0 0 -1
usemtl m_a0a57bcb-95c0-7f80-7bef-e9aaf1d14c76
f 1183/3940/1180 1181/3941/1180 1180/3942/1180 1182/3943/1180
f 1186/3944/1181 1184/3945/1181 1185/3946/1181 1187/3947/1181
f 1180/3948/1182 1181/3949/1182 1185/3950/1182 1184/3951/1182
f 1183/3952/1183 1182/3953/1183 1186/3954/1183 1187/3955/1183
f 1182/3956/1184 1180/3957/1184 1184/3958/1184 1186/3959/1184
f 1187/3960/1185 1185/3961/1185 1181/3962/1185 1183/3963/1185
o part7b
v 1.429237256423272 7.165244298509706 1.713426875
v 1.429237256423272 7.165244298509706 -0.5
v 1.797875924828334 6.8274491947018765 1.713426875
v 1.797875924828334 6.8274491947018765 -0.5
v 1.3447884804713146 7.073084631408441 1.713426875
v 1.3447884804713146 7.073084631408441 -0.5
v 1.7134271488763766 6.735289527600611 1.713426875
v 1.7134271488763766 6.735289527600611 -0.5
vt 0.125 0.9375
vt 0.125 1
vt 0 1
vt 0 0.9375
vt 0.125 0.9375
vt 0.125 1
vt 0 1
vt 0 0.9375
vt 0 0.984375
vt 0.125 0.984375
vt 0.125 1
vt 0 1
vt 0.125 0.890625
vt 0 0.890625
vt 0 0.875
vt 0.125 0.875
vt 0.015625 0.9375
vt 0.015625 1
vt 0 1
vt 0 0.9375
vt 0.125 0.9375
vt 0.125 1
vt 0.109375 1
vt 0.109375 0.9375
vn 0.6755902076156604 0.7372773368101241 0
vn -0.6755902076156604 -0.7372773368101241 0
vn -0.7372773368101241 0.6755902076156604 0
vn 0.7372773368101241 -0.6755902076156604 0
vn 0 0 1
vn 0 0 -1
usemtl m_a0a57bcb-95c0-7f80-7bef-e9aaf1d14c76
f 1191/3964/1186 1189/3965/1186 1188/3966/1186 1190/3967/1186
f 1194/3968/1187 1192/3969/1187 1193/3970/1187 1195/3971/1187
f 1188/3972/1188 1189/3973/1188 1193/3974/1188 1192/3975/1188
f 1191/3976/1189 1190/3977/1189 1194/3978/1189 1195/3979/1189
f 1190/3980/1190 1188/3981/1190 1192/3982/1190 1194/3983/1190
f 1195/3984/1191 1193/3985/1191 1189/3986/1191 1191/3987/1191
o part7
v 1.298666020477615 7.0266830283531 1.629375
v 1.298666020477615 7.0266830283531 -0.5
v 1.708242042622111 6.739894810177577 1.629375
v 1.708242042622111 6.739894810177577 -0.5
v 1.2197992604793462 6.914049622263364 1.629375
v 1.2197992604793462 6.914049622263364 -0.5
v 1.629375282623842 6.62726140408784 1.629375
v 1.629375282623842 6.62726140408784 -0.5
vt 0.125 0.9375
vt 0.125 1
vt 0 1
vt 0 0.9375
vt 0.125 0.9375
vt 0.125 1
vt 0 1
vt 0 0.9375
vt 0 0.9828125
vt 0.125 0.9828125
vt 0.125 1
vt 0 1
vt 0.125 0.8921875
vt 0 0.8921875
vt 0 0.875
vt 0.125 0.875
vt 0.0171875 0.9375
vt 0.0171875 1
vt 0 1
vt 0 0.9375
vt 0.125 0.9375
vt 0.125 1
vt 0.1078125 1
vt 0.1078125 0.9375
vn 0.5735764363510463 0.8191520442889917 0
vn -0.5735764363510463 -0.8191520442889917 0
vn -0.8191520442889917 0.5735764363510463 0
vn 0.8191520442889917 -0.5735764363510463 0
vn 0 0 1
vn 0 0 -1
usemtl m_a0a57bcb-95c0-7f80-7bef-e9aaf1d14c76
f 1199/3988/1192 1197/3989/1192 1196/3990/1192 1198/3991/1192
f 1202/3992/1193 1200/3993/1193 1201/3994/1193 1203/3995/1193
f 1196/3996/1194 1197/3997/1194 1201/3998/1194 1200/3999/1194
f 1199/4000/1195 1198/4001/1195 1202/4002/1195 1203/4003/1195
f 1198/4004/1196 1196/4005/1196 1200/4006/1196 1202/4007/1196
f 1203/4008/1197 1201/4009/1197 1197/4010/1197 1199/4011/1197
o part7
v 0.7967866386704495 6.3099249896002325 1.127495625
v 0.7967866386704495 6.3099249896002325 -0.5
v 1.2063626608149454 6.023136771424709 1.127495625
v 1.2063626608149454 6.023136771424709 -0.5
v 0.7179198786721807 6.197291583510496 1.127495625
v 0.7179198786721807 6.197291583510496 -0.5
v 1.1274959008166765 5.910503365334973 1.127495625
v 1.1274959008166765 5.910503365334973 -0.5
vt 0.125 0.9375
vt 0.125 1
vt 0 1
vt 0 0.9375
vt 0.125 0.9375
vt 0.125 1
vt 0 1
vt 0 0.9375
vt 0 0.9828125
vt 0.125 0.9828125
vt 0.125 1
vt 0 1
vt 0.125 0.8921875
vt 0 0.8921875
vt 0 0.875
vt 0.125 0.875
vt 0.0171875 0.9375
vt 0.0171875 1
vt 0 1
vt 0 0.9375
vt 0.125 0.9375
vt 0.125 1
vt 0.1078125 1
vt 0.1078125 0.9375
vn 0.5735764363510463 0.8191520442889917 0
vn -0.5735764363510463 -0.8191520442889917 0
vn -0.8191520442889917 0.5735764363510463 0
vn 0.8191520442889917 -0.5735764363510463 0
vn 0 0 1
vn 0 0 -1
usemtl m_a0a57bcb-95c0-7f80-7bef-e9aaf1d14c76
f 1207/4012/1198 1205/4013/1198 1204/4014/1198 1206/4015/1198
f 1210/4016/1199 1208/4017/1199 1209/4018/1199 1211/4019/1199
f 1204/4020/1200 1205/4021/1200 1209/4022/1200 1208/4023/1200
f 1207/4024/1201 1206/4025/1201 1210/4026/1201 1211/4027/1201
f 1206/4028/1202 1204/4029/1202 1208/4030/1202 1210/4031/1202
f 1211/4032/1203 1209/4033/1203 1205/4034/1203 1207/4035/1203
o part6
v 0.6663419663305258 6.080649259177884 1.0934356250000001
v 0.6663419663305258 6.080649259177884 -0.5
v 1.1361882767234799 5.90963918751505 1.0934356250000001
v 1.1361882767234799 5.90963918751505 -0.5
v 0.6235894484148172 5.963187681579646 1.0934356250000001
v 0.6235894484148172 5.963187681579646 -0.5
v 1.0934357588077712 5.792177609916811 1.0934356250000001
v 1.0934357588077712 5.792177609916811 -0.5
vt 0.125 0.9375
vt 0.125 1
vt 0 1
vt 0 0.9375
vt 0.125 0.9375
vt 0.125 1
vt 0 1
vt 0 0.9375
vt 0 0.984375
vt 0.125 0.984375
vt 0.125 1
vt 0 1
vt 0.125 0.890625
vt 0 0.890625
vt 0 0.875
vt 0.125 0.875
vt 0.015625 0.9375
vt 0.015625 1
vt 0 1
vt 0 0.9375
vt 0.125 0.9375
vt 0.125 1
vt 0.109375 1
vt 0.109375 0.9375
vn 0.3420201433256689 0.9396926207859083 0
vn -0.3420201433256689 -0.9396926207859083 0
vn -0.9396926207859083 0.3420201433256689 0
vn 0.9396926207859083 -0.3420201433256689 0
vn 0 0 1
vn 0 0 -1
usemtl m_a0a57bcb-95c0-7f80-7bef-e9aaf1d14c76
f 1215/4036/1204 1213/4037/1204 1212/4038/1204 1214/4039/1204
f 1218/4040/1205 1216/4041/1205 1217/4042/1205 1219/4043/1205
f 1212/4044/1206 1213/4045/1206 1217/4046/1206 1216/4047/1206
f 1215/4048/1207 1214/4049/1207 1218/4050/1207 1219/4051/1207
f 1214/4052/1208 1212/4053/1208 1216/4054/1208 1218/4055/1208
f 1219/4056/1209 1217/4057/1209 1213/4058/1209 1215/4059/1209
o part6
v 0.3670743409205655 5.258418215990214 0.794168125
v 0.3670743409205655 5.258418215990214 -0.5
v 0.8369206513135197 5.08740814432738 0.794168125
v 0.8369206513135197 5.08740814432738 -0.5
v 0.3243218230048569 5.140956638391976 0.794168125
v 0.3243218230048569 5.140956638391976 -0.5
v 0.7941681333978111 4.969946566729141 0.794168125
v 0.7941681333978111 4.969946566729141 -0.5
vt 0.125 0.9375
vt 0.125 1
vt 0 1
vt 0 0.9375
vt 0.125 0.9375
vt 0.125 1
vt 0 1
vt 0 0.9375
vt 0 0.984375
vt 0.125 0.984375
vt 0.125 1
vt 0 1
vt 0.125 0.890625
vt 0 0.890625
vt 0 0.875
vt 0.125 0.875
vt 0.015625 0.9375
vt 0.015625 1
vt 0 1
vt 0 0.9375
vt 0.125 0.9375
vt 0.125 1
vt 0.109375 1
vt 0.109375 0.9375
vn 0.3420201433256689 0.9396926207859083 0
vn -0.3420201433256689 -0.9396926207859083 0
vn -0.9396926207859083 0.3420201433256689 0
vn 0.9396926207859083 -0.3420201433256689 0
vn 0 0 1
vn 0 0 -1
usemtl m_a0a57bcb-95c0-7f80-7bef-e9aaf1d14c76
f 1223/4060/1210 1221/4061/1210 1220/4062/1210 1222/4063/1210
f 1226/4064/1211 1224/4065/1211 1225/4066/1211 1227/4067/1211
f 1220/4068/1212 1221/4069/1212 1225/4070/1212 1224/4071/1212
f 1223/4072/1213 1222/4073/1213 1226/4074/1213 1227/4075/1213
f 1222/4076/1214 1220/4077/1214 1224/4078/1214 1226/4079/1214
f 1227/4080/1215 1225/4081/1215 1221/4082/1215 1223/4083/1215
o part5
v 0.30353102478356464 5.056243899761524 0.77422875
v 0.30353102478356464 5.056243899761524 -0.5
v 0.7959349012896686 4.969419810928059 0.77422875
v 0.7959349012896686 4.969419810928059 -0.5
v 0.2818250025751983 4.9331429306349985 0.77422875
v 0.2818250025751983 4.9331429306349985 -0.5
v 0.7742288790813022 4.8463188418015335 0.77422875
v 0.7742288790813022 4.8463188418015335 -0.5
vt 0.125 0.9375
vt 0.125 1
vt 0 1
vt 0 0.9375
vt 0.125 0.9375
vt 0.125 1
vt 0 1
vt 0 0.9375
vt 0 0.984375
vt 0.125 0.984375
vt 0.125 1
vt 0 1
vt 0.125 0.890625
vt 0 0.890625
vt 0 0.875
vt 0.125 0.875
vt 0.015625 0.9375
vt 0.015625 1
vt 0 1
vt 0 0.9375
vt 0.125 0.9375
vt 0.125 1
vt 0.109375 1
vt 0.109375 0.9375
vn 0.17364817766693055 0.9848077530122081 0
vn -0.17364817766693055 -0.9848077530122081 0
vn -0.9848077530122081 0.17364817766693055 0
vn 0.9848077530122081 -0.17364817766693055 0
vn 0 0 1
vn 0 0 -1
usemtl m_a0a57bcb-95c0-7f80-7bef-e9aaf1d14c76
f 1231/4084/1216 1229/4085/1216 1228/4086/1216 1230/4087/1216
f 1234/4088/1217 1232/4089/1217 1233/4090/1217 1235/4091/1217
f 1228/4092/1218 1229/4093/1218 1233/4094/1218 1232/4095/1218
f 1231/4096/1219 1230/4097/1219 1234/4098/1219 1235/4099/1219
f 1230/4100/1220 1228/4101/1220 1232/4102/1220 1234/4103/1220
f 1235/4104/1221 1233/4105/1221 1229/4106/1221 1231/4107/1221
o part5
v 0.15158886932500043 4.194537115875843 0.622286875
v 0.15158886932500043 4.194537115875843 -0.5
v 0.6439927458311043 4.107713027042378 0.622286875
v 0.6439927458311043 4.107713027042378 -0.5
v 0.12988284711663411 4.071436146749317 0.622286875
v 0.12988284711663411 4.071436146749317 -0.5
v 0.6222867236227381 3.984612057915851 0.622286875
v 0.6222867236227381 3.984612057915851 -0.5
vt 0.125 0.9375
vt 0.125 1
vt 0 1
vt 0 0.9375
vt 0.125 0.9375
vt 0.125 1
vt 0 1
vt 0 0.9375
vt 0 0.984375
vt 0.125 0.984375
vt 0.125 1
vt 0 1
vt 0.125 0.890625
vt 0 0.890625
vt 0 0.875
vt 0.125 0.875
vt 0.015625 0.9375
vt 0.015625 1
vt 0 1
vt 0 0.9375
vt 0.125 0.9375
vt 0.125 1
vt 0.109375 1
vt 0.109375 0.9375
vn 0.17364817766693055 0.9848077530122081 0
vn -0.17364817766693055 -0.9848077530122081 0
vn -0.9848077530122081 0.17364817766693055 0
vn 0.9848077530122081 -0.17364817766693055 0
vn 0 0 1
vn 0 0 -1
usemtl m_a0a57bcb-95c0-7f80-7bef-e9aaf1d14c76
f 1239/4108/1222 1237/4109/1222 1236/4110/1222 1238/4111/1222
f 1242/4112/1223 1240/4113/1223 1241/4114/1223 1243/4115/1223
f 1236/4116/1224 1237/4117/1224 1241/4118/1224 1240/4119/1224
f 1239/4120/1225 1238/4121/1225 1242/4122/1225 1243/4123/1225
f 1238/4124/1226 1236/4125/1226 1240/4126/1226 1242/4127/1226
f 1243/4128/1227 1241/4129/1227 1237/4130/1227 1239/4131/1227
o part4
v 0.13480378926613223 4.056707688275966 0.614210625
v 0.13480378926613223 4.056707688275966 -0.5
v 0.6305262199530375 3.9914445921659403 0.614210625
v 0.6305262199530375 3.9914445921659403 -0.5
v 0.11848801523862562 3.93277708060424 0.614210625
v 0.11848801523862562 3.93277708060424 -0.5
v 0.6142104459255309 3.867513984494214 0.614210625
v 0.6142104459255309 3.867513984494214 -0.5
vt 0.125 0.9375
vt 0.125 1
vt 0 1
vt 0 0.9375
vt 0.125 0.9375
vt 0.125 1
vt 0 1
vt 0 0.9375
vt 0 0.984375
vt 0.125 0.984375
vt 0.125 1
vt 0 1
vt 0.125 0.890625
vt 0 0.890625
vt 0 0.875
vt 0.125 0.875
vt 0.015625 0.9375
vt 0.015625 1
vt 0 1
vt 0 0.9375
vt 0.125 0.9375
vt 0.125 1
vt 0.109375 1
vt 0.109375 0.9375
vn 0.13052619222005135 0.9914448613738105 0
vn -0.13052619222005135 -0.9914448613738105 0
vn -0.9914448613738105 0.13052619222005135 0
vn 0.9914448613738105 -0.13052619222005135 0
vn 0 0 1
vn 0 0 -1
usemtl m_a0a57bcb-95c0-7f80-7bef-e9aaf1d14c76
f 1247/4132/1228 1245/4133/1228 1244/4134/1228 1246/4135/1228
f 1250/4136/1229 1248/4137/1229 1249/4138/1229 1251/4139/1229
f 1244/4140/1230 1245/4141/1230 1249/4142/1230 1248/4143/1230
f 1247/4144/1231 1246/4145/1231 1250/4146/1231 1251/4147/1231
f 1246/4148/1232 1244/4149/1232 1248/4150/1232 1250/4151/1232
f 1251/4152/1233 1249/4153/1233 1245/4154/1233 1247/4155/1233
o part4
v 0.020593164266132336 3.1891939382759658 0.5
v 0.020593164266132336 3.1891939382759658 -0.5
v 0.5163155949530376 3.12393084216594 0.5
v 0.5163155949530376 3.12393084216594 -0.5
v 0.004277390238625722 3.06526333060424 0.5
v 0.004277390238625722 3.06526333060424 -0.5
v 0.49999982092553097 3.000000234494214 0.5
v 0.49999982092553097 3.000000234494214 -0.5
vt 0.125 0.9375
vt 0.125 1
vt 0 1
vt 0 0.9375
vt 0.125 0.9375
vt 0.125 1
vt 0 1
vt 0 0.9375
vt 0 0.984375
vt 0.125 0.984375
vt 0.125 1
vt 0 1
vt 0.125 0.890625
vt 0 0.890625
vt 0 0.875
vt 0.125 0.875
vt 0.015625 0.9375
vt 0.015625 1
vt 0 1
vt 0 0.9375
vt 0.125 0.9375
vt 0.125 1
vt 0.109375 1
vt 0.109375 0.9375
vn 0.13052619222005135 0.9914448613738105 0
vn -0.13052619222005135 -0.9914448613738105 0
vn -0.9914448613738105 0.13052619222005135 0
vn 0.9914448613738105 -0.13052619222005135 0
vn 0 0 1
vn 0 0 -1
usemtl m_a0a57bcb-95c0-7f80-7bef-e9aaf1d14c76
f 1255/4156/1234 1253/4157/1234 1252/4158/1234 1254/4159/1234
f 1258/4160/1235 1256/4161/1235 1257/4162/1235 1259/4163/1235
f 1252/4164/1236 1253/4165/1236 1257/4166/1236 1256/4167/1236
f 1255/4168/1237 1254/4169/1237 1258/4170/1237 1259/4171/1237
f 1254/4172/1238 1252/4173/1238 1256/4174/1238 1258/4175/1238
f 1259/4176/1239 1257/4177/1239 1253/4178/1239 1255/4179/1239
o part3
v 0 3.0000000000000004 0.5
v 0 3.0000000000000004 -0.5
v 0.5 3.0000000000000004 0.5
v 0.5 3.0000000000000004 -0.5
v 0 2.8750000000000004 0.5
v 0 2.8750000000000004 -0.5
v 0.5 2.8750000000000004 0.5
v 0.5 2.8750000000000004 -0.5
vt 0.125 0.9375
vt 0.125 1
vt 0 1
vt 0 0.9375
vt 0.125 0.9375
vt 0.125 1
vt 0 1
vt 0 0.9375
vt 0 0.984375
vt 0.125 0.984375
vt 0.125 1
vt 0 1
vt 0.125 0.890625
vt 0 0.890625
vt 0 0.875
vt 0.125 0.875
vt 0.015625 0.9375
vt 0.015625 1
vt 0 1
vt 0 0.9375
vt 0.125 0.9375
vt 0.125 1
vt 0.109375 1
vt 0.109375 0.9375
vn 2.220446049250313e-16 1 0
vn -2.220446049250313e-16 -1 0
vn -1 2.220446049250313e-16 0
vn 1 -2.220446049250313e-16 0
vn 0 0 1
vn 0 0 -1
usemtl m_a0a57bcb-95c0-7f80-7bef-e9aaf1d14c76
f 1263/4180/1240 1261/4181/1240 1260/4182/1240 1262/4183/1240
f 1266/4184/1241 1264/4185/1241 1265/4186/1241 1267/4187/1241
f 1260/4188/1242 1261/4189/1242 1265/4190/1242 1264/4191/1242
f 1263/4192/1243 1262/4193/1243 1266/4194/1243 1267/4195/1243
f 1262/4196/1244 1260/4197/1244 1264/4198/1244 1266/4199/1244
f 1267/4200/1245 1265/4201/1245 1261/4202/1245 1263/4203/1245
o part3
v 0 2.1250000000000004 0.5
v 0 2.1250000000000004 -0.5
v 0.5 2.1250000000000004 0.5
v 0.5 2.1250000000000004 -0.5
v 0 2.0000000000000004 0.5
v 0 2.0000000000000004 -0.5
v 0.5 2.0000000000000004 0.5
v 0.5 2.0000000000000004 -0.5
vt 0.125 0.9375
vt 0.125 1
vt 0 1
vt 0 0.9375
vt 0.125 0.9375
vt 0.125 1
vt 0 1
vt 0 0.9375
vt 0 0.984375
vt 0.125 0.984375
vt 0.125 1
vt 0 1
vt 0.125 0.890625
vt 0 0.890625
vt 0 0.875
vt 0.125 0.875
vt 0.015625 0.9375
vt 0.015625 1
vt 0 1
vt 0 0.9375
vt 0.125 0.9375
vt 0.125 1
vt 0.109375 1
vt 0.109375 0.9375
vn 2.220446049250313e-16 1 0
vn -2.220446049250313e-16 -1 0
vn -1 2.220446049250313e-16 0
vn 1 -2.220446049250313e-16 0
vn 0 0 1
vn 0 0 -1
usemtl m_a0a57bcb-95c0-7f80-7bef-e9aaf1d14c76
f 1271/4204/1246 1269/4205/1246 1268/4206/1246 1270/4207/1246
f 1274/4208/1247 1272/4209/1247 1273/4210/1247 1275/4211/1247
f 1268/4212/1248 1269/4213/1248 1273/4214/1248 1272/4215/1248
f 1271/4216/1249 1270/4217/1249 1274/4218/1249 1275/4219/1249
f 1270/4220/1250 1268/4221/1250 1272/4222/1250 1274/4223/1250
f 1275/4224/1251 1273/4225/1251 1269/4226/1251 1271/4227/1251
o part2
v 0.011851997434935313 1.891779630268537 0.5
v 0.011851997434935313 1.891779630268537 -0.5
v 0.5000000009949019 1.9999994372375884 0.5
v 0.5000000009949019 1.9999994372375884 -0.5
v 0.03890694917719814 1.7697426293785454 0.5
v 0.03890694917719814 1.7697426293785454 -0.5
v 0.5270549527371647 1.8779624363475969 0.5
v 0.5270549527371647 1.8779624363475969 -0.5
vt 0.125 0.9375
vt 0.125 1
vt 0 1
vt 0 0.9375
vt 0.125 0.9375
vt 0.125 1
vt 0 1
vt 0 0.9375
vt 0 0.984375
vt 0.125 0.984375
vt 0.125 1
vt 0 1
vt 0.125 0.890625
vt 0 0.890625
vt 0 0.875
vt 0.125 0.875
vt 0.015625 0.9375
vt 0.015625 1
vt 0 1
vt 0 0.9375
vt 0.125 0.9375
vt 0.125 1
vt 0.109375 1
vt 0.109375 0.9375
vn -0.21643961393810265 0.9762960071199335 0
vn 0.21643961393810265 -0.9762960071199335 0
vn -0.9762960071199335 -0.21643961393810265 0
vn 0.9762960071199335 0.21643961393810265 0
vn 0 0 1
vn 0 0 -1
usemtl m_a0a57bcb-95c0-7f80-7bef-e9aaf1d14c76
f 1279/4228/1252 1277/4229/1252 1276/4230/1252 1278/4231/1252
f 1282/4232/1253 1280/4233/1253 1281/4234/1253 1283/4235/1253
f 1276/4236/1254 1277/4237/1254 1281/4238/1254 1280/4239/1254
f 1279/4240/1255 1278/4241/1255 1282/4242/1255 1283/4243/1255
f 1278/4244/1256 1276/4245/1256 1280/4246/1256 1282/4247/1256
f 1283/4248/1257 1281/4249/1257 1277/4250/1257 1279/4251/1257
o part2
v 0.2012366596307751 1.0375206240385955 0.6893843749999999
v 0.2012366596307751 1.0375206240385955 -0.5
v 0.6893846631907417 1.1457404310076469 0.6893843749999999
v 0.6893846631907417 1.1457404310076469 -0.5
v 0.22829161137303794 0.915483623148604 0.6893843749999999
v 0.22829161137303794 0.915483623148604 -0.5
v 0.7164396149330046 1.0237034301176553 0.6893843749999999
v 0.7164396149330046 1.0237034301176553 -0.5
vt 0.125 0.9375
vt 0.125 1
vt 0 1
vt 0 0.9375
vt 0.125 0.9375
vt 0.125 1
vt 0 1
vt 0 0.9375
vt 0 0.984375
vt 0.125 0.984375
vt 0.125 1
vt 0 1
vt 0.125 0.890625
vt 0 0.890625
vt 0 0.875
vt 0.125 0.875
vt 0.015625 0.9375
vt 0.015625 1
vt 0 1
vt 0 0.9375
vt 0.125 0.9375
vt 0.125 1
vt 0.109375 1
vt 0.109375 0.9375
vn -0.21643961393810265 0.9762960071199335 0
vn 0.21643961393810265 -0.9762960071199335 0
vn -0.9762960071199335 -0.21643961393810265 0
vn 0.9762960071199335 0.21643961393810265 0
vn 0 0 1
vn 0 0 -1
usemtl m_a0a57bcb-95c0-7f80-7bef-e9aaf1d14c76
f 1287/4252/1258 1285/4253/1258 1284/4254/1258 1286/4255/1258
f 1290/4256/1259 1288/4257/1259 1289/4258/1259 1291/4259/1259
f 1284/4260/1260 1285/4261/1260 1289/4262/1260 1288/4263/1260
f 1287/4264/1261 1286/4265/1261 1290/4266/1261 1291/4267/1261
f 1286/4268/1262 1284/4269/1262 1288/4270/1262 1290/4271/1262
f 1291/4272/1263 1289/4273/1263 1285/4274/1263 1287/4275/1263
o part1
v 0.2857377159852559 0.7812503848726285 0.718750625
v 0.2857377159852559 0.7812503848726285 -0.5
v 0.7187504178774753 1.0312503848726284 0.718750625
v 0.7187504178774753 1.0312503848726284 -0.5
v 0.3482377159852559 0.6729972093995737 0.718750625
v 0.3482377159852559 0.6729972093995737 -0.5
v 0.7812504178774753 0.9229972093995736 0.718750625
v 0.7812504178774753 0.9229972093995736 -0.5
vt 0.125 0.9375
vt 0.125 1
vt 0 1
vt 0 0.9375
vt 0.125 0.9375
vt 0.125 1
vt 0 1
vt 0 0.9375
vt 0 0.984375
vt 0.125 0.984375
vt 0.125 1
vt 0 1
vt 0.125 0.890625
vt 0 0.890625
vt 0 0.875
vt 0.125 0.875
vt 0.015625 0.9375
vt 0.015625 1
vt 0 1
vt 0 0.9375
vt 0.125 0.9375
vt 0.125 1
vt 0.109375 1
vt 0.109375 0.9375
vn -0.4999999999999998 0.8660254037844388 0
vn 0.4999999999999998 -0.8660254037844388 0
vn -0.8660254037844388 -0.4999999999999998 0
vn 0.8660254037844388 0.4999999999999998 0
vn 0 0 1
vn 0 0 -1
usemtl m_a0a57bcb-95c0-7f80-7bef-e9aaf1d14c76
f 1295/4276/1264 1293/4277/1264 1292/4278/1264 1294/4279/1264
f 1298/4280/1265 1296/4281/1265 1297/4282/1265 1299/4283/1265
f 1292/4284/1266 1293/4285/1266 1297/4286/1266 1296/4287/1266
f 1295/4288/1267 1294/4289/1267 1298/4290/1267 1299/4291/1267
f 1294/4292/1268 1292/4293/1268 1296/4294/1268 1298/4295/1268
f 1299/4296/1269 1297/4297/1269 1293/4298/1269 1295/4299/1269
o part1
v 0.7232377159852557 0.023478156561244634 1.156250625
v 0.7232377159852557 0.023478156561244634 -0.5
v 1.156250417877475 0.2734781565612445 1.156250625
v 1.156250417877475 0.2734781565612445 -0.5
v 0.7857377159852557 -0.08477501891181016 1.156250625
v 0.7857377159852557 -0.08477501891181016 -0.5
v 1.218750417877475 0.16522498108818973 1.156250625
v 1.218750417877475 0.16522498108818973 -0.5
vt 0.125 0.9375
vt 0.125 1
vt 0 1
vt 0 0.9375
vt 0.125 0.9375
vt 0.125 1
vt 0 1
vt 0 0.9375
vt 0 0.984375
vt 0.125 0.984375
vt 0.125 1
vt 0 1
vt 0.125 0.890625
vt 0 0.890625
vt 0 0.875
vt 0.125 0.875
vt 0.015625 0.9375
vt 0.015625 1
vt 0 1
vt 0 0.9375
vt 0.125 0.9375
vt 0.125 1
vt 0.109375 1
vt 0.109375 0.9375
vn -0.4999999999999998 0.8660254037844388 0
vn 0.4999999999999998 -0.8660254037844388 0
vn -0.8660254037844388 -0.4999999999999998 0
vn 0.8660254037844388 0.4999999999999998 0
vn 0 0 1
vn 0 0 -1
usemtl m_a0a57bcb-95c0-7f80-7bef-e9aaf1d14c76
f 1303/4300/1270 1301/4301/1270 1300/4302/1270 1302/4303/1270
f 1306/4304/1271 1304/4305/1271 1305/4306/1271 1307/4307/1271
f 1300/4308/1272 1301/4309/1272 1305/4310/1272 1304/4311/1272
f 1303/4312/1273 1302/4313/1273 1306/4314/1273 1307/4315/1273
f 1302/4316/1274 1300/4317/1274 1304/4318/1274 1306/4319/1274
f 1307/4320/1275 1305/4321/1275 1301/4322/1275 1303/4323/1275
o 1-1
v 1.1678325 0.2534175 1.1678325
v 1.122449375 0.253963125 1.1675175
v 1.116833125 0.250720625 1.169389375
v 1.218750625 0.165225 1.218750625
v 0.968750625 0.165225 1.218750625
v 1.156250625 0.273478125 1.156250625
v 1.139853125 0.11967375 1.139853125
v 0.90132875 0.126299375 1.15132875
v 1.218750625 0.165225 0.968750625
v 1.047701875 0.06647 0.79770125
v 0.785065625 0.059174375 0.785065625
v 0.7232375 0.023478125 0.9732375
v 0.7857375 -0.084775 0.7857375
v 0.9732375 0.023478125 0.7232375
v 0.7232375 0.023478125 0.7232375
v 0.81309375 -0.06898125 0.77661875
v 0.776870625 -0.069416875 0.776870625
v 0.775073125 -0.06630375 0.775073125
v 1.169389375 0.250720625 1.116833125
v 1.1675175 0.253963125 1.122449375
v 1.134555 0.116615 0.884555
v 0.850724375 -0.047255 0.850724375
v 0.84662125 -0.04962375 0.765443125
v 1.075265 0.22672125 1.183245625
v 1.080221875 0.229583125 1.080221875
v 1.04671125 0.210235625 1.04671125
v 0.77661875 -0.06898125 0.81309375
vt 0 1
vt 0 1
vt 0 1
vt 0 1
vt 0 1
vt 0 1
vt 0 1
vt 0 1
vt 0 1
vt 0 1
vt 0 1
vt 0 1
vt 0 1
vt 0 1
vt 0 1
vt 0 1
vt 0 1
vt 0 1
vt 0 1
vt 0 1
vt 0 1
vt 0 1
vt 0 1
vt 0 1
vt 0 1
vt 0 1
vt 0 1
vt 0 1
vt 0 1
vt 0 1
vt 0 1
vt 0 1
vt 0 1
vt 0 1
vt 0 1
vt 0 1
vt 0 1
vt 0 1
vt 0 1
vt 0 1
vt 0 1
vt 0 1
vt 0 1
vt 0 1
vt 0 1
vt 0 1
vt 0 1
vt 0 1
vt 0 1
vt 0 1
vt 0 1
vt 0 1
vt 0 1
vt 0 1
vt 0 1
vt 0 1
vt 0 1
vt 0 1
vt 0 1
vt 0 1
vt 0 1
vt 0 1
vt 0 1
vt 0 1
vt 0 1
vt 0 1
vt 0 1
vt 0 1
vt 0 1
vt 0 1
vt 0 1
vt 0 1
vt 0 1
vt 0 1
vt 0 1
vt 0 1
vt 0 1
vt 0 1
vt 0 1
vt 0 1
vt 0 1
vt 0 1
vt 0 1
vt 0 1
vt 0 1
vt 0 1
vt 0 1
vt 0 1
vt 0 1
vt 0 1
vt 0 1
vt 0 1
vt 0 1
vt 0 1
vt 0 1
vt 0 1
vt 0 1
vt 0 1
vt 0 1
vt 0 1
vt 0 1
vt 0 1
vn -2.634885581802695e-7 0.49996363379492037 0.8660463988046538
vn 0 0.5000024910208619 0.8660239655880968
vn -0.000002825027949829328 0.4999999652837296 0.8660254238232783
vn 2.525700335470333e-7 0.49999582758075745 0.8660278127183734
vn -8.315869468037155e-7 -0.8660273390212498 0.4999966480558461
vn 0 -0.8660265581139167 0.4999980006373653
vn 0.000001354320901667639 0.8660257002090207 -0.49999948657537757
vn -0.0000015374835060194335 0.8660260793010492 -0.4999988299667203
vn 9.730955022673895e-7 -0.8660253642758935 0.5000000684298544
vn -5.884228084058889e-7 -0.8660251504912578 0.5000004387160555
vn 0 0.8660268267536402 -0.4999975353369461
vn -0.0000014135515609005832 0.8660249638898443 -0.5000007619170154
vn -0.000008255249337663715 -0.5000320413004145 -0.866006903901344
vn -0.000005494116332046753 -0.5000026343911037 -0.8660238827952559
vn 0 -0.49999862982150267 -0.8660261948559177
vn -0.0000088048051499784 -0.49999778159807845 -0.8660266845308381
vn 0.866046398804654 0.4999636337949204 -2.634885581802695e-7
vn 0.8660239655880968 0.5000024910208619 0
vn 0.8660254238232781 0.4999999652837295 -0.0000028250279498141343
vn 0.8660278127183734 0.49999582758075745 2.525700335470333e-7
vn 0.49999717067005783 -0.86602703729268 0
vn 0.5000008242709902 -0.8660249278899681 -0.000001227290991126882
vn 0.49999926684409485 -0.8660258270697313 -0.0000018856888031188744
vn 0.5000007170213918 -0.8660249898115489 -2.7555249047599315e-8
vn 0.4999995302066597 -0.8660256750174903 -0.0000019025832936425754
vn -0.500002565930945 0.8660239223384485 1.9352268626999476e-8
vn -0.5000005437531329 0.8660250898470478 0.0000014086461471252636
vn -0.49999968547810214 0.8660255853736649 0
vn -0.499999545286855 0.8660256663126453 -8.22935403036545e-7
vn -0.4999983443167867 0.8660263596914287 2.9017732830270985e-7
vn -0.8660266845308381 -0.49999778159807845 -0.0000088048051499784
vn -0.866006903901344 -0.5000320413004145 -0.000008255249337663715
vn -0.866023882795256 -0.5000026343911038 -0.000005494116332046753
vn -0.8660261948559177 -0.49999862982150267 0
usemtl m_a0a57bcb-95c0-7f80-7bef-e9aaf1d14c76
f 1308/4324/1276 1309/4325/1276 1310/4326/1276
f 1311/4327/1277 1310/4328/1277 1312/4329/1277
f 1311/4330/1278 1308/4331/1278 1310/4332/1278
f 1308/4333/1279 1313/4334/1279 1309/4335/1279
f 1314/4336/1280 1312/4337/1280 1315/4338/1280
f 1314/4339/1281 1311/4340/1281 1312/4341/1281
f 1313/4342/1282 1316/4343/1282 1317/4344/1282
f 1317/4345/1283 1318/4346/1283 1313/4347/1283
f 1315/4348/1284 1319/4349/1284 1320/4350/1284
f 1320/4351/1285 1314/4352/1285 1315/4353/1285
f 1321/4354/1286 1322/4355/1286 1318/4356/1286
f 1317/4357/1287 1321/4358/1287 1318/4359/1287
f 1323/4360/1288 1324/4361/1288 1325/4362/1288
f 1323/4363/1289 1325/4364/1289 1322/4365/1289
f 1321/4366/1290 1323/4367/1290 1322/4368/1290
f 1323/4369/1291 1320/4370/1291 1324/4371/1291
f 1308/4372/1292 1326/4373/1292 1327/4374/1292
f 1311/4375/1293 1316/4376/1293 1326/4377/1293
f 1308/4378/1294 1311/4379/1294 1326/4380/1294
f 1308/4381/1295 1327/4382/1295 1313/4383/1295
f 1311/4384/1296 1328/4385/1296 1316/4386/1296
f 1311/4387/1297 1329/4388/1297 1328/4389/1297
f 1329/4390/1298 1330/4391/1298 1321/4392/1298
f 1328/4393/1299 1329/4394/1299 1321/4395/1299
f 1329/4396/1300 1320/4397/1300 1330/4398/1300
f 1331/4399/1301 1332/4400/1301 1333/4401/1301
f 1331/4402/1302 1319/4403/1302 1312/4404/1302
f 1319/4405/1303 1333/4406/1303 1322/4407/1303
f 1319/4408/1304 1331/4409/1304 1333/4410/1304
f 1331/4411/1305 1313/4412/1305 1332/4413/1305
f 1334/4414/1306 1324/4415/1306 1320/4416/1306
f 1334/4417/1307 1325/4418/1307 1324/4419/1307
f 1334/4420/1308 1322/4421/1308 1325/4422/1308
f 1334/4423/1309 1319/4424/1309 1322/4425/1309
o 1-2
v 0.727273125 1.01648875 0.727273125
v 0.693878125 1.01689 0.72704125
v 0.688000625 1.013496875 0.729000625
v 0.781250625 0.9229975 0.781250625
v 0.531250625 0.9229975 0.781250625
v 0.718750625 1.031250625 0.718750625
v 0.72243625 0.889040625 0.72243625
v 0.483911875 0.89566625 0.733911875
v 0.781250625 0.9229975 0.531250625
v 0.588088125 0.811475 0.338088125
v 0.3254525 0.804179375 0.3254525
v 0.2857375 0.781250625 0.5357375
v 0.3482375 0.6729975 0.3482375
v 0.5357375 0.781250625 0.2857375
v 0.2857375 0.781250625 0.2857375
v 0.366285625 0.683416875 0.342221875
v 0.3423875 0.683129375 0.3423875
v 0.340543125 0.686324375 0.340543125
v 0.729000625 1.013496875 0.688000625
v 0.72704125 1.01689 0.693878125
v 0.653629375 0.849315 0.403629375
v 0.39111125 0.697750625 0.39111125
v 0.388404375 0.6961875 0.33484875
v 0.6591575 0.996844375 0.738614375
v 0.662805 0.99895 0.662805
v 0.62486375 0.977045 0.62486375
v 0.342221875 0.683416875 0.366285625
vt 0 1
vt 0 1
vt 0 1
vt 0 1
vt 0 1
vt 0 1
vt 0 1
vt 0 1
vt 0 1
vt 0 1
vt 0 1
vt 0 1
vt 0 1
vt 0 1
vt 0 1
vt 0 1
vt 0 1
vt 0 1
vt 0 1
vt 0 1
vt 0 1
vt 0 1
vt 0 1
vt 0 1
vt 0 1
vt 0 1
vt 0 1
vt 0 1
vt 0 1
vt 0 1
vt 0 1
vt 0 1
vt 0 1
vt 0 1
vt 0 1
vt 0 1
vt 0 1
vt 0 1
vt 0 1
vt 0 1
vt 0 1
vt 0 1
vt 0 1
vt 0 1
vt 0 1
vt 0 1
vt 0 1
vt 0 1
vt 0 1
vt 0 1
vt 0 1
vt 0 1
vt 0 1
vt 0 1
vt 0 1
vt 0 1
vt 0 1
vt 0 1
vt 0 1
vt 0 1
vt 0 1
vt 0 1
vt 0 1
vt 0 1
vt 0 1
vt 0 1
vt 0 1
vt 0 1
vt 0 1
vt 0 1
vt 0 1
vt 0 1
vt 0 1
vt 0 1
vt 0 1
vt 0 1
vt 0 1
vt 0 1
vt 0 1
vt 0 1
vt 0 1
vt 0 1
vt 0 1
vt 0 1
vt 0 1
vt 0 1
vt 0 1
vt 0 1
vt 0 1
vt 0 1
vt 0 1
vt 0 1
vt 0 1
vt 0 1
vt 0 1
vt 0 1
vt 0 1
vt 0 1
vt 0 1
vt 0 1
vt 0 1
vt 0 1
vn -0.000004354485120773875 0.5000732943706139 0.8659830831132674
vn 0 0.5000011589658069 0.8660247346541841
vn 0.0000027567138455092234 0.5000032893348595 0.8660235046733554
vn -0.000005761091872090089 0.499985515103704 0.8660337664625403
vn -4.119620414084625e-7 -0.8660235622956526 0.5000031895384052
vn 0 -0.8660229824244738 0.500004193895031
vn -4.392334436180009e-7 0.8660254413325801 -0.4999999349645127
vn -0.0000014838541583668464 0.866025596595417 -0.49999966603923873
vn -0.0000011484613268690605 -0.8660256704959993 0.4999995380404228
vn -6.545587998475108e-7 -0.8660257457311715 0.49999940772998946
vn 0 0.8660321638694649 -0.4999882910064721
vn -0.0000017641390123165297 0.8660281191949836 -0.4999952967383665
vn 0.000012232407554453907 -0.4999420256700345 -0.8660588726058472
vn 0.000003824399476633273 -0.4999978582394428 -0.8660266403184974
vn 0 -0.5000002197622018 -0.8660252769046352
vn 0.00001343771541529835 -0.5000172102392536 -0.8660154671159066
vn 0.8659830831132674 0.5000732943706139 -0.000004354485120773875
vn 0.8660247346541841 0.5000011589658069 0
vn 0.8660235046733555 0.5000032893348596 0.000002756713845411241
vn 0.8660337664625403 0.499985515103704 -0.000005761091872090089
vn 0.5000017149211815 -0.8660244136719691 0
vn 0.4999986261943773 -0.8660261969489135 0.0000013918270731165246
vn 0.5000025001165201 -0.866023960324405 0.000004611161593959994
vn 0.49999875609684213 -0.8660261219481726 -0.00000224044149081336
vn 0.4999955066813547 -0.8660279979728449 0.000005059803300804966
vn -0.4999914890177832 0.866030317543155 -0.000002425409991462531
vn -0.4999991340548211 0.8660259037374156 -4.709513451378475e-7
vn -0.49999950829813566 0.8660256876684562 0
vn -0.4999996791539195 0.8660255890244966 8.66810998502486e-7
vn -0.5000023415679533 0.866024051869704 -0.000003121601397943021
vn -0.8660154671159066 -0.5000172102392536 0.00001343771541529835
vn -0.8660588726058472 -0.4999420256700345 0.000012232407554453907
vn -0.8660266403184974 -0.4999978582394428 0.000003824399476633273
vn -0.8660252769046352 -0.5000002197622018 0
usemtl m_a0a57bcb-95c0-7f80-7bef-e9aaf1d14c76
f 1335/4426/1310 1336/4427/1310 1337/4428/1310
f 1338/4429/1311 1337/4430/1311 1339/4431/1311
f 1338/4432/1312 1335/4433/1312 1337/4434/1312
f 1335/4435/1313 1340/4436/1313 1336/4437/1313
f 1341/4438/1314 1339/4439/1314 1342/4440/1314
f 1341/4441/1315 1338/4442/1315 1339/4443/1315
f 1340/4444/1316 1343/4445/1316 1344/4446/1316
f 1344/4447/1317 1345/4448/1317 1340/4449/1317
f 1342/4450/1318 1346/4451/1318 1347/4452/1318
f 1347/4453/1319 1341/4454/1319 1342/4455/1319
f 1348/4456/1320 1349/4457/1320 1345/4458/1320
f 1344/4459/1321 1348/4460/1321 1345/4461/1321
f 1350/4462/1322 1351/4463/1322 1352/4464/1322
f 1350/4465/1323 1352/4466/1323 1349/4467/1323
f 1348/4468/1324 1350/4469/1324 1349/4470/1324
f 1350/4471/1325 1347/4472/1325 1351/4473/1325
f 1335/4474/1326 1353/4475/1326 1354/4476/1326
f 1338/4477/1327 1343/4478/1327 1353/4479/1327
f 1335/4480/1328 1338/4481/1328 1353/4482/1328
f 1335/4483/1329 1354/4484/1329 1340/4485/1329
f 1338/4486/1330 1355/4487/1330 1343/4488/1330
f 1338/4489/1331 1356/4490/1331 1355/4491/1331
f 1356/4492/1332 1357/4493/1332 1348/4494/1332
f 1355/4495/1333 1356/4496/1333 1348/4497/1333
f 1356/4498/1334 1347/4499/1334 1357/4500/1334
f 1358/4501/1335 1359/4502/1335 1360/4503/1335
f 1358/4504/1336 1346/4505/1336 1339/4506/1336
f 1346/4507/1337 1360/4508/1337 1349/4509/1337
f 1346/4510/1338 1358/4511/1338 1360/4512/1338
f 1358/4513/1339 1340/4514/1339 1359/4515/1339
f 1361/4516/1340 1351/4517/1340 1347/4518/1340
f 1361/4519/1341 1352/4520/1341 1351/4521/1341
f 1361/4522/1342 1349/4523/1342 1352/4524/1342
f 1361/4525/1343 1346/4526/1343 1349/4527/1343
o 2-1
v 0.692970625 1.129564375 0.692970625
v 0.620830625 1.1305425 0.69275375
v 0.56532625 1.1182375 0.695481875
v 0.716439375 1.02370375 0.716439375
v 0.201236875 1.037520625 0.71337625
v 0.2043 1.02370375 0.716439375
v 0.689384375 1.145740625 0.689384375
v 0.65385625 1.00982875 0.65385625
v 0.2061825 1.015211875 0.6781375
v 0.71337625 1.037520625 0.201236875
v 0.201236875 1.037520625 0.201236875
v 0.241451875 1.04643625 0.241451875
v 0.710150625 1.052071875 0.26687375
v 0.3815875 1.07750375 0.3815875
v 0.212406875 0.987135 0.212406875
v 0.716439375 1.02370375 0.2043
v 0.27573875 0.9260025 0.225959375
v 0.22610875 0.925329375 0.22610875
v 0.228291875 0.91548375 0.228291875
v 0.695481875 1.1182375 0.56532625
v 0.69275375 1.1305425 0.620830625
v 0.27005875 0.924743125 0.27005875
v 0.267688125 0.9242175 0.226355625
v 0.296204375 0.930539375 0.22495375
v 0.624701875 1.131400625 0.69256375
v 0.628193125 1.132174375 0.628193125
v 0.587336875 1.123116875 0.587336875
v 0.225959375 0.9260025 0.27573875
vt 0 1
vt 0 1
vt 0 1
vt 0 1
vt 0 1
vt 0 1
vt 0 1
vt 0 1
vt 0 1
vt 0 1
vt 0 1
vt 0 1
vt 0 1
vt 0 1
vt 0 1
vt 0 1
vt 0 1
vt 0 1
vt 0 1
vt 0 1
vt 0 1
vt 0 1
vt 0 1
vt 0 1
vt 0 1
vt 0 1
vt 0 1
vt 0 1
vt 0 1
vt 0 1
vt 0 1
vt 0 1
vt 0 1
vt 0 1
vt 0 1
vt 0 1
vt 0 1
vt 0 1
vt 0 1
vt 0 1
vt 0 1
vt 0 1
vt 0 1
vt 0 1
vt 0 1
vt 0 1
vt 0 1
vt 0 1
vt 0 1
vt 0 1
vt 0 1
vt 0 1
vt 0 1
vt 0 1
vt 0 1
vt 0 1
vt 0 1
vt 0 1
vt 0 1
vt 0 1
vt 0 1
vt 0 1
vt 0 1
vt 0 1
vt 0 1
vt 0 1
vt 0 1
vt 0 1
vt 0 1
vt 0 1
vt 0 1
vt 0 1
vt 0 1
vt 0 1
vt 0 1
vt 0 1
vt 0 1
vt 0 1
vt 0 1
vt 0 1
vt 0 1
vt 0 1
vt 0 1
vt 0 1
vt 0 1
vt 0 1
vt 0 1
vt 0 1
vt 0 1
vt 0 1
vt 0 1
vt 0 1
vt 0 1
vt 0 1
vt 0 1
vt 0 1
vt 0 1
vt 0 1
vt 0 1
vt 0 1
vt 0 1
vt 0 1
vt 0 1
vt 0 1
vt 0 1
vn -2.068819778078488e-7 0.21645352409452814 0.9762929232085096
vn 0.0000010555522268825715 0.2164399640379872 0.9762959295040212
vn -2.839744557410787e-7 0.21643938947054228 0.9762960568831252
vn 0 0.21643835577084308 0.9762962860480492
vn -3.5532349903683166e-7 0.21644308899637757 0.9762952367115084
vn 5.457195979900197e-7 -0.9762930188149256 0.21645309286989084
vn 0 -0.9762938472090712 0.21644935643635138
vn 0 0.9762951137765737 -0.21644364351023865
vn 4.825130737455454e-7 0.9762963102799191 -0.21643824646670723
vn 6.643380810545674e-7 0.9762956019108509 -0.2164414417090414
vn 0.0000010291868409388458 0.9762958227297279 -0.21644044566444673
vn 0 -0.2164354744089125 -0.9762969248222535
vn 9.573576315195392e-7 -0.21643924717854063 -0.9762960884280292
vn -0.000002900556601764522 -0.21643868834228408 -0.9762962123148172
vn 3.34265172016499e-8 -0.21643579119017337 -0.9762968545948935
vn -2.512832799504605e-7 -0.9762961239562362 0.21643908692277897
vn -0.0000023390259178500038 -0.21647814889916114 -0.976287463324057
vn 0.9762929232085096 0.21645352409452814 -2.068819778078488e-7
vn 0.9762959295040212 0.2164399640379872 0.0000010555522268787302
vn 0.9762960568831253 0.21643938947054228 -2.839744557410787e-7
vn 0.9762962860480492 0.21643835577084308 0
vn 0.9762952367115084 0.21644308899637757 -3.5532349903683166e-7
vn 0.21643524991378316 -0.9762969745889143 0.0000018141252234755466
vn 0.21643885967832438 -0.9762961743336694 0.0000016086929522469345
vn 0.21644089532406038 -0.9762957230384735 0.000002846672108102094
vn 0.21644049561173595 -0.976295811657177 0
vn -0.21643387062913907 0.9762972803574541 -0.0000033358408031122266
vn -0.21643947114507214 0.9762960387763752 0
vn -0.21643981951753635 0.9762959615434057 -0.0000011196299649984247
vn -0.2164431756372834 0.9762952174957673 -0.000003865309779280529
vn -0.9762969248222535 -0.2164354744089125 0
vn -0.9762960884280292 -0.21643924717854063 9.573576315195392e-7
vn -0.9762962123148172 -0.21643868834228408 -0.000002900556601764522
vn -0.9762968545948935 -0.21643579119017334 3.342651720164989e-8
vn -0.976287463324057 -0.21647814889916114 -0.0000023390259178500038
usemtl m_a0a57bcb-95c0-7f80-7bef-e9aaf1d14c76
f 1362/4528/1344 1363/4529/1344 1364/4530/1344
f 1365/4531/1345 1362/4532/1345 1364/4533/1345
f 1364/4534/1346 1366/4535/1346 1367/4536/1346
f 1365/4537/1347 1364/4538/1347 1367/4539/1347
f 1362/4540/1348 1368/4541/1348 1363/4542/1348
f 1369/4543/1349 1367/4544/1349 1370/4545/1349
f 1369/4546/1350 1365/4547/1350 1367/4548/1350
f 1371/4549/1351 1372/4550/1351 1373/4551/1351
f 1374/4552/1352 1371/4553/1352 1373/4554/1352
f 1374/4555/1353 1373/4556/1353 1375/4557/1353
f 1374/4558/1354 1375/4559/1354 1368/4560/1354
f 1371/4561/1355 1376/4562/1355 1372/4563/1355
f 1371/4564/1356 1377/4565/1356 1378/4566/1356
f 1378/4567/1357 1379/4568/1357 1376/4569/1357
f 1371/4570/1358 1378/4571/1358 1376/4572/1358
f 1369/4573/1359 1370/4574/1359 1380/4575/1359
f 1378/4576/1360 1380/4577/1360 1379/4578/1360
f 1362/4579/1361 1381/4580/1361 1382/4581/1361
f 1362/4582/1362 1365/4583/1362 1381/4584/1362
f 1381/4585/1363 1377/4586/1363 1371/4587/1363
f 1381/4588/1364 1365/4589/1364 1377/4590/1364
f 1362/4591/1365 1382/4592/1365 1368/4593/1365
f 1383/4594/1366 1380/4595/1366 1384/4596/1366
f 1383/4597/1367 1384/4598/1367 1385/4599/1367
f 1383/4600/1368 1385/4601/1368 1377/4602/1368
f 1365/4603/1369 1383/4604/1369 1377/4605/1369
f 1386/4606/1370 1387/4607/1370 1388/4608/1370
f 1366/4609/1371 1388/4610/1371 1372/4611/1371
f 1366/4612/1372 1386/4613/1372 1388/4614/1372
f 1386/4615/1373 1368/4616/1373 1387/4617/1373
f 1366/4618/1374 1372/4619/1374 1376/4620/1374
f 1366/4621/1375 1389/4622/1375 1367/4623/1375
f 1389/4624/1376 1376/4625/1376 1379/4626/1376
f 1389/4627/1377 1366/4628/1377 1376/4629/1377
f 1389/4630/1378 1379/4631/1378 1380/4632/1378
o 2-2
v 0.503015 1.98639875 0.503015
v 0.50602625 1.9728175 0.37739
v 0.502833125 1.98722125 0.442361875
v 0.527055 1.8779625 0.527055
v 0.527055 1.8779625 0.014915
v 0.523991875 1.891779375 0.011851875
v 0.5 1.999999375 0.5
v 0.069813125 1.776594375 0.069813125
v 0.06805875 1.776205625 0.037474375
v 0.0969 1.782599375 0.036056875
v 0.44561625 1.987943125 0.502673125
v 0.448551875 1.98859375 0.448551875
v 0.40211375 1.97829875 0.40211375
v 0.011851875 1.891779375 0.523991875
v 0.011851875 1.891779375 0.011851875
v 0.025035 1.832315 0.025035
v 0.03718125 1.77752625 0.074015625
v 0.014915 1.8779625 0.527055
v 0.037291875 1.777028125 0.037291875
v 0.038906875 1.7697425 0.038906875
v 0.442361875 1.98722125 0.502833125
v 0.37739 1.9728175 0.50602625
v 0.474215 1.866248125 0.474215
v 0.01629125 1.871754375 0.499051875
v 0.04120625 1.8982875 0.04120625
v 0.521269375 1.90406 0.067244375
v 0.20237375 1.9340175 0.20237375
v 0.074015625 1.77752625 0.03718125
vt 0 1
vt 0 1
vt 0 1
vt 0 1
vt 0 1
vt 0 1
vt 0 1
vt 0 1
vt 0 1
vt 0 1
vt 0 1
vt 0 1
vt 0 1
vt 0 1
vt 0 1
vt 0 1
vt 0 1
vt 0 1
vt 0 1
vt 0 1
vt 0 1
vt 0 1
vt 0 1
vt 0 1
vt 0 1
vt 0 1
vt 0 1
vt 0 1
vt 0 1
vt 0 1
vt 0 1
vt 0 1
vt 0 1
vt 0 1
vt 0 1
vt 0 1
vt 0 1
vt 0 1
vt 0 1
vt 0 1
vt 0 1
vt 0 1
vt 0 1
vt 0 1
vt 0 1
vt 0 1
vt 0 1
vt 0 1
vt 0 1
vt 0 1
vt 0 1
vt 0 1
vt 0 1
vt 0 1
vt 0 1
vt 0 1
vt 0 1
vt 0 1
vt 0 1
vt 0 1
vt 0 1
vt 0 1
vt 0 1
vt 0 1
vt 0 1
vt 0 1
vt 0 1
vt 0 1
vt 0 1
vt 0 1
vt 0 1
vt 0 1
vt 0 1
vt 0 1
vt 0 1
vt 0 1
vt 0 1
vt 0 1
vt 0 1
vt 0 1
vt 0 1
vt 0 1
vt 0 1
vt 0 1
vt 0 1
vt 0 1
vt 0 1
vt 0 1
vt 0 1
vt 0 1
vt 0 1
vt 0 1
vt 0 1
vt 0 1
vt 0 1
vt 0 1
vt 0 1
vt 0 1
vt 0 1
vt 0 1
vt 0 1
vt 0 1
vt 0 1
vt 0 1
vt 0 1
vn 0.9763042631789268 0.21640236978696173 0.000007017136942234058
vn 0.9762953922978631 0.21644238718841538 0.0000024782412280393
vn 0.9762960531756136 0.21643940619415286 -2.0483158735171648e-7
vn 0.9762962185742815 0.21643866012697255 0
vn 0.9762984818434705 0.21642845075347664 0.0000073881495709261395
vn 0.2164328780858044 -0.976297500384108 -0.000005219039620342986
vn 0.21643976521572253 -0.9762959735823087 5.78976213990578e-7
vn 0.21643969895822862 -0.9762959882714214 0
vn -0.21643495234757906 0.9762970405530261 -0.000003115134545733925
vn -0.216440568384607 0.9762957955237482 0
vn -0.21644071686464025 0.9762957626062257 -4.988105916444727e-7
vn -0.21643398902229982 0.976297254111948 -0.00000306031488531417
vn -0.9762953464030244 -0.21644259421795564 0
vn -0.9762960351903788 -0.21643948732039336 -1.7909077972149956e-7
vn -0.9762955069924778 -0.2164418697946623 -0.000005107976978828981
vn -0.9762963635737076 -0.21643800607200625 -5.736782754082538e-7
vn 0.2164492184572288 -0.9762938777803761 -0.000006149051643643349
vn -0.9763009663520005 -0.21641724300608642 -0.00000545846299146474
vn 0.000007017136942234058 0.21640236978696173 0.9763042631789268
vn 0.0000024782412280544772 0.2164423871884154 0.9762953922978631
vn -2.0483158735171648e-7 0.21643940619415286 0.9762960531756136
vn 0 0.21643866012697255 0.9762962185742815
vn 0.0000073881495709261395 0.21642845075347664 0.9762984818434705
vn -1.3606662444181396e-7 -0.9762961437167684 0.21643899778863449
vn 0 -0.976295893795429 0.21644012511127483
vn -7.999164556315252e-8 -0.9762959252511167 0.21643998322412566
vn 0 0.9762930782421942 -0.2164528248288321
vn 4.1166243877517176e-7 0.97629450897885 -0.21644637150476048
vn 3.7524661693021276e-8 0.9762959666028151 -0.21643979669892835
vn 3.529663730163643e-7 0.9762961239053205 -0.2164390871523041
vn 0 -0.21644259421795564 -0.9762953464030244
vn -1.7909077972149959e-7 -0.2164394873203934 -0.9762960351903789
vn -0.000005107976978828981 -0.2164418697946623 -0.9762955069924778
vn -5.736782754012554e-7 -0.2164380060720063 -0.9762963635737076
vn -0.00000545846299146474 -0.21641724300608642 -0.9763009663520005
usemtl m_a0a57bcb-95c0-7f80-7bef-e9aaf1d14c76
f 1390/4633/1379 1391/4634/1379 1392/4635/1379
f 1390/4636/1380 1393/4637/1380 1391/4638/1380
f 1391/4639/1381 1394/4640/1381 1395/4641/1381
f 1391/4642/1382 1393/4643/1382 1394/4644/1382
f 1390/4645/1383 1392/4646/1383 1396/4647/1383
f 1397/4648/1384 1398/4649/1384 1399/4650/1384
f 1397/4651/1385 1399/4652/1385 1394/4653/1385
f 1393/4654/1386 1397/4655/1386 1394/4656/1386
f 1400/4657/1387 1401/4658/1387 1402/4659/1387
f 1403/4660/1388 1402/4661/1388 1404/4662/1388
f 1403/4663/1389 1400/4664/1389 1402/4665/1389
f 1400/4666/1390 1396/4667/1390 1401/4668/1390
f 1403/4669/1391 1404/4670/1391 1405/4671/1391
f 1403/4672/1392 1406/4673/1392 1407/4674/1392
f 1406/4675/1393 1405/4676/1393 1408/4677/1393
f 1406/4678/1394 1403/4679/1394 1405/4680/1394
f 1397/4681/1395 1409/4682/1395 1398/4683/1395
f 1406/4684/1396 1408/4685/1396 1409/4686/1396
f 1390/4687/1397 1410/4688/1397 1411/4689/1397
f 1393/4690/1398 1390/4691/1398 1411/4692/1398
f 1411/4693/1399 1403/4694/1399 1407/4695/1399
f 1393/4696/1400 1411/4697/1400 1407/4698/1400
f 1390/4699/1401 1396/4700/1401 1410/4701/1401
f 1412/4702/1402 1407/4703/1402 1413/4704/1402
f 1412/4705/1403 1393/4706/1403 1407/4707/1403
f 1412/4708/1404 1413/4709/1404 1409/4710/1404
f 1395/4711/1405 1404/4712/1405 1414/4713/1405
f 1415/4714/1406 1395/4715/1406 1414/4716/1406
f 1415/4717/1407 1414/4718/1407 1416/4719/1407
f 1415/4720/1408 1416/4721/1408 1396/4722/1408
f 1395/4723/1409 1405/4724/1409 1404/4725/1409
f 1395/4726/1410 1394/4727/1410 1417/4728/1410
f 1417/4729/1411 1408/4730/1411 1405/4731/1411
f 1395/4732/1412 1417/4733/1412 1405/4734/1412
f 1417/4735/1413 1409/4736/1413 1408/4737/1413
o 3-1
v 0 2.125 0
v 0.5 2.11111125 0.5
v 0.5 2.055555625 0
v 0.5 2.118055625 0
v 0.5 2 0.5
v 0.5 2 0
v 0.5 2.125 0.5
v 0.5 2.118055625 0
v 0.5 2.125 0
v 0 2 -0.5
v 0.055555625 2 0.5
v 0 2 0.5
v 0.5 2 -0.5
v 0 2 0.5
v 0 2.006944375 0
v 0 2 0
v 0 2.01388875 0.5
v 0 2.069444375 0
v 0 2.125 0.5
v 0 2.118055625 0.5
v 0 2.055555625 0.5
v 0 2 0.5
v 0 2.125 0.5
v 0.5 2 0.444444375
v 0.054179375 2 0.475231875
v 0 2 0.2222225
v 0.5 2.01388875 0
v 0 2.006944375 0
v 0 2.069444375 0
v 0 2.125 0
v 0 2 0
vt 0 1
vt 0 1
vt 0 1
vt 0 1
vt 0 1
vt 0 1
vt 0 1
vt 0 1
vt 0 1
vt 0 1
vt 0 1
vt 0 1
vt 0 1
vt 0 1
vt 0 1
vt 0 1
vt 0 1
vt 0 1
vt 0 1
vt 0 1
vt 0 1
vt 0 1
vt 0 1
vt 0 1
vt 0 1
vt 0 1
vt 0 1
vt 0 1
vt 0 1
vt 0 1
vt 0 1
vt 0 1
vt 0 1
vt 0 1
vt 0 1
vt 0 1
vt 0 1
vt 0 1
vt 0 1
vt 0 1
vt 0 1
vt 0 1
vt 0 1
vt 0 1
vt 0 1
vt 0 1
vt 0 1
vt 0 1
vt 0 1
vt 0 1
vt 0 1
vt 0 1
vt 0 1
vt 0 1
vt 0 1
vt 0 1
vt 0 1
vt 0 1
vt 0 1
vt 0 1
vt 0 1
vt 0 1
vt 0 1
vt 0 1
vt 0 1
vt 0 1
vt 0 1
vt 0 1
vt 0 1
vt 0 1
vt 0 1
vt 0 1
vt 0 1
vt 0 1
vt 0 1
vn 1 0 0
vn 1 0 0
vn 1 0 0
vn 1 0 0
vn 1 0 0
vn 0 -1 0
vn 0 -1 0
vn -1 0 0
vn -1 0 0
vn -1 0 0
vn -1 0 0
vn -1 0 0
vn 0 0 1
vn 0 0 1
vn 0 0 1
vn 0 0 1
vn 0 0 1
vn 0 -1 0
vn 0 -1 0
vn 0 -1 0
vn 0 0 -1
vn 0 0 -1
vn 0 0 -1
vn 0 0 -1
vn 0 0 -1
usemtl m_a0a57bcb-95c0-7f80-7bef-e9aaf1d14c76
f 1419/4738/1414 1420/4739/1414 1421/4740/1414
f 1422/4741/1415 1423/4742/1415 1420/4743/1415
f 1419/4744/1416 1422/4745/1416 1420/4746/1416
f 1424/4747/1417 1425/4748/1417 1426/4749/1417
f 1424/4750/1418 1419/4751/1418 1425/4752/1418
f 1427/4753/1419 1428/4754/1419 1429/4755/1419
f 1430/4756/1420 1422/4757/1420 1428/4758/1420
f 1431/4759/1421 1432/4760/1421 1433/4761/1421
f 1431/4762/1422 1434/4763/1422 1432/4764/1422
f 1434/4765/1423 1435/4766/1423 1432/4767/1423
f 1436/4768/1424 1418/4769/1424 1435/4770/1424
f 1434/4771/1425 1436/4772/1425 1435/4773/1425
f 1419/4774/1426 1437/4775/1426 1438/4776/1426
f 1422/4777/1427 1438/4778/1427 1439/4779/1427
f 1422/4780/1428 1419/4781/1428 1438/4782/1428
f 1424/4783/1429 1440/4784/1429 1437/4785/1429
f 1419/4786/1430 1424/4787/1430 1437/4788/1430
f 1441/4789/1431 1422/4790/1431 1442/4791/1431
f 1423/4792/1432 1443/4793/1432 1433/4794/1432
f 1423/4795/1433 1441/4796/1433 1443/4797/1433
f 1444/4798/1434 1445/4799/1434 1446/4800/1434
f 1426/4801/1435 1446/4802/1435 1447/4803/1435
f 1426/4804/1436 1444/4805/1436 1446/4806/1436
f 1423/4807/1437 1448/4808/1437 1445/4809/1437
f 1444/4810/1438 1423/4811/1438 1445/4812/1438
o 3-2
v 0.5 2.98611125 0.5
v 0.5 2.930555625 0
v 0.5 2.993055625 0
v 0.5 2.875 0.5
v 0.5 2.875 0
v 0.5 3 0.5
v 0.5 2.993055625 0
v 0.5 3 0
v 0 2.875 -0.5
v 0.055555625 2.875 0.5
v 0 2.875 0.5
v 0.5 2.875 -0.5
v 0 2.875 0.5
v 0 2.881944375 0
v 0 2.875 0
v 0 2.88888875 0.5
v 0 2.944444375 0
v 0 3 0.5
v 0 3 0
v 0 2.993055625 0.5
v 0 2.930555625 0.5
v 0 2.875 0.5
v 0 3 0.5
v 0.5 2.875 0.444444375
v 0.054179375 2.875 0.475231875
v 0 2.875 0.2222225
v 0.5 2.88888875 0
v 0 2.881944375 0
v 0 2.944444375 0
v 0 3 0
v 0 2.875 0
vt 0 1
vt 0 1
vt 0 1
vt 0 1
vt 0 1
vt 0 1
vt 0 1
vt 0 1
vt 0 1
vt 0 1
vt 0 1
vt 0 1
vt 0 1
vt 0 1
vt 0 1
vt 0 1
vt 0 1
vt 0 1
vt 0 1
vt 0 1
vt 0 1
vt 0 1
vt 0 1
vt 0 1
vt 0 1
vt 0 1
vt 0 1
vt 0 1
vt 0 1
vt 0 1
vt 0 1
vt 0 1
vt 0 1
vt 0 1
vt 0 1
vt 0 1
vt 0 1
vt 0 1
vt 0 1
vt 0 1
vt 0 1
vt 0 1
vt 0 1
vt 0 1
vt 0 1
vt 0 1
vt 0 1
vt 0 1
vt 0 1
vt 0 1
vt 0 1
vt 0 1
vt 0 1
vt 0 1
vt 0 1
vt 0 1
vt 0 1
vt 0 1
vt 0 1
vt 0 1
vt 0 1
vt 0 1
vt 0 1
vt 0 1
vt 0 1
vt 0 1
vt 0 1
vt 0 1
vt 0 1
vt 0 1
vt 0 1
vt 0 1
vt 0 1
vt 0 1
vt 0 1
vn 1 0 0
vn 1 0 0
vn 1 0 0
vn 1 0 0
vn 1 0 0
vn 0 -1 0
vn 0 -1 0
vn -1 0 0
vn -1 0 0
vn -1 0 0
vn -1 0 0
vn -1 0 0
vn 0 0 1
vn 0 0 1
vn 0 0 1
vn 0 0 1
vn 0 0 1
vn 0 -1 0
vn 0 -1 0
vn 0 -1 0
vn 0 0 -1
vn 0 0 -1
vn 0 0 -1
vn 0 0 -1
vn 0 0 -1
usemtl m_a0a57bcb-95c0-7f80-7bef-e9aaf1d14c76
f 1449/4813/1439 1450/4814/1439 1451/4815/1439
f 1452/4816/1440 1453/4817/1440 1450/4818/1440
f 1449/4819/1441 1452/4820/1441 1450/4821/1441
f 1454/4822/1442 1455/4823/1442 1456/4824/1442
f 1454/4825/1443 1449/4826/1443 1455/4827/1443
f 1457/4828/1444 1458/4829/1444 1459/4830/1444
f 1460/4831/1445 1452/4832/1445 1458/4833/1445
f 1461/4834/1446 1462/4835/1446 1463/4836/1446
f 1461/4837/1447 1464/4838/1447 1462/4839/1447
f 1464/4840/1448 1465/4841/1448 1462/4842/1448
f 1466/4843/1449 1467/4844/1449 1465/4845/1449
f 1464/4846/1450 1466/4847/1450 1465/4848/1450
f 1449/4849/1451 1468/4850/1451 1469/4851/1451
f 1452/4852/1452 1469/4853/1452 1470/4854/1452
f 1452/4855/1453 1449/4856/1453 1469/4857/1453
f 1454/4858/1454 1471/4859/1454 1468/4860/1454
f 1449/4861/1455 1454/4862/1455 1468/4863/1455
f 1472/4864/1456 1452/4865/1456 1473/4866/1456
f 1453/4867/1457 1474/4868/1457 1463/4869/1457
f 1453/4870/1458 1472/4871/1458 1474/4872/1458
f 1475/4873/1459 1476/4874/1459 1477/4875/1459
f 1456/4876/1460 1477/4877/1460 1478/4878/1460
f 1456/4879/1461 1475/4880/1461 1477/4881/1461
f 1453/4882/1462 1479/4883/1462 1476/4884/1462
f 1475/4885/1463 1453/4886/1463 1476/4887/1463
o 4-1
v 0.5 3 0.5
v 0.508591875 3.065263125 0.0042775
v 0.515389375 3.116893125 0.011074375
v 0.51447625 3.10996125 0.51447625
v 0.516315625 3.123930625 0.01200125
v 0.516315625 3.123930625 0.516315625
v 0.0042775 3.065263125 0.508591875
v 0.0042775 3.065263125 0.0042775
v 0.0336725 3.06139375 0.0336725
v 0.059778125 3.05795625 0.50763
v 0.195948125 3.040029375 0.195948125
v 0.005193125 3.07222 0.005193125
v 0.006109375 3.079176875 0.51042375
v 0.01323625 3.133311875 0.01323625
v 0.01200125 3.123930625 0.516315625
v 0.020593125 3.18919375 0.020593125
v 0.46325875 3.130915625 0.46325875
v 0.4880875 3.127646875 0.012490625
v 0.011074375 3.116893125 0.515389375
v 0.500955625 3.00725875 0.444866875
v 0.447795 3.006873125 0.447795
v 0.400766875 3.013064375 0.400766875
v 0.05093875 3.18519875 0.05093875
v 0.020096875 3.1854225 0.04924
v 0.01960875 3.181715 0.07740375
v 0.211179375 3.1641025 0.211179375
v 0.015836875 3.15306875 0.2949925
v 0.51042375 3.079176875 0.006109375
vt 0 1
vt 0 1
vt 0 1
vt 0 1
vt 0 1
vt 0 1
vt 0 1
vt 0 1
vt 0 1
vt 0 1
vt 0 1
vt 0 1
vt 0 1
vt 0 1
vt 0 1
vt 0 1
vt 0 1
vt 0 1
vt 0 1
vt 0 1
vt 0 1
vt 0 1
vt 0 1
vt 0 1
vt 0 1
vt 0 1
vt 0 1
vt 0 1
vt 0 1
vt 0 1
vt 0 1
vt 0 1
vt 0 1
vt 0 1
vt 0 1
vt 0 1
vt 0 1
vt 0 1
vt 0 1
vt 0 1
vt 0 1
vt 0 1
vt 0 1
vt 0 1
vt 0 1
vt 0 1
vt 0 1
vt 0 1
vt 0 1
vt 0 1
vt 0 1
vt 0 1
vt 0 1
vt 0 1
vt 0 1
vt 0 1
vt 0 1
vt 0 1
vt 0 1
vt 0 1
vt 0 1
vt 0 1
vt 0 1
vt 0 1
vt 0 1
vt 0 1
vt 0 1
vt 0 1
vt 0 1
vt 0 1
vt 0 1
vt 0 1
vt 0 1
vt 0 1
vt 0 1
vt 0 1
vt 0 1
vt 0 1
vt 0 1
vt 0 1
vt 0 1
vt 0 1
vt 0 1
vt 0 1
vt 0 1
vt 0 1
vt 0 1
vt 0 1
vt 0 1
vt 0 1
vt 0 1
vt 0 1
vt 0 1
vt 0 1
vt 0 1
vt 0 1
vt 0 1
vt 0 1
vt 0 1
vt 0 1
vt 0 1
vt 0 1
vt 0 1
vt 0 1
vt 0 1
vn 0.9914441795942063 -0.13053137074154955 -0.000001050395283840152
vn 0.9914453366333953 -0.1305225822097913 0.0000010871998797505727
vn 0.991449473714091 -0.13049115322395954 0.0000015274832477315418
vn 0.9914423639977707 -0.1305451602722668 0
vn -0.1305079520862993 -0.9914472625622809 0
vn -0.1305276022597777 -0.9914446757367666 -0.0000012373179076362292
vn -0.13052726135958426 -0.9914447206175383 -0.0000012564202327714302
vn -0.13052607327151575 -0.9914448770334074 -7.283625777589583e-7
vn -0.9914497474057737 0.13048907375342894 0
vn -0.9914439952305844 0.13053277106091007 6.143510316441471e-7
vn -0.991444395669982 0.13052972954140604 6.569580561047785e-7
vn -0.991445058871102 0.13052469207032352 1.5589162057432664e-7
vn -0.9914451225380393 0.13052420846544308 4.539049851269165e-8
vn 0.13052634501901597 0.991444841257432 4.5841818365223265e-8
vn 0.13052435584764385 0.991445103135092 -6.562269857804798e-8
vn 0.1305249044708185 0.9914450309083624 0
vn -0.000001050395283840152 -0.13053137074154955 0.9914441795942063
vn 0.0000010871998797525113 -0.1305225822097913 0.9914453366333952
vn 0.0000015274832477315418 -0.13049115322395954 0.991449473714091
vn 0 -0.1305451602722668 0.9914423639977707
vn 0.00000209386534212265 -0.9914440832160559 -0.1305321027620794
vn 0.0000024306608574459307 -0.991444874513489 -0.13052609239161395
vn 0 -0.9914448828882819 -0.13052602880131345
vn 0.000002145375847744741 -0.9914449583875813 -0.13052545530755533
vn 0.000004017816967025724 0.9914463466565856 0.13051490981940167
vn 0.0000030793508726648258 0.9914446325384044 0.1305279303494315
vn 0 0.9914448926643098 0.1305259545448928
vn 0.000002628809045455032 0.991444768430597 0.13052689816543409
vn 0.000007919795412524486 0.9914457488959558 0.1305194504026665
vn 0.000003730219477447575 0.9914456709946817 0.13052004233829667
vn 6.569580561047785e-7 0.13052972954140604 -0.991444395669982
vn 1.5589162057432664e-7 0.13052469207032352 -0.991445058871102
vn 4.539049851269166e-8 0.1305242084654431 -0.9914451225380393
vn 0.0000012287084565453454 0.13048891479118824 -0.9914497683267208
vn 0 0.13053285056779407 -0.9914439847629547
usemtl m_a0a57bcb-95c0-7f80-7bef-e9aaf1d14c76
f 1480/4888/1464 1481/4889/1464 1482/4890/1464
f 1483/4891/1465 1480/4892/1465 1482/4893/1465
f 1483/4894/1466 1482/4895/1466 1484/4896/1466
f 1485/4897/1467 1483/4898/1467 1484/4899/1467
f 1486/4900/1468 1487/4901/1468 1488/4902/1468
f 1489/4903/1469 1486/4904/1469 1488/4905/1469
f 1489/4906/1470 1488/4907/1470 1490/4908/1470
f 1489/4909/1471 1490/4910/1471 1480/4911/1471
f 1486/4912/1472 1491/4913/1472 1487/4914/1472
f 1486/4915/1473 1492/4916/1473 1491/4917/1473
f 1492/4918/1474 1493/4919/1474 1491/4920/1474
f 1492/4921/1475 1494/4922/1475 1495/4923/1475
f 1492/4924/1476 1495/4925/1476 1493/4926/1476
f 1496/4927/1477 1497/4928/1477 1495/4929/1477
f 1496/4930/1478 1484/4931/1478 1497/4932/1478
f 1496/4933/1479 1485/4934/1479 1484/4935/1479
f 1480/4936/1480 1498/4937/1480 1486/4938/1480
f 1480/4939/1481 1483/4940/1481 1498/4941/1481
f 1483/4942/1482 1494/4943/1482 1498/4944/1482
f 1483/4945/1483 1485/4946/1483 1494/4947/1483
f 1499/4948/1484 1480/4949/1484 1500/4950/1484
f 1499/4951/1485 1500/4952/1485 1501/4953/1485
f 1481/4954/1486 1501/4955/1486 1487/4956/1486
f 1481/4957/1487 1499/4958/1487 1501/4959/1487
f 1502/4960/1488 1503/4961/1488 1504/4962/1488
f 1505/4963/1489 1506/4964/1489 1494/4965/1489
f 1485/4966/1490 1505/4967/1490 1494/4968/1490
f 1505/4969/1491 1504/4970/1491 1506/4971/1491
f 1505/4972/1492 1502/4973/1492 1504/4974/1492
f 1502/4975/1493 1495/4976/1493 1503/4977/1493
f 1507/4978/1494 1491/4979/1494 1493/4980/1494
f 1507/4981/1495 1495/4982/1495 1484/4983/1495
f 1507/4984/1496 1493/4985/1496 1495/4986/1496
f 1507/4987/1497 1487/4988/1497 1491/4989/1497
f 1507/4990/1498 1481/4991/1498 1487/4992/1498
o 4-2
v 0.614210625 3.86751375 0.614210625
v 0.6228025 3.932776875 0.118488125
v 0.629393125 3.9828375 0.12507875
v 0.628480625 3.975905625 0.628480625
v 0.63052625 3.991444375 0.126211875
v 0.63052625 3.991444375 0.63052625
v 0.118488125 3.932776875 0.6228025
v 0.118488125 3.932776875 0.118488125
v 0.15454 3.928030625 0.15454
v 0.180273125 3.9246425 0.621731875
v 0.303413125 3.90843125 0.303413125
v 0.5715075 3.999214375 0.5715075
v 0.59600125 3.99599 0.12681
v 0.11961125 3.941309375 0.11961125
v 0.1205275 3.94826625 0.624841875
v 0.1268475 3.996275625 0.1268475
v 0.126211875 3.991444375 0.63052625
v 0.13480375 4.056708125 0.13480375
v 0.12507875 3.9828375 0.629393125
v 0.615275 3.87560125 0.552780625
v 0.556043125 3.875171875 0.556043125
v 0.512925625 3.880848125 0.512925625
v 0.171806875 4.05183625 0.171806875
v 0.134198125 4.05210875 0.169735625
v 0.133711875 4.04841125 0.197819375
v 0.318915625 4.03246875 0.318915625
v 0.130369375 4.02302375 0.390660625
v 0.624841875 3.94826625 0.1205275
vt 0 1
vt 0 1
vt 0 1
vt 0 1
vt 0 1
vt 0 1
vt 0 1
vt 0 1
vt 0 1
vt 0 1
vt 0 1
vt 0 1
vt 0 1
vt 0 1
vt 0 1
vt 0 1
vt 0 1
vt 0 1
vt 0 1
vt 0 1
vt 0 1
vt 0 1
vt 0 1
vt 0 1
vt 0 1
vt 0 1
vt 0 1
vt 0 1
vt 0 1
vt 0 1
vt 0 1
vt 0 1
vt 0 1
vt 0 1
vt 0 1
vt 0 1
vt 0 1
vt 0 1
vt 0 1
vt 0 1
vt 0 1
vt 0 1
vt 0 1
vt 0 1
vt 0 1
vt 0 1
vt 0 1
vt 0 1
vt 0 1
vt 0 1
vt 0 1
vt 0 1
vt 0 1
vt 0 1
vt 0 1
vt 0 1
vt 0 1
vt 0 1
vt 0 1
vt 0 1
vt 0 1
vt 0 1
vt 0 1
vt 0 1
vt 0 1
vt 0 1
vt 0 1
vt 0 1
vt 0 1
vt 0 1
vt 0 1
vt 0 1
vt 0 1
vt 0 1
vt 0 1
vt 0 1
vt 0 1
vt 0 1
vt 0 1
vt 0 1
vt 0 1
vt 0 1
vt 0 1
vt 0 1
vt 0 1
vt 0 1
vt 0 1
vt 0 1
vt 0 1
vt 0 1
vt 0 1
vt 0 1
vt 0 1
vt 0 1
vt 0 1
vt 0 1
vt 0 1
vt 0 1
vt 0 1
vt 0 1
vt 0 1
vt 0 1
vt 0 1
vt 0 1
vt 0 1
vn 0.991444820269061 -0.13052650444063377 -3.986302273335479e-7
vn 0.9914449368256119 -0.1305256191053076 -1.8627479729845354e-7
vn 0.9914447395396053 -0.1305271176392138 -2.0726731585449978e-7
vn 0.9914456065206398 -0.1305205321431107 0
vn -0.13052431656606145 -0.9914451083065379 0
vn -0.13052975535269645 -0.9914443922718933 -4.2599382899452053e-7
vn -0.13052454564528118 -0.9914450781478406 -7.179207499739245e-7
vn -0.13052575062502217 -0.9914449195100823 -0.0000011921401343653417
vn 0.13053531580466735 0.9914436601877304 0.0000011541321291274565
vn 0.13052675625791257 0.9914447871166542 0
vn -0.9914478675338595 0.13050335613524647 0
vn -0.9914435448672778 0.13053619168906921 5.664332555413945e-7
vn -0.9914453273070284 0.13052265305489297 7.56088714484158e-7
vn -0.9914452585651429 0.13052317521682996 1.1729470222992338e-7
vn -0.9914445435749263 0.13052860611264772 0.00000133994223497726
vn 0.13052688476598284 0.9914447701979284 6.817057203647353e-7
vn -3.986302273335479e-7 -0.13052650444063377 0.991444820269061
vn -1.8627479729943673e-7 -0.13052561910530755 0.9914449368256119
vn -2.0726731585449978e-7 -0.1305271176392138 0.9914447395396053
vn 0 -0.1305205321431107 0.9914456065206398
vn -0.000002444422796579769 -0.991444674028216 -0.1305276152203405
vn -0.0000019092527971381687 -0.9914459313737201 -0.1305180644924371
vn 0 -0.9914448392603668 -0.13052636018822208
vn 0.000001242329639570005 -0.9914448840444562 -0.13052602001337374
vn -0.000005275125093203728 0.991443940388113 0.13053318750365686
vn 0.0000029003806039044235 0.9914446053970899 0.1305281365093238
vn 0 0.9914448375159686 0.13052637343822548
vn 0.0000011139101588713649 0.9914452129582221 0.13052352163876488
vn -0.000005295852458804424 0.9914439443164308 0.13053315766590562
vn -0.000005669349739715182 0.9914430139692405 0.1305402237605219
vn 7.56088714484158e-7 0.13052265305489297 -0.9914453273070284
vn 1.1729470222992338e-7 0.13052317521682996 -0.9914452585651429
vn 0.00000133994223497726 0.13052860611264772 -0.9914445435749263
vn 0.0000010282720689845154 0.13050322308985624 -0.9914478850459574
vn 0 0.13053626499650636 -0.9914435352155776
usemtl m_a0a57bcb-95c0-7f80-7bef-e9aaf1d14c76
f 1508/4993/1499 1509/4994/1499 1510/4995/1499
f 1511/4996/1500 1508/4997/1500 1510/4998/1500
f 1511/4999/1501 1510/5000/1501 1512/5001/1501
f 1513/5002/1502 1511/5003/1502 1512/5004/1502
f 1514/5005/1503 1515/5006/1503 1516/5007/1503
f 1517/5008/1504 1514/5009/1504 1516/5010/1504
f 1517/5011/1505 1516/5012/1505 1518/5013/1505
f 1517/5014/1506 1518/5015/1506 1508/5016/1506
f 1519/5017/1507 1512/5018/1507 1520/5019/1507
f 1519/5020/1508 1513/5021/1508 1512/5022/1508
f 1514/5023/1509 1521/5024/1509 1515/5025/1509
f 1514/5026/1510 1522/5027/1510 1521/5028/1510
f 1522/5029/1511 1523/5030/1511 1521/5031/1511
f 1522/5032/1512 1524/5033/1512 1525/5034/1512
f 1522/5035/1513 1525/5036/1513 1523/5037/1513
f 1519/5038/1514 1520/5039/1514 1525/5040/1514
f 1508/5041/1515 1526/5042/1515 1514/5043/1515
f 1508/5044/1516 1511/5045/1516 1526/5046/1516
f 1511/5047/1517 1524/5048/1517 1526/5049/1517
f 1511/5050/1518 1513/5051/1518 1524/5052/1518
f 1527/5053/1519 1508/5054/1519 1528/5055/1519
f 1527/5056/1520 1528/5057/1520 1529/5058/1520
f 1509/5059/1521 1529/5060/1521 1515/5061/1521
f 1509/5062/1522 1527/5063/1522 1529/5064/1522
f 1530/5065/1523 1531/5066/1523 1532/5067/1523
f 1533/5068/1524 1534/5069/1524 1524/5070/1524
f 1513/5071/1525 1533/5072/1525 1524/5073/1525
f 1533/5074/1526 1532/5075/1526 1534/5076/1526
f 1533/5077/1527 1530/5078/1527 1532/5079/1527
f 1530/5080/1528 1525/5081/1528 1531/5082/1528
f 1535/5083/1529 1521/5084/1529 1523/5085/1529
f 1535/5086/1530 1525/5087/1530 1512/5088/1530
f 1535/5089/1531 1523/5090/1531 1525/5091/1531
f 1535/5092/1532 1515/5093/1532 1521/5094/1532
f 1535/5095/1533 1509/5096/1533 1515/5097/1533
o 5-1
v 0.622286875 3.984611875 0.622286875
v 0.63759625 4.071435625 0.129883125
v 0.642461875 4.09903125 0.13474875
v 0.64124 4.09210375 0.64124
v 0.6439925 4.107713125 0.136279375
v 0.6439925 4.107713125 0.6439925
v 0.129883125 4.071435625 0.63759625
v 0.129883125 4.071435625 0.129883125
v 0.166339375 4.0650075 0.166339375
v 0.192016875 4.06048 0.635664375
v 0.3139175 4.038985625 0.3139175
v 0.131405625 4.0800725 0.131405625
v 0.132633125 4.08703375 0.64034625
v 0.140935 4.134115 0.140935
v 0.136279375 4.107713125 0.6439925
v 0.15158875 4.194536875 0.15158875
v 0.58465 4.118176875 0.58465
v 0.609121875 4.11386125 0.13736375
v 0.13474875 4.09903125 0.642461875
v 0.62419875 3.9954575 0.56078
v 0.56407 3.9948775 0.56407
v 0.521364375 4.0024075 0.521364375
v 0.189301875 4.1878875 0.189301875
v 0.1504825 4.188261875 0.1871775
v 0.149601875 4.18327 0.21548875
v 0.3345725 4.162271875 0.3345725
v 0.143699375 4.149794375 0.405339375
v 0.64034625 4.08703375 0.132633125
vt 0 1
vt 0 1
vt 0 1
vt 0 1
vt 0 1
vt 0 1
vt 0 1
vt 0 1
vt 0 1
vt 0 1
vt 0 1
vt 0 1
vt 0 1
vt 0 1
vt 0 1
vt 0 1
vt 0 1
vt 0 1
vt 0 1
vt 0 1
vt 0 1
vt 0 1
vt 0 1
vt 0 1
vt 0 1
vt 0 1
vt 0 1
vt 0 1
vt 0 1
vt 0 1
vt 0 1
vt 0 1
vt 0 1
vt 0 1
vt 0 1
vt 0 1
vt 0 1
vt 0 1
vt 0 1
vt 0 1
vt 0 1
vt 0 1
vt 0 1
vt 0 1
vt 0 1
vt 0 1
vt 0 1
vt 0 1
vt 0 1
vt 0 1
vt 0 1
vt 0 1
vt 0 1
vt 0 1
vt 0 1
vt 0 1
vt 0 1
vt 0 1
vt 0 1
vt 0 1
vt 0 1
vt 0 1
vt 0 1
vt 0 1
vt 0 1
vt 0 1
vt 0 1
vt 0 1
vt 0 1
vt 0 1
vt 0 1
vt 0 1
vt 0 1
vt 0 1
vt 0 1
vt 0 1
vt 0 1
vt 0 1
vt 0 1
vt 0 1
vt 0 1
vt 0 1
vt 0 1
vt 0 1
vt 0 1
vt 0 1
vt 0 1
vt 0 1
vt 0 1
vt 0 1
vt 0 1
vt 0 1
vt 0 1
vt 0 1
vt 0 1
vt 0 1
vt 0 1
vt 0 1
vt 0 1
vt 0 1
vt 0 1
vt 0 1
vt 0 1
vt 0 1
vt 0 1
vn 0.9848091035708469 -0.1736405180884238 0.000001403193213023849
vn 0.9848086578509176 -0.17364304599162037 7.914800195609051e-7
vn 0.9848120620637283 -0.17362373804481887 0.0000010637755903047369
vn 0.9848061773737748 -0.17365711331947548 0
vn -0.1736456759243098 -0.9848081941336546 0
vn -0.17364461594729716 -0.9848083810328326 8.45487893341318e-8
vn -0.17364757914544404 -0.984807858547475 2.5171029335096876e-7
vn -0.17364798621271663 -0.984807786770728 9.268916451015941e-8
vn -0.9848158264616302 0.17360238463424577 0
vn -0.9848117629477733 0.17362543465614216 4.05512958113652e-7
vn -0.9848070553774283 0.1736521341038975 2.8965942859815317e-8
vn -0.9848083984419481 0.17364451721188376 -6.761191845760701e-7
vn -0.9848084464900551 0.17364424471113304 -7.37919697436284e-7
vn 0.17364853788964457 0.9848076894943738 -0.0000012416473911146958
vn 0.17363422841417464 0.9848102125378354 -0.0000020488892959453936
vn 0.17364924230155196 0.9848075652878063 0
vn 0.000001403193213023849 -0.1736405180884238 0.9848091035708469
vn 7.91480019564818e-7 -0.17364304599162037 0.9848086578509176
vn 0.0000010637755903047369 -0.17362373804481887 0.9848120620637283
vn 0 -0.17365711331947548 0.9848061773737748
vn -0.0000021655772877226817 -0.9848069106424119 -0.17365295490218194
vn -0.0000016135686731660181 -0.9848086359097722 -0.17364317042409272
vn 0 -0.9848080033039566 -0.17364675818590528
vn -1.7566239763778946e-7 -0.9848079943850393 -0.17364680876792854
vn -0.000005000756348795479 0.9848087446405459 0.17364255369725615
vn 0.000003591080466445443 0.984807546884699 0.17364934663293705
vn 0 0.9848079404468479 0.17364711466891106
vn 0.0000028647245694986135 0.9848078819196395 0.17364744657134124
vn 6.234108695925871e-7 0.9848072865675211 0.17365082298430845
vn -0.00000492079151679603 0.9848089945198252 0.17364113651043883
vn 2.8965942859815324e-8 0.17365213410389752 -0.9848070553774285
vn -6.761191845760701e-7 0.17364451721188376 -0.9848083984419481
vn -7.37919697436284e-7 0.17364424471113304 -0.9848084464900551
vn 7.323558522516e-7 0.17360225942597185 -0.9848158485329436
vn 0 0.17362550399418356 -0.9848117507233378
usemtl m_a0a57bcb-95c0-7f80-7bef-e9aaf1d14c76
f 1536/5098/1534 1537/5099/1534 1538/5100/1534
f 1539/5101/1535 1536/5102/1535 1538/5103/1535
f 1539/5104/1536 1538/5105/1536 1540/5106/1536
f 1541/5107/1537 1539/5108/1537 1540/5109/1537
f 1542/5110/1538 1543/5111/1538 1544/5112/1538
f 1545/5113/1539 1542/5114/1539 1544/5115/1539
f 1545/5116/1540 1544/5117/1540 1546/5118/1540
f 1545/5119/1541 1546/5120/1541 1536/5121/1541
f 1542/5122/1542 1547/5123/1542 1543/5124/1542
f 1542/5125/1543 1548/5126/1543 1547/5127/1543
f 1548/5128/1544 1549/5129/1544 1547/5130/1544
f 1548/5131/1545 1550/5132/1545 1551/5133/1545
f 1548/5134/1546 1551/5135/1546 1549/5136/1546
f 1552/5137/1547 1553/5138/1547 1551/5139/1547
f 1552/5140/1548 1540/5141/1548 1553/5142/1548
f 1552/5143/1549 1541/5144/1549 1540/5145/1549
f 1536/5146/1550 1554/5147/1550 1542/5148/1550
f 1536/5149/1551 1539/5150/1551 1554/5151/1551
f 1539/5152/1552 1550/5153/1552 1554/5154/1552
f 1539/5155/1553 1541/5156/1553 1550/5157/1553
f 1555/5158/1554 1536/5159/1554 1556/5160/1554
f 1555/5161/1555 1556/5162/1555 1557/5163/1555
f 1537/5164/1556 1557/5165/1556 1543/5166/1556
f 1537/5167/1557 1555/5168/1557 1557/5169/1557
f 1558/5170/1558 1559/5171/1558 1560/5172/1558
f 1561/5173/1559 1562/5174/1559 1550/5175/1559
f 1541/5176/1560 1561/5177/1560 1550/5178/1560
f 1561/5179/1561 1560/5180/1561 1562/5181/1561
f 1561/5182/1562 1558/5183/1562 1560/5184/1562
f 1558/5185/1563 1551/5186/1563 1559/5187/1563
f 1563/5188/1564 1547/5189/1564 1549/5190/1564
f 1563/5191/1565 1551/5192/1565 1540/5193/1565
f 1563/5194/1566 1549/5195/1566 1551/5196/1566
f 1563/5197/1567 1543/5198/1567 1547/5199/1567
f 1563/5200/1568 1537/5201/1568 1543/5202/1568
o 5-2
v 0.77422875 4.84631875 0.77422875
v 0.286325 4.958664375 0.79403875
v 0.281825 4.933143125 0.789538125
v 0.792816875 4.951736875 0.792816875
v 0.288221875 4.96942 0.795935
v 0.795935 4.96942 0.795935
v 0.7764 4.8586325 0.704395
v 0.70813 4.85797375 0.70813
v 0.66875875 4.864915625 0.66875875
v 0.789538125 4.933143125 0.281825
v 0.281825 4.933143125 0.281825
v 0.792655625 4.95082375 0.2849425
v 0.283715 4.9438625 0.283715
v 0.29214 4.9916425 0.29214
v 0.30353125 5.05624375 0.30353125
v 0.795935 4.96942 0.288221875
v 0.350038125 5.048043125 0.350038125
v 0.30216625 5.048505 0.34741875
v 0.30129 5.043535 0.375609375
v 0.79403875 4.958664375 0.286325
v 0.327075625 4.925164375 0.327075625
v 0.352258125 4.92072375 0.78734875
v 0.45966625 4.901785 0.45966625
v 0.72871 4.981273125 0.72871
v 0.752736875 4.977036875 0.289564375
v 0.2849425 4.95082375 0.792655625
vt 0 1
vt 0 1
vt 0 1
vt 0 1
vt 0 1
vt 0 1
vt 0 1
vt 0 1
vt 0 1
vt 0 1
vt 0 1
vt 0 1
vt 0 1
vt 0 1
vt 0 1
vt 0 1
vt 0 1
vt 0 1
vt 0 1
vt 0 1
vt 0 1
vt 0 1
vt 0 1
vt 0 1
vt 0 1
vt 0 1
vt 0 1
vt 0 1
vt 0 1
vt 0 1
vt 0 1
vt 0 1
vt 0 1
vt 0 1
vt 0 1
vt 0 1
vt 0 1
vt 0 1
vt 0 1
vt 0 1
vt 0 1
vt 0 1
vt 0 1
vt 0 1
vt 0 1
vt 0 1
vt 0 1
vt 0 1
vt 0 1
vt 0 1
vt 0 1
vt 0 1
vt 0 1
vt 0 1
vt 0 1
vt 0 1
vt 0 1
vt 0 1
vt 0 1
vt 0 1
vt 0 1
vt 0 1
vt 0 1
vt 0 1
vt 0 1
vt 0 1
vt 0 1
vt 0 1
vt 0 1
vt 0 1
vt 0 1
vt 0 1
vt 0 1
vt 0 1
vt 0 1
vt 0 1
vt 0 1
vt 0 1
vt 0 1
vt 0 1
vt 0 1
vt 0 1
vt 0 1
vt 0 1
vt 0 1
vt 0 1
vt 0 1
vt 0 1
vt 0 1
vt 0 1
vt 0 1
vt 0 1
vt 0 1
vt 0 1
vt 0 1
vt 0 1
vt 0 1
vt 0 1
vt 0 1
vn -0.0000037671574495493308 -0.1736677440461887 0.9848043027240062
vn 7.090535411106941e-7 -0.17364889061695754 0.984807627299361
vn 0.0000010383094554333518 -0.173625543710693 0.9848117437206404
vn 0 -0.1736542788841192 0.9848066771835153
vn 0.0000023022707008073876 -0.9848073415011943 -0.17365051143042948
vn 0.0000027470489273013598 -0.9848087317636062 -0.1736426267787135
vn 0 -0.9848074743966183 -0.1736497577670471
vn 0.000004695980861185825 -0.9848077250579893 -0.1736483361396116
vn 5.759603975498695e-8 0.17365010406234427 -0.9848074133347767
vn 0.0000031990653335558962 0.17366583182973763 -0.9848046399386284
vn 2.729045444610733e-7 0.17365266454415187 -0.984806961844118
vn 0 0.17363792839968759 -0.9848095601795633
vn 1.3936260849976128e-7 0.17364430632965855 -0.9848084356255649
vn -6.982563496095909e-8 0.9848069873069052 0.17365252014149543
vn 0.0000016399816415174045 0.9848123307873263 0.17362221380498608
vn 0.000016257284181228825 0.9848075656245898 0.1736492396305561
vn 0 0.9848079511779944 0.17364705380916015
vn 0.9848043027240063 -0.1736677440461887 -0.0000037671574495493308
vn 0.9848076272993612 -0.17364889061695757 7.090535411141854e-7
vn 0.9848117437206404 -0.173625543710693 0.0000010383094554333518
vn 0.9848066771835153 -0.17365427888411916 0
vn -0.17364488322855368 -0.9848083339048984 0
vn -0.17364974822335727 -0.9848074760793218 -4.908255940857516e-7
vn -0.17364811984259199 -0.984807763208025 -5.826878541722256e-7
vn -0.17364863906504827 -0.9848076716548677 -7.581705633287022e-7
vn 0.17364554374251634 0.9848082174403294 6.056366292181004e-7
vn 0.17364169499607374 0.9848088960599871 0
vn 0.1736477817774586 0.9848078228178493 7.318924817823256e-7
vn -0.9848095671100285 0.17363788909251746 2.2986607189969383e-7
vn -0.9848084314234641 0.1736443301615583 0
vn -0.9848074133347767 0.17365010406234427 5.759603975498695e-8
vn -0.9848046399386284 0.17366583182973763 0.0000031990653335558962
vn -0.984806961844118 0.17365266454415187 2.729045444610733e-7
usemtl m_a0a57bcb-95c0-7f80-7bef-e9aaf1d14c76
f 1564/5203/1569 1565/5204/1569 1566/5205/1569
f 1564/5206/1570 1567/5207/1570 1565/5208/1570
f 1567/5209/1571 1568/5210/1571 1565/5211/1571
f 1567/5212/1572 1569/5213/1572 1568/5214/1572
f 1570/5215/1573 1564/5216/1573 1571/5217/1573
f 1570/5218/1574 1571/5219/1574 1572/5220/1574
f 1573/5221/1575 1572/5222/1575 1574/5223/1575
f 1573/5224/1576 1570/5225/1576 1572/5226/1576
f 1575/5227/1577 1576/5228/1577 1577/5229/1577
f 1575/5230/1578 1578/5231/1578 1579/5232/1578
f 1575/5233/1579 1577/5234/1579 1578/5235/1579
f 1573/5236/1580 1574/5237/1580 1576/5238/1580
f 1575/5239/1581 1573/5240/1581 1576/5241/1581
f 1580/5242/1582 1578/5243/1582 1581/5244/1582
f 1580/5245/1583 1581/5246/1583 1582/5247/1583
f 1580/5248/1584 1582/5249/1584 1568/5250/1584
f 1569/5251/1585 1580/5252/1585 1568/5253/1585
f 1564/5254/1586 1573/5255/1586 1583/5256/1586
f 1567/5257/1587 1564/5258/1587 1583/5259/1587
f 1567/5260/1588 1583/5261/1588 1579/5262/1588
f 1569/5263/1589 1567/5264/1589 1579/5265/1589
f 1566/5266/1590 1574/5267/1590 1584/5268/1590
f 1585/5269/1591 1566/5270/1591 1584/5271/1591
f 1585/5272/1592 1584/5273/1592 1586/5274/1592
f 1585/5275/1593 1586/5276/1593 1564/5277/1593
f 1587/5278/1594 1579/5279/1594 1588/5280/1594
f 1587/5281/1595 1569/5282/1595 1579/5283/1595
f 1587/5284/1596 1588/5285/1596 1578/5286/1596
f 1589/5287/1597 1576/5288/1597 1574/5289/1597
f 1566/5290/1598 1589/5291/1598 1574/5292/1598
f 1589/5293/1599 1577/5294/1599 1576/5295/1599
f 1589/5296/1600 1568/5297/1600 1578/5298/1600
f 1589/5299/1601 1578/5300/1601 1577/5301/1601
o 6-1
v 0.8306 5.070041875 0.8306
v 0.507575 5.074258125 0.832134375
v 0.794168125 4.96994625 0.794168125
v 0.836920625 5.087408125 0.836920625
v 0.471445 5.087408125 0.836920625
v 0.803180625 4.99470875 0.726135625
v 0.729958125 4.993316875 0.729958125
v 0.69179 5.007209375 0.69179
v 0.6897975 5.140956875 0.324321875
v 0.804863125 5.09907625 0.4393875
v 0.324321875 5.140956875 0.324321875
v 0.836920625 5.087408125 0.471445
v 0.414833125 5.241035625 0.414833125
v 0.36111875 5.242055625 0.412029375
v 0.328501875 5.15244125 0.6582425
v 0.324321875 5.140956875 0.6897975
v 0.67591875 5.146008125 0.326160625
v 0.648610625 5.1559475 0.329778125
v 0.32825625 5.15176625 0.32825625
v 0.367074375 5.258418125 0.367074375
v 0.832134375 5.074258125 0.507575
v 0.389856875 5.11710375 0.755331875
v 0.36972625 5.124430625 0.36972625
v 0.36769625 5.12517 0.733171875
v 0.7887225 5.104950625 0.423246875
v 0.770589375 5.111550625 0.770589375
v 0.816715 5.0947625 0.816715
v 0.329778125 5.1559475 0.648610625
vt 0 1
vt 0 1
vt 0 1
vt 0 1
vt 0 1
vt 0 1
vt 0 1
vt 0 1
vt 0 1
vt 0 1
vt 0 1
vt 0 1
vt 0 1
vt 0 1
vt 0 1
vt 0 1
vt 0 1
vt 0 1
vt 0 1
vt 0 1
vt 0 1
vt 0 1
vt 0 1
vt 0 1
vt 0 1
vt 0 1
vt 0 1
vt 0 1
vt 0 1
vt 0 1
vt 0 1
vt 0 1
vt 0 1
vt 0 1
vt 0 1
vt 0 1
vt 0 1
vt 0 1
vt 0 1
vt 0 1
vt 0 1
vt 0 1
vt 0 1
vt 0 1
vt 0 1
vt 0 1
vt 0 1
vt 0 1
vt 0 1
vt 0 1
vt 0 1
vt 0 1
vt 0 1
vt 0 1
vt 0 1
vt 0 1
vt 0 1
vt 0 1
vt 0 1
vt 0 1
vt 0 1
vt 0 1
vt 0 1
vt 0 1
vt 0 1
vt 0 1
vt 0 1
vt 0 1
vt 0 1
vt 0 1
vt 0 1
vt 0 1
vt 0 1
vt 0 1
vt 0 1
vt 0 1
vt 0 1
vt 0 1
vt 0 1
vt 0 1
vt 0 1
vt 0 1
vt 0 1
vt 0 1
vt 0 1
vt 0 1
vt 0 1
vt 0 1
vt 0 1
vt 0 1
vt 0 1
vt 0 1
vt 0 1
vt 0 1
vt 0 1
vt 0 1
vt 0 1
vt 0 1
vt 0 1
vt 0 1
vt 0 1
vt 0 1
vn -6.267614417911201e-7 -0.34202033084170036 0.9396925525354243
vn 0 -0.34202275689988004 0.9396916695185744
vn -4.993774594171816e-7 -0.34201171289053195 0.939695689170401
vn 0.000007233205091127482 -0.9396898432764883 -0.34202777429719
vn 0.0000067673309983851454 -0.9396869751686046 -0.34203565406647585
vn -0.0000012303843234509977 -0.939692589677779 -0.34202022879232663
vn 0 -0.9396925875343312 -0.342020234683613
vn -0.0000033344933345316476 -0.9396922867224097 -0.34202106113993885
vn 8.266706530542779e-7 -0.9396931675895632 -0.3420186409902389
vn -0.000008391376996845515 0.9396928232092443 0.34201958706867214
vn -0.0000013807145626223709 0.939692024092683 0.34202178271959555
vn 0.000020316571336878368 0.9396985101603034 0.3420039613655716
vn 0 0.9396932867691129 0.34201831354631007
vn 0 0.34206044674068975 -0.9396779505636811
vn 8.093999467780906e-7 0.3420106992049456 -0.9396960581106474
vn -2.396426598187816e-8 0.3420266182811829 -0.9396902640695696
vn -0.000008602741930063373 0.9396915216984368 0.3420231629203926
vn 7.011224503839211e-8 0.3420202536097399 -0.9396925806457793
vn 0.9396925525354243 -0.34202033084170036 -6.267614417911201e-7
vn 0.9396916695185744 -0.34202275689988004 0
vn 0.939695689170401 -0.34201171289053195 -4.993774594171816e-7
vn -0.3420207132612503 -0.9396924133456737 9.215006909284204e-7
vn -0.34202065280584 -0.9396924353501117 2.0874081952828355e-7
vn -0.34203777612771236 -0.9396862027826727 0.0000012210922703685088
vn -0.34201928879724947 -0.9396929318074249 0.000001338041135870906
vn -0.3420276177090686 -0.9396899002991677 0
vn 0.34202042956945994 0.9396925166016168 -2.0558277118775815e-7
vn 0.34201980805747517 0.9396927427997649 0.0000050776684164478275
vn 0.342025438198195 0.939690693593021 0
vn 0.342016535120255 0.939693934057248 -5.90042121527564e-7
vn 0.34201733836654985 0.939693641702715 -3.883385123360053e-7
vn -0.9396902640695696 0.3420266182811829 -2.396426598187816e-8
vn -0.9396904306871006 0.34202616051274715 0
vn -0.9396925806457793 0.3420202536097399 7.011224503839211e-8
usemtl m_a0a57bcb-95c0-7f80-7bef-e9aaf1d14c76
f 1590/5302/1602 1591/5303/1602 1592/5304/1602
f 1593/5305/1603 1594/5306/1603 1591/5307/1603
f 1590/5308/1604 1593/5309/1604 1591/5310/1604
f 1595/5311/1605 1592/5312/1605 1596/5313/1605
f 1595/5314/1606 1596/5315/1606 1597/5316/1606
f 1597/5317/1607 1598/5318/1607 1599/5319/1607
f 1597/5320/1608 1600/5321/1608 1598/5322/1608
f 1597/5323/1609 1599/5324/1609 1601/5325/1609
f 1595/5326/1610 1597/5327/1610 1601/5328/1610
f 1602/5329/1611 1603/5330/1611 1604/5331/1611
f 1593/5332/1612 1602/5333/1612 1604/5334/1612
f 1594/5335/1613 1604/5336/1613 1605/5337/1613
f 1594/5338/1614 1593/5339/1614 1604/5340/1614
f 1600/5341/1615 1606/5342/1615 1598/5343/1615
f 1600/5344/1616 1607/5345/1616 1606/5346/1616
f 1607/5347/1617 1600/5348/1617 1608/5349/1617
f 1602/5350/1618 1609/5351/1618 1603/5352/1618
f 1607/5353/1619 1608/5354/1619 1609/5355/1619
f 1590/5356/1620 1592/5357/1620 1610/5358/1620
f 1593/5359/1621 1610/5360/1621 1601/5361/1621
f 1593/5362/1622 1590/5363/1622 1610/5364/1622
f 1592/5365/1623 1594/5366/1623 1611/5367/1623
f 1612/5368/1624 1592/5369/1624 1611/5370/1624
f 1612/5371/1625 1611/5372/1625 1613/5373/1625
f 1612/5374/1626 1613/5375/1626 1605/5376/1626
f 1600/5377/1627 1612/5378/1627 1605/5379/1627
f 1614/5380/1628 1609/5381/1628 1615/5382/1628
f 1614/5383/1629 1598/5384/1629 1609/5385/1629
f 1601/5386/1630 1616/5387/1630 1593/5388/1630
f 1601/5389/1631 1615/5390/1631 1616/5391/1631
f 1601/5392/1632 1614/5393/1632 1615/5394/1632
f 1617/5395/1633 1608/5396/1633 1600/5397/1633
f 1605/5398/1634 1617/5399/1634 1600/5400/1634
f 1617/5401/1635 1609/5402/1635 1608/5403/1635
o 6-2
v 1.1284525 5.888385625 1.1284525
v 1.093435625 5.7921775 1.093435625
v 1.1299275 5.892438125 0.8179725
v 1.136188125 5.909639375 1.136188125
v 1.136188125 5.909639375 0.7707125
v 0.7707125 5.909639375 1.136188125
v 0.705608125 5.933335 1.07108375
v 0.6854775 5.9406625 0.6854775
v 0.682605625 5.9417075 1.04808125
v 0.623589375 5.9631875 0.989065
v 0.623589375 5.9631875 0.623589375
v 1.073141875 5.93258625 0.70766625
v 0.666341875 6.080649375 0.666341875
v 1.05500875 5.93918625 1.05500875
v 0.989065 5.9631875 0.623589375
v 1.115245 5.917261875 1.115245
v 0.630418125 5.981949375 0.937518125
v 0.6289525 5.977921875 0.6289525
v 0.8179725 5.892438125 1.1299275
v 1.1045325 5.822665625 1.009670625
v 1.0143775 5.8209525 1.0143775
v 0.979613125 5.833605625 0.979613125
v 1.100546875 5.922611875 0.73507125
v 0.730585 6.057266875 0.730585
v 0.65833125 6.058639375 0.7268125
v 0.62359875 5.96321375 0.98899375
v 0.974679375 5.968423125 0.625495
v 0.937518125 5.981949375 0.630418125
vt 0 1
vt 0 1
vt 0 1
vt 0 1
vt 0 1
vt 0 1
vt 0 1
vt 0 1
vt 0 1
vt 0 1
vt 0 1
vt 0 1
vt 0 1
vt 0 1
vt 0 1
vt 0 1
vt 0 1
vt 0 1
vt 0 1
vt 0 1
vt 0 1
vt 0 1
vt 0 1
vt 0 1
vt 0 1
vt 0 1
vt 0 1
vt 0 1
vt 0 1
vt 0 1
vt 0 1
vt 0 1
vt 0 1
vt 0 1
vt 0 1
vt 0 1
vt 0 1
vt 0 1
vt 0 1
vt 0 1
vt 0 1
vt 0 1
vt 0 1
vt 0 1
vt 0 1
vt 0 1
vt 0 1
vt 0 1
vt 0 1
vt 0 1
vt 0 1
vt 0 1
vt 0 1
vt 0 1
vt 0 1
vt 0 1
vt 0 1
vt 0 1
vt 0 1
vt 0 1
vt 0 1
vt 0 1
vt 0 1
vt 0 1
vt 0 1
vt 0 1
vt 0 1
vt 0 1
vt 0 1
vt 0 1
vt 0 1
vt 0 1
vt 0 1
vt 0 1
vt 0 1
vt 0 1
vt 0 1
vt 0 1
vt 0 1
vt 0 1
vt 0 1
vt 0 1
vt 0 1
vt 0 1
vt 0 1
vt 0 1
vt 0 1
vt 0 1
vt 0 1
vt 0 1
vt 0 1
vt 0 1
vt 0 1
vt 0 1
vt 0 1
vt 0 1
vt 0 1
vt 0 1
vt 0 1
vt 0 1
vt 0 1
vt 0 1
vn 0.9396926757616813 -0.3420199922809346 3.439200531735089e-8
vn 0.9396946924238059 -0.3420144514936889 0
vn 0.9396941354777526 -0.34201598171534364 9.367407908488189e-8
vn -0.3420201012467933 -0.9396926360812187 0.000006153338662635106
vn -0.34201971839873985 -0.9396927754455555 -0.0000013695794277550185
vn -0.3420293452426829 -0.9396892715106527 -8.004250938922673e-7
vn -0.34201730564586225 -0.9396936536117851 -6.924407920128425e-7
vn -0.3420143062586364 -0.9396947452840332 0
vn 0.3420202315572733 0.9396925886722008 -2.1728950337297124e-7
vn 0.3420204763736105 0.9396924995616845 -0.0000029465568547460614
vn 0.3420132449364059 0.9396951315655893 0
vn 0.34202199426910485 0.9396919470953349 6.023001977919917e-7
vn 0.3420192870876143 0.9396929324305922 -2.731277373018159e-7
vn -0.9396936402408793 0.34201734238231046 -7.659795766083179e-7
vn -0.9396873548445059 0.34203461103270355 -0.000001021230055392516
vn -0.9396928467730247 0.34201952243053135 0
vn 3.439200531735089e-8 -0.3420199922809346 0.9396926757616813
vn 0 -0.3420144514936889 0.9396946924238059
vn 9.367407908296114e-8 -0.34201598171534364 0.9396941354777528
vn -4.858759274824479e-7 -0.939692029256977 -0.3420217685333328
vn -2.729232379148212e-7 -0.9396933401845388 -0.3420181667875995
vn 0.000003326200861199383 -0.9396927956541905 -0.3420196628624564
vn 0 -0.9396927672785987 -0.34201974084004183
vn -0.000001837081876209965 -0.939691975007095 -0.34202191757823125
vn 3.539826534320067e-7 -0.9396925028173754 -0.34202046744119224
vn -0.0000073602892131372755 0.9396935630617711 0.3420175543537196
vn -2.3303727713025086e-8 0.9396925868074109 0.34202023668080817
vn -0.0036931279331630673 0.9384942536329784 0.3452751029309064
vn 0 0.939692612889439 0.34202016502103944
vn -0.000007858544315644146 0.9396904958459029 0.34202598140364243
vn 0 0.34202225786847207 -0.9396918511525746
vn 6.155547299914626e-8 0.34201861294992225 -0.9396931777957142
vn -0.000001021230055392516 0.34203461103270355 -0.9396873548445059
vn -7.659795766083179e-7 0.34201734238231046 -0.9396936402408793
usemtl m_a0a57bcb-95c0-7f80-7bef-e9aaf1d14c76
f 1618/5404/1636 1619/5405/1636 1620/5406/1636
f 1621/5407/1637 1620/5408/1637 1622/5409/1637
f 1621/5410/1638 1618/5411/1638 1620/5412/1638
f 1619/5413/1639 1623/5414/1639 1624/5415/1639
f 1625/5416/1640 1619/5417/1640 1624/5418/1640
f 1625/5419/1641 1624/5420/1641 1626/5421/1641
f 1625/5422/1642 1626/5423/1642 1627/5424/1642
f 1628/5425/1643 1625/5426/1643 1627/5427/1643
f 1629/5428/1644 1630/5429/1644 1631/5430/1644
f 1629/5431/1645 1632/5432/1645 1630/5433/1645
f 1622/5434/1646 1633/5435/1646 1621/5436/1646
f 1622/5437/1647 1631/5438/1647 1633/5439/1647
f 1622/5440/1648 1629/5441/1648 1631/5442/1648
f 1634/5443/1649 1630/5444/1649 1635/5445/1649
f 1634/5446/1650 1635/5447/1650 1628/5448/1650
f 1627/5449/1651 1634/5450/1651 1628/5451/1651
f 1618/5452/1652 1636/5453/1652 1619/5454/1652
f 1621/5455/1653 1623/5456/1653 1636/5457/1653
f 1618/5458/1654 1621/5459/1654 1636/5460/1654
f 1637/5461/1655 1619/5462/1655 1638/5463/1655
f 1637/5464/1656 1638/5465/1656 1639/5466/1656
f 1639/5467/1657 1632/5468/1657 1640/5469/1657
f 1639/5470/1658 1628/5471/1658 1632/5472/1658
f 1639/5473/1659 1640/5474/1659 1622/5475/1659
f 1637/5476/1660 1639/5477/1660 1622/5478/1660
f 1641/5479/1661 1642/5480/1661 1643/5481/1661
f 1621/5482/1662 1641/5483/1662 1643/5484/1662
f 1623/5485/1663 1643/5486/1663 1627/5487/1663
f 1623/5488/1664 1621/5489/1664 1643/5490/1664
f 1641/5491/1665 1630/5492/1665 1642/5493/1665
f 1628/5494/1666 1644/5495/1666 1632/5496/1666
f 1628/5497/1667 1645/5498/1667 1644/5499/1667
f 1645/5500/1668 1628/5501/1668 1635/5502/1668
f 1645/5503/1669 1635/5504/1669 1630/5505/1669
o 7-1
v 1.19154 6.0019675 1.19154
v 0.99332875 6.004448125 1.193276875
v 1.127495625 5.910503125 1.127495625
v 1.2063625 6.023136875 1.2063625
v 0.96663875 6.023136875 1.2063625
v 1.164638125 5.9635475 1.051740625
v 1.056655 5.960106875 1.056655
v 1.023421875 5.983376875 1.023421875
v 0.95764375 6.19729125 0.71792
v 1.1431625 6.06739 0.90343875
v 0.71792 6.19729125 0.71792
v 1.2063625 6.023136875 0.96663875
v 0.890924375 6.0761525 1.13064875
v 1.048166875 6.13390625 1.048166875
v 0.858615 6.266631875 0.858615
v 0.76848375 6.269504375 0.854513125
v 0.71792 6.19729125 0.95764375
v 0.95278875 6.200690625 0.7203
v 0.93204875 6.215213125 0.73046875
v 0.728686875 6.212668125 0.728686875
v 0.796786875 6.309925 0.796786875
v 1.193276875 6.004448125 0.99332875
v 0.7874175 6.14862875 1.027141875
v 0.775988125 6.156631875 0.775988125
v 0.774199375 6.157884375 1.013923125
v 1.13208875 6.07514375 1.13208875
v 1.15319125 6.060368125 1.15319125
v 1.142523125 6.0678375 0.902799375
v 0.73046875 6.215213125 0.93204875
vt 0 1
vt 0 1
vt 0 1
vt 0 1
vt 0 1
vt 0 1
vt 0 1
vt 0 1
vt 0 1
vt 0 1
vt 0 1
vt 0 1
vt 0 1
vt 0 1
vt 0 1
vt 0 1
vt 0 1
vt 0 1
vt 0 1
vt 0 1
vt 0 1
vt 0 1
vt 0 1
vt 0 1
vt 0 1
vt 0 1
vt 0 1
vt 0 1
vt 0 1
vt 0 1
vt 0 1
vt 0 1
vt 0 1
vt 0 1
vt 0 1
vt 0 1
vt 0 1
vt 0 1
vt 0 1
vt 0 1
vt 0 1
vt 0 1
vt 0 1
vt 0 1
vt 0 1
vt 0 1
vt 0 1
vt 0 1
vt 0 1
vt 0 1
vt 0 1
vt 0 1
vt 0 1
vt 0 1
vt 0 1
vt 0 1
vt 0 1
vt 0 1
vt 0 1
vt 0 1
vt 0 1
vt 0 1
vt 0 1
vt 0 1
vt 0 1
vt 0 1
vt 0 1
vt 0 1
vt 0 1
vt 0 1
vt 0 1
vt 0 1
vt 0 1
vt 0 1
vt 0 1
vt 0 1
vt 0 1
vt 0 1
vt 0 1
vt 0 1
vt 0 1
vt 0 1
vt 0 1
vt 0 1
vt 0 1
vt 0 1
vt 0 1
vt 0 1
vt 0 1
vt 0 1
vt 0 1
vt 0 1
vt 0 1
vt 0 1
vt 0 1
vt 0 1
vt 0 1
vt 0 1
vt 0 1
vt 0 1
vt 0 1
vt 0 1
vt 0 1
vt 0 1
vt 0 1
vn -3.5346689935350563e-7 -0.5735782543059385 0.8191507713401894
vn 0 -0.5735653002233749 0.8191598417767254
vn -9.789788429944847e-8 -0.5735645514008297 0.8191603660922294
vn -0.000003626129799821478 -0.8191504319189933 -0.5735787390356953
vn -0.000003228105575006963 -0.8191545412540922 -0.5735728702897109
vn 9.581040781885774e-7 -0.8191523767235946 -0.5735759615841378
vn 0 -0.8191524736489986 -0.5735758231609198
vn 0.000002512805699070779 -0.8191508113702536 -0.5735781971319529
vn -0.0000017602317765611258 -0.8191511021032154 -0.5735777819267316
vn 0 0.8191505879043213 0.5735785162782902
vn 0.000002286006905327813 0.8191531726855591 0.5735748248258087
vn 0.000001623587820904137 0.8191537660219577 0.5735739774513903
vn 0.0000028884696095793986 0.8191503191984701 0.5735789000204778
vn -0.0000011028947406035834 0.8191529835748182 0.5735750949084671
vn 0 0.573533099861044 -0.8191823871176566
vn -9.045997145849615e-7 0.5735750405956096 -0.8191530216051983
vn -5.358730998739394e-7 0.5735720844262058 -0.8191550915221674
vn 0.000002818563460858272 0.8191495975102729 0.5735799306904082
vn -6.228077407141516e-7 0.5735767458295519 -0.8191518275894855
vn 0.8191507713401894 -0.5735782543059385 -3.5346689935350563e-7
vn 0.8191598417767254 -0.5735653002233749 0
vn 0.8191603660922295 -0.5735645514008297 -9.789788429813709e-8
vn -0.5735775085648541 -0.8191512935119696 0.000002490368426579751
vn -0.5735768986539563 -0.8191517205806024 -5.898686309954638e-7
vn -0.573584461612145 -0.8191464248820841 -7.694767141724558e-8
vn -0.5735728813485386 -0.8191545335170481 5.279474486606166e-8
vn -0.5735729921724215 -0.8191544559180371 0
vn 0.5735669880173908 0.8191586599837318 -0.000005505945511063283
vn 0.5735749499392037 0.8191530850837395 -1.7929143258785835e-7
vn 0.5735799504120309 0.8191495837057675 0
vn 0.5735770347952008 0.8191516252535568 -3.7897817799051076e-8
vn 0.5735775275297161 0.8191512802327662 -0.0000024327229959411918
vn -0.8191550915221674 0.5735720844262058 -5.358730998739394e-7
vn -0.8191580997284985 0.5735677881900232 0
vn -0.8191518275894853 0.5735767458295519 -6.228077407141516e-7
usemtl m_a0a57bcb-95c0-7f80-7bef-e9aaf1d14c76
f 1646/5506/1670 1647/5507/1670 1648/5508/1670
f 1649/5509/1671 1650/5510/1671 1647/5511/1671
f 1646/5512/1672 1649/5513/1672 1647/5514/1672
f 1651/5515/1673 1648/5516/1673 1652/5517/1673
f 1651/5518/1674 1652/5519/1674 1653/5520/1674
f 1653/5521/1675 1654/5522/1675 1655/5523/1675
f 1653/5524/1676 1656/5525/1676 1654/5526/1676
f 1651/5527/1677 1655/5528/1677 1657/5529/1677
f 1651/5530/1678 1653/5531/1678 1655/5532/1678
f 1649/5533/1679 1658/5534/1679 1650/5535/1679
f 1658/5536/1680 1659/5537/1680 1660/5538/1680
f 1658/5539/1681 1649/5540/1681 1659/5541/1681
f 1660/5542/1682 1661/5543/1682 1662/5544/1682
f 1658/5545/1683 1660/5546/1683 1662/5547/1683
f 1656/5548/1684 1663/5549/1684 1654/5550/1684
f 1656/5551/1685 1664/5552/1685 1663/5553/1685
f 1664/5554/1686 1656/5555/1686 1665/5556/1686
f 1660/5557/1687 1666/5558/1687 1661/5559/1687
f 1664/5560/1688 1665/5561/1688 1666/5562/1688
f 1646/5563/1689 1648/5564/1689 1667/5565/1689
f 1649/5566/1690 1667/5567/1690 1657/5568/1690
f 1649/5569/1691 1646/5570/1691 1667/5571/1691
f 1648/5572/1692 1650/5573/1692 1668/5574/1692
f 1669/5575/1693 1648/5576/1693 1668/5577/1693
f 1669/5578/1694 1668/5579/1694 1670/5580/1694
f 1669/5581/1695 1670/5582/1695 1662/5583/1695
f 1656/5584/1696 1669/5585/1696 1662/5586/1696
f 1657/5587/1697 1671/5588/1697 1672/5589/1697
f 1657/5590/1698 1673/5591/1698 1671/5592/1698
f 1657/5593/1699 1672/5594/1699 1649/5595/1699
f 1673/5596/1700 1666/5597/1700 1671/5598/1700
f 1673/5599/1701 1654/5600/1701 1666/5601/1701
f 1674/5602/1702 1665/5603/1702 1656/5604/1702
f 1662/5605/1703 1674/5606/1703 1656/5607/1703
f 1674/5608/1704 1666/5609/1704 1665/5610/1704
o 7-2
v 1.689059375 6.712499375 1.689059375
v 1.629375 6.62726125 1.629375
v 1.690678125 6.714810625 1.504341875
v 1.708241875 6.739895 1.708241875
v 1.708241875 6.739895 1.468518125
v 1.468518125 6.739895 1.708241875
v 1.313225625 6.848631875 1.55295
v 1.30179625 6.856634375 1.30179625
v 1.29909625 6.858525 1.53882
v 1.219799375 6.914049375 1.459523125
v 1.219799375 6.914049375 1.219799375
v 1.6225575 6.799891875 1.382833125
v 1.29866625 7.026683125 1.29866625
v 1.6121225 6.80719875 1.6121225
v 1.459523125 6.914049375 1.219799375
v 1.695046875 6.749134375 1.695046875
v 1.23666875 6.9381425 1.425115625
v 1.235003125 6.935763125 1.235003125
v 1.504341875 6.714810625 1.690678125
v 1.67797125 6.696663125 1.530259375
v 1.53668875 6.69216125 1.53668875
v 1.505703125 6.7138575 1.505703125
v 1.63314125 6.79248125 1.393416875
v 1.41393 6.7781175 1.653654375
v 1.56761625 6.838361875 1.56761625
v 1.384423125 6.966635 1.384423125
v 1.259409375 6.97061875 1.37873375
v 1.45434125 6.917678125 1.22234
v 1.425115625 6.9381425 1.23666875
vt 0 1
vt 0 1
vt 0 1
vt 0 1
vt 0 1
vt 0 1
vt 0 1
vt 0 1
vt 0 1
vt 0 1
vt 0 1
vt 0 1
vt 0 1
vt 0 1
vt 0 1
vt 0 1
vt 0 1
vt 0 1
vt 0 1
vt 0 1
vt 0 1
vt 0 1
vt 0 1
vt 0 1
vt 0 1
vt 0 1
vt 0 1
vt 0 1
vt 0 1
vt 0 1
vt 0 1
vt 0 1
vt 0 1
vt 0 1
vt 0 1
vt 0 1
vt 0 1
vt 0 1
vt 0 1
vt 0 1
vt 0 1
vt 0 1
vt 0 1
vt 0 1
vt 0 1
vt 0 1
vt 0 1
vt 0 1
vt 0 1
vt 0 1
vt 0 1
vt 0 1
vt 0 1
vt 0 1
vt 0 1
vt 0 1
vt 0 1
vt 0 1
vt 0 1
vt 0 1
vt 0 1
vt 0 1
vt 0 1
vt 0 1
vt 0 1
vt 0 1
vt 0 1
vt 0 1
vt 0 1
vt 0 1
vt 0 1
vt 0 1
vt 0 1
vt 0 1
vt 0 1
vt 0 1
vt 0 1
vt 0 1
vt 0 1
vt 0 1
vt 0 1
vt 0 1
vt 0 1
vt 0 1
vt 0 1
vt 0 1
vt 0 1
vt 0 1
vt 0 1
vt 0 1
vt 0 1
vt 0 1
vt 0 1
vt 0 1
vt 0 1
vt 0 1
vt 0 1
vt 0 1
vt 0 1
vt 0 1
vt 0 1
vt 0 1
vt 0 1
vt 0 1
vt 0 1
vn 0.8191514844775766 -0.573577235841139 0.0000017382173332467056
vn 0.8191599992395937 -0.5735650753365209 0
vn 0.8191531874690172 -0.573574803714536 0.0000017835729168016235
vn -0.5735775843251307 -0.8191512404645677 0.000002260088106055454
vn -0.5735774588594718 -0.8191513283185842 0.0000014865952931953604
vn -0.5735623571737337 -0.8191619024546349 4.6243239227829743e-7
vn -0.5735773067308565 -0.8191514348417718 2.0864290999760646e-7
vn -0.5735775760332986 -0.819151246273706 0
vn 0.5735768255201011 0.8191517717894303 -7.214821521754417e-7
vn 0.5735772637251351 0.8191514649484088 -0.000003234580505514902
vn 0.5735821238280904 0.819148061845267 0
vn 0.5735773915718779 0.8191513754352316 -4.1079828058268684e-7
vn 0.5735770986842272 0.8191515805176048 -7.029550530628851e-7
vn -0.8191503358139114 0.5735788762954327 -0.0000019039289634049578
vn -0.8191582481510251 0.5735675762133671 -0.0000016931794373621078
vn -0.8191650274623797 0.5735578940111964 0
vn 0.0000017382173332467056 -0.573577235841139 0.8191514844775766
vn 0 -0.5735650753365209 0.8191599992395937
vn 0.0000017835729168027104 -0.5735748037145358 0.819153187469017
vn -2.707862247994156e-7 -0.8191505559558704 -0.5735785619050937
vn 1.4891184832168065e-8 -0.8191535054806307 -0.5735743495474623
vn 5.912290985442377e-7 -0.8191521151266526 -0.5735763351840639
vn 0 -0.8191521599957201 -0.5735762711046771
vn 0.0000032059380966467048 -0.8191516212639589 -0.5735770404839698
vn 4.58227845638854e-7 -0.8191520442041863 -0.5735764364719781
vn 0 0.8191526012314972 0.5735756409538952
vn 4.4473743002295734e-7 0.8191524256769214 0.5735758916720768
vn 5.862131331419602e-8 0.8191527497311896 0.5735754288738558
vn 2.259207042713609e-8 0.8191518217645661 0.5735767541487296
vn -5.157483160972392e-7 0.8191523762180112 0.5735759623067551
vn -1.8815041598671908e-7 0.8191496460479858 0.5735798613788882
vn 0 0.5735380958887969 -0.8191788892325371
vn -5.257858911934115e-7 0.573560900650662 -0.819162922283794
vn -0.0000016931794373621078 0.5735675762133671 -0.8191582481510251
vn -0.0000019039289634049578 0.5735788762954327 -0.8191503358139114
usemtl m_a0a57bcb-95c0-7f80-7bef-e9aaf1d14c76
f 1675/5611/1705 1676/5612/1705 1677/5613/1705
f 1678/5614/1706 1677/5615/1706 1679/5616/1706
f 1678/5617/1707 1675/5618/1707 1677/5619/1707
f 1676/5620/1708 1680/5621/1708 1681/5622/1708
f 1682/5623/1709 1676/5624/1709 1681/5625/1709
f 1682/5626/1710 1681/5627/1710 1683/5628/1710
f 1682/5629/1711 1683/5630/1711 1684/5631/1711
f 1685/5632/1712 1682/5633/1712 1684/5634/1712
f 1686/5635/1713 1687/5636/1713 1688/5637/1713
f 1686/5638/1714 1689/5639/1714 1687/5640/1714
f 1679/5641/1715 1690/5642/1715 1678/5643/1715
f 1679/5644/1716 1688/5645/1716 1690/5646/1716
f 1679/5647/1717 1686/5648/1717 1688/5649/1717
f 1691/5650/1718 1687/5651/1718 1692/5652/1718
f 1691/5653/1719 1692/5654/1719 1685/5655/1719
f 1684/5656/1720 1691/5657/1720 1685/5658/1720
f 1675/5659/1721 1693/5660/1721 1676/5661/1721
f 1678/5662/1722 1680/5663/1722 1693/5664/1722
f 1675/5665/1723 1678/5666/1723 1693/5667/1723
f 1694/5668/1724 1676/5669/1724 1695/5670/1724
f 1694/5671/1725 1695/5672/1725 1696/5673/1725
f 1696/5674/1726 1689/5675/1726 1697/5676/1726
f 1696/5677/1727 1685/5678/1727 1689/5679/1727
f 1694/5680/1728 1697/5681/1728 1679/5682/1728
f 1694/5683/1729 1696/5684/1729 1697/5685/1729
f 1678/5686/1730 1698/5687/1730 1680/5688/1730
f 1698/5689/1731 1699/5690/1731 1700/5691/1731
f 1698/5692/1732 1678/5693/1732 1699/5694/1732
f 1700/5695/1733 1701/5696/1733 1684/5697/1733
f 1698/5698/1734 1700/5699/1734 1684/5700/1734
f 1700/5701/1735 1687/5702/1735 1701/5703/1735
f 1685/5704/1736 1702/5705/1736 1689/5706/1736
f 1685/5707/1737 1703/5708/1737 1702/5709/1737
f 1703/5710/1738 1685/5711/1738 1692/5712/1738
f 1703/5713/1739 1692/5714/1739 1687/5715/1739
o 7b-1
v 1.776515 6.8041375 1.776515
v 1.713426875 6.735289375 1.713426875
v 1.77782625 6.805569375 1.636730625
v 1.797875625 6.827449375 1.797875625
v 1.797875625 6.827449375 1.6128525
v 1.6128525 6.827449375 1.797875625
v 1.43148 6.99364625 1.61650375
v 1.423578125 7.0008875 1.423578125
v 1.421540625 7.002754375 1.60656375
v 1.344788125 7.073085 1.529811875
v 1.344788125 7.073085 1.344788125
v 1.714739375 6.90363 1.529715625
v 1.4292375 7.165244375 1.4292375
v 1.70745875 6.91030125 1.70745875
v 1.529811875 7.073085 1.344788125
v 1.788475625 6.836063125 1.788475625
v 1.363624375 7.093640625 1.507379375
v 1.3622625 7.09215375 1.3622625
v 1.636730625 6.805569375 1.77782625
v 1.79226375 6.821324375 1.61953625
v 1.626333125 6.815096875 1.626333125
v 1.596014375 6.84287875 1.596014375
v 1.71249625 6.905685 1.527473125
v 1.577498125 6.859845625 1.762521875
v 1.699303125 6.917774375 1.699303125
v 1.51163375 7.089741875 1.51163375
v 1.365091875 7.095241875 1.50563125
v 1.5272475 7.075434375 1.346941875
v 1.507379375 7.093640625 1.363624375
vt 0 1
vt 0 1
vt 0 1
vt 0 1
vt 0 1
vt 0 1
vt 0 1
vt 0 1
vt 0 1
vt 0 1
vt 0 1
vt 0 1
vt 0 1
vt 0 1
vt 0 1
vt 0 1
vt 0 1
vt 0 1
vt 0 1
vt 0 1
vt 0 1
vt 0 1
vt 0 1
vt 0 1
vt 0 1
vt 0 1
vt 0 1
vt 0 1
vt 0 1
vt 0 1
vt 0 1
vt 0 1
vt 0 1
vt 0 1
vt 0 1
vt 0 1
vt 0 1
vt 0 1
vt 0 1
vt 0 1
vt 0 1
vt 0 1
vt 0 1
vt 0 1
vt 0 1
vt 0 1
vt 0 1
vt 0 1
vt 0 1
vt 0 1
vt 0 1
vt 0 1
vt 0 1
vt 0 1
vt 0 1
vt 0 1
vt 0 1
vt 0 1
vt 0 1
vt 0 1
vt 0 1
vt 0 1
vt 0 1
vt 0 1
vt 0 1
vt 0 1
vt 0 1
vt 0 1
vt 0 1
vt 0 1
vt 0 1
vt 0 1
vt 0 1
vt 0 1
vt 0 1
vt 0 1
vt 0 1
vt 0 1
vt 0 1
vt 0 1
vt 0 1
vt 0 1
vt 0 1
vt 0 1
vt 0 1
vt 0 1
vt 0 1
vt 0 1
vt 0 1
vt 0 1
vt 0 1
vt 0 1
vt 0 1
vt 0 1
vt 0 1
vt 0 1
vt 0 1
vt 0 1
vt 0 1
vt 0 1
vt 0 1
vt 0 1
vt 0 1
vt 0 1
vt 0 1
vn 0.7372769619463827 -0.6755906166934692 -0.000004341672133883265
vn 0.7372765158587063 -0.6755911035258285 0
vn 0.7372913572109625 -0.6755749067021725 -0.000004045712485543722
vn -0.675591026883508 -0.7372765860819456 0.0000031366822483566516
vn -0.6755900706332285 -0.7372774623287125 -0.000001980735854212387
vn -0.675604471365478 -0.7372642662371282 -8.956079230241855e-7
vn -0.6755894523586697 -0.7372780288747027 -5.879643559731613e-7
vn -0.6755890214301619 -0.7372784237471189 0
vn 0.6755901881298636 0.7372773546650357 8.847663937852467e-7
vn 0.675590242400149 0.7372773049357663 6.010811634289136e-7
vn 0.6756003103614483 0.7372680792218763 0
vn 0.6755899546749212 0.7372775685868235 -0.0000010196975521751187
vn 0.6755910759139939 0.7372765411597377 9.516647368265539e-7
vn -0.7372770509905219 0.675590519526102 -0.0000030283859320168245
vn -0.7372548522824404 0.6756147443431443 -0.000003484922364517707
vn -0.7372685825741315 0.6755997610635538 0
vn -0.000004341672133883265 -0.6755906166934692 0.7372769619463827
vn 0 -0.6755911035258285 0.7372765158587063
vn -0.000004045712485543722 -0.6755749067021725 0.7372913572109625
vn -0.000003199026872734629 -0.7372756336785581 -0.6755920662453394
vn -0.0000028038991618645612 -0.7372804386463919 -0.6755868225339525
vn -9.917810177171047e-7 -0.7372777514589487 -0.6755897551048663
vn 0 -0.7372776212807945 -0.6755898971702681
vn 0.000029014085077683065 -0.7372635637901614 -0.6756052372988338
vn -0.0000019600436512834307 -0.7372769318342659 -0.6755906495661479
vn 0 0.7372720729084054 0.6755959521114253
vn 0.0000025072639939566892 0.7372781918005216 0.6755892745515333
vn 0.000002097417849156842 0.7372785851297748 0.6755888453080306
vn -6.44624525668793e-7 0.7372864984818587 0.6755802092689992
vn 0.00000120946376310464 0.7372780220982067 0.6755894597531058
vn -0.000001552316528636626 0.7372754604967857 0.6755922552448652
vn 0 0.6757512677081092 -0.7371297200567098
vn 0.000003997132437224478 0.6755825752042667 -0.7372843305431049
vn -0.000003484922364517708 0.6756147443431444 -0.7372548522824405
vn -0.0000030283859320168245 0.675590519526102 -0.7372770509905219
usemtl m_a0a57bcb-95c0-7f80-7bef-e9aaf1d14c76
f 1704/5716/1740 1705/5717/1740 1706/5718/1740
f 1707/5719/1741 1706/5720/1741 1708/5721/1741
f 1707/5722/1742 1704/5723/1742 1706/5724/1742
f 1705/5725/1743 1709/5726/1743 1710/5727/1743
f 1711/5728/1744 1705/5729/1744 1710/5730/1744
f 1711/5731/1745 1710/5732/1745 1712/5733/1745
f 1711/5734/1746 1712/5735/1746 1713/5736/1746
f 1714/5737/1747 1711/5738/1747 1713/5739/1747
f 1715/5740/1748 1716/5741/1748 1717/5742/1748
f 1715/5743/1749 1718/5744/1749 1716/5745/1749
f 1708/5746/1750 1719/5747/1750 1707/5748/1750
f 1708/5749/1751 1717/5750/1751 1719/5751/1751
f 1708/5752/1752 1715/5753/1752 1717/5754/1752
f 1720/5755/1753 1716/5756/1753 1721/5757/1753
f 1720/5758/1754 1721/5759/1754 1714/5760/1754
f 1713/5761/1755 1720/5762/1755 1714/5763/1755
f 1704/5764/1756 1722/5765/1756 1705/5766/1756
f 1707/5767/1757 1709/5768/1757 1722/5769/1757
f 1704/5770/1758 1707/5771/1758 1722/5772/1758
f 1723/5773/1759 1705/5774/1759 1724/5775/1759
f 1723/5776/1760 1724/5777/1760 1725/5778/1760
f 1725/5779/1761 1718/5780/1761 1726/5781/1761
f 1725/5782/1762 1714/5783/1762 1718/5784/1762
f 1723/5785/1763 1726/5786/1763 1708/5787/1763
f 1723/5788/1764 1725/5789/1764 1726/5790/1764
f 1707/5791/1765 1727/5792/1765 1709/5793/1765
f 1727/5794/1766 1728/5795/1766 1729/5796/1766
f 1727/5797/1767 1707/5798/1767 1728/5799/1767
f 1729/5800/1768 1730/5801/1768 1713/5802/1768
f 1727/5803/1769 1729/5804/1769 1713/5805/1769
f 1729/5806/1770 1716/5807/1770 1730/5808/1770
f 1714/5809/1771 1731/5810/1771 1718/5811/1771
f 1714/5812/1772 1732/5813/1772 1731/5814/1772
f 1732/5815/1773 1714/5816/1773 1721/5817/1773
f 1732/5818/1774 1721/5819/1774 1716/5820/1774
o 7b-2
v 2.53994625 7.637276875 2.53994625
v 2.416034375 7.63854625 2.541109375
v 2.4840225 7.576246875 2.4840225
v 2.56847125 7.66840625 2.56847125
v 2.3834475 7.66840625 2.56847125
v 2.544349375 7.690509375 2.35932625
v 2.56847125 7.66840625 2.3834475
v 2.36660625 7.683838125 2.36660625
v 2.300406875 7.91404125 2.11538375
v 2.11538375 7.91404125 2.11538375
v 2.122214375 7.907781875 2.307238125
v 2.31514 7.90054125 2.31514
v 2.30417375 7.91059 2.30417375
v 2.1998325 8.006201875 2.1998325
v 2.11538375 7.91404125 2.300406875
v 2.26945875 7.942400625 2.14137
v 2.140156875 7.941076875 2.140156875
v 2.541109375 7.63854625 2.416034375
v 2.234986875 7.804445 2.42001
v 2.227084375 7.81168625 2.227084375
v 2.2238475 7.814653125 2.408870625
v 2.4550125 7.772371875 2.269989375
v 2.4477325 7.7790425 2.4477325
v 2.117793125 7.916670625 2.2975375
v 2.14137 7.942400625 2.26945875
vt 0 1
vt 0 1
vt 0 1
vt 0 1
vt 0 1
vt 0 1
vt 0 1
vt 0 1
vt 0 1
vt 0 1
vt 0 1
vt 0 1
vt 0 1
vt 0 1
vt 0 1
vt 0 1
vt 0 1
vt 0 1
vt 0 1
vt 0 1
vt 0 1
vt 0 1
vt 0 1
vt 0 1
vt 0 1
vt 0 1
vt 0 1
vt 0 1
vt 0 1
vt 0 1
vt 0 1
vt 0 1
vt 0 1
vt 0 1
vt 0 1
vt 0 1
vt 0 1
vt 0 1
vt 0 1
vt 0 1
vt 0 1
vt 0 1
vt 0 1
vt 0 1
vt 0 1
vt 0 1
vt 0 1
vt 0 1
vt 0 1
vt 0 1
vt 0 1
vt 0 1
vt 0 1
vt 0 1
vt 0 1
vt 0 1
vt 0 1
vt 0 1
vt 0 1
vt 0 1
vt 0 1
vt 0 1
vt 0 1
vt 0 1
vt 0 1
vt 0 1
vt 0 1
vt 0 1
vt 0 1
vt 0 1
vt 0 1
vt 0 1
vt 0 1
vt 0 1
vt 0 1
vt 0 1
vt 0 1
vt 0 1
vt 0 1
vt 0 1
vt 0 1
vt 0 1
vt 0 1
vt 0 1
vt 0 1
vt 0 1
vt 0 1
vt 0 1
vt 0 1
vt 0 1
vt 0 1
vt 0 1
vt 0 1
vn -2.5995367678796155e-7 -0.6755904619567151 0.7372771037493601
vn 0 -0.6755932428005644 0.7372745555640839
vn -2.9683683593730136e-7 -0.6755924190859767 0.7372753103647713
vn -0.000003712379230900307 -0.7372780948513122 -0.6755893803477359
vn 0.0000016581044860829072 -0.7372793890066948 -0.6755879680272331
vn 0.0000014595767452053295 -0.7372769747382374 -0.6755906027459988
vn 0 -0.7372771663130407 -0.6755903936805295
vn -5.314229722268239e-7 0.7372759582068849 0.675591712093804
vn -4.824576336016066e-7 0.7372745100123055 0.6755932925110211
vn -0.000023066262789862495 0.7372826389605723 0.6755844208944445
vn 0 0.7372778031956368 0.6755896986448328
vn -3.8395249017411374e-7 0.7372777516286485 0.67558975492029
vn 8.093345269085172e-7 0.6755870801289408 -0.7372802026110543
vn 8.874666502499339e-7 0.6755829318156175 -0.7372840037859408
vn 0 0.6755855527437228 -0.7372816021873587
vn 0.7372771037493601 -0.6755904619567151 -2.5995367678796155e-7
vn 0.7372745555640839 -0.6755932428005644 0
vn 0.7372753103647715 -0.6755924190859766 -2.968368359360182e-7
vn -0.6755884071234451 -0.7372789866515317 -0.000001580082614492751
vn -0.6755886419030788 -0.7372787715183068 1.0023750001420484e-7
vn -0.6756191567186174 -0.737250808795125 0.0000023997163744943767
vn -0.6755898525016427 -0.7372776622043562 0.0000033597713612283264
vn -0.6755910513215543 -0.7372765636952237 0
vn 0.6755896262375113 0.7372778695446242 0
vn 0.675588258706332 0.7372791226511379 9.563005461926336e-7
vn 0.6755909935188489 0.7372766166608458 0.0000011623617179847228
vn 0.6755921000478968 0.7372756026845803 -0.000006241932624136539
vn -0.7372777950119309 0.6755897075757928 0
vn -0.737281926170733 0.6755851991732499 1.1972189249373084e-7
vn -0.7372840037859408 0.6755829318156175 8.874666502499339e-7
vn -0.7372802026110543 0.6755870801289408 8.093345269085173e-7
usemtl m_a0a57bcb-95c0-7f80-7bef-e9aaf1d14c76
f 1733/5821/1775 1734/5822/1775 1735/5823/1775
f 1736/5824/1776 1737/5825/1776 1734/5826/1776
f 1733/5827/1777 1736/5828/1777 1734/5829/1777
f 1735/5830/1778 1738/5831/1778 1739/5832/1778
f 1735/5833/1779 1740/5834/1779 1738/5835/1779
f 1740/5836/1780 1741/5837/1780 1738/5838/1780
f 1740/5839/1781 1742/5840/1781 1741/5841/1781
f 1743/5842/1782 1744/5843/1782 1745/5844/1782
f 1743/5845/1783 1745/5846/1783 1746/5847/1783
f 1743/5848/1784 1746/5849/1784 1747/5850/1784
f 1737/5851/1785 1736/5852/1785 1744/5853/1785
f 1743/5854/1786 1737/5855/1786 1744/5856/1786
f 1748/5857/1787 1749/5858/1787 1746/5859/1787
f 1748/5860/1788 1742/5861/1788 1749/5862/1788
f 1748/5863/1789 1741/5864/1789 1742/5865/1789
f 1733/5866/1790 1735/5867/1790 1750/5868/1790
f 1736/5869/1791 1750/5870/1791 1739/5871/1791
f 1736/5872/1792 1733/5873/1792 1750/5874/1792
f 1735/5875/1793 1737/5876/1793 1751/5877/1793
f 1752/5878/1794 1735/5879/1794 1751/5880/1794
f 1752/5881/1795 1751/5882/1795 1753/5883/1795
f 1752/5884/1796 1753/5885/1796 1747/5886/1796
f 1742/5887/1797 1752/5888/1797 1747/5889/1797
f 1736/5890/1798 1739/5891/1798 1754/5892/1798
f 1754/5893/1799 1755/5894/1799 1736/5895/1799
f 1754/5896/1800 1746/5897/1800 1755/5898/1800
f 1754/5899/1801 1741/5900/1801 1746/5901/1801
f 1742/5902/1802 1747/5903/1802 1756/5904/1802
f 1742/5905/1803 1756/5906/1803 1757/5907/1803
f 1757/5908/1804 1749/5909/1804 1742/5910/1804
f 1757/5911/1805 1746/5912/1805 1749/5913/1805
o 8-1
v 2.63921625 7.694833125 2.63921625
v 2.535944375 7.695706875 2.640354375
v 2.5746375 7.645280625 2.5746375
v 2.5162475 7.721375625 2.673806875
v 2.673806875 7.721375625 2.673806875
v 2.626459375 7.783079375 2.468900625
v 2.673806875 7.721375625 2.5162475
v 2.474055 7.7763625 2.474055
v 2.42781625 8.041956875 2.270256875
v 2.270256875 8.041956875 2.270256875
v 2.306793125 7.9943425 2.464351875
v 2.4698675 7.987155 2.4698675
v 2.46197375 7.9974425 2.46197375
v 2.36942625 8.1180525 2.36942625
v 2.270256875 8.041956875 2.42781625
v 2.408943125 8.066551875 2.30231
v 2.301121875 8.065640625 2.301121875
v 2.640354375 7.695706875 2.535944375
v 2.372741875 7.90839625 2.53030125
v 2.367226875 7.91558375 2.367226875
v 2.364774375 7.91878 2.522333125
v 2.575134375 7.849968125 2.417575
v 2.56998 7.856685625 2.56998
v 2.272741875 8.043864375 2.426353125
v 2.30231 8.066551875 2.408943125
vt 0 1
vt 0 1
vt 0 1
vt 0 1
vt 0 1
vt 0 1
vt 0 1
vt 0 1
vt 0 1
vt 0 1
vt 0 1
vt 0 1
vt 0 1
vt 0 1
vt 0 1
vt 0 1
vt 0 1
vt 0 1
vt 0 1
vt 0 1
vt 0 1
vt 0 1
vt 0 1
vt 0 1
vt 0 1
vt 0 1
vt 0 1
vt 0 1
vt 0 1
vt 0 1
vt 0 1
vt 0 1
vt 0 1
vt 0 1
vt 0 1
vt 0 1
vt 0 1
vt 0 1
vt 0 1
vt 0 1
vt 0 1
vt 0 1
vt 0 1
vt 0 1
vt 0 1
vt 0 1
vt 0 1
vt 0 1
vt 0 1
vt 0 1
vt 0 1
vt 0 1
vt 0 1
vt 0 1
vt 0 1
vt 0 1
vt 0 1
vt 0 1
vt 0 1
vt 0 1
vt 0 1
vt 0 1
vt 0 1
vt 0 1
vt 0 1
vt 0 1
vt 0 1
vt 0 1
vt 0 1
vt 0 1
vt 0 1
vt 0 1
vt 0 1
vt 0 1
vt 0 1
vt 0 1
vt 0 1
vt 0 1
vt 0 1
vt 0 1
vt 0 1
vt 0 1
vt 0 1
vt 0 1
vt 0 1
vt 0 1
vt 0 1
vt 0 1
vt 0 1
vt 0 1
vt 0 1
vt 0 1
vt 0 1
vn -0.0000033820431096254144 -0.7933547786671457 0.6087595544667583
vn -0.0000034384700860033728 -0.7933572510163307 0.6087563324089432
vn 0 -0.7933513474689301 0.6087640260965105
vn -0.000001755243529730243 -0.6087616484697382 -0.7933531718908838
vn -0.0000017308971583293458 -0.6087616542325838 -0.7933531674689477
vn -0.000001681995750903068 -0.6087623525842094 -0.7933526316042001
vn 0 -0.6087621682768289 -0.7933527730303171
vn -0.0000027723237016023946 0.6087539552493406 0.7933590750477353
vn -0.0000029889218325769902 0.6087607802913593 0.7933538380635224
vn 2.26000365599512e-7 0.6087597558123498 0.7933546241771312
vn 0 0.6087608422884031 0.7933537904972244
vn -0.000002307790058597088 0.6087605888091614 0.7933539849949689
vn 0.000003212969815640547 0.7933513135992877 -0.6087640702275076
vn 0 0.7933508262444731 -0.6087647053642417
vn 0.0000030845892475958497 0.7933569412946553 -0.6087567360531417
vn 0.6087595544667583 -0.7933547786671457 -0.0000033820431096254144
vn 0.6087563324089432 -0.7933572510163307 -0.0000034384700860033728
vn 0.6087640260965106 -0.79335134746893 0
vn -0.7933533170505968 -0.6087614592932703 -0.0000019858717752943623
vn -0.7933534147921513 -0.6087613319167186 -7.848601140174957e-7
vn -0.7933618822708579 -0.6087502967224258 -1.2123109534108621e-8
vn -0.793351755461834 -0.6087634943928966 4.199616928073337e-7
vn -0.7933518527065773 -0.6087633676618868 0
vn 0.7933533274837735 0.6087614456997296 0
vn 0.7933539918443491 0.6087605798868385 -6.903558079411959e-7
vn 0.7933537607354046 0.608760881074404 -7.114473051824479e-7
vn 0.7933537938506335 0.6087608379171672 -0.0000010932194700839398
vn -0.6089005410855138 0.7932465764601625 0
vn -0.6087473232934085 0.7933641637785808 -0.000003876095827188923
vn -0.6087667572237739 0.7933492517729019 0.000003260004391226689
vn -0.6087640702275076 0.7933513135992877 0.000003212969815640547
usemtl m_a0a57bcb-95c0-7f80-7bef-e9aaf1d14c76
f 1758/5914/1806 1759/5915/1806 1760/5916/1806
f 1758/5917/1807 1761/5918/1807 1759/5919/1807
f 1758/5920/1808 1762/5921/1808 1761/5922/1808
f 1760/5923/1809 1763/5924/1809 1764/5925/1809
f 1760/5926/1810 1765/5927/1810 1763/5928/1810
f 1765/5929/1811 1766/5930/1811 1763/5931/1811
f 1765/5932/1812 1767/5933/1812 1766/5934/1812
f 1768/5935/1813 1769/5936/1813 1770/5937/1813
f 1768/5938/1814 1770/5939/1814 1771/5940/1814
f 1768/5941/1815 1771/5942/1815 1772/5943/1815
f 1761/5944/1816 1762/5945/1816 1769/5946/1816
f 1768/5947/1817 1761/5948/1817 1769/5949/1817
f 1773/5950/1818 1774/5951/1818 1771/5952/1818
f 1766/5953/1819 1767/5954/1819 1774/5955/1819
f 1773/5956/1820 1766/5957/1820 1774/5958/1820
f 1758/5959/1821 1760/5960/1821 1775/5961/1821
f 1758/5962/1822 1775/5963/1822 1764/5964/1822
f 1762/5965/1823 1758/5966/1823 1764/5967/1823
f 1760/5968/1824 1761/5969/1824 1776/5970/1824
f 1777/5971/1825 1760/5972/1825 1776/5973/1825
f 1777/5974/1826 1776/5975/1826 1778/5976/1826
f 1777/5977/1827 1778/5978/1827 1772/5979/1827
f 1767/5980/1828 1777/5981/1828 1772/5982/1828
f 1762/5983/1829 1764/5984/1829 1779/5985/1829
f 1779/5986/1830 1780/5987/1830 1762/5988/1830
f 1779/5989/1831 1771/5990/1831 1780/5991/1831
f 1779/5992/1832 1766/5993/1832 1771/5994/1832
f 1767/5995/1833 1772/5996/1833 1781/5997/1833
f 1767/5998/1834 1781/5999/1834 1782/6000/1834
f 1782/6001/1835 1774/6002/1835 1767/6003/1835
f 1782/6004/1836 1771/6005/1836 1774/6006/1836
o 8-2
v 3.534273125 8.381635 3.534273125
v 3.4467725 8.38237375 3.535236875
v 3.47955625 8.339649375 3.47955625
v 3.421166875 8.41574375 3.578725625
v 3.578725625 8.41574375 3.578725625
v 3.501775 8.5160275 3.34421625
v 3.578725625 8.41574375 3.421166875
v 3.349370625 8.509310625 3.349370625
v 3.406461875 8.6402425 3.406461875
v 3.2433875 8.647430625 3.400946875
v 3.332735 8.736325 3.175175625
v 3.175175625 8.736325 3.175175625
v 3.39724125 8.65225875 3.39724125
v 3.274345 8.812420625 3.274345
v 3.175175625 8.736325 3.332735
v 3.331025625 8.738553125 3.178078125
v 3.308029375 8.7685225 3.217135625
v 3.216123125 8.76774625 3.216123125
v 3.535236875 8.38237375 3.4467725
v 3.309336875 8.561484375 3.466895625
v 3.30382125 8.56867125 3.30382125
v 3.300015 8.5736325 3.45757375
v 3.45045 8.58291625 3.292890625
v 3.445295625 8.58963375 3.445295625
v 3.217135625 8.7685225 3.308029375
vt 0 1
vt 0 1
vt 0 1
vt 0 1
vt 0 1
vt 0 1
vt 0 1
vt 0 1
vt 0 1
vt 0 1
vt 0 1
vt 0 1
vt 0 1
vt 0 1
vt 0 1
vt 0 1
vt 0 1
vt 0 1
vt 0 1
vt 0 1
vt 0 1
vt 0 1
vt 0 1
vt 0 1
vt 0 1
vt 0 1
vt 0 1
vt 0 1
vt 0 1
vt 0 1
vt 0 1
vt 0 1
vt 0 1
vt 0 1
vt 0 1
vt 0 1
vt 0 1
vt 0 1
vt 0 1
vt 0 1
vt 0 1
vt 0 1
vt 0 1
vt 0 1
vt 0 1
vt 0 1
vt 0 1
vt 0 1
vt 0 1
vt 0 1
vt 0 1
vt 0 1
vt 0 1
vt 0 1
vt 0 1
vt 0 1
vt 0 1
vt 0 1
vt 0 1
vt 0 1
vt 0 1
vt 0 1
vt 0 1
vt 0 1
vt 0 1
vt 0 1
vt 0 1
vt 0 1
vt 0 1
vt 0 1
vt 0 1
vt 0 1
vt 0 1
vt 0 1
vt 0 1
vt 0 1
vt 0 1
vt 0 1
vt 0 1
vt 0 1
vt 0 1
vt 0 1
vt 0 1
vt 0 1
vt 0 1
vt 0 1
vt 0 1
vt 0 1
vt 0 1
vt 0 1
vt 0 1
vt 0 1
vt 0 1
vn 0.000006810816784127738 -0.7933573991140633 0.6087561393732157
vn 0.000006929881340318386 -0.7933521762648318 0.6087629459550182
vn 0 -0.7933606921954274 0.6087518477008449
vn 2.1239362232803995e-7 -0.6087623081964147 -0.7933526656659877
vn -0.0000016956978764977736 -0.6087621569067782 -0.7933527817530686
vn 0 0.6087609849510215 0.7933536810284946
vn 0.000003102663139284573 0.6087611128624751 0.7933535828726145
vn -0.0000016269106816330067 -0.6087631392429075 -0.793352027977791
vn 0 -0.6087630642056883 -0.7933520855577939
vn 0.0000039332041271277505 0.6087729727562973 0.7933444823189928
vn 0.00000444515564391931 0.6087627055780481 0.7933523607310535
vn -0.00000468460139961868 0.6087637837772383 0.793351533394418
vn 0 0.7932268222580235 -0.6089262750534239
vn -0.000005012579818426243 0.7933568085499788 -0.6087569090386299
vn 0.000006078946788362307 0.7933398477657821 -0.6087790123764222
vn 0.000005707934321576239 0.7933561180766828 -0.6087578088843838
vn 0.6087561393732157 -0.7933573991140633 0.000006810816784127738
vn 0.6087629459550182 -0.7933521762648318 0.000006929881340318386
vn 0.6087518477008448 -0.7933606921954273 0
vn -0.7933543226618477 -0.6087601487514633 -0.00000242019901600319
vn -0.793354518629025 -0.6087598933478744 0.0000046896289413434505
vn -0.7933456036838263 -0.6087715114068012 0.000003876079713521654
vn -0.7933521902235536 -0.6087629277934753 0.000003436051301311391
vn -0.793352476425209 -0.6087625548191907 0
vn 0.7933541330911705 0.6087603958103365 0
vn 0.7933546533217647 0.6087597178298726 -6.299879080553724e-7
vn 0.7933532044170394 0.6087616060829023 -7.62218071245411e-7
vn 0.7933532509939082 0.6087615453801037 -0.000001955705879417824
vn -0.6087751863495772 0.7933427837227975 0
vn -0.6087647380158846 0.7933508011683559 0.000005829177389716604
vn -0.6087578088843839 0.793356118076683 0.00000570793432157624
usemtl m_a0a57bcb-95c0-7f80-7bef-e9aaf1d14c76
f 1783/6007/1837 1784/6008/1837 1785/6009/1837
f 1783/6010/1838 1786/6011/1838 1784/6012/1838
f 1783/6013/1839 1787/6014/1839 1786/6015/1839
f 1785/6016/1840 1788/6017/1840 1789/6018/1840
f 1785/6019/1841 1790/6020/1841 1788/6021/1841
f 1786/6022/1842 1787/6023/1842 1791/6024/1842
f 1792/6025/1843 1786/6026/1843 1791/6027/1843
f 1790/6028/1844 1793/6029/1844 1788/6030/1844
f 1790/6031/1845 1794/6032/1845 1793/6033/1845
f 1792/6034/1846 1791/6035/1846 1795/6036/1846
f 1792/6037/1847 1795/6038/1847 1796/6039/1847
f 1792/6040/1848 1796/6041/1848 1797/6042/1848
f 1794/6043/1849 1798/6044/1849 1793/6045/1849
f 1794/6046/1850 1799/6047/1850 1798/6048/1850
f 1799/6049/1851 1794/6050/1851 1800/6051/1851
f 1799/6052/1852 1800/6053/1852 1796/6054/1852
f 1783/6055/1853 1785/6056/1853 1801/6057/1853
f 1783/6058/1854 1801/6059/1854 1789/6060/1854
f 1787/6061/1855 1783/6062/1855 1789/6063/1855
f 1785/6064/1856 1786/6065/1856 1802/6066/1856
f 1803/6067/1857 1785/6068/1857 1802/6069/1857
f 1803/6070/1858 1802/6071/1858 1804/6072/1858
f 1803/6073/1859 1804/6074/1859 1797/6075/1859
f 1794/6076/1860 1803/6077/1860 1797/6078/1860
f 1787/6079/1861 1789/6080/1861 1805/6081/1861
f 1805/6082/1862 1806/6083/1862 1787/6084/1862
f 1805/6085/1863 1796/6086/1863 1806/6087/1863
f 1805/6088/1864 1793/6089/1864 1796/6090/1864
f 1797/6091/1865 1800/6092/1865 1794/6093/1865
f 1797/6094/1866 1807/6095/1866 1800/6096/1866
f 1807/6097/1867 1796/6098/1867 1800/6099/1867
o 9-1
v 3.638354375 8.42679125 3.638354375
v 3.57395625 8.40648625 3.57395625
v 3.639293125 8.427086875 3.56746125
v 3.69317125 8.444074375 3.562105
v 3.69317125 8.444074375 3.69317125
v 3.562105 8.444074375 3.69317125
v 3.49249125 8.664861875 3.6235575
v 3.490264375 8.67192375 3.490264375
v 3.689298125 8.456358125 3.689298125
v 3.62427125 8.662596875 3.62427125
v 3.626425 8.655765625 3.49535875
v 3.488543125 8.6773825 3.619609375
v 3.42360375 8.883344375 3.554669375
v 3.42360375 8.883344375 3.42360375
v 3.542818125 8.92093375 3.542818125
v 3.554669375 8.883344375 3.42360375
v 3.47627375 8.899951875 3.47627375
v 3.47724125 8.900256875 3.5493375
v 3.56746125 8.427086875 3.639293125
v 3.635928125 8.625625625 3.504861875
v 3.507015625 8.618795625 3.507015625
v 3.47821125 8.710150625 3.6092775
v 3.611504375 8.7030875 3.611504375
v 3.607565625 8.71558 3.607565625
v 3.5493375 8.900256875 3.47724125
vt 0 1
vt 0 1
vt 0 1
vt 0 1
vt 0 1
vt 0 1
vt 0 1
vt 0 1
vt 0 1
vt 0 1
vt 0 1
vt 0 1
vt 0 1
vt 0 1
vt 0 1
vt 0 1
vt 0 1
vt 0 1
vt 0 1
vt 0 1
vt 0 1
vt 0 1
vt 0 1
vt 0 1
vt 0 1
vt 0 1
vt 0 1
vt 0 1
vt 0 1
vt 0 1
vt 0 1
vt 0 1
vt 0 1
vt 0 1
vt 0 1
vt 0 1
vt 0 1
vt 0 1
vt 0 1
vt 0 1
vt 0 1
vt 0 1
vt 0 1
vt 0 1
vt 0 1
vt 0 1
vt 0 1
vt 0 1
vt 0 1
vt 0 1
vt 0 1
vt 0 1
vt 0 1
vt 0 1
vt 0 1
vt 0 1
vt 0 1
vt 0 1
vt 0 1
vt 0 1
vt 0 1
vt 0 1
vt 0 1
vt 0 1
vt 0 1
vt 0 1
vt 0 1
vt 0 1
vt 0 1
vt 0 1
vt 0 1
vt 0 1
vt 0 1
vt 0 1
vt 0 1
vt 0 1
vt 0 1
vt 0 1
vt 0 1
vt 0 1
vt 0 1
vt 0 1
vt 0 1
vt 0 1
vt 0 1
vt 0 1
vt 0 1
vt 0 1
vt 0 1
vt 0 1
vt 0 1
vt 0 1
vt 0 1
vn 0.30070607316328396 -0.9537168644513933 0.000004870403567105355
vn 0.3007028938522166 -0.9537178668797344 0.000004824123745996081
vn 0.3006967903183713 -0.9537197912868483 0
vn -0.9537174258744125 -0.30070429258912235 0.0000013999453242581884
vn -0.9537173903973536 -0.3007044051048854 0.0000020443135455740105
vn 0.9537153141102179 0.3007109902076217 0
vn 0.9537168420175869 0.3007061443531491 5.145171258781802e-7
vn 0.9537167150911817 0.3007065469101093 -0.000001041198115961942
vn -0.9537085310348796 -0.30073250211961766 4.0772277076005e-7
vn -0.9537170793669878 -0.3007053915761744 -8.501804776257391e-7
vn -0.9537170050920567 -0.3007056271476108 0
vn 0.9537172256814043 0.3007049275247565 -9.468542014430499e-7
vn 0.9537170175306067 0.3007055876559431 -0.000005001871502587906
vn -0.3007175391259016 0.9537132491803089 0
vn -0.3007164183546763 0.9537136025722032 8.278520175958803e-7
vn -0.3007132126015496 0.9537146133756392 7.811823462701255e-7
vn 0.000004870403567105355 -0.9537168644513933 0.30070607316328396
vn 0.000004824123745996081 -0.9537178668797344 0.3007028938522166
vn 0 -0.9537197912868483 0.3006967903183713
vn 0.000002103655119329685 -0.30070632267134184 -0.953716785791806
vn -0.0000019483769475836063 -0.30070528038737504 -0.9537171144230107
vn -0.0000019415341132200777 -0.30070539786217415 -0.953717077383425
vn 0 -0.3007057159713655 -0.9537169770860476
vn 3.7724647338419745e-7 0.30069756653007795 0.9537195465558767
vn 5.290259159534781e-8 0.3007045952572076 0.953717330445031
vn -0.000005161827262725999 0.3007060490842971 0.953716872041943
vn 0 0.3007069729970553 0.9537165807465804
vn 9.159812063844163e-7 0.3007068140965537 0.9537166308474766
vn 7.811823462701255e-7 0.9537146133756392 -0.3007132126015496
vn 0 0.9537132491803089 -0.3007175391259016
vn 8.278520175909396e-7 0.9537136025722032 -0.3007164183546763
usemtl m_a0a57bcb-95c0-7f80-7bef-e9aaf1d14c76
f 1808/6100/1868 1809/6101/1868 1810/6102/1868
f 1808/6103/1869 1810/6104/1869 1811/6105/1869
f 1812/6106/1870 1808/6107/1870 1811/6108/1870
f 1809/6109/1871 1813/6110/1871 1814/6111/1871
f 1815/6112/1872 1809/6113/1872 1814/6114/1872
f 1811/6115/1873 1816/6116/1873 1812/6117/1873
f 1811/6118/1874 1817/6119/1874 1816/6120/1874
f 1811/6121/1875 1818/6122/1875 1817/6123/1875
f 1815/6124/1876 1814/6125/1876 1819/6126/1876
f 1815/6127/1877 1819/6128/1877 1820/6129/1877
f 1821/6130/1878 1815/6131/1878 1820/6132/1878
f 1818/6133/1879 1822/6134/1879 1817/6135/1879
f 1818/6136/1880 1823/6137/1880 1822/6138/1880
f 1820/6139/1881 1824/6140/1881 1821/6141/1881
f 1820/6142/1882 1825/6143/1882 1824/6144/1882
f 1825/6145/1883 1822/6146/1883 1824/6147/1883
f 1808/6148/1884 1826/6149/1884 1809/6150/1884
f 1808/6151/1885 1813/6152/1885 1826/6153/1885
f 1808/6154/1886 1812/6155/1886 1813/6156/1886
f 1809/6157/1887 1827/6158/1887 1811/6159/1887
f 1809/6160/1888 1828/6161/1888 1827/6162/1888
f 1828/6163/1889 1823/6164/1889 1827/6165/1889
f 1828/6166/1890 1821/6167/1890 1823/6168/1890
f 1829/6169/1891 1830/6170/1891 1831/6171/1891
f 1829/6172/1892 1831/6173/1892 1822/6174/1892
f 1829/6175/1893 1822/6176/1893 1820/6177/1893
f 1813/6178/1894 1812/6179/1894 1830/6180/1894
f 1829/6181/1895 1813/6182/1895 1830/6183/1895
f 1832/6184/1896 1824/6185/1896 1822/6186/1896
f 1823/6187/1897 1821/6188/1897 1824/6189/1897
f 1832/6190/1898 1823/6191/1898 1824/6192/1898
o 9-2
v 4.461946875 8.686469375 4.461946875
v 4.40306375 8.686715 4.462726875
v 4.40845875 8.669604375 4.40845875
v 4.3966075 8.7071925 4.527673125
v 4.527673125 8.7071925 4.527673125
v 4.45671875 8.932231875 4.3256525
v 4.527673125 8.7071925 4.3966075
v 4.32780625 8.925401875 4.32780625
v 4.460184375 8.92123875 4.460184375
v 4.326891875 8.928301875 4.457958125
v 4.389171875 9.1464625 4.258105625
v 4.258105625 9.1464625 4.258105625
v 4.455473125 8.936181875 4.455473125
v 4.377320625 9.184050625 4.377320625
v 4.258105625 9.1464625 4.389171875
v 4.388806875 9.14762125 4.261779375
v 4.3827425 9.166855 4.322783125
v 4.321978125 9.16660125 4.321978125
v 4.462726875 8.686715 4.40306375
v 4.341171875 8.883011875 4.4722375
v 4.338945 8.890075 4.338945
v 4.336446875 8.897996875 4.467513125
v 4.447215625 8.9623725 4.316149375
v 4.445061875 8.969203125 4.445061875
v 4.523040625 8.721885625 4.523040625
v 4.261779375 9.14762125 4.388806875
v 4.322783125 9.166855 4.3827425
vt 0 1
vt 0 1
vt 0 1
vt 0 1
vt 0 1
vt 0 1
vt 0 1
vt 0 1
vt 0 1
vt 0 1
vt 0 1
vt 0 1
vt 0 1
vt 0 1
vt 0 1
vt 0 1
vt 0 1
vt 0 1
vt 0 1
vt 0 1
vt 0 1
vt 0 1
vt 0 1
vt 0 1
vt 0 1
vt 0 1
vt 0 1
vt 0 1
vt 0 1
vt 0 1
vt 0 1
vt 0 1
vt 0 1
vt 0 1
vt 0 1
vt 0 1
vt 0 1
vt 0 1
vt 0 1
vt 0 1
vt 0 1
vt 0 1
vt 0 1
vt 0 1
vt 0 1
vt 0 1
vt 0 1
vt 0 1
vt 0 1
vt 0 1
vt 0 1
vt 0 1
vt 0 1
vt 0 1
vt 0 1
vt 0 1
vt 0 1
vt 0 1
vt 0 1
vt 0 1
vt 0 1
vt 0 1
vt 0 1
vt 0 1
vt 0 1
vt 0 1
vt 0 1
vt 0 1
vt 0 1
vt 0 1
vt 0 1
vt 0 1
vt 0 1
vt 0 1
vt 0 1
vt 0 1
vt 0 1
vt 0 1
vt 0 1
vt 0 1
vt 0 1
vt 0 1
vt 0 1
vt 0 1
vt 0 1
vt 0 1
vt 0 1
vt 0 1
vt 0 1
vt 0 1
vt 0 1
vt 0 1
vt 0 1
vt 0 1
vt 0 1
vt 0 1
vt 0 1
vt 0 1
vt 0 1
vn 0.000004984641372505454 -0.9537170560234816 0.300705465572305
vn 0.000005001152276403475 -0.95371669852185 0.3007065994213817
vn 0 -0.9537181243578065 0.300702077264903
vn 0.000002183135774161803 -0.30070655192630386 -0.953716713507647
vn -0.000001914201958473059 -0.30070586708859637 -0.953716929437048
vn 0 0.300706717903482 0.9537166611775826
vn 0.000005298900007632428 0.30070528631761984 0.9537171125404851
vn -0.0000018359558634971386 -0.3007072103829302 -0.9537165058969806
vn 0 -0.30070767395256187 -0.9537163597349265
vn 0.00000439023077760873 0.3006896883528252 0.9537220304150508
vn 0.000003292178679977598 0.3007059853469916 0.9537168921465408
vn -0.0000023366728369881416 0.30070699488718977 0.9537165738417549
vn 0 0.9536855971409306 -0.3008052223714651
vn -0.0000033525527132420856 0.9537198075262963 -0.3006967387930318
vn 0.0000010077863649486276 0.9537173978044926 -0.3007043816175808
vn 0.0000010310874707360594 0.9537168933752477 -0.30070598146628774
vn 0.300705465572305 -0.9537170560234816 0.000004984641372505454
vn 0.3007065994213817 -0.95371669852185 0.000005001152276403475
vn 0.3007020772649029 -0.9537181243578065 0
vn -0.9537171244155268 -0.3007052486964283 0.0000017313803589598664
vn -0.9537173400880125 -0.30070456467242157 -7.849402149277881e-7
vn -0.9537122748383168 -0.3007206291888899 -0.0000017208170706930553
vn -0.9537163425428419 -0.30070772846731464 -0.000002594747044363494
vn -0.9537161967658936 -0.30070819082026895 0
vn 0.9537167927939948 0.30070630047032715 4.310585080752358e-7
vn 0.9537165737498037 0.30070699517882027 -0.0000023367739281223858
vn 0.9537211300994416 0.3006925439744791 0
vn 0.9537172672677072 0.30070479562681834 -0.000001565330504055142
vn 0.953717378893143 0.3007044415982288 5.393456739097369e-7
vn -0.3008052223714651 0.9536855971409306 0
vn -0.3006967387930318 0.9537198075262963 -0.0000033525527132420856
vn -0.3007043816175808 0.9537173978044926 0.0000010077863649486276
vn -0.30070598146628774 0.9537168933752477 0.0000010310874707360594
usemtl m_a0a57bcb-95c0-7f80-7bef-e9aaf1d14c76
f 1833/6193/1899 1834/6194/1899 1835/6195/1899
f 1833/6196/1900 1836/6197/1900 1834/6198/1900
f 1833/6199/1901 1837/6200/1901 1836/6201/1901
f 1835/6202/1902 1838/6203/1902 1839/6204/1902
f 1835/6205/1903 1840/6206/1903 1838/6207/1903
f 1836/6208/1904 1837/6209/1904 1841/6210/1904
f 1842/6211/1905 1836/6212/1905 1841/6213/1905
f 1840/6214/1906 1843/6215/1906 1838/6216/1906
f 1840/6217/1907 1844/6218/1907 1843/6219/1907
f 1842/6220/1908 1841/6221/1908 1845/6222/1908
f 1842/6223/1909 1845/6224/1909 1846/6225/1909
f 1842/6226/1910 1846/6227/1910 1847/6228/1910
f 1844/6229/1911 1848/6230/1911 1843/6231/1911
f 1844/6232/1912 1849/6233/1912 1848/6234/1912
f 1849/6235/1913 1844/6236/1913 1850/6237/1913
f 1849/6238/1914 1850/6239/1914 1846/6240/1914
f 1833/6241/1915 1835/6242/1915 1851/6243/1915
f 1833/6244/1916 1851/6245/1916 1839/6246/1916
f 1837/6247/1917 1833/6248/1917 1839/6249/1917
f 1835/6250/1918 1836/6251/1918 1852/6252/1918
f 1853/6253/1919 1835/6254/1919 1852/6255/1919
f 1853/6256/1920 1852/6257/1920 1854/6258/1920
f 1853/6259/1921 1854/6260/1921 1847/6261/1921
f 1844/6262/1922 1853/6263/1922 1847/6264/1922
f 1855/6265/1923 1846/6266/1923 1856/6267/1923
f 1855/6268/1924 1843/6269/1924 1846/6270/1924
f 1839/6271/1925 1857/6272/1925 1837/6273/1925
f 1839/6274/1926 1856/6275/1926 1857/6276/1926
f 1839/6277/1927 1855/6278/1927 1856/6279/1927
f 1844/6280/1928 1847/6281/1928 1858/6282/1928
f 1844/6283/1929 1858/6284/1929 1859/6285/1929
f 1859/6286/1930 1850/6287/1930 1844/6288/1930
f 1859/6289/1931 1846/6290/1931 1850/6291/1931
o 10-1
v 4.578735 8.71368875 4.578735
v 4.52340875 8.7138225 4.579491875
v 4.5251 8.70423125 4.5251
v 4.5212725 8.725938125 4.64820125
v 4.64820125 8.725938125 4.64820125
v 4.60280125 8.98341375 4.475873125
v 4.64820125 8.725938125 4.5212725
v 4.477085625 8.976535625 4.477085625
v 4.565204375 9.196635 4.438275625
v 4.438275625 9.196635 4.438275625
v 4.482515625 8.945740625 4.609444375
v 4.610680625 8.938728125 4.610680625
v 4.607943125 8.95425125 4.607943125
v 4.561376875 9.218341875 4.561376875
v 4.438275625 9.196635 4.565204375
v 4.56305125 9.20884625 4.507528125
v 4.5067575 9.208710625 4.5067575
v 4.579491875 8.7138225 4.52340875
v 4.48761625 8.91681125 4.614545
v 4.48638 8.923823125 4.48638
v 4.484876875 8.932348125 4.611805625
v 4.600223125 8.998034375 4.473295
v 4.599010625 9.0049125 4.599010625
v 4.442119375 9.197313125 4.565085
v 4.507528125 9.20884625 4.56305125
vt 0 1
vt 0 1
vt 0 1
vt 0 1
vt 0 1
vt 0 1
vt 0 1
vt 0 1
vt 0 1
vt 0 1
vt 0 1
vt 0 1
vt 0 1
vt 0 1
vt 0 1
vt 0 1
vt 0 1
vt 0 1
vt 0 1
vt 0 1
vt 0 1
vt 0 1
vt 0 1
vt 0 1
vt 0 1
vt 0 1
vt 0 1
vt 0 1
vt 0 1
vt 0 1
vt 0 1
vt 0 1
vt 0 1
vt 0 1
vt 0 1
vt 0 1
vt 0 1
vt 0 1
vt 0 1
vt 0 1
vt 0 1
vt 0 1
vt 0 1
vt 0 1
vt 0 1
vt 0 1
vt 0 1
vt 0 1
vt 0 1
vt 0 1
vt 0 1
vt 0 1
vt 0 1
vt 0 1
vt 0 1
vt 0 1
vt 0 1
vt 0 1
vt 0 1
vt 0 1
vt 0 1
vt 0 1
vt 0 1
vt 0 1
vt 0 1
vt 0 1
vt 0 1
vt 0 1
vt 0 1
vt 0 1
vt 0 1
vt 0 1
vt 0 1
vt 0 1
vt 0 1
vt 0 1
vt 0 1
vt 0 1
vt 0 1
vt 0 1
vt 0 1
vt 0 1
vt 0 1
vt 0 1
vt 0 1
vt 0 1
vt 0 1
vt 0 1
vt 0 1
vt 0 1
vt 0 1
vt 0 1
vt 0 1
vn -0.000005086367906510028 -0.984806247646637 0.17365671472845445
vn -0.000005148519438186692 -0.9848070245510032 0.1736523088487247
vn 0 -0.9848062962317694 0.1736564392767067
vn -2.831527721743943e-7 -0.17364628021136033 -0.9848080875828944
vn 0.0000022742639258147926 -0.17364697052143566 -0.9848079658611395
vn 0.0000025304084789863987 -0.1736515110914162 -0.9848071652304653
vn 0 -0.1736505285691051 -0.9848073384818324
vn 0.000003126596244955225 0.17367050793498326 0.9848038153174618
vn 0.000004646601338297096 0.17364878226443745 0.9848076463942019
vn -4.307661312688113e-7 0.1736502068142622 0.9848073952165362
vn 0 0.1736482080768581 0.984807747650117
vn 0.000001826546374206665 0.17364746375703266 0.9848078788918243
vn 0.000004653233465003614 0.9848057839106964 -0.1736593445639668
vn 0 0.9848067133650363 -0.17365407369582533
vn 0.000004525963922909418 0.9848073739389224 -0.17365032742566078
vn 0.17365671472845445 -0.984806247646637 -0.000005086367906510028
vn 0.1736523088487247 -0.9848070245510032 -0.000005148519438186692
vn 0.1736564392767067 -0.9848062962317694 0
vn -0.9848076109137823 -0.1736489835450958 2.0835627834004015e-7
vn -0.984807700508949 -0.1736484754243512 -0.0000010368186416758789
vn -0.9848098590088098 -0.17363623354279628 -3.4624798134642017e-7
vn -0.9848075514712537 -0.17364932065766406 5.709184400862723e-7
vn -0.9848075796809284 -0.17364916067459718 0
vn 0.9848076200782243 0.17364893157132846 0
vn 0.9848078733328343 0.17364749527808573 -0.000002303866709130534
vn 0.984807516046585 0.17364952154356128 -0.0000024181732386607324
vn 0.9848076714047145 0.17364864048532783 -1.4598253537704827e-7
vn -0.17373965942335973 0.9847916179291206 0
vn -0.17364531110778367 0.9848082584552111 -0.0000029488016540626757
vn -0.17365857608453392 0.9848059194230813 0.00000464238699749689
vn -0.1736593445639668 0.9848057839106964 0.000004653233465003614
usemtl m_a0a57bcb-95c0-7f80-7bef-e9aaf1d14c76
f 1860/6292/1932 1861/6293/1932 1862/6294/1932
f 1860/6295/1933 1863/6296/1933 1861/6297/1933
f 1860/6298/1934 1864/6299/1934 1863/6300/1934
f 1862/6301/1935 1865/6302/1935 1866/6303/1935
f 1862/6304/1936 1867/6305/1936 1865/6306/1936
f 1867/6307/1937 1868/6308/1937 1865/6309/1937
f 1867/6310/1938 1869/6311/1938 1868/6312/1938
f 1870/6313/1939 1871/6314/1939 1872/6315/1939
f 1870/6316/1940 1872/6317/1940 1873/6318/1940
f 1870/6319/1941 1873/6320/1941 1874/6321/1941
f 1863/6322/1942 1864/6323/1942 1871/6324/1942
f 1870/6325/1943 1863/6326/1943 1871/6327/1943
f 1875/6328/1944 1876/6329/1944 1873/6330/1944
f 1868/6331/1945 1869/6332/1945 1876/6333/1945
f 1875/6334/1946 1868/6335/1946 1876/6336/1946
f 1860/6337/1947 1862/6338/1947 1877/6339/1947
f 1860/6340/1948 1877/6341/1948 1866/6342/1948
f 1864/6343/1949 1860/6344/1949 1866/6345/1949
f 1862/6346/1950 1863/6347/1950 1878/6348/1950
f 1879/6349/1951 1862/6350/1951 1878/6351/1951
f 1879/6352/1952 1878/6353/1952 1880/6354/1952
f 1879/6355/1953 1880/6356/1953 1874/6357/1953
f 1869/6358/1954 1879/6359/1954 1874/6360/1954
f 1864/6361/1955 1866/6362/1955 1881/6363/1955
f 1881/6364/1956 1882/6365/1956 1864/6366/1956
f 1881/6367/1957 1873/6368/1957 1882/6369/1957
f 1881/6370/1958 1868/6371/1958 1873/6372/1958
f 1869/6373/1959 1874/6374/1959 1883/6375/1959
f 1869/6376/1960 1883/6377/1960 1884/6378/1960
f 1884/6379/1961 1876/6380/1961 1869/6381/1961
f 1884/6382/1962 1873/6383/1962 1876/6384/1962
o 10-2
v 5.428814375 8.863581875 5.428814375
v 5.3854825 8.863685625 5.429406875
v 5.386806875 8.856174375 5.386806875
v 5.38298 8.87788 5.509908125
v 5.509908125 8.87788 5.509908125
v 5.456274375 9.182050625 5.32934625
v 5.509908125 8.87788 5.38298
v 5.33055875 9.1751725 5.33055875
v 5.381119375 8.8884325 5.5080475
v 5.35261625 9.050078125 5.479544375
v 5.48078125 9.04306625 5.48078125
v 5.42691125 9.34857875 5.299983125
v 5.299983125 9.34857875 5.299983125
v 5.4773075 9.062764375 5.4773075
v 5.42308375 9.370284375 5.42308375
v 5.299983125 9.34857875 5.42691125
v 5.42676 9.3494375 5.304859375
v 5.424391875 9.36286625 5.38101625
v 5.380414375 9.362760625 5.380414375
v 5.429406875 8.863685625 5.3854825
v 5.3577175 9.02114875 5.484645625
v 5.35648125 9.02816125 5.35648125
v 5.35424 9.040870625 5.481168125
v 5.45369625 9.19667125 5.326768125
v 5.45248375 9.203549375 5.45248375
v 5.304859375 9.3494375 5.42676
v 5.38101625 9.36286625 5.424391875
vt 0 1
vt 0 1
vt 0 1
vt 0 1
vt 0 1
vt 0 1
vt 0 1
vt 0 1
vt 0 1
vt 0 1
vt 0 1
vt 0 1
vt 0 1
vt 0 1
vt 0 1
vt 0 1
vt 0 1
vt 0 1
vt 0 1
vt 0 1
vt 0 1
vt 0 1
vt 0 1
vt 0 1
vt 0 1
vt 0 1
vt 0 1
vt 0 1
vt 0 1
vt 0 1
vt 0 1
vt 0 1
vt 0 1
vt 0 1
vt 0 1
vt 0 1
vt 0 1
vt 0 1
vt 0 1
vt 0 1
vt 0 1
vt 0 1
vt 0 1
vt 0 1
vt 0 1
vt 0 1
vt 0 1
vt 0 1
vt 0 1
vt 0 1
vt 0 1
vt 0 1
vt 0 1
vt 0 1
vt 0 1
vt 0 1
vt 0 1
vt 0 1
vt 0 1
vt 0 1
vt 0 1
vt 0 1
vt 0 1
vt 0 1
vt 0 1
vt 0 1
vt 0 1
vt 0 1
vt 0 1
vt 0 1
vt 0 1
vt 0 1
vt 0 1
vt 0 1
vt 0 1
vt 0 1
vt 0 1
vt 0 1
vt 0 1
vt 0 1
vt 0 1
vt 0 1
vt 0 1
vt 0 1
vt 0 1
vt 0 1
vt 0 1
vt 0 1
vt 0 1
vt 0 1
vt 0 1
vt 0 1
vt 0 1
vt 0 1
vt 0 1
vt 0 1
vt 0 1
vt 0 1
vt 0 1
vn 0.000016367083604341282 -0.9848087703248537 0.17364240733003108
vn 0.00001642741298370433 -0.9848080156638981 0.17364668731155217
vn 0 -0.9848096035412968 0.17363768246793052
vn 0.000003344196244391212 -0.17364842869693944 -0.9848077087431335
vn 0.0000023448680856641496 -0.1736482220928147 -0.9848077451759335
vn 0 0.1736422524840886 0.9848087977634299
vn 8.320841493986688e-7 0.17365210150977595 0.9848070611244347
vn -0.000003792163338401156 0.17364800492835727 0.9848077834633624
vn 0.000002231379240935922 -0.17364621032163938 -0.9848080999037093
vn 0 -0.17364500785001316 -0.9848083119311946
vn -0.000002606543710520521 0.17366902225967984 0.9848040773171955
vn -3.090301623890616e-7 0.1736471212951176 0.9848079392784278
vn 0.0000019824112231229617 0.17364663222490298 0.984808025512089
vn 0 0.9848444950834678 -0.17343967396126356
vn 0.000008377047520581587 0.9848072708325528 -0.1736509120193845
vn 0.0000113378483931911 0.9848064934256476 -0.17365532061567648
vn 0.000011389104033065373 0.9848058528472262 -0.1736589533198207
vn 0.17364240733003108 -0.9848087703248537 0.000016367083604341282
vn 0.17364668731155217 -0.9848080156638981 0.00001642741298370433
vn 0.17363768246793052 -0.9848096035412968 0
vn -0.9848074460255736 -0.17364991862802143 0.000003615073043803097
vn -0.9848079941707778 -0.17364680997394238 -0.0000017896716527637769
vn -0.9848076847250948 -0.17364856493167827 -0.0000018886788327903017
vn -0.9848078945853233 -0.1736473747523055 -0.0000020137664589130564
vn -0.9848078188916897 -0.17364780404541005 0
vn 0.9848075541598978 0.1736493054106462 0
vn 0.984807783324007 0.17364800574442074 -0.0000023326633441075322
vn 0.98480770204492 0.17364846670051792 -0.000002358666989625687
vn 0.9848081234705047 0.17364607666792417 0.0000020834151561150497
vn -0.17343967396126356 0.9848444950834678 0
vn -0.1736509120193845 0.9848072708325528 0.000008377047520581587
vn -0.17365532061567648 0.9848064934256476 0.0000113378483931911
vn -0.1736589533198207 0.9848058528472262 0.000011389104033065373
usemtl m_a0a57bcb-95c0-7f80-7bef-e9aaf1d14c76
f 1885/6385/1963 1886/6386/1963 1887/6387/1963
f 1885/6388/1964 1888/6389/1964 1886/6390/1964
f 1885/6391/1965 1889/6392/1965 1888/6393/1965
f 1887/6394/1966 1890/6395/1966 1891/6396/1966
f 1887/6397/1967 1892/6398/1967 1890/6399/1967
f 1889/6400/1968 1893/6401/1968 1888/6402/1968
f 1889/6403/1969 1894/6404/1969 1893/6405/1969
f 1894/6406/1970 1889/6407/1970 1895/6408/1970
f 1892/6409/1971 1896/6410/1971 1890/6411/1971
f 1892/6412/1972 1897/6413/1972 1896/6414/1972
f 1894/6415/1973 1895/6416/1973 1898/6417/1973
f 1894/6418/1974 1898/6419/1974 1899/6420/1974
f 1894/6421/1975 1899/6422/1975 1900/6423/1975
f 1897/6424/1976 1901/6425/1976 1896/6426/1976
f 1897/6427/1977 1902/6428/1977 1901/6429/1977
f 1902/6430/1978 1897/6431/1978 1903/6432/1978
f 1902/6433/1979 1903/6434/1979 1899/6435/1979
f 1885/6436/1980 1887/6437/1980 1904/6438/1980
f 1885/6439/1981 1904/6440/1981 1891/6441/1981
f 1889/6442/1982 1885/6443/1982 1891/6444/1982
f 1887/6445/1983 1888/6446/1983 1905/6447/1983
f 1906/6448/1984 1887/6449/1984 1905/6450/1984
f 1906/6451/1985 1905/6452/1985 1907/6453/1985
f 1906/6454/1986 1907/6455/1986 1900/6456/1986
f 1897/6457/1987 1906/6458/1987 1900/6459/1987
f 1889/6460/1988 1891/6461/1988 1908/6462/1988
f 1908/6463/1989 1909/6464/1989 1889/6465/1989
f 1908/6466/1990 1899/6467/1990 1909/6468/1990
f 1908/6469/1991 1896/6470/1991 1899/6471/1991
f 1897/6472/1992 1900/6473/1992 1910/6474/1992
f 1897/6475/1993 1910/6476/1993 1911/6477/1993
f 1911/6478/1994 1903/6479/1994 1897/6480/1994
f 1911/6481/1995 1899/6482/1995 1903/6483/1995
o 11-1
v 5.54745125 8.87560875 5.54745125
v 5.5062825 8.875658125 5.548020625
v 5.506599375 8.872034375 5.506599375
v 5.50564625 8.88292875 5.63112375
v 5.63112375 8.88292875 5.63112375
v 5.630276875 8.892613125 5.50479875
v 5.63112375 8.88292875 5.50564625
v 5.477655625 9.2028625 5.477655625
v 5.60252875 9.209773125 5.47705125
v 5.617165 9.042476875 5.617165
v 5.4910775 9.049455 5.616555
v 5.588499375 9.37013125 5.463021875
v 5.463021875 9.37013125 5.463021875
v 5.61535625 9.063149375 5.61535625
v 5.587545625 9.38102625 5.587545625
v 5.463021875 9.37013125 5.588499375
v 5.54668375 9.37745125 5.54668375
v 5.587854375 9.377500625 5.54725375
v 5.54752 9.377524375 5.54752
v 5.548020625 8.875658125 5.5062825
v 5.492645625 9.031529375 5.618123125
v 5.492035 9.0385075 5.492035
v 5.49083625 9.05220875 5.61631375
v 5.602185 9.213704375 5.4767075
v 5.60158 9.220615625 5.60158
v 5.62932375 8.90350125 5.62932375
v 5.54210875 9.377050625 5.58789375
v 5.54332 9.37715625 5.54332
v 5.54725375 9.377500625 5.587854375
vt 0 1
vt 0 1
vt 0 1
vt 0 1
vt 0 1
vt 0 1
vt 0 1
vt 0 1
vt 0 1
vt 0 1
vt 0 1
vt 0 1
vt 0 1
vt 0 1
vt 0 1
vt 0 1
vt 0 1
vt 0 1
vt 0 1
vt 0 1
vt 0 1
vt 0 1
vt 0 1
vt 0 1
vt 0 1
vt 0 1
vt 0 1
vt 0 1
vt 0 1
vt 0 1
vt 0 1
vt 0 1
vt 0 1
vt 0 1
vt 0 1
vt 0 1
vt 0 1
vt 0 1
vt 0 1
vt 0 1
vt 0 1
vt 0 1
vt 0 1
vt 0 1
vt 0 1
vt 0 1
vt 0 1
vt 0 1
vt 0 1
vt 0 1
vt 0 1
vt 0 1
vt 0 1
vt 0 1
vt 0 1
vt 0 1
vt 0 1
vt 0 1
vt 0 1
vt 0 1
vt 0 1
vt 0 1
vt 0 1
vt 0 1
vt 0 1
vt 0 1
vt 0 1
vt 0 1
vt 0 1
vt 0 1
vt 0 1
vt 0 1
vt 0 1
vt 0 1
vt 0 1
vt 0 1
vt 0 1
vt 0 1
vt 0 1
vt 0 1
vt 0 1
vt 0 1
vt 0 1
vt 0 1
vt 0 1
vt 0 1
vt 0 1
vt 0 1
vt 0 1
vt 0 1
vt 0 1
vt 0 1
vt 0 1
vt 0 1
vt 0 1
vt 0 1
vt 0 1
vt 0 1
vt 0 1
vt 0 1
vt 0 1
vt 0 1
vt 0 1
vt 0 1
vt 0 1
vt 0 1
vt 0 1
vt 0 1
vn 0.000010574029146071259 -0.9961949829390307 0.08715248622554736
vn 0.000010627772336975558 -0.9961946455304326 0.08715634287615721
vn 0 -0.9961951066048162 0.08715107329585235
vn 0.000002101055296727652 -0.08717873095318228 -0.9961926866148829
vn 0.0000017270270045474284 -0.0871543318468953 -0.996194821527064
vn -0.0000017085898893254698 -0.08715600909502692 -0.9961946747878692
vn 0 0.08715634860698578 0.9961946450857371
vn 0.0000038877703492817225 0.08715365182800458 0.9961948810137142
vn 0.0000017480646405241841 -0.08715470910477484 -0.9961947885217061
vn 0 -0.08715355951621528 -0.9961948890973361
vn 0.000004400665291577915 0.08716284896789014 0.9961940763427751
vn 0.00000513945113265808 0.08715619532069532 0.9961946584833745
vn 0.000004430152091714453 0.08715640011851455 0.9961946405691787
vn 0 0.9961941456163453 -0.08716205733987746
vn 0.000011947431704852463 0.9961946640374721 -0.08715613117002728
vn 0.000011484296168868925 0.9961975681511117 -0.08712293083868486
vn 0.000011177991179965949 0.9961935403661972 -0.0871689738824223
vn 0.08715248622554736 -0.9961949829390307 0.000010574029146071259
vn 0.08715634287615721 -0.9961946455304326 0.000010627772336975558
vn 0.08715107329585235 -0.9961951066048162 0
vn -0.9961948402184402 -0.08715411821682215 -6.874505821454166e-8
vn -0.9961947763364734 -0.08715484839615398 9.835092421146265e-7
vn -0.9961940154045104 -0.0871635455450833 4.984957925741071e-7
vn -0.9961947598910339 -0.08715503637453109 -4.4678830666853964e-7
vn -0.9961947486072085 -0.08715516535134811 0
vn 0.9961945357841464 0.08715759787210728 0.0000026406603215414564
vn 0.9961946385859378 0.08715642278698991 0.000004428153560883695
vn 0.9961941116924655 0.08716244506242186 0
vn 0.9961947215484648 0.08715547459204538 0.0000027590763598241545
vn 0.9961947843612009 0.08715475666812347 0.0000012886765614364003
vn -0.08715786788397428 0.9961945121641255 0
vn -0.08735142958958358 0.9961775582583094 -0.000013083137487026147
vn -0.08713083345193952 0.9961968769914595 0.000011594535339709407
vn -0.08714617404633063 0.9961955351703761 -0.0000074629106023207
vn -0.08712293083868486 0.9961975681511117 0.000011484296168868925
vn -0.0871689738824223 0.9961935403661972 0.000011177991179965949
usemtl m_a0a57bcb-95c0-7f80-7bef-e9aaf1d14c76
f 1912/6484/1996 1913/6485/1996 1914/6486/1996
f 1912/6487/1997 1915/6488/1997 1913/6489/1997
f 1912/6490/1998 1916/6491/1998 1915/6492/1998
f 1914/6493/1999 1917/6494/1999 1918/6495/1999
f 1919/6496/2000 1920/6497/2000 1917/6498/2000
f 1914/6499/2001 1919/6500/2001 1917/6501/2001
f 1915/6502/2002 1916/6503/2002 1921/6504/2002
f 1922/6505/2003 1915/6506/2003 1921/6507/2003
f 1919/6508/2004 1923/6509/2004 1920/6510/2004
f 1919/6511/2005 1924/6512/2005 1923/6513/2005
f 1922/6514/2006 1921/6515/2006 1925/6516/2006
f 1922/6517/2007 1925/6518/2007 1926/6519/2007
f 1922/6520/2008 1926/6521/2008 1927/6522/2008
f 1923/6523/2009 1924/6524/2009 1928/6525/2009
f 1929/6526/2010 1923/6527/2010 1928/6528/2010
f 1929/6529/2011 1928/6530/2011 1930/6531/2011
f 1929/6532/2012 1930/6533/2012 1926/6534/2012
f 1912/6535/2013 1914/6536/2013 1931/6537/2013
f 1912/6538/2014 1931/6539/2014 1918/6540/2014
f 1916/6541/2015 1912/6542/2015 1918/6543/2015
f 1914/6544/2016 1915/6545/2016 1932/6546/2016
f 1933/6547/2017 1914/6548/2017 1932/6549/2017
f 1933/6550/2018 1932/6551/2018 1934/6552/2018
f 1933/6553/2019 1934/6554/2019 1927/6555/2019
f 1924/6556/2020 1933/6557/2020 1927/6558/2020
f 1935/6559/2021 1926/6560/2021 1936/6561/2021
f 1935/6562/2022 1923/6563/2022 1926/6564/2022
f 1918/6565/2023 1937/6566/2023 1916/6567/2023
f 1935/6568/2024 1936/6569/2024 1937/6570/2024
f 1918/6571/2025 1935/6572/2025 1937/6573/2025
f 1924/6574/2026 1927/6575/2026 1938/6576/2026
f 1938/6577/2027 1928/6578/2027 1939/6579/2027
f 1938/6580/2028 1940/6581/2028 1928/6582/2028
f 1938/6583/2029 1939/6584/2029 1924/6585/2029
f 1940/6586/2030 1930/6587/2030 1928/6588/2030
f 1940/6589/2031 1926/6590/2031 1930/6591/2031
o 11-2
v 6.407225 8.95082875 6.407225
v 6.378269375 8.948295625 6.378269375
v 6.40762875 8.95086375 6.378044375
v 6.50279375 8.959189375 6.37731625
v 6.50279375 8.959189375 6.50279375
v 6.37731625 8.959189375 6.50279375
v 6.36855625 9.05931375 6.494034375
v 6.36794625 9.066291875 6.36794625
v 6.50027 8.988040625 6.50027
v 6.469654375 9.337974375 6.344176875
v 6.46905 9.344885625 6.46905
v 6.366019375 9.08831875 6.491496875
v 6.33469125 9.446393125 6.33469125
v 6.33469125 9.446393125 6.460169375
v 6.45921625 9.457286875 6.45921625
v 6.460169375 9.446393125 6.33469125
v 6.43058375 9.4547825 6.43058375
v 6.4309825 9.454816875 6.459431875
v 6.4310975 9.4548275 6.4310975
v 6.378044375 8.95086375 6.40762875
v 6.501221875 8.977159375 6.375744375
v 6.345125625 9.327133125 6.345125625
v 6.469998125 9.33404375 6.34452125
v 6.366988125 9.07723875 6.49246625
v 6.49307625 9.07026125 6.49307625
v 6.49054 9.09925375 6.49054
v 6.33836875 9.446714375 6.46014125
v 6.459431875 9.454816875 6.4309825
vt 0 1
vt 0 1
vt 0 1
vt 0 1
vt 0 1
vt 0 1
vt 0 1
vt 0 1
vt 0 1
vt 0 1
vt 0 1
vt 0 1
vt 0 1
vt 0 1
vt 0 1
vt 0 1
vt 0 1
vt 0 1
vt 0 1
vt 0 1
vt 0 1
vt 0 1
vt 0 1
vt 0 1
vt 0 1
vt 0 1
vt 0 1
vt 0 1
vt 0 1
vt 0 1
vt 0 1
vt 0 1
vt 0 1
vt 0 1
vt 0 1
vt 0 1
vt 0 1
vt 0 1
vt 0 1
vt 0 1
vt 0 1
vt 0 1
vt 0 1
vt 0 1
vt 0 1
vt 0 1
vt 0 1
vt 0 1
vt 0 1
vt 0 1
vt 0 1
vt 0 1
vt 0 1
vt 0 1
vt 0 1
vt 0 1
vt 0 1
vt 0 1
vt 0 1
vt 0 1
vt 0 1
vt 0 1
vt 0 1
vt 0 1
vt 0 1
vt 0 1
vt 0 1
vt 0 1
vt 0 1
vt 0 1
vt 0 1
vt 0 1
vt 0 1
vt 0 1
vt 0 1
vt 0 1
vt 0 1
vt 0 1
vt 0 1
vt 0 1
vt 0 1
vt 0 1
vt 0 1
vt 0 1
vt 0 1
vt 0 1
vt 0 1
vt 0 1
vt 0 1
vt 0 1
vt 0 1
vt 0 1
vt 0 1
vt 0 1
vt 0 1
vt 0 1
vt 0 1
vt 0 1
vt 0 1
vt 0 1
vt 0 1
vt 0 1
vt 0 1
vt 0 1
vt 0 1
vn 0.08713940989060585 -0.9961961268379289 0.000010817873280646882
vn 0.08715339892575691 -0.9961949030859395 0.000011012896665576194
vn 0.0871499785637267 -0.9961952023756901 0
vn -0.996194479102655 -0.08715824576808527 -1.4232602457025125e-7
vn -0.996194821622167 -0.08715433068854664 -0.000003925608747681863
vn 0.9961959190583404 0.08714178590956595 0
vn 0.9961946890185731 0.08715584642544742 -0.0000022477088827284377
vn 0.9961947267699206 0.08715541489442147 -0.000003222531132330377
vn -0.9961968657354129 -0.08713096287808679 -0.0000026224692851430234
vn -0.9961945346826847 -0.08715761050160549 0
vn -0.9961946110259168 -0.08715673788578078 0.0000020079193993198973
vn 0.9961947802377705 0.08715480378169813 -0.0000021895610449534727
vn 0.9961950211696489 0.08715204986877335 6.885066853010025e-7
vn -0.08715438529222144 0.9961948168527756 0
vn -0.08714900991585903 0.9961952869605819 0.000017555897112495385
vn -0.08727633408259665 0.9961841401746411 0.000019329103594832278
vn -0.08715093335435954 0.9961951186498316 0.00001984218108626012
vn 0.000010817873280646882 -0.9961961268379289 0.08713940989060585
vn 0.000011012896665576194 -0.9961949030859395 0.08715339892575691
vn 0 -0.9961952023756901 0.0871499785637267
vn -0.0000017862081722108629 -0.08713959759877081 -0.9961961104758109
vn 0.0000017644217799685044 -0.08715500227117313 -0.9961947628732039
vn 0.0000018489449817402918 -0.08715496485825595 -0.9961947661462278
vn 0.000002140482142112557 -0.0871617459460202 -0.9961941728594179
vn 0 -0.08715969682361212 -0.9961943521470176
vn 0.000003083234110062375 0.08714697142613462 0.9961954654392613
vn 2.3520444868507072e-7 0.08715551574710943 0.9961947179516665
vn 0.000005167403860722859 0.08715633092128335 0.9961946466196442
vn 0.000001454005998078035 0.08715604546958361 0.9961946716059015
vn 0 0.08715547662231272 0.9961947213746607
vn 0.0000033635107097954515 0.0871519977712987 0.9961950257219511
vn 0.000019329103594832278 0.9961841401746411 -0.08727633408259665
vn 0.00001984218108626012 0.9961951186498316 -0.08715093335435954
vn 0 0.9961948168527756 -0.08715438529222144
vn 0.00001755589711249478 0.9961952869605819 -0.08714900991585903
usemtl m_a0a57bcb-95c0-7f80-7bef-e9aaf1d14c76
f 1941/6592/2032 1942/6593/2032 1943/6594/2032
f 1941/6595/2033 1943/6596/2033 1944/6597/2033
f 1945/6598/2034 1941/6599/2034 1944/6600/2034
f 1942/6601/2035 1946/6602/2035 1947/6603/2035
f 1948/6604/2036 1942/6605/2036 1947/6606/2036
f 1944/6607/2037 1949/6608/2037 1945/6609/2037
f 1950/6610/2038 1951/6611/2038 1949/6612/2038
f 1944/6613/2039 1950/6614/2039 1949/6615/2039
f 1948/6616/2040 1947/6617/2040 1952/6618/2040
f 1953/6619/2041 1952/6620/2041 1954/6621/2041
f 1953/6622/2042 1948/6623/2042 1952/6624/2042
f 1950/6625/2043 1955/6626/2043 1951/6627/2043
f 1950/6628/2044 1956/6629/2044 1955/6630/2044
f 1954/6631/2045 1957/6632/2045 1953/6633/2045
f 1954/6634/2046 1958/6635/2046 1957/6636/2046
f 1958/6637/2047 1959/6638/2047 1957/6639/2047
f 1958/6640/2048 1955/6641/2048 1959/6642/2048
f 1941/6643/2049 1960/6644/2049 1942/6645/2049
f 1941/6646/2050 1946/6647/2050 1960/6648/2050
f 1941/6649/2051 1945/6650/2051 1946/6651/2051
f 1942/6652/2052 1961/6653/2052 1944/6654/2052
f 1962/6655/2053 1963/6656/2053 1961/6657/2053
f 1942/6658/2054 1962/6659/2054 1961/6660/2054
f 1962/6661/2055 1956/6662/2055 1963/6663/2055
f 1962/6664/2056 1953/6665/2056 1956/6666/2056
f 1964/6667/2057 1965/6668/2057 1966/6669/2057
f 1966/6670/2058 1955/6671/2058 1967/6672/2058
f 1964/6673/2059 1967/6674/2059 1954/6675/2059
f 1964/6676/2060 1966/6677/2060 1967/6678/2060
f 1946/6679/2061 1945/6680/2061 1965/6681/2061
f 1964/6682/2062 1946/6683/2062 1965/6684/2062
f 1968/6685/2063 1957/6686/2063 1959/6687/2063
f 1968/6688/2064 1959/6689/2064 1955/6690/2064
f 1956/6691/2065 1953/6692/2065 1957/6693/2065
f 1968/6694/2066 1956/6695/2066 1957/6696/2066
o 12-1
v 6.52831 8.957575 6.52831
v 6.500951875 8.956380625 6.500951875
v 6.528690625 8.957591875 6.50089875
v 6.6258325 8.961833125 6.50071375
v 6.6258325 8.961833125 6.6258325
v 6.50071375 8.961833125 6.6258325
v 6.496399375 9.06064125 6.62151875
v 6.496095625 9.067601875 6.496095625
v 6.49504625 9.091644375 6.620165
v 6.4791425 9.455905 6.4791425
v 6.4791425 9.455905 6.604260625
v 6.60890875 9.349451875 6.48379
v 6.604023125 9.461356875 6.604023125
v 6.60860625 9.356379375 6.60860625
v 6.604260625 9.455905 6.4791425
v 6.609968125 9.325194375 6.609968125
v 6.577345 9.4601925 6.577345
v 6.577715625 9.46020875 6.604073125
v 6.577813125 9.4602125 6.577813125
v 6.50089875 8.957591875 6.528690625
v 6.624720625 8.9873075 6.49960125
v 6.4840275 9.3440125 6.4840275
v 6.60884375 9.350940625 6.483724375
v 6.500329375 8.970630625 6.62544875
v 6.495856875 9.07306875 6.62097625
v 6.62128 9.066106875 6.62128
v 6.61992625 9.09710625 6.61992625
v 6.48098375 9.455985 6.6042575
v 6.604088125 9.45987125 6.56998375
v 6.571543125 9.45993875 6.571543125
v 6.604073125 9.46020875 6.577715625
vt 0 1
vt 0 1
vt 0 1
vt 0 1
vt 0 1
vt 0 1
vt 0 1
vt 0 1
vt 0 1
vt 0 1
vt 0 1
vt 0 1
vt 0 1
vt 0 1
vt 0 1
vt 0 1
vt 0 1
vt 0 1
vt 0 1
vt 0 1
vt 0 1
vt 0 1
vt 0 1
vt 0 1
vt 0 1
vt 0 1
vt 0 1
vt 0 1
vt 0 1
vt 0 1
vt 0 1
vt 0 1
vt 0 1
vt 0 1
vt 0 1
vt 0 1
vt 0 1
vt 0 1
vt 0 1
vt 0 1
vt 0 1
vt 0 1
vt 0 1
vt 0 1
vt 0 1
vt 0 1
vt 0 1
vt 0 1
vt 0 1
vt 0 1
vt 0 1
vt 0 1
vt 0 1
vt 0 1
vt 0 1
vt 0 1
vt 0 1
vt 0 1
vt 0 1
vt 0 1
vt 0 1
vt 0 1
vt 0 1
vt 0 1
vt 0 1
vt 0 1
vt 0 1
vt 0 1
vt 0 1
vt 0 1
vt 0 1
vt 0 1
vt 0 1
vt 0 1
vt 0 1
vt 0 1
vt 0 1
vt 0 1
vt 0 1
vt 0 1
vt 0 1
vt 0 1
vt 0 1
vt 0 1
vt 0 1
vt 0 1
vt 0 1
vt 0 1
vt 0 1
vt 0 1
vt 0 1
vt 0 1
vt 0 1
vt 0 1
vt 0 1
vt 0 1
vt 0 1
vt 0 1
vt 0 1
vt 0 1
vt 0 1
vt 0 1
vt 0 1
vt 0 1
vt 0 1
vt 0 1
vt 0 1
vt 0 1
vt 0 1
vt 0 1
vt 0 1
vt 0 1
vt 0 1
vt 0 1
vn 0.04362476251768015 -0.99904798684009 -0.000009275736956933838
vn 0.0436187961957758 -0.9990482473488683 -0.0000093587440201096
vn 0.0436214394319942 -0.9990481319845811 0
vn -0.9990480802778248 -0.04362262363794323 -3.6810137951693446e-7
vn -0.9990481307600668 -0.04362146745514498 -0.0000013698206458380947
vn -0.9990489238392393 -0.04360330005319369 -3.596610759358605e-7
vn -0.9990482469619733 -0.043618806061240196 0
vn -0.9990482885596697 -0.043617853224509555 0.000002465865109397044
vn 0.9990483416428023 0.04361663742829894 4.636220244701866e-7
vn 0.9990481149024912 0.04362183043619217 -0.000004378898008377347
vn 0.9990477913042172 0.043629241227750665 -2.3724263156476397e-7
vn 0.9990482598975171 0.0436185097836141 0
vn 0.9990482313527882 0.04361916351926793 -0.000002178357147054202
vn -0.043618232389569946 0.9990482720085199 0
vn -0.04361893110576557 0.9990482414992116 -0.0000025541478550428314
vn -0.04266896988311237 0.9990892646610701 -0.000015751706775678228
vn -0.04360103088773381 0.9990490226891734 -0.000019218075981509192
vn -0.000009275736956933838 -0.99904798684009 0.04362476251768015
vn -0.0000093587440201096 -0.9990482473488683 0.0436187961957758
vn 0 -0.9990481319845811 0.0436214394319942
vn -5.6199640527561e-8 -0.04362975364135271 -0.9990477689265873
vn -0.000005035420478719161 -0.04362045657524414 -0.9990481748858822
vn -0.000002621641578142917 -0.04361950633397117 -0.9990482163841281
vn -0.000005593041978144207 -0.04361042968711654 -0.9990486126266445
vn 0 -0.043616428210516804 -0.9990483507769568
vn 0 0.043578906844274776 0.9990499881778981
vn 0.0000028207815489394825 0.04361907101216543 0.9990482353901031
vn 0.000001591565761462887 0.04361763744152202 0.9990482979823783
vn 0.0000022095411833621584 0.043628749537989855 0.9990478127741782
vn -0.0000012984511881102764 0.04361823373783869 0.999048271948811
vn -0.00019930021419278693 0.04361235137127683 0.999048508875967
vn 0.000003863585279849869 0.0436202284548354 0.9990481848512717
vn 0 0.9990482046304212 -0.04361977561533673
vn -0.00002052347117850786 0.9990458526024864 -0.04367360732248224
vn -0.00000269278207618642 0.999048677123592 -0.043608952410599845
vn -0.00001683014130175738 0.9990492129997237 -0.04359667098964036
vn -0.000015751706775678228 0.9990892646610701 -0.04266896988311237
vn -0.000019218075981509192 0.9990490226891734 -0.04360103088773381
usemtl m_a0a57bcb-95c0-7f80-7bef-e9aaf1d14c76
f 1969/6697/2067 1970/6698/2067 1971/6699/2067
f 1969/6700/2068 1971/6701/2068 1972/6702/2068
f 1973/6703/2069 1969/6704/2069 1972/6705/2069
f 1970/6706/2070 1974/6707/2070 1975/6708/2070
f 1976/6709/2071 1970/6710/2071 1975/6711/2071
f 1976/6712/2072 1975/6713/2072 1977/6714/2072
f 1978/6715/2073 1977/6716/2073 1979/6717/2073
f 1978/6718/2074 1976/6719/2074 1977/6720/2074
f 1980/6721/2075 1981/6722/2075 1982/6723/2075
f 1980/6724/2076 1983/6725/2076 1981/6726/2076
f 1980/6727/2077 1982/6728/2077 1984/6729/2077
f 1972/6730/2078 1984/6731/2078 1973/6732/2078
f 1972/6733/2079 1980/6734/2079 1984/6735/2079
f 1979/6736/2080 1985/6737/2080 1978/6738/2080
f 1979/6739/2081 1986/6740/2081 1985/6741/2081
f 1986/6742/2082 1987/6743/2082 1985/6744/2082
f 1986/6745/2083 1981/6746/2083 1987/6747/2083
f 1969/6748/2084 1988/6749/2084 1970/6750/2084
f 1969/6751/2085 1974/6752/2085 1988/6753/2085
f 1969/6754/2086 1973/6755/2086 1974/6756/2086
f 1970/6757/2087 1989/6758/2087 1972/6759/2087
f 1990/6760/2088 1991/6761/2088 1989/6762/2088
f 1970/6763/2089 1990/6764/2089 1989/6765/2089
f 1990/6766/2090 1983/6767/2090 1991/6768/2090
f 1990/6769/2091 1978/6770/2091 1983/6771/2091
f 1973/6772/2092 1992/6773/2092 1974/6774/2092
f 1973/6775/2093 1993/6776/2093 1992/6777/2093
f 1993/6778/2094 1973/6779/2094 1994/6780/2094
f 1993/6781/2095 1994/6782/2095 1995/6783/2095
f 1995/6784/2096 1981/6785/2096 1996/6786/2096
f 1993/6787/2097 1996/6788/2097 1979/6789/2097
f 1993/6790/2098 1995/6791/2098 1996/6792/2098
f 1978/6793/2099 1997/6794/2099 1983/6795/2099
f 1997/6796/2100 1998/6797/2100 1985/6798/2100
f 1999/6799/2101 1997/6800/2101 1985/6801/2101
f 1997/6802/2102 1978/6803/2102 1998/6804/2102
f 1999/6805/2103 1985/6806/2103 1987/6807/2103
f 1999/6808/2104 1987/6809/2104 1981/6810/2104
o 12-2
v 7.39051375 8.995219375 7.39051375
v 7.375119375 8.994548125 7.375119375
v 7.390728125 8.99522875 7.375089375
v 7.5 9 7.37488125
v 7.5 9 7.5
v 7.37488125 9 7.5
v 7.372690625 9.050171875 7.497809375
v 7.37238625 9.0571325 7.37238625
v 7.480963125 9.43602 7.35584375
v 7.480660625 9.4429475 7.480660625
v 7.48308 9.3875325 7.48308
v 7.370305 9.10480875 7.495424375
v 7.353309375 9.49407125 7.353309375
v 7.353309375 9.49407125 7.478428125
v 7.478190625 9.499524375 7.478190625
v 7.478428125 9.49407125 7.353309375
v 7.463813125 9.498896875 7.463813125
v 7.4640125 9.498905 7.4782175
v 7.464038125 9.49890625 7.464038125
v 7.375089375 8.99522875 7.390728125
v 7.49785875 9.0490525 7.372739375
v 7.35608125 9.43058125 7.35608125
v 7.480898125 9.43750875 7.355779375
v 7.37453875 9.00783375 7.499658125
v 7.372148125 9.062598125 7.4972675
v 7.49757125 9.0556375 7.49757125
v 7.495185625 9.110263125 7.495185625
v 7.355034375 9.49414625 7.478425
v 7.478243125 9.49831 7.450386875
v 7.45280375 9.49841625 7.45280375
v 7.4782175 9.498905 7.4640125
vt 0 1
vt 0 1
vt 0 1
vt 0 1
vt 0 1
vt 0 1
vt 0 1
vt 0 1
vt 0 1
vt 0 1
vt 0 1
vt 0 1
vt 0 1
vt 0 1
vt 0 1
vt 0 1
vt 0 1
vt 0 1
vt 0 1
vt 0 1
vt 0 1
vt 0 1
vt 0 1
vt 0 1
vt 0 1
vt 0 1
vt 0 1
vt 0 1
vt 0 1
vt 0 1
vt 0 1
vt 0 1
vt 0 1
vt 0 1
vt 0 1
vt 0 1
vt 0 1
vt 0 1
vt 0 1
vt 0 1
vt 0 1
vt 0 1
vt 0 1
vt 0 1
vt 0 1
vt 0 1
vt 0 1
vt 0 1
vt 0 1
vt 0 1
vt 0 1
vt 0 1
vt 0 1
vt 0 1
vt 0 1
vt 0 1
vt 0 1
vt 0 1
vt 0 1
vt 0 1
vt 0 1
vt 0 1
vt 0 1
vt 0 1
vt 0 1
vt 0 1
vt 0 1
vt 0 1
vt 0 1
vt 0 1
vt 0 1
vt 0 1
vt 0 1
vt 0 1
vt 0 1
vt 0 1
vt 0 1
vt 0 1
vt 0 1
vt 0 1
vt 0 1
vt 0 1
vt 0 1
vt 0 1
vt 0 1
vt 0 1
vt 0 1
vt 0 1
vt 0 1
vt 0 1
vt 0 1
vt 0 1
vt 0 1
vt 0 1
vt 0 1
vt 0 1
vt 0 1
vt 0 1
vt 0 1
vt 0 1
vt 0 1
vt 0 1
vt 0 1
vt 0 1
vt 0 1
vt 0 1
vt 0 1
vt 0 1
vt 0 1
vt 0 1
vt 0 1
vt 0 1
vt 0 1
vt 0 1
vn 0.04356394903786083 -0.9990506405288697 -0.00000175554479063111
vn 0.04362245995434256 -0.9990480874245478 -9.407815944708603e-7
vn 0.04362259402400402 -0.9990480815709608 0
vn -0.9990481564275101 -0.04362087961463062 -6.627064875845492e-7
vn -0.9990477877949255 -0.04362932147082634 0.0000031718604286768557
vn 0.9990482963485573 0.04361767489081103 4.0592940155529964e-7
vn 0.9990482254416854 0.04361929896066293 0
vn 0.9990482367241297 0.043619040539049886 9.273459510308371e-7
vn -0.9990481268159757 -0.04362155765793812 0.00000360355258765566
vn -0.9990482151831728 -0.04361953391907106 0
vn -0.9990482544553176 -0.04361863436295338 0.0000024686410153673952
vn 0.999048374292526 0.043615889572562176 5.052058032390185e-7
vn 0.9990479103444367 0.043626515001882846 -0.000005020456737738867
vn -0.04362775300868565 0.9990478562948891 0
vn -0.043622438056537656 0.9990480875698251 0.000040262619879422886
vn -0.041643344271779445 0.9991325396129705 0.00001282179053502941
vn -0.043643612233569405 0.9990471635646524 0.000009199375119580785
vn -0.00000175554479063111 -0.9990506405288697 0.04356394903786083
vn -9.407815944708603e-7 -0.9990480874245478 0.04362245995434256
vn 0 -0.9990480815709608 0.043622594024004015
vn -5.521195801073069e-7 -0.043623407896099586 -0.9990480460334358
vn 0.000004628385619531175 -0.04361824576863712 -0.9990482714136714
vn -0.0000017897208090896904 -0.04362062622333931 -0.9990481674897767
vn 0.0000050989951758978886 -0.043626708916962235 -0.9990479018761188
vn 0 -0.04361690171693339 -0.9990483301045128
vn 0 0.04359979615351024 0.9990490767601822
vn 7.272456577992091e-7 0.04361142119667835 0.9990485693602074
vn 8.219549850191998e-7 0.04361161426532471 0.9990485609320986
vn 0.0000018867118433577255 0.04363076357493815 0.9990477248191442
vn -0.0000034970674563363484 0.04361792030823202 0.9990482856277546
vn -0.00008526343671992112 0.04358812497880973 0.9990495823986806
vn 0.000005446343102314261 0.043621592602154806 0.9990481252818549
vn 0 0.9990481073015218 -0.04362200473668001
vn 0.00002650253875180617 0.9990472823591615 -0.04364088574249247
vn 0.00004031299499357327 0.9990479289290436 -0.04362607107511556
vn 0.000025216585371573632 0.9990466921654826 -0.04365439539532674
vn 0.00001282179053502941 0.9991325396129705 -0.041643344271779445
vn 0.000009199375119580785 0.9990471635646524 -0.043643612233569405
usemtl m_a0a57bcb-95c0-7f80-7bef-e9aaf1d14c76
f 2000/6811/2105 2001/6812/2105 2002/6813/2105
f 2000/6814/2106 2002/6815/2106 2003/6816/2106
f 2004/6817/2107 2000/6818/2107 2003/6819/2107
f 2001/6820/2108 2005/6821/2108 2006/6822/2108
f 2007/6823/2109 2001/6824/2109 2006/6825/2109
f 2008/6826/2110 2009/6827/2110 2010/6828/2110
f 2003/6829/2111 2010/6830/2111 2004/6831/2111
f 2003/6832/2112 2008/6833/2112 2010/6834/2112
f 2007/6835/2113 2006/6836/2113 2011/6837/2113
f 2012/6838/2114 2011/6839/2114 2013/6840/2114
f 2012/6841/2115 2007/6842/2115 2011/6843/2115
f 2008/6844/2116 2014/6845/2116 2009/6846/2116
f 2008/6847/2117 2015/6848/2117 2014/6849/2117
f 2013/6850/2118 2016/6851/2118 2012/6852/2118
f 2013/6853/2119 2017/6854/2119 2016/6855/2119
f 2017/6856/2120 2018/6857/2120 2016/6858/2120
f 2017/6859/2121 2014/6860/2121 2018/6861/2121
f 2000/6862/2122 2019/6863/2122 2001/6864/2122
f 2000/6865/2123 2005/6866/2123 2019/6867/2123
f 2000/6868/2124 2004/6869/2124 2005/6870/2124
f 2001/6871/2125 2020/6872/2125 2003/6873/2125
f 2021/6874/2126 2022/6875/2126 2020/6876/2126
f 2001/6877/2127 2021/6878/2127 2020/6879/2127
f 2021/6880/2128 2015/6881/2128 2022/6882/2128
f 2021/6883/2129 2012/6884/2129 2015/6885/2129
f 2004/6886/2130 2023/6887/2130 2005/6888/2130
f 2004/6889/2131 2024/6890/2131 2023/6891/2131
f 2024/6892/2132 2004/6893/2132 2025/6894/2132
f 2024/6895/2133 2025/6896/2133 2026/6897/2133
f 2026/6898/2134 2014/6899/2134 2027/6900/2134
f 2026/6901/2135 2027/6902/2135 2013/6903/2135
f 2024/6904/2136 2026/6905/2136 2013/6906/2136
f 2012/6907/2137 2028/6908/2137 2015/6909/2137
f 2028/6910/2138 2029/6911/2138 2016/6912/2138
f 2030/6913/2139 2028/6914/2139 2016/6915/2139
f 2028/6916/2140 2012/6917/2140 2029/6918/2140
f 2030/6919/2141 2016/6920/2141 2018/6921/2141
f 2030/6922/2142 2018/6923/2142 2014/6924/2142
o part1
v 1.156250625 0.023478156561244634 0.7232377159852557
v -0.5 0.023478156561244634 0.7232377159852557
v 1.156250625 0.2734781565612445 1.156250417877475
v -0.5 0.2734781565612445 1.156250417877475
v 1.156250625 -0.08477501891181016 0.7857377159852557
v -0.5 -0.08477501891181016 0.7857377159852557
v 1.156250625 0.16522498108818973 1.218750417877475
v -0.5 0.16522498108818973 1.218750417877475
vt 0 1
vt 0.125 1
vt 0.125 0.9375
vt 0 0.9375
vt 0 1
vt 0.125 1
vt 0.125 0.9375
vt 0 0.9375
vt 0.125 1
vt 0.125 0.984375
vt 0 0.984375
vt 0 1
vt 0 0.875
vt 0 0.890625
vt 0.125 0.890625
vt 0.125 0.875
vt 0 1
vt 0.015625 1
vt 0.015625 0.9375
vt 0 0.9375
vt 0.109375 1
vt 0.125 1
vt 0.125 0.9375
vt 0.109375 0.9375
vn 0 0.8660254037844388 -0.4999999999999998
vn 0 -0.8660254037844388 0.4999999999999998
vn 0 -0.4999999999999998 -0.8660254037844388
vn 0 0.4999999999999998 0.8660254037844388
vn 1 0 0
vn -1 0 0
usemtl m_a0a57bcb-95c0-7f80-7bef-e9aaf1d14c76
f 2031/6925/2143 2032/6926/2143 2034/6927/2143 2033/6928/2143
f 2036/6929/2144 2035/6930/2144 2037/6931/2144 2038/6932/2144
f 2036/6933/2145 2032/6934/2145 2031/6935/2145 2035/6936/2145
f 2037/6937/2146 2033/6938/2146 2034/6939/2146 2038/6940/2146
f 2035/6941/2147 2031/6942/2147 2033/6943/2147 2037/6944/2147
f 2032/6945/2148 2036/6946/2148 2038/6947/2148 2034/6948/2148
o part12
v 7.375119375 9.499524529279189 7.4781904618560775
v -0.5 9.49952390487405 7.4781904891181945
v 7.375119375 9.00000041848826 7.500000155538745
v -0.5 8.99999979408312 7.5000001828008624
v 7.375119375 9.494072105858521 7.353309434158345
v -0.5 9.494071481453382 7.353309461420462
v 7.375119375 8.994547995067592 7.375119127841013
v -0.5 8.994547370662453 7.37511915510313
vt 0 1
vt 0.125 1
vt 0.125 0.9375
vt 0 0.9375
vt 0 1
vt 0.125 1
vt 0.125 0.9375
vt 0 0.9375
vt 0.125 1
vt 0.125 0.984375
vt 0 0.984375
vt 0 1
vt 0 0.875
vt 0 0.890625
vt 0.125 0.890625
vt 0.125 0.875
vt 0 1
vt 0.015625 1
vt 0.015625 0.9375
vt 0 0.9375
vt 0.109375 1
vt 0.125 1
vt 0.125 0.9375
vt 0.109375 0.9375
vn 0 0.043619387365336 0.9990482215818578
vn 0 -0.043619387365336 -0.9990482215818578
vn -7.936387633468499e-8 0.9990482215818547 -0.04361938736533586
vn 7.936387630648927e-8 -0.9990482215818547 0.04361938736533586
vn 1 0 0
vn -1 0 0
usemtl m_a0a57bcb-95c0-7f80-7bef-e9aaf1d14c76
f 2039/6949/2149 2040/6950/2149 2042/6951/2149 2041/6952/2149
f 2044/6953/2150 2043/6954/2150 2045/6955/2150 2046/6956/2150
f 2044/6957/2151 2040/6958/2151 2039/6959/2151 2043/6960/2151
f 2045/6961/2152 2041/6962/2152 2042/6963/2152 2046/6964/2152
f 2043/6965/2153 2039/6966/2153 2041/6967/2153 2045/6968/2153
f 2040/6969/2154 2044/6970/2154 2046/6971/2154 2042/6972/2154
o part12
v 6.500951875 9.461357654279187 6.604022961856077
v -0.5 9.46135702987405 6.604022989118194
v 6.500951875 8.96183354348826 6.625832655538745
v -0.5 8.96183291908312 6.625832682800862
v 6.500951875 9.455905230858521 6.479141934158345
v -0.5 9.455904606453382 6.479141961420462
v 6.500951875 8.956381120067592 6.500951627841013
v -0.5 8.956380495662453 6.50095165510313
vt 0 1
vt 0.125 1
vt 0.125 0.9375
vt 0 0.9375
vt 0 1
vt 0.125 1
vt 0.125 0.9375
vt 0 0.9375
vt 0.125 1
vt 0.125 0.984375
vt 0 0.984375
vt 0 1
vt 0 0.875
vt 0 0.890625
vt 0.125 0.890625
vt 0.125 0.875
vt 0 1
vt 0.015625 1
vt 0.015625 0.9375
vt 0 0.9375
vt 0.109375 1
vt 0.125 1
vt 0.125 0.9375
vt 0.109375 0.9375
vn 0 0.043619387365336 0.9990482215818578
vn 0 -0.043619387365336 -0.9990482215818578
vn -8.927357470206596e-8 0.9990482215818539 -0.043619387365335834
vn 8.927357467034962e-8 -0.9990482215818539 0.043619387365335834
vn 1 0 0
vn -1 0 0
usemtl m_a0a57bcb-95c0-7f80-7bef-e9aaf1d14c76
f 2047/6973/2155 2048/6974/2155 2050/6975/2155 2049/6976/2155
f 2052/6977/2156 2051/6978/2156 2053/6979/2156 2054/6980/2156
f 2052/6981/2157 2048/6982/2157 2047/6983/2157 2051/6984/2157
f 2053/6985/2158 2049/6986/2158 2050/6987/2158 2054/6988/2158
f 2051/6989/2159 2047/6990/2159 2049/6991/2159 2053/6992/2159
f 2048/6993/2160 2052/6994/2160 2054/6995/2160 2050/6996/2160
o part11
v 6.378269375 9.45728713735756 6.459215985043672
v -0.5 9.45728713735756 6.459215985043672
v 6.378269375 8.959189788311688 6.502793856417501
v -0.5 8.959189788311688 6.502793856417501
v 6.378269375 9.446392669514104 6.334691647782204
v -0.5 9.446392669514104 6.334691647782204
v 6.378269375 8.948295320468231 6.378269519156033
v -0.5 8.948295320468231 6.378269519156033
vt 0 1
vt 0.125 1
vt 0.125 0.9375
vt 0 0.9375
vt 0 1
vt 0.125 1
vt 0.125 0.9375
vt 0 0.9375
vt 0.125 1
vt 0.125 0.984375
vt 0 0.984375
vt 0 1
vt 0 0.875
vt 0 0.890625
vt 0.125 0.890625
vt 0.125 0.875
vt 0 1
vt 0.015625 1
vt 0.015625 0.9375
vt 0 0.9375
vt 0.109375 1
vt 0.125 1
vt 0.125 0.9375
vt 0.109375 0.9375
vn 0 0.08715574274765818 0.9961946980917455
vn 0 -0.08715574274765818 -0.9961946980917455
vn 0 0.9961946980917455 -0.08715574274765818
vn 0 -0.9961946980917455 0.08715574274765818
vn 1 0 0
vn -1 0 0
usemtl m_a0a57bcb-95c0-7f80-7bef-e9aaf1d14c76
f 2055/6997/2161 2056/6998/2161 2058/6999/2161 2057/7000/2161
f 2060/7001/2162 2059/7002/2162 2061/7003/2162 2062/7004/2162
f 2060/7005/2163 2056/7006/2163 2055/7007/2163 2059/7008/2163
f 2061/7009/2164 2057/7010/2164 2058/7011/2164 2062/7012/2164
f 2059/7013/2165 2055/7014/2165 2057/7015/2165 2061/7016/2165
f 2056/7017/2166 2060/7018/2166 2062/7019/2166 2058/7020/2166
o part11
v 5.506599375 9.381025887357561 5.587545985043672
v -0.5 9.381025887357561 5.587545985043672
v 5.506599375 8.882928538311688 5.631123856417501
v -0.5 8.882928538311688 5.631123856417501
v 5.506599375 9.370131419514104 5.463021647782204
v -0.5 9.370131419514104 5.463021647782204
v 5.506599375 8.872034070468231 5.506599519156033
v -0.5 8.872034070468231 5.506599519156033
vt 0 1
vt 0.125 1
vt 0.125 0.9375
vt 0 0.9375
vt 0 1
vt 0.125 1
vt 0.125 0.9375
vt 0 0.9375
vt 0.125 1
vt 0.125 0.984375
vt 0 0.984375
vt 0 1
vt 0 0.875
vt 0 0.890625
vt 0.125 0.890625
vt 0.125 0.875
vt 0 1
vt 0.015625 1
vt 0.015625 0.9375
vt 0 0.9375
vt 0.109375 1
vt 0.125 1
vt 0.125 0.9375
vt 0.109375 0.9375
vn 0 0.08715574274765818 0.9961946980917455
vn 0 -0.08715574274765818 -0.9961946980917455
vn 0 0.9961946980917455 -0.08715574274765818
vn 0 -0.9961946980917455 0.08715574274765818
vn 1 0 0
vn -1 0 0
usemtl m_a0a57bcb-95c0-7f80-7bef-e9aaf1d14c76
f 2063/7021/2167 2064/7022/2167 2066/7023/2167 2065/7024/2167
f 2068/7025/2168 2067/7026/2168 2069/7027/2168 2070/7028/2168
f 2068/7029/2169 2064/7030/2169 2063/7031/2169 2067/7032/2169
f 2069/7033/2170 2065/7034/2170 2066/7035/2170 2070/7036/2170
f 2067/7037/2171 2063/7038/2171 2065/7039/2171 2069/7040/2171
f 2064/7041/2172 2068/7042/2172 2070/7043/2172 2066/7044/2172
o part10
v 5.3868068749999996 9.37028408946167 5.423083876217195
v -0.5 9.37028408946167 5.423083876217195
v 5.3868068749999996 8.877880212955565 5.50990796505066
v -0.5 8.877880212955565 5.50990796505066
v 5.3868068749999996 9.348578067253303 5.299982907090669
v -0.5 9.348578067253303 5.299982907090669
v 5.3868068749999996 8.856174190747199 5.386806995924134
v -0.5 8.856174190747199 5.386806995924134
vt 0 1
vt 0.125 1
vt 0.125 0.9375
vt 0 0.9375
vt 0 1
vt 0.125 1
vt 0.125 0.9375
vt 0 0.9375
vt 0.125 1
vt 0.125 0.984375
vt 0 0.984375
vt 0 1
vt 0 0.875
vt 0 0.890625
vt 0.125 0.890625
vt 0.125 0.875
vt 0 1
vt 0.015625 1
vt 0.015625 0.9375
vt 0 0.9375
vt 0.109375 1
vt 0.125 1
vt 0.125 0.9375
vt 0.109375 0.9375
vn 0 0.17364817766693033 0.984807753012208
vn 0 -0.17364817766693033 -0.984807753012208
vn 0 0.984807753012208 -0.17364817766693033
vn 0 -0.984807753012208 0.17364817766693033
vn 1 0 0
vn -1 0 0
usemtl m_a0a57bcb-95c0-7f80-7bef-e9aaf1d14c76
f 2071/7045/2173 2072/7046/2173 2074/7047/2173 2073/7048/2173
f 2076/7049/2174 2075/7050/2174 2077/7051/2174 2078/7052/2174
f 2076/7053/2175 2072/7054/2175 2071/7055/2175 2075/7056/2175
f 2077/7057/2176 2073/7058/2176 2074/7059/2176 2078/7060/2176
f 2075/7061/2177 2071/7062/2177 2073/7063/2177 2077/7064/2177
f 2072/7065/2178 2076/7066/2178 2078/7067/2178 2074/7068/2178
o part10
v 4.5251 9.218340973956824 4.561377109747305
v -0.5 9.21834158946167 4.561377001217195
v 4.5251 8.72593709745072 4.648201198580771
v -0.5 8.725937712955565 4.64820109005066
v 4.5251 9.196634951748457 4.438276140620779
v -0.5 9.196635567253303 4.438276032090668
v 4.5251 8.704231075242353 4.525100229454244
v -0.5 8.704231690747198 4.525100120924133
vt 0 1
vt 0.125 1
vt 0.125 0.9375
vt 0 0.9375
vt 0 1
vt 0.125 1
vt 0.125 0.9375
vt 0 0.9375
vt 0.125 1
vt 0.125 0.984375
vt 0 0.984375
vt 0 1
vt 0 0.875
vt 0 0.890625
vt 0.125 0.890625
vt 0.125 0.875
vt 0 1
vt 0.015625 1
vt 0.015625 0.9375
vt 0 0.9375
vt 0.109375 1
vt 0.125 1
vt 0.125 0.9375
vt 0.109375 0.9375
vn 0 0.17364817766693033 0.984807753012208
vn 0 -0.17364817766693033 -0.984807753012208
vn 1.2437563431102547e-7 0.9848077530122006 -0.173648177666929
vn -1.2437563431102547e-7 -0.9848077530122006 0.173648177666929
vn 1 0 0
vn -1 0 0
usemtl m_a0a57bcb-95c0-7f80-7bef-e9aaf1d14c76
f 2079/7069/2179 2080/7070/2179 2082/7071/2179 2081/7072/2179
f 2084/7073/2180 2083/7074/2180 2085/7075/2180 2086/7076/2180
f 2084/7077/2181 2080/7078/2181 2079/7079/2181 2083/7080/2181
f 2085/7081/2182 2081/7082/2182 2082/7083/2182 2086/7084/2182
f 2083/7085/2183 2079/7086/2183 2081/7087/2183 2085/7088/2183
f 2080/7089/2184 2084/7090/2184 2086/7091/2184 2082/7092/2184
o part9
v 4.408458749999999 9.184050789956924 4.3773205589167645
v -0.5 9.184050789956924 4.3773205589167645
v 4.408458749999999 8.70719231458281 4.527673458668901
v -0.5 8.70719231458281 4.527673458668901
v 4.408458749999999 9.14646256501889 4.258105940073236
v -0.5 9.14646256501889 4.258105940073236
v 4.408458749999999 8.669604089644777 4.408458839825372
v -0.5 8.669604089644777 4.408458839825372
vt 0 1
vt 0.125 1
vt 0.125 0.9375
vt 0 0.9375
vt 0 1
vt 0.125 1
vt 0.125 0.9375
vt 0 0.9375
vt 0.125 1
vt 0.125 0.984375
vt 0 0.984375
vt 0 1
vt 0 0.875
vt 0 0.890625
vt 0.125 0.890625
vt 0.125 0.875
vt 0 1
vt 0.015625 1
vt 0.015625 0.9375
vt 0 0.9375
vt 0.109375 1
vt 0.125 1
vt 0.125 0.9375
vt 0.109375 0.9375
vn 0 0.30070579950427306 0.9537169507482269
vn 0 -0.30070579950427306 -0.9537169507482269
vn 0 0.9537169507482269 -0.30070579950427306
vn 0 -0.9537169507482269 0.30070579950427306
vn 1 0 0
vn -1 0 0
usemtl m_a0a57bcb-95c0-7f80-7bef-e9aaf1d14c76
f 2087/7093/2185 2088/7094/2185 2090/7095/2185 2089/7096/2185
f 2092/7097/2186 2091/7098/2186 2093/7099/2186 2094/7100/2186
f 2092/7101/2187 2088/7102/2187 2087/7103/2187 2091/7104/2187
f 2093/7105/2188 2089/7106/2188 2090/7107/2188 2094/7108/2188
f 2091/7109/2189 2087/7110/2189 2089/7111/2189 2093/7112/2189
f 2088/7113/2190 2092/7114/2190 2094/7115/2190 2090/7116/2190
o part9
v 3.57395625 8.920933289956924 3.5428180589167644
v -0.5 8.920933289956924 3.5428180589167644
v 3.57395625 8.44407481458281 3.693170958668901
v -0.5 8.44407481458281 3.693170958668901
v 3.57395625 8.88334506501889 3.423603440073236
v -0.5 8.88334506501889 3.423603440073236
v 3.57395625 8.406486589644777 3.573956339825372
v -0.5 8.406486589644777 3.573956339825372
vt 0 1
vt 0.125 1
vt 0.125 0.9375
vt 0 0.9375
vt 0 1
vt 0.125 1
vt 0.125 0.9375
vt 0 0.9375
vt 0.125 1
vt 0.125 0.984375
vt 0 0.984375
vt 0 1
vt 0 0.875
vt 0 0.890625
vt 0.125 0.890625
vt 0.125 0.875
vt 0 1
vt 0.015625 1
vt 0.015625 0.9375
vt 0 0.9375
vt 0.109375 1
vt 0.125 1
vt 0.125 0.9375
vt 0.109375 0.9375
vn 0 0.30070579950427306 0.9537169507482269
vn 0 -0.30070579950427306 -0.9537169507482269
vn 0 0.9537169507482269 -0.30070579950427306
vn 0 -0.9537169507482269 0.30070579950427306
vn 1 0 0
vn -1 0 0
usemtl m_a0a57bcb-95c0-7f80-7bef-e9aaf1d14c76
f 2095/7117/2191 2096/7118/2191 2098/7119/2191 2097/7120/2191
f 2100/7121/2192 2099/7122/2192 2101/7123/2192 2102/7124/2192
f 2100/7125/2193 2096/7126/2193 2095/7127/2193 2099/7128/2193
f 2101/7129/2194 2097/7130/2194 2098/7131/2194 2102/7132/2194
f 2099/7133/2195 2095/7134/2195 2097/7135/2195 2101/7136/2195
f 2096/7137/2196 2100/7138/2196 2102/7139/2196 2098/7140/2196
o part8
v 3.47955625 8.812420786878075 3.2743450451682907
v -0.5 8.812420786878075 3.2743450451682907
v 3.47955625 8.415744116732457 3.5787257596726514
v -0.5 8.415744116732457 3.5787257596726514
v 3.47955625 8.736325608251985 3.1751758776318866
v -0.5 8.736325608251985 3.1751758776318866
v 3.47955625 8.339648938106368 3.479556592136247
v -0.5 8.339648938106368 3.479556592136247
vt 0 1
vt 0.125 1
vt 0.125 0.9375
vt 0 0.9375
vt 0 1
vt 0.125 1
vt 0.125 0.9375
vt 0 0.9375
vt 0.125 1
vt 0.125 0.984375
vt 0 0.984375
vt 0 1
vt 0 0.875
vt 0 0.890625
vt 0.125 0.890625
vt 0.125 0.875
vt 0 1
vt 0.015625 1
vt 0.015625 0.9375
vt 0 0.9375
vt 0.109375 1
vt 0.125 1
vt 0.125 0.9375
vt 0.109375 0.9375
vn 0 0.6087614290087207 0.7933533402912352
vn 0 -0.6087614290087207 -0.7933533402912352
vn 0 0.7933533402912352 -0.6087614290087207
vn 0 -0.7933533402912352 0.6087614290087207
vn 1 0 0
vn -1 0 0
usemtl m_a0a57bcb-95c0-7f80-7bef-e9aaf1d14c76
f 2103/7141/2197 2104/7142/2197 2106/7143/2197 2105/7144/2197
f 2108/7145/2198 2107/7146/2198 2109/7147/2198 2110/7148/2198
f 2108/7149/2199 2104/7150/2199 2103/7151/2199 2107/7152/2199
f 2109/7153/2200 2105/7154/2200 2106/7155/2200 2110/7156/2200
f 2107/7157/2201 2103/7158/2201 2105/7159/2201 2109/7160/2201
f 2104/7161/2202 2108/7162/2202 2110/7163/2202 2106/7164/2202
o part8
v 2.5746374999999997 8.118052282297633 2.3694261891534314
v -0.5 8.118052282297633 2.3694261891534314
v 2.5746374999999997 7.7213756121520145 2.673806903657792
v -0.5 7.7213756121520145 2.673806903657792
v 2.5746374999999997 8.041957103671542 2.2702570216170272
v -0.5 8.041957103671542 2.2702570216170272
v 2.5746374999999997 7.645280433525925 2.5746377361213875
v -0.5 7.645280433525925 2.5746377361213875
vt 0 1
vt 0.125 1
vt 0.125 0.9375
vt 0 0.9375
vt 0 1
vt 0.125 1
vt 0.125 0.9375
vt 0 0.9375
vt 0.125 1
vt 0.125 0.984375
vt 0 0.984375
vt 0 1
vt 0 0.875
vt 0 0.890625
vt 0.125 0.890625
vt 0.125 0.875
vt 0 1
vt 0.015625 1
vt 0.015625 0.9375
vt 0 0.9375
vt 0.109375 1
vt 0.125 1
vt 0.125 0.9375
vt 0.109375 0.9375
vn 0 0.6087614290087207 0.7933533402912352
vn 0 -0.6087614290087207 -0.7933533402912352
vn 0 0.7933533402912352 -0.6087614290087207
vn 0 -0.7933533402912352 0.6087614290087207
vn 1 0 0
vn -1 0 0
usemtl m_a0a57bcb-95c0-7f80-7bef-e9aaf1d14c76
f 2111/7165/2203 2112/7166/2203 2114/7167/2203 2113/7168/2203
f 2116/7169/2204 2115/7170/2204 2117/7171/2204 2118/7172/2204
f 2116/7173/2205 2112/7174/2205 2111/7175/2205 2115/7176/2205
f 2117/7177/2206 2113/7178/2206 2114/7179/2206 2118/7180/2206
f 2115/7181/2207 2111/7182/2207 2113/7183/2207 2117/7184/2207
f 2112/7185/2208 2116/7186/2208 2118/7187/2208 2114/7188/2208
o part7b
v 2.4840225 8.006201260808755 2.1998323369848842
v -0.5 8.006201260808755 2.1998323369848842
v 2.4840225 7.668406157000923 2.5684710053899464
v -0.5 7.668406157000923 2.5684710053899464
v 2.4840225 7.914041593707489 2.115383561032927
v -0.5 7.914041593707489 2.115383561032927
v 2.4840225 7.576246489899658 2.484022229437989
v -0.5 7.576246489899658 2.484022229437989
vt 0 1
vt 0.125 1
vt 0.125 0.9375
vt 0 0.9375
vt 0 1
vt 0.125 1
vt 0.125 0.9375
vt 0 0.9375
vt 0.125 1
vt 0.125 0.984375
vt 0 0.984375
vt 0 1
vt 0 0.875
vt 0 0.890625
vt 0.125 0.890625
vt 0.125 0.875
vt 0 1
vt 0.015625 1
vt 0.015625 0.9375
vt 0 0.9375
vt 0.109375 1
vt 0.125 1
vt 0.125 0.9375
vt 0.109375 0.9375
vn 0 0.7372773368101241 0.6755902076156604
vn 0 -0.7372773368101241 -0.6755902076156604
vn 0 0.6755902076156604 -0.7372773368101241
vn 0 -0.6755902076156604 0.7372773368101241
vn 1 0 0
vn -1 0 0
usemtl m_a0a57bcb-95c0-7f80-7bef-e9aaf1d14c76
f 2119/7189/2209 2120/7190/2209 2122/7191/2209 2121/7192/2209
f 2124/7193/2210 2123/7194/2210 2125/7195/2210 2126/7196/2210
f 2124/7197/2211 2120/7198/2211 2119/7199/2211 2123/7200/2211
f 2125/7201/2212 2121/7202/2212 2122/7203/2212 2126/7204/2212
f 2123/7205/2213 2119/7206/2213 2121/7207/2213 2125/7208/2213
f 2120/7209/2214 2124/7210/2214 2126/7211/2214 2122/7212/2214
o part7b
v 1.713426875 7.165244298509706 1.429237256423272
v -0.5 7.165244298509706 1.429237256423272
v 1.713426875 6.8274491947018765 1.797875924828334
v -0.5 6.8274491947018765 1.797875924828334
v 1.713426875 7.073084631408441 1.3447884804713146
v -0.5 7.073084631408441 1.3447884804713146
v 1.713426875 6.735289527600611 1.7134271488763766
v -0.5 6.735289527600611 1.7134271488763766
vt 0 1
vt 0.125 1
vt 0.125 0.9375
vt 0 0.9375
vt 0 1
vt 0.125 1
vt 0.125 0.9375
vt 0 0.9375
vt 0.125 1
vt 0.125 0.984375
vt 0 0.984375
vt 0 1
vt 0 0.875
vt 0 0.890625
vt 0.125 0.890625
vt 0.125 0.875
vt 0 1
vt 0.015625 1
vt 0.015625 0.9375
vt 0 0.9375
vt 0.109375 1
vt 0.125 1
vt 0.125 0.9375
vt 0.109375 0.9375
vn 0 0.7372773368101241 0.6755902076156604
vn 0 -0.7372773368101241 -0.6755902076156604
vn 0 0.6755902076156604 -0.7372773368101241
vn 0 -0.6755902076156604 0.7372773368101241
vn 1 0 0
vn -1 0 0
usemtl m_a0a57bcb-95c0-7f80-7bef-e9aaf1d14c76
f 2127/7213/2215 2128/7214/2215 2130/7215/2215 2129/7216/2215
f 2132/7217/2216 2131/7218/2216 2133/7219/2216 2134/7220/2216
f 2132/7221/2217 2128/7222/2217 2127/7223/2217 2131/7224/2217
f 2133/7225/2218 2129/7226/2218 2130/7227/2218 2134/7228/2218
f 2131/7229/2219 2127/7230/2219 2129/7231/2219 2133/7232/2219
f 2128/7233/2220 2132/7234/2220 2134/7235/2220 2130/7236/2220
o part7
v 1.629375 7.0266830283531 1.298666020477615
v -0.5 7.0266830283531 1.298666020477615
v 1.629375 6.739894810177577 1.708242042622111
v -0.5 6.739894810177577 1.708242042622111
v 1.629375 6.914049622263364 1.2197992604793462
v -0.5 6.914049622263364 1.2197992604793462
v 1.629375 6.62726140408784 1.629375282623842
v -0.5 6.62726140408784 1.629375282623842
vt 0 1
vt 0.125 1
vt 0.125 0.9375
vt 0 0.9375
vt 0 1
vt 0.125 1
vt 0.125 0.9375
vt 0 0.9375
vt 0.125 1
vt 0.125 0.9828125
vt 0 0.9828125
vt 0 1
vt 0 0.875
vt 0 0.8921875
vt 0.125 0.8921875
vt 0.125 0.875
vt 0 1
vt 0.0171875 1
vt 0.0171875 0.9375
vt 0 0.9375
vt 0.1078125 1
vt 0.125 1
vt 0.125 0.9375
vt 0.1078125 0.9375
vn 0 0.8191520442889917 0.5735764363510463
vn 0 -0.8191520442889917 -0.5735764363510463
vn 0 0.5735764363510463 -0.8191520442889917
vn 0 -0.5735764363510463 0.8191520442889917
vn 1 0 0
vn -1 0 0
usemtl m_a0a57bcb-95c0-7f80-7bef-e9aaf1d14c76
f 2135/7237/2221 2136/7238/2221 2138/7239/2221 2137/7240/2221
f 2140/7241/2222 2139/7242/2222 2141/7243/2222 2142/7244/2222
f 2140/7245/2223 2136/7246/2223 2135/7247/2223 2139/7248/2223
f 2141/7249/2224 2137/7250/2224 2138/7251/2224 2142/7252/2224
f 2139/7253/2225 2135/7254/2225 2137/7255/2225 2141/7256/2225
f 2136/7257/2226 2140/7258/2226 2142/7259/2226 2138/7260/2226
o part7
v 1.127495625 6.3099249896002325 0.7967866386704495
v -0.5 6.3099249896002325 0.7967866386704495
v 1.127495625 6.023136771424709 1.2063626608149454
v -0.5 6.023136771424709 1.2063626608149454
v 1.127495625 6.197291583510496 0.7179198786721807
v -0.5 6.197291583510496 0.7179198786721807
v 1.127495625 5.910503365334973 1.1274959008166765
v -0.5 5.910503365334973 1.1274959008166765
vt 0 1
vt 0.125 1
vt 0.125 0.9375
vt 0 0.9375
vt 0 1
vt 0.125 1
vt 0.125 0.9375
vt 0 0.9375
vt 0.125 1
vt 0.125 0.9828125
vt 0 0.9828125
vt 0 1
vt 0 0.875
vt 0 0.8921875
vt 0.125 0.8921875
vt 0.125 0.875
vt 0 1
vt 0.0171875 1
vt 0.0171875 0.9375
vt 0 0.9375
vt 0.1078125 1
vt 0.125 1
vt 0.125 0.9375
vt 0.1078125 0.9375
vn 0 0.8191520442889917 0.5735764363510463
vn 0 -0.8191520442889917 -0.5735764363510463
vn 0 0.5735764363510463 -0.8191520442889917
vn 0 -0.5735764363510463 0.8191520442889917
vn 1 0 0
vn -1 0 0
usemtl m_a0a57bcb-95c0-7f80-7bef-e9aaf1d14c76
f 2143/7261/2227 2144/7262/2227 2146/7263/2227 2145/7264/2227
f 2148/7265/2228 2147/7266/2228 2149/7267/2228 2150/7268/2228
f 2148/7269/2229 2144/7270/2229 2143/7271/2229 2147/7272/2229
f 2149/7273/2230 2145/7274/2230 2146/7275/2230 2150/7276/2230
f 2147/7277/2231 2143/7278/2231 2145/7279/2231 2149/7280/2231
f 2144/7281/2232 2148/7282/2232 2150/7283/2232 2146/7284/2232
o part6
v 1.0934356250000001 6.080649259177884 0.6663419663305258
v -0.5 6.080649259177884 0.6663419663305258
v 1.0934356250000001 5.90963918751505 1.1361882767234799
v -0.5 5.90963918751505 1.1361882767234799
v 1.0934356250000001 5.963187681579646 0.6235894484148172
v -0.5 5.963187681579646 0.6235894484148172
v 1.0934356250000001 5.792177609916811 1.0934357588077712
v -0.5 5.792177609916811 1.0934357588077712
vt 0 1
vt 0.125 1
vt 0.125 0.9375
vt 0 0.9375
vt 0 1
vt 0.125 1
vt 0.125 0.9375
vt 0 0.9375
vt 0.125 1
vt 0.125 0.984375
vt 0 0.984375
vt 0 1
vt 0 0.875
vt 0 0.890625
vt 0.125 0.890625
vt 0.125 0.875
vt 0 1
vt 0.015625 1
vt 0.015625 0.9375
vt 0 0.9375
vt 0.109375 1
vt 0.125 1
vt 0.125 0.9375
vt 0.109375 0.9375
vn 0 0.9396926207859083 0.3420201433256689
vn 0 -0.9396926207859083 -0.3420201433256689
vn 0 0.3420201433256689 -0.9396926207859083
vn 0 -0.3420201433256689 0.9396926207859083
vn 1 0 0
vn -1 0 0
usemtl m_a0a57bcb-95c0-7f80-7bef-e9aaf1d14c76
f 2151/7285/2233 2152/7286/2233 2154/7287/2233 2153/7288/2233
f 2156/7289/2234 2155/7290/2234 2157/7291/2234 2158/7292/2234
f 2156/7293/2235 2152/7294/2235 2151/7295/2235 2155/7296/2235
f 2157/7297/2236 2153/7298/2236 2154/7299/2236 2158/7300/2236
f 2155/7301/2237 2151/7302/2237 2153/7303/2237 2157/7304/2237
f 2152/7305/2238 2156/7306/2238 2158/7307/2238 2154/7308/2238
o part6
v 0.794168125 5.258418215990214 0.3670743409205655
v -0.5 5.258418215990214 0.3670743409205655
v 0.794168125 5.08740814432738 0.8369206513135197
v -0.5 5.08740814432738 0.8369206513135197
v 0.794168125 5.140956638391976 0.3243218230048569
v -0.5 5.140956638391976 0.3243218230048569
v 0.794168125 4.969946566729141 0.7941681333978111
v -0.5 4.969946566729141 0.7941681333978111
vt 0 1
vt 0.125 1
vt 0.125 0.9375
vt 0 0.9375
vt 0 1
vt 0.125 1
vt 0.125 0.9375
vt 0 0.9375
vt 0.125 1
vt 0.125 0.984375
vt 0 0.984375
vt 0 1
vt 0 0.875
vt 0 0.890625
vt 0.125 0.890625
vt 0.125 0.875
vt 0 1
vt 0.015625 1
vt 0.015625 0.9375
vt 0 0.9375
vt 0.109375 1
vt 0.125 1
vt 0.125 0.9375
vt 0.109375 0.9375
vn 0 0.9396926207859083 0.3420201433256689
vn 0 -0.9396926207859083 -0.3420201433256689
vn 0 0.3420201433256689 -0.9396926207859083
vn 0 -0.3420201433256689 0.9396926207859083
vn 1 0 0
vn -1 0 0
usemtl m_a0a57bcb-95c0-7f80-7bef-e9aaf1d14c76
f 2159/7309/2239 2160/7310/2239 2162/7311/2239 2161/7312/2239
f 2164/7313/2240 2163/7314/2240 2165/7315/2240 2166/7316/2240
f 2164/7317/2241 2160/7318/2241 2159/7319/2241 2163/7320/2241
f 2165/7321/2242 2161/7322/2242 2162/7323/2242 2166/7324/2242
f 2163/7325/2243 2159/7326/2243 2161/7327/2243 2165/7328/2243
f 2160/7329/2244 2164/7330/2244 2166/7331/2244 2162/7332/2244
o part5
v 0.77422875 5.056243899761524 0.30353102478356464
v -0.5 5.056243899761524 0.30353102478356464
v 0.77422875 4.969419810928059 0.7959349012896686
v -0.5 4.969419810928059 0.7959349012896686
v 0.77422875 4.9331429306349985 0.2818250025751983
v -0.5 4.9331429306349985 0.2818250025751983
v 0.77422875 4.8463188418015335 0.7742288790813022
v -0.5 4.8463188418015335 0.7742288790813022
vt 0 1
vt 0.125 1
vt 0.125 0.9375
vt 0 0.9375
vt 0 1
vt 0.125 1
vt 0.125 0.9375
vt 0 0.9375
vt 0.125 1
vt 0.125 0.984375
vt 0 0.984375
vt 0 1
vt 0 0.875
vt 0 0.890625
vt 0.125 0.890625
vt 0.125 0.875
vt 0 1
vt 0.015625 1
vt 0.015625 0.9375
vt 0 0.9375
vt 0.109375 1
vt 0.125 1
vt 0.125 0.9375
vt 0.109375 0.9375
vn 0 0.9848077530122081 0.17364817766693055
vn 0 -0.9848077530122081 -0.17364817766693055
vn 0 0.17364817766693055 -0.9848077530122081
vn 0 -0.17364817766693055 0.9848077530122081
vn 1 0 0
vn -1 0 0
usemtl m_a0a57bcb-95c0-7f80-7bef-e9aaf1d14c76
f 2167/7333/2245 2168/7334/2245 2170/7335/2245 2169/7336/2245
f 2172/7337/2246 2171/7338/2246 2173/7339/2246 2174/7340/2246
f 2172/7341/2247 2168/7342/2247 2167/7343/2247 2171/7344/2247
f 2173/7345/2248 2169/7346/2248 2170/7347/2248 2174/7348/2248
f 2171/7349/2249 2167/7350/2249 2169/7351/2249 2173/7352/2249
f 2168/7353/2250 2172/7354/2250 2174/7355/2250 2170/7356/2250
o part5
v 0.622286875 4.194537115875843 0.15158886932500043
v -0.5 4.194537115875843 0.15158886932500043
v 0.622286875 4.107713027042378 0.6439927458311043
v -0.5 4.107713027042378 0.6439927458311043
v 0.622286875 4.071436146749317 0.12988284711663411
v -0.5 4.071436146749317 0.12988284711663411
v 0.622286875 3.984612057915851 0.6222867236227381
v -0.5 3.984612057915851 0.6222867236227381
vt 0 1
vt 0.125 1
vt 0.125 0.9375
vt 0 0.9375
vt 0 1
vt 0.125 1
vt 0.125 0.9375
vt 0 0.9375
vt 0.125 1
vt 0.125 0.984375
vt 0 0.984375
vt 0 1
vt 0 0.875
vt 0 0.890625
vt 0.125 0.890625
vt 0.125 0.875
vt 0 1
vt 0.015625 1
vt 0.015625 0.9375
vt 0 0.9375
vt 0.109375 1
vt 0.125 1
vt 0.125 0.9375
vt 0.109375 0.9375
vn 0 0.9848077530122081 0.17364817766693055
vn 0 -0.9848077530122081 -0.17364817766693055
vn 0 0.17364817766693055 -0.9848077530122081
vn 0 -0.17364817766693055 0.9848077530122081
vn 1 0 0
vn -1 0 0
usemtl m_a0a57bcb-95c0-7f80-7bef-e9aaf1d14c76
f 2175/7357/2251 2176/7358/2251 2178/7359/2251 2177/7360/2251
f 2180/7361/2252 2179/7362/2252 2181/7363/2252 2182/7364/2252
f 2180/7365/2253 2176/7366/2253 2175/7367/2253 2179/7368/2253
f 2181/7369/2254 2177/7370/2254 2178/7371/2254 2182/7372/2254
f 2179/7373/2255 2175/7374/2255 2177/7375/2255 2181/7376/2255
f 2176/7377/2256 2180/7378/2256 2182/7379/2256 2178/7380/2256
o part4
v 0.614210625 4.056707688275966 0.13480378926613223
v -0.5 4.056707688275966 0.13480378926613223
v 0.614210625 3.9914445921659403 0.6305262199530375
v -0.5 3.9914445921659403 0.6305262199530375
v 0.614210625 3.93277708060424 0.11848801523862562
v -0.5 3.93277708060424 0.11848801523862562
v 0.614210625 3.867513984494214 0.6142104459255309
v -0.5 3.867513984494214 0.6142104459255309
vt 0 1
vt 0.125 1
vt 0.125 0.9375
vt 0 0.9375
vt 0 1
vt 0.125 1
vt 0.125 0.9375
vt 0 0.9375
vt 0.125 1
vt 0.125 0.984375
vt 0 0.984375
vt 0 1
vt 0 0.875
vt 0 0.890625
vt 0.125 0.890625
vt 0.125 0.875
vt 0 1
vt 0.015625 1
vt 0.015625 0.9375
vt 0 0.9375
vt 0.109375 1
vt 0.125 1
vt 0.125 0.9375
vt 0.109375 0.9375
vn 0 0.9914448613738105 0.13052619222005135
vn 0 -0.9914448613738105 -0.13052619222005135
vn 0 0.13052619222005135 -0.9914448613738105
vn 0 -0.13052619222005135 0.9914448613738105
vn 1 0 0
vn -1 0 0
usemtl m_a0a57bcb-95c0-7f80-7bef-e9aaf1d14c76
f 2183/7381/2257 2184/7382/2257 2186/7383/2257 2185/7384/2257
f 2188/7385/2258 2187/7386/2258 2189/7387/2258 2190/7388/2258
f 2188/7389/2259 2184/7390/2259 2183/7391/2259 2187/7392/2259
f 2189/7393/2260 2185/7394/2260 2186/7395/2260 2190/7396/2260
f 2187/7397/2261 2183/7398/2261 2185/7399/2261 2189/7400/2261
f 2184/7401/2262 2188/7402/2262 2190/7403/2262 2186/7404/2262
o part4
v 0.5 3.1891939382759658 0.020593164266132336
v -0.5 3.1891939382759658 0.020593164266132336
v 0.5 3.12393084216594 0.5163155949530376
v -0.5 3.12393084216594 0.5163155949530376
v 0.5 3.06526333060424 0.004277390238625722
v -0.5 3.06526333060424 0.004277390238625722
v 0.5 3.000000234494214 0.49999982092553097
v -0.5 3.000000234494214 0.49999982092553097
vt 0 1
vt 0.125 1
vt 0.125 0.9375
vt 0 0.9375
vt 0 1
vt 0.125 1
vt 0.125 0.9375
vt 0 0.9375
vt 0.125 1
vt 0.125 0.984375
vt 0 0.984375
vt 0 1
vt 0 0.875
vt 0 0.890625
vt 0.125 0.890625
vt 0.125 0.875
vt 0 1
vt 0.015625 1
vt 0.015625 0.9375
vt 0 0.9375
vt 0.109375 1
vt 0.125 1
vt 0.125 0.9375
vt 0.109375 0.9375
vn 0 0.9914448613738105 0.13052619222005135
vn 0 -0.9914448613738105 -0.13052619222005135
vn 0 0.13052619222005135 -0.9914448613738105
vn 0 -0.13052619222005135 0.9914448613738105
vn 1 0 0
vn -1 0 0
usemtl m_a0a57bcb-95c0-7f80-7bef-e9aaf1d14c76
f 2191/7405/2263 2192/7406/2263 2194/7407/2263 2193/7408/2263
f 2196/7409/2264 2195/7410/2264 2197/7411/2264 2198/7412/2264
f 2196/7413/2265 2192/7414/2265 2191/7415/2265 2195/7416/2265
f 2197/7417/2266 2193/7418/2266 2194/7419/2266 2198/7420/2266
f 2195/7421/2267 2191/7422/2267 2193/7423/2267 2197/7424/2267
f 2192/7425/2268 2196/7426/2268 2198/7427/2268 2194/7428/2268
o part3
v 0.5 3.0000000000000004 0
v -0.5 3.0000000000000004 0
v 0.5 3.0000000000000004 0.5
v -0.5 3.0000000000000004 0.5
v 0.5 2.8750000000000004 0
v -0.5 2.8750000000000004 0
v 0.5 2.8750000000000004 0.5
v -0.5 2.8750000000000004 0.5
vt 0 1
vt 0.125 1
vt 0.125 0.9375
vt 0 0.9375
vt 0 1
vt 0.125 1
vt 0.125 0.9375
vt 0 0.9375
vt 0.125 1
vt 0.125 0.984375
vt 0 0.984375
vt 0 1
vt 0 0.875
vt 0 0.890625
vt 0.125 0.890625
vt 0.125 0.875
vt 0 1
vt 0.015625 1
vt 0.015625 0.9375
vt 0 0.9375
vt 0.109375 1
vt 0.125 1
vt 0.125 0.9375
vt 0.109375 0.9375
vn 0 1 2.220446049250313e-16
vn 0 -1 -2.220446049250313e-16
vn 0 2.220446049250313e-16 -1
vn 0 -2.220446049250313e-16 1
vn 1 0 0
vn -1 0 0
usemtl m_a0a57bcb-95c0-7f80-7bef-e9aaf1d14c76
f 2199/7429/2269 2200/7430/2269 2202/7431/2269 2201/7432/2269
f 2204/7433/2270 2203/7434/2270 2205/7435/2270 2206/7436/2270
f 2204/7437/2271 2200/7438/2271 2199/7439/2271 2203/7440/2271
f 2205/7441/2272 2201/7442/2272 2202/7443/2272 2206/7444/2272
f 2203/7445/2273 2199/7446/2273 2201/7447/2273 2205/7448/2273
f 2200/7449/2274 2204/7450/2274 2206/7451/2274 2202/7452/2274
o part3
v 0.5 2.1250000000000004 0
v -0.5 2.1250000000000004 0
v 0.5 2.1250000000000004 0.5
v -0.5 2.1250000000000004 0.5
v 0.5 2.0000000000000004 0
v -0.5 2.0000000000000004 0
v 0.5 2.0000000000000004 0.5
v -0.5 2.0000000000000004 0.5
vt 0 1
vt 0.125 1
vt 0.125 0.9375
vt 0 0.9375
vt 0 1
vt 0.125 1
vt 0.125 0.9375
vt 0 0.9375
vt 0.125 1
vt 0.125 0.984375
vt 0 0.984375
vt 0 1
vt 0 0.875
vt 0 0.890625
vt 0.125 0.890625
vt 0.125 0.875
vt 0 1
vt 0.015625 1
vt 0.015625 0.9375
vt 0 0.9375
vt 0.109375 1
vt 0.125 1
vt 0.125 0.9375
vt 0.109375 0.9375
vn 0 1 2.220446049250313e-16
vn 0 -1 -2.220446049250313e-16
vn 0 2.220446049250313e-16 -1
vn 0 -2.220446049250313e-16 1
vn 1 0 0
vn -1 0 0
usemtl m_a0a57bcb-95c0-7f80-7bef-e9aaf1d14c76
f 2207/7453/2275 2208/7454/2275 2210/7455/2275 2209/7456/2275
f 2212/7457/2276 2211/7458/2276 2213/7459/2276 2214/7460/2276
f 2212/7461/2277 2208/7462/2277 2207/7463/2277 2211/7464/2277
f 2213/7465/2278 2209/7466/2278 2210/7467/2278 2214/7468/2278
f 2211/7469/2279 2207/7470/2279 2209/7471/2279 2213/7472/2279
f 2208/7473/2280 2212/7474/2280 2214/7475/2280 2210/7476/2280
o part2
v 0.5 1.891779630268537 0.011851997434935313
v -0.5 1.891779630268537 0.011851997434935313
v 0.5 1.9999994372375884 0.5000000009949019
v -0.5 1.9999994372375884 0.5000000009949019
v 0.5 1.7697426293785454 0.03890694917719814
v -0.5 1.7697426293785454 0.03890694917719814
v 0.5 1.8779624363475969 0.5270549527371647
v -0.5 1.8779624363475969 0.5270549527371647
vt 0 1
vt 0.125 1
vt 0.125 0.9375
vt 0 0.9375
vt 0 1
vt 0.125 1
vt 0.125 0.9375
vt 0 0.9375
vt 0.125 1
vt 0.125 0.984375
vt 0 0.984375
vt 0 1
vt 0 0.875
vt 0 0.890625
vt 0.125 0.890625
vt 0.125 0.875
vt 0 1
vt 0.015625 1
vt 0.015625 0.9375
vt 0 0.9375
vt 0.109375 1
vt 0.125 1
vt 0.125 0.9375
vt 0.109375 0.9375
vn 0 0.9762960071199335 -0.21643961393810265
vn 0 -0.9762960071199335 0.21643961393810265
vn 0 -0.21643961393810265 -0.9762960071199335
vn 0 0.21643961393810265 0.9762960071199335
vn 1 0 0
vn -1 0 0
usemtl m_a0a57bcb-95c0-7f80-7bef-e9aaf1d14c76
f 2215/7477/2281 2216/7478/2281 2218/7479/2281 2217/7480/2281
f 2220/7481/2282 2219/7482/2282 2221/7483/2282 2222/7484/2282
f 2220/7485/2283 2216/7486/2283 2215/7487/2283 2219/7488/2283
f 2221/7489/2284 2217/7490/2284 2218/7491/2284 2222/7492/2284
f 2219/7493/2285 2215/7494/2285 2217/7495/2285 2221/7496/2285
f 2216/7497/2286 2220/7498/2286 2222/7499/2286 2218/7500/2286
o part2
v 0.6893843749999999 1.0375206240385955 0.2012366596307751
v -0.5 1.0375206240385955 0.2012366596307751
v 0.6893843749999999 1.1457404310076469 0.6893846631907417
v -0.5 1.1457404310076469 0.6893846631907417
v 0.6893843749999999 0.915483623148604 0.22829161137303794
v -0.5 0.915483623148604 0.22829161137303794
v 0.6893843749999999 1.0237034301176553 0.7164396149330046
v -0.5 1.0237034301176553 0.7164396149330046
vt 0 1
vt 0.125 1
vt 0.125 0.9375
vt 0 0.9375
vt 0 1
vt 0.125 1
vt 0.125 0.9375
vt 0 0.9375
vt 0.125 1
vt 0.125 0.984375
vt 0 0.984375
vt 0 1
vt 0 0.875
vt 0 0.890625
vt 0.125 0.890625
vt 0.125 0.875
vt 0 1
vt 0.015625 1
vt 0.015625 0.9375
vt 0 0.9375
vt 0.109375 1
vt 0.125 1
vt 0.125 0.9375
vt 0.109375 0.9375
vn 0 0.9762960071199335 -0.21643961393810265
vn 0 -0.9762960071199335 0.21643961393810265
vn 0 -0.21643961393810265 -0.9762960071199335
vn 0 0.21643961393810265 0.9762960071199335
vn 1 0 0
vn -1 0 0
usemtl m_a0a57bcb-95c0-7f80-7bef-e9aaf1d14c76
f 2223/7501/2287 2224/7502/2287 2226/7503/2287 2225/7504/2287
f 2228/7505/2288 2227/7506/2288 2229/7507/2288 2230/7508/2288
f 2228/7509/2289 2224/7510/2289 2223/7511/2289 2227/7512/2289
f 2229/7513/2290 2225/7514/2290 2226/7515/2290 2230/7516/2290
f 2227/7517/2291 2223/7518/2291 2225/7519/2291 2229/7520/2291
f 2224/7521/2292 2228/7522/2292 2230/7523/2292 2226/7524/2292
o part1
v 0.718750625 0.7812503848726285 0.2857377159852559
v -0.5 0.7812503848726285 0.2857377159852559
v 0.718750625 1.0312503848726284 0.7187504178774753
v -0.5 1.0312503848726284 0.7187504178774753
v 0.718750625 0.6729972093995737 0.3482377159852559
v -0.5 0.6729972093995737 0.3482377159852559
v 0.718750625 0.9229972093995736 0.7812504178774753
v -0.5 0.9229972093995736 0.7812504178774753
vt 0 1
vt 0.125 1
vt 0.125 0.9375
vt 0 0.9375
vt 0 1
vt 0.125 1
vt 0.125 0.9375
vt 0 0.9375
vt 0.125 1
vt 0.125 0.984375
vt 0 0.984375
vt 0 1
vt 0 0.875
vt 0 0.890625
vt 0.125 0.890625
vt 0.125 0.875
vt 0 1
vt 0.015625 1
vt 0.015625 0.9375
vt 0 0.9375
vt 0.109375 1
vt 0.125 1
vt 0.125 0.9375
vt 0.109375 0.9375
vn 0 0.8660254037844388 -0.4999999999999998
vn 0 -0.8660254037844388 0.4999999999999998
vn 0 -0.4999999999999998 -0.8660254037844388
vn 0 0.4999999999999998 0.8660254037844388
vn 1 0 0
vn -1 0 0
usemtl m_a0a57bcb-95c0-7f80-7bef-e9aaf1d14c76
f 2231/7525/2293 2232/7526/2293 2234/7527/2293 2233/7528/2293
f 2236/7529/2294 2235/7530/2294 2237/7531/2294 2238/7532/2294
f 2236/7533/2295 2232/7534/2295 2231/7535/2295 2235/7536/2295
f 2237/7537/2296 2233/7538/2296 2234/7539/2296 2238/7540/2296
f 2235/7541/2297 2231/7542/2297 2233/7543/2297 2237/7544/2297
f 2232/7545/2298 2236/7546/2298 2238/7547/2298 2234/7548/2298
o part7b
v 1.8311936685798225 8.343996364616585 1.563538125
v 1.8311936685798225 8.343996364616585 -0.5
v 2.1998323369848842 8.006201260808755 1.563538125
v 2.1998323369848842 8.006201260808755 -0.5
v 0.9761498120662524 7.410879735216271 1.344788125
v 0.9761498120662524 7.410879735216271 -0.5
v 1.3447884804713146 7.073084631408441 1.344788125
v 1.3447884804713146 7.073084631408441 -0.5
vt 1 0.9375
vt 1 1
vt 0 1
vt 0 0.9375
vt 1 0.9375
vt 1 1
vt 0 1
vt 0 0.9375
vt 0 0.841796875
vt 1 0.841796875
vt 1 1
vt 0 1
vt 1 1
vt 0 1
vt 0 0.841796875
vt 1 0.841796875
vt 0.158203125 0.9375
vt 0.158203125 1
vt 0 1
vt 0 0.9375
vt 0.158203125 0.9375
vt 0.158203125 1
vt 0 1
vt 0 0.9375
vn 0.6755902076156604 0.7372773368101241 0
vn -0.6755902076156604 -0.7372773368101241 0
vn -0.7372773368101241 0.6755902076156604 0
vn 0.7372773368101241 -0.6755902076156604 0
vn -0.11506266331088638 -0.12556886262684167 0.9853897930516671
vn 0 0 -1
usemtl m_a0a57bcb-95c0-7f80-7bef-e9aaf1d14c76
f 2242/7549/2299 2240/7550/2299 2239/7551/2299 2241/7552/2299
f 2245/7553/2300 2243/7554/2300 2244/7555/2300 2246/7556/2300
f 2239/7557/2301 2240/7558/2301 2244/7559/2301 2243/7560/2301
f 2242/7561/2302 2241/7562/2302 2245/7563/2302 2246/7564/2302
f 2241/7565/2303 2239/7566/2303 2243/7567/2303 2245/7568/2303
f 2246/7569/2304 2244/7570/2304 2240/7571/2304 2242/7572/2304
o part13
v 8.502815544479557 9.484375 7.497184455520444
v 2.7796700342509366 9.484375 1.7740389452918262
v 8.502815544479557 8.996875 7.497184455520444
v 3.3983884677891654 8.265625 2.5695340741266914
v 7.502815544478209 9.484375 8.497184455521792
v 1.7796700342495884 9.484375 2.6334139452931726
v 7.502815544478209 8.996875 8.497184455521792
v 2.5751651630844554 8.265625 3.2521323788314014
v 7.952598080368774 9.009375 6.946966991409663
v 7.510656342127182 9.484375 6.50502525316807
v 7.123957321165788 8.9734375 6.118326232206677
v 6.518497139774807 9.484375 5.5128660508156955
v 6.118539866666167 8.932812499999999 5.112908777707055
v 5.526337937422433 9.484375 4.5207068484633215
v 5.081081636144027 8.809375 4.075450547184917
v 4.534178735070057 9.484375 3.5285476461109466
v 6.510656342125834 9.484375 7.505025253169418
v 5.51849713977346 9.484375 6.512866050817043
v 4.5263379374210855 9.484375 5.520706848464668
v 3.5341787350687106 9.484375 4.528547646112294
v 6.952598080367427 9.009375 7.94696699141101
v 6.123957321164441 8.9734375 7.118326232208023
v 5.11853986666482 8.932812499999999 6.112908777708403
v 4.081081636142681 8.809375 5.075450547186264
v 4.145822432590258 8.596874999999999 3.2285796912794655
v 3.2342107802372295 8.596874999999999 4.140191343632495
v 3.0380991338925236 9.484375 4.032468044936106
v 4.03809913389387 9.484375 3.0324680449347596
v 3.690016606413744 8.328125 3.68438551745598
v 4.581081636143354 8.571875 4.57545054718559
v 5.618539866665493 8.7265625 5.6129087777077284
v 6.623957321165114 8.8171875 6.61832623220735
v 7.452598080368101 8.978125 7.446966991410336
v 8.002815544478882 8.996875 7.997184455521118
v 8.002815544478882 9.359375 7.997184455521118
v 7.0106563421265085 9.359375 7.005025253168744
v 6.018497139774134 9.359375 6.01286605081637
v 5.02633793742176 9.359375 5.020706848463995
v 4.034178735069384 9.359375 4.02854764611162
v 3.538099133893197 9.359375 3.532468044935433
v 2.7658059463160143 9.359375 2.7601748573582503
v 2.9867768154368104 8.109375 2.9811457264790464
vt 0.09999999999999999 0.9375
vt 0.11249999999999999 0.9375
vt 0.11249999999999999 1
vt 0.09999999999999999 1
vt 0.025000000000000005 1
vt 0.012500000000000002 1
vt 0.012500000000000002 0.9375
vt 0.025000000000000005 0.9375
vt 0.125 0.9875
vt 0.0625 0.9875
vt 0.0625 0.975
vt 0.125 0.975
vt 0.125 0.9
vt 0.0625 0.9
vt 0.0625 0.8875
vt 0.125 0.8875
vt 0.125 1
vt 0.0625 1
vt 0.0625 0.9375
vt 0.125 0.9375
vt 0 0.9375
vt 0.0625 0.9375
vt 0.0625 1
vt 0 1
vt 0 0.9375
vt 0.024999999999999994 0.9375
vt 0.024999999999999994 1
vt 0 1
vt 0.024999999999999994 0.9375
vt 0.04999999999999999 0.9375
vt 0.04999999999999999 1
vt 0.024999999999999994 1
vt 0.04999999999999999 0.9375
vt 0.07499999999999998 0.9375
vt 0.07499999999999998 1
vt 0.04999999999999999 1
vt 0.07499999999999998 0.9375
vt 0.09999999999999999 0.9375
vt 0.09999999999999999 1
vt 0.07499999999999998 1
vt 0.125 0.9
vt 0.0625 0.9
vt 0.0625 0.875
vt 0.125 0.875
vt 0.125 0.925
vt 0.0625 0.925
vt 0.0625 0.9
vt 0.125 0.9
vt 0.125 0.95
vt 0.0625 0.95
vt 0.0625 0.925
vt 0.125 0.925
vt 0.125 0.975
vt 0.0625 0.975
vt 0.0625 0.95
vt 0.125 0.95
vt 0.125 1
vt 0.1 1
vt 0.1 0.9375
vt 0.125 0.9375
vt 0.1 1
vt 0.07500000000000001 1
vt 0.07500000000000001 0.9375
vt 0.1 0.9375
vt 0.07500000000000001 1
vt 0.05000000000000001 1
vt 0.05000000000000001 0.9375
vt 0.07500000000000001 0.9375
vt 0.05000000000000001 1
vt 0.025000000000000005 1
vt 0.025000000000000005 0.9375
vt 0.05000000000000001 0.9375
vt 0.125 1
vt 0.0625 1
vt 0.0625 0.975
vt 0.125 0.975
vt 0.125 0.975
vt 0.0625 0.975
vt 0.0625 0.95
vt 0.125 0.95
vt 0.125 0.95
vt 0.0625 0.95
vt 0.0625 0.925
vt 0.125 0.925
vt 0.125 0.925
vt 0.0625 0.925
vt 0.0625 0.9
vt 0.125 0.9
vt 0.125 0.8875
vt 0.0625 0.8875
vt 0.0625 0.875
vt 0.125 0.875
vt 0 0.9375
vt 0.012500000000000002 0.9375
vt 0.012500000000000002 1
vt 0 1
vt 0.125 1
vt 0.0625 1
vt 0.0625 0.9875
vt 0.125 0.9875
vt 0.125 1
vt 0.11249999999999999 1
vt 0.11249999999999999 0.9375
vt 0.125 0.9375
vt 0 0.8875
vt 0.0625 0.8875
vt 0.0625 0.9
vt 0 0.9
vt 0 0.9
vt 0.0625 0.9
vt 0.0625 0.925
vt 0 0.925
vt 0 0.925
vt 0.0625 0.925
vt 0.0625 0.95
vt 0 0.95
vt 0 0.95
vt 0.0625 0.95
vt 0.0625 0.975
vt 0 0.975
vt 0 0.975
vt 0.0625 0.975
vt 0.0625 1
vt 0 1
vt 0 0.9375
vt 0.0625 0.9375
vt 0.0625 1
vt 0 1
vt 0 0.875
vt 0.0625 0.875
vt 0.0625 0.9
vt 0 0.9
vt 0 0.9
vt 0.0625 0.9
vt 0.0625 0.925
vt 0 0.925
vt 0 0.925
vt 0.0625 0.925
vt 0.0625 0.95
vt 0 0.95
vt 0 0.95
vt 0.0625 0.95
vt 0.0625 0.975
vt 0 0.975
vt 0 0.975
vt 0.0625 0.975
vt 0.0625 0.9875
vt 0 0.9875
vt 0 0.9875
vt 0.0625 0.9875
vt 0.0625 1
vt 0 1
vt 0.125 1
vt 0.0625 1
vt 0.0625 0.9375
vt 0.125 0.9375
vt 0 0.875
vt 0.0625 0.875
vt 0.0625 0.8875
vt 0 0.8875
vn 0.6789095932589392 -0.07889728736267355 -0.7299705351778205
vn -0.7053598869194433 -0.07024855763629782 0.7053598869194434
vn -0.12309149097917195 0.9847319278347021 0.12309149097917198
vn 0.3489783505767508 -0.9324127699725729 -0.09391771515962449
vn 0.7071067811865476 0 0.7071067811865475
vn -0.6386085676804756 -0.2420232906002858 -0.7304819122278806
vn 0.7071067811865475 0 -0.7071067811865476
vn 0.7071067811865475 0 -0.7071067811865476
vn 0.7071067811865475 0 -0.7071067811865476
vn 0.7071067811865475 0 -0.7071067811865476
vn -0.12309149097917196 0.9847319278347022 0.12309149097917198
vn -0.12309149097917194 0.9847319278347022 0.12309149097917196
vn -0.12309149097917194 0.9847319278347022 0.12309149097917196
vn -0.12309149097917194 0.9847319278347022 0.12309149097917196
vn -0.7071067811865475 0 0.7071067811865476
vn -0.7071067811865475 0 0.7071067811865476
vn -0.7071067811865475 0 0.7071067811865476
vn -0.7071067811865475 0 0.7071067811865476
vn 0.017033773127375137 -0.9997098084674825 0.017033773127375133
vn 0.12704402034524873 -0.9897528997345539 0.06518446411192241
vn 0.1961967276411789 -0.9745596126773867 -0.10835315132009418
vn 0.2681978318663994 -0.9551164219488824 -0.12578769218698363
vn 0.40734911944192875 -0.9045414243698868 -0.12598216734435783
vn -0.7813617657716758 -0.09784537790554229 0.6163603434783018
vn -0.12309149097917194 0.9847319278347022 0.12309149097917196
vn 0.7053598869194433 -0.07024855763629782 -0.7053598869194434
vn -0.14359297346444327 -0.90862637820897 0.39214686380805064
vn -0.1537028379106931 -0.9432584494251564 0.2943449255656523
vn -0.1544449354467557 -0.9582041751083743 0.24081428678491598
vn -0.05723529614367641 -0.9677823633972831 0.2451966924175672
vn -0.014193312527206566 -0.99873552200875 0.048227657598256216
vn 0.7071067811865476 0 0.7071067811865475
vn 0.12309149097917196 0.9847319278347022 -0.12309149097917198
vn 0.12309149097917194 0.9847319278347022 -0.12309149097917196
vn 0.12309149097917194 0.9847319278347022 -0.12309149097917196
vn 0.12309149097917194 0.9847319278347022 -0.12309149097917196
vn 0.12309149097917195 0.9847319278347021 -0.12309149097917198
vn 0.12309149097917195 0.9847319278347021 -0.12309149097917198
vn 0.10663316865662847 -0.15477593567325804 -0.9821780780890574
vn -0.09685614706669443 -0.9187990430820101 0.38265807871646673
usemtl m_a0a57bcb-95c0-7f80-7bef-e9aaf1d14c76
f 2261/7573/2305 2271/7574/2305 2274/7575/2305 2262/7576/2305
f 2266/7577/2306 2273/7578/2306 2272/7579/2306 2270/7580/2306
f 2274/7581/2307 2286/7582/2307 2285/7583/2307 2262/7584/2307
f 2261/7585/2308 2276/7586/2308 2275/7587/2308 2271/7588/2308
f 2247/7589/2309 2281/7590/2309 2280/7591/2309 2249/7592/2309
f 2250/7593/2310 2288/7594/2310 2287/7595/2310 2248/7596/2310
f 2249/7597/2311 2255/7598/2311 2256/7599/2311 2247/7600/2311
f 2255/7601/2312 2257/7602/2312 2258/7603/2312 2256/7604/2312
f 2257/7605/2313 2259/7606/2313 2260/7607/2313 2258/7608/2313
f 2259/7609/2314 2261/7610/2314 2262/7611/2314 2260/7612/2314
f 2256/7613/2315 2282/7614/2315 2281/7615/2315 2247/7616/2315
f 2258/7617/2316 2283/7618/2316 2282/7619/2316 2256/7620/2316
f 2260/7621/2317 2284/7622/2317 2283/7623/2317 2258/7624/2317
f 2262/7625/2318 2285/7626/2318 2284/7627/2318 2260/7628/2318
f 2251/7629/2319 2263/7630/2319 2267/7631/2319 2253/7632/2319
f 2263/7633/2320 2264/7634/2320 2268/7635/2320 2267/7636/2320
f 2264/7637/2321 2265/7638/2321 2269/7639/2321 2268/7640/2321
f 2265/7641/2322 2266/7642/2322 2270/7643/2322 2269/7644/2322
f 2249/7645/2323 2280/7646/2323 2279/7647/2323 2255/7648/2323
f 2255/7649/2324 2279/7650/2324 2278/7651/2324 2257/7652/2324
f 2257/7653/2325 2278/7654/2325 2277/7655/2325 2259/7656/2325
f 2259/7657/2326 2277/7658/2326 2276/7659/2326 2261/7660/2326
f 2271/7661/2327 2275/7662/2327 2288/7663/2327 2250/7664/2327
f 2254/7665/2328 2272/7666/2328 2273/7667/2328 2252/7668/2328
f 2248/7669/2329 2287/7670/2329 2286/7671/2329 2274/7672/2329
f 2248/7673/2330 2274/7674/2330 2271/7675/2330 2250/7676/2330
f 2272/7677/2331 2275/7678/2331 2276/7679/2331 2270/7680/2331
f 2270/7681/2332 2276/7682/2332 2277/7683/2332 2269/7684/2332
f 2269/7685/2333 2277/7686/2333 2278/7687/2333 2268/7688/2333
f 2268/7689/2334 2278/7690/2334 2279/7691/2334 2267/7692/2334
f 2267/7693/2335 2279/7694/2335 2280/7695/2335 2253/7696/2335
f 2253/7697/2336 2280/7698/2336 2281/7699/2336 2251/7700/2336
f 2251/7701/2337 2281/7702/2337 2282/7703/2337 2263/7704/2337
f 2263/7705/2338 2282/7706/2338 2283/7707/2338 2264/7708/2338
f 2264/7709/2339 2283/7710/2339 2284/7711/2339 2265/7712/2339
f 2265/7713/2340 2284/7714/2340 2285/7715/2340 2266/7716/2340
f 2266/7717/2341 2285/7718/2341 2286/7719/2341 2273/7720/2341
f 2273/7721/2342 2286/7722/2342 2287/7723/2342 2252/7724/2342
f 2252/7725/2343 2287/7726/2343 2288/7727/2343 2254/7728/2343
f 2254/7729/2344 2288/7730/2344 2275/7731/2344 2272/7732/2344
o part13
v 8.5 9.5 8.5
v 8.5 9.5 7.5
v 8.5 9 8.5
v 8.5 9 7.5
v 7.5 9.5 8.5
v 7.5 9.5 7.5
v 7.5 9 8.5
v 7.5 9 7.5
v 8.5 9 8
v 7.5 9 8
v 7.5 9.5 8
v 8.5 9.5 8
v 8 9 8.5
v 8 9 8
v 8 9 7.5
v 8 9.5 7.5
v 8 9.5 8
v 8 9.5 8.5
vt 0 0.9375
vt 0.0625 0.9375
vt 0.0625 1
vt 0 1
vt 0.125 1
vt 0.0625 1
vt 0.0625 0.9375
vt 0.125 0.9375
vt 0 0.875
vt 0.0625 0.875
vt 0.0625 0.9375
vt 0 0.9375
vt 0 0.9375
vt 0.0625 0.9375
vt 0.0625 1
vt 0 1
vt 0 0.9375
vt 0.0625 0.9375
vt 0.0625 1
vt 0 1
vt 0.125 1
vt 0.0625 1
vt 0.0625 0.9375
vt 0.125 0.9375
vt 0 0.875
vt 0.0625 0.875
vt 0.0625 0.9375
vt 0 0.9375
vt 0 0.9375
vt 0.0625 0.9375
vt 0.0625 1
vt 0 1
vt 0 0.9375
vt 0.0625 0.9375
vt 0.0625 1
vt 0 1
vt 0.125 1
vt 0.0625 1
vt 0.0625 0.9375
vt 0.125 0.9375
vt 0.125 1
vt 0.0625 1
vt 0.0625 0.9375
vt 0.125 0.9375
vt 0.125 0.9375
vt 0.0625 0.9375
vt 0.0625 0.875
vt 0.125 0.875
vt 0 0.9375
vt 0.0625 0.9375
vt 0.0625 1
vt 0 1
vt 0.125 1
vt 0.0625 1
vt 0.0625 0.9375
vt 0.125 0.9375
vt 0.125 0.9375
vt 0.0625 0.9375
vt 0.0625 0.875
vt 0.125 0.875
vt 0.125 1
vt 0.0625 1
vt 0.0625 0.9375
vt 0.125 0.9375
vn 1 0 0
vn -1 0 0
vn 0 1 0
vn 0 -1 0
vn 0 0 1
vn 0 0 -1
vn 0 -1 0
vn -1 0 0
vn 0 1 0
vn 1 0 0
vn 0 -1 0
vn 0 -1 0
vn 0 0 -1
vn 0 1 0
vn 0 1 0
vn 0 0 1
usemtl m_a0a57bcb-95c0-7f80-7bef-e9aaf1d14c76
f 2291/7733/2345 2297/7734/2345 2300/7735/2345 2289/7736/2345
f 2293/7737/2346 2299/7738/2346 2298/7739/2346 2295/7740/2346
f 2293/7741/2347 2306/7742/2347 2305/7743/2347 2299/7744/2347
f 2298/7745/2348 2302/7746/2348 2301/7747/2348 2295/7748/2348
f 2295/7749/2349 2301/7750/2349 2306/7751/2349 2293/7752/2349
f 2294/7753/2350 2304/7754/2350 2303/7755/2350 2296/7756/2350
f 2296/7757/2351 2303/7758/2351 2302/7759/2351 2298/7760/2351
f 2296/7761/2352 2298/7762/2352 2299/7763/2352 2294/7764/2352
f 2299/7765/2353 2305/7766/2353 2304/7767/2353 2294/7768/2353
f 2290/7769/2354 2300/7770/2354 2297/7771/2354 2292/7772/2354
f 2291/7773/2355 2301/7774/2355 2302/7775/2355 2297/7776/2355
f 2297/7777/2356 2302/7778/2356 2303/7779/2356 2292/7780/2356
f 2292/7781/2357 2303/7782/2357 2304/7783/2357 2290/7784/2357
f 2290/7785/2358 2304/7786/2358 2305/7787/2358 2300/7788/2358
f 2300/7789/2359 2305/7790/2359 2306/7791/2359 2289/7792/2359
f 2289/7793/2360 2306/7794/2360 2301/7795/2360 2291/7796/2360