# Made in Blockbench 5.1.6
mtllib dc_metro_roof_j_light_pole_2.mtl

o cube
v 0.0625 0 -0.125
v -0.0625 0 -0.125
v -0.0625 1 -0.125
v 0.0625 1 -0.125
v 0.0625 0 0.125
v 0.0625 1 0.125
v -0.0625 0 0.125
v -0.0625 1 0.125
vt 0.0078125 0.875
vt 0.0234375 0.875
vt 0.0234375 1
vt 0.0078125 1
vt 0 0.875
vt 0.03125 0.875
vt 0.03125 1
vt 0 1
vt 0.0078125 0.875
vt 0.0234375 0.875
vt 0.0234375 1
vt 0.0078125 1
vt 0 0.875
vt 0.03125 0.875
vt 0.03125 1
vt 0 1
vt 0.0078125 0.96875
vt 0.0234375 0.96875
vt 0.0234375 1
vt 0.0078125 1
vt 0.0078125 0.96875
vt 0.0234375 0.96875
vt 0.0234375 1
vt 0.0078125 1
vn 0 0 -1
vn 1 0 0
vn 0 0 1
vn -1 0 0
vn 0 1 0
vn 0 -1 0
usemtl m_31e1a0cb-702c-e28f-3575-519f33112ae7
f 1/1/1 2/2/1 3/3/1 4/4/1
f 5/5/2 1/6/2 4/7/2 6/8/2
f 7/9/3 5/10/3 6/11/3 8/12/3
f 2/13/4 7/14/4 8/15/4 3/16/4
f 8/17/5 6/18/5 4/19/5 3/20/5
f 2/21/6 1/22/6 5/23/6 7/24/6
o cube
v 0.125 0 -0.0625
v -0.125 0 -0.0625
v -0.125 1 -0.0625
v 0.125 1 -0.0625
v 0.125 0 0.0625
v 0.125 1 0.0625
v -0.125 0 0.0625
v -0.125 1 0.0625
vt 0 0.875
vt 0.03125 0.875
vt 0.03125 1
vt 0 1
vt 0.0078125 0.875
vt 0.0234375 0.875
vt 0.0234375 1
vt 0.0078125 1
vt 0 0.875
vt 0.03125 0.875
vt 0.03125 1
vt 0 1
vt 0.0078125 0.875
vt 0.0234375 0.875
vt 0.0234375 1
vt 0.0078125 1
vt 0.0234375 0.96875
vt 0.0234375 1
vt 0.0078125 1
vt 0.0078125 0.96875
vt 0.0078125 1
vt 0.0078125 0.96875
vt 0.0234375 0.96875
vt 0.0234375 1
vn 0 0 -1
vn 1 0 0
vn 0 0 1
vn -1 0 0
vn 0 1 0
vn 0 -1 0
usemtl m_31e1a0cb-702c-e28f-3575-519f33112ae7
f 9/25/7 10/26/7 11/27/7 12/28/7
f 13/29/8 9/30/8 12/31/8 14/32/8
f 15/33/9 13/34/9 14/35/9 16/36/9
f 10/37/10 15/38/10 16/39/10 11/40/10
f 16/41/11 14/42/11 12/43/11 11/44/11
f 10/45/12 9/46/12 13/47/12 15/48/12
o cube
v 0.06076698900821892 0 -0.12705824974445776
v -0.12705824974445776 0 0.06076698900821894
v -0.12705824974445776 1 0.06076698900821894
v 0.06076698900821892 1 -0.12705824974445776
v 0.12705824974445776 0 -0.06076698900821894
v 0.12705824974445776 1 -0.06076698900821894
v -0.06076698900821892 0 0.12705824974445776
v -0.06076698900821892 1 0.12705824974445776
vt 0.00390625 0.875
vt 0.037109375 0.875
vt 0.037109375 1
vt 0.00390625 1
vt 0.009765625 0.875
vt 0.021484375 0.875
vt 0.021484375 1
vt 0.009765625 1
vt 0 0.875
vt 0.033203125 0.875
vt 0.033203125 1
vt 0 1
vt 0.009765625 0.875
vt 0.021484375 0.875
vt 0.021484375 1
vt 0.009765625 1
vt 0.021484375 0.966796875
vt 0.021484375 1
vt 0.009765625 1
vt 0.009765625 0.966796875
vt 0.009765625 1
vt 0.009765625 0.966796875
vt 0.021484375 0.966796875
vt 0.021484375 1
vn -0.7071067811865476 0 -0.7071067811865475
vn 0.7071067811865475 0 -0.7071067811865477
vn 0.7071067811865476 0 0.7071067811865475
vn -0.7071067811865475 0 0.7071067811865477
vn 0 1 0
vn 0 -1 0
usemtl m_31e1a0cb-702c-e28f-3575-519f33112ae7
f 17/49/13 18/50/13 19/51/13 20/52/13
f 21/53/14 17/54/14 20/55/14 22/56/14
f 23/57/15 21/58/15 22/59/15 24/60/15
f 18/61/16 23/62/16 24/63/16 19/64/16
f 24/65/17 22/66/17 20/67/17 19/68/17
f 18/69/18 17/70/18 21/71/18 23/72/18
o cube
v 0.12705824974445776 0 0.06076698900821894
v -0.06076698900821892 0 -0.12705824974445776
v -0.06076698900821892 1 -0.12705824974445776
v 0.12705824974445776 1 0.06076698900821894
v 0.06076698900821892 0 0.12705824974445776
v 0.06076698900821892 1 0.12705824974445776
v -0.12705824974445776 0 -0.06076698900821894
v -0.12705824974445776 1 -0.06076698900821894
vt 0.00390625 0.875
vt 0.037109375 0.875
vt 0.037109375 1
vt 0.00390625 1
vt 0.009765625 0.875
vt 0.021484375 0.875
vt 0.021484375 1
vt 0.009765625 1
vt 0 0.875
vt 0.033203125 0.875
vt 0.033203125 1
vt 0 1
vt 0.009765625 0.875
vt 0.021484375 0.875
vt 0.021484375 1
vt 0.009765625 1
vt 0.021484375 0.966796875
vt 0.021484375 1
vt 0.009765625 1
vt 0.009765625 0.966796875
vt 0.009765625 1
vt 0.009765625 0.966796875
vt 0.021484375 0.966796875
vt 0.021484375 1
vn 0.7071067811865476 0 -0.7071067811865475
vn 0.7071067811865475 0 0.7071067811865477
vn -0.7071067811865476 0 0.7071067811865475
vn -0.7071067811865475 0 -0.7071067811865477
vn 0 1 0
vn 0 -1 0
usemtl m_31e1a0cb-702c-e28f-3575-519f33112ae7
f 25/73/19 26/74/19 27/75/19 28/76/19
f 29/77/20 25/78/20 28/79/20 30/80/20
f 31/81/21 29/82/21 30/83/21 32/84/21
f 26/85/22 31/86/22 32/87/22 27/88/22
f 32/89/23 30/90/23 28/91/23 27/92/23
f 26/93/24 25/94/24 29/95/24 31/96/24
o cube
v 0.375 0.53125 -0.03125
v 0.125 0.53125 -0.03125
v 0.125 0.59375 -0.03125
v 0.375 0.59375 -0.03125
v 0.375 0.53125 0.03125
v 0.375 0.59375 0.03125
v 0.125 0.53125 0.03125
v 0.125 0.59375 0.03125
vt 0.0625 0.98828125
vt 0.09375 0.98828125
vt 0.09375 0.99609375
vt 0.0625 0.99609375
vt 0 0.98828125
vt 0.0078125 0.98828125
vt 0.0078125 0.99609375
vt 0 0.99609375
vt 0 0.98828125
vt 0.03125 0.98828125
vt 0.03125 0.99609375
vt 0 0.99609375
vt 0.0078125 0.98828125
vt 0.015625 0.98828125
vt 0.015625 0.99609375
vt 0.0078125 0.99609375
vt 0 0.984375
vt 0.03125 0.984375
vt 0.03125 0.9921875
vt 0 0.9921875
vt 0 0.9921875
vt 0.03125 0.9921875
vt 0.03125 1
vt 0 1
vn 0 0 -1
vn 1 0 0
vn 0 0 1
vn -1 0 0
vn 0 1 0
vn 0 -1 0
usemtl m_31e1a0cb-702c-e28f-3575-519f33112ae7
f 33/97/25 34/98/25 35/99/25 36/100/25
f 37/101/26 33/102/26 36/103/26 38/104/26
f 39/105/27 37/106/27 38/107/27 40/108/27
f 34/109/28 39/110/28 40/111/28 35/112/28
f 40/113/29 38/114/29 36/115/29 35/116/29
f 34/117/30 33/118/30 37/119/30 39/120/30
o sphere
v 0.5434858709262116 0.6558154194093473 0.07725424859373686
v 0.5667598804800515 0.6558154194093473 0.06969206447938142
v 0.53125 0.671875 0
v 0.55452400955384 0.6092087012792796 0.14694631307311828
v 0.5987938064468301 0.6092087012792796 0.13256218411435544
v 0.5632839259667787 0.5366170359084678 0.20225424859373686
v 0.6242160740332213 0.5366170359084678 0.18245619355316983
v 0.5689081385126028 0.4451462012792796 0.23776412907378836
v 0.6405381745605154 0.4451462012792796 0.21449011951994845
v 0.5708461100811341 0.34375 0.25
v 0.6461623871063397 0.34375 0.22552825814757677
v 0.5865579355206185 0.6558154194093473 0.05530793552061858
v 0.6364519449594329 0.6092087012792796 0.10520194495943297
v 0.676048055040567 0.5366170359084678 0.1447980550405671
v 0.7014703226269582 0.4451462012792796 0.1702203226269582
v 0.7102302390398969 0.34375 0.1789802390398969
v 0.6009420644793814 0.6558154194093473 0.03550988048005155
v 0.6638121841143554 0.6092087012792796 0.06754380644683017
v 0.7137061935531698 0.5366170359084678 0.09296607403322138
v 0.7457401195199485 0.4451462012792796 0.10928817456051548
v 0.7567782581475768 0.34375 0.11491238710633964
v 0.6085042485937369 0.6558154194093473 0.01223587092621159
v 0.6781963130731183 0.6092087012792796 0.02327400955383993
v 0.7335042485937369 0.5366170359084678 0.03203392596677865
v 0.7690141290737884 0.4451462012792796 0.0376581385126028
v 0.78125 0.34375 0.03959611008113409
v 0.6085042485937369 0.6558154194093473 -0.01223587092621159
v 0.6781963130731182 0.6092087012792796 -0.02327400955383996
v 0.7335042485937369 0.5366170359084678 -0.032033925966778676
v 0.7690141290737884 0.4451462012792796 -0.0376581385126028
v 0.78125 0.34375 -0.03959611008113412
v 0.6009420644793815 0.6558154194093473 -0.03550988048005155
v 0.6638121841143554 0.6092087012792796 -0.06754380644683017
v 0.7137061935531699 0.5366170359084678 -0.09296607403322132
v 0.7457401195199485 0.4451462012792796 -0.10928817456051543
v 0.7567782581475768 0.34375 -0.11491238710633961
v 0.5865579355206185 0.6558154194093473 -0.05530793552061852
v 0.636451944959433 0.6092087012792796 -0.10520194495943297
v 0.6760480550405671 0.5366170359084678 -0.14479805504056703
v 0.7014703226269582 0.4451462012792796 -0.1702203226269582
v 0.7102302390398969 0.34375 -0.1789802390398969
v 0.5667598804800515 0.6558154194093473 -0.06969206447938142
v 0.5987938064468302 0.6092087012792796 -0.13256218411435539
v 0.6242160740332213 0.5366170359084678 -0.18245619355316978
v 0.6405381745605155 0.4451462012792796 -0.2144901195199484
v 0.6461623871063397 0.34375 -0.2255282581475767
v 0.5434858709262116 0.6558154194093473 -0.07725424859373686
v 0.55452400955384 0.6092087012792796 -0.14694631307311823
v 0.5632839259667787 0.5366170359084678 -0.20225424859373686
v 0.5689081385126028 0.4451462012792796 -0.2377641290737883
v 0.5708461100811341 0.34375 -0.25
v 0.5190141290737884 0.6558154194093473 -0.07725424859373686
v 0.50797599044616 0.6092087012792796 -0.14694631307311828
v 0.49921607403322144 0.5366170359084678 -0.20225424859373686
v 0.4935918614873973 0.4451462012792796 -0.23776412907378836
v 0.49165388991886594 0.34375 -0.25
v 0.49574011951994845 0.6558154194093473 -0.06969206447938142
v 0.4637061935531699 0.6092087012792796 -0.1325621841143555
v 0.4382839259667788 0.5366170359084678 -0.1824561935531699
v 0.4219618254394847 0.4451462012792796 -0.21449011951994845
v 0.41633761289366045 0.34375 -0.22552825814757682
v 0.4759420644793815 0.6558154194093473 -0.05530793552061858
v 0.426048055040567 0.6092087012792796 -0.10520194495943297
v 0.386451944959433 0.5366170359084678 -0.1447980550405671
v 0.3610296773730418 0.4451462012792796 -0.1702203226269582
v 0.3522697609601031 0.34375 -0.17898023903989696
v 0.4615579355206185 0.6558154194093473 -0.03550988048005155
v 0.3986878158856446 0.6092087012792796 -0.06754380644683022
v 0.3487938064468302 0.5366170359084678 -0.09296607403322138
v 0.31675988048005155 0.4451462012792796 -0.10928817456051554
v 0.3057217418524233 0.34375 -0.11491238710633966
v 0.45399575140626314 0.6558154194093473 -0.01223587092621159
v 0.38430368692688177 0.6092087012792796 -0.02327400955383996
v 0.32899575140626314 0.5366170359084678 -0.032033925966778676
v 0.2934858709262117 0.4451462012792796 -0.0376581385126028
v 0.28125 0.34375 -0.03959611008113412
v 0.45399575140626314 0.6558154194093473 0.01223587092621159
v 0.38430368692688166 0.6092087012792796 0.023274009553839903
v 0.32899575140626314 0.5366170359084678 0.03203392596677862
v 0.2934858709262116 0.4451462012792796 0.037658138512602746
v 0.28125 0.34375 0.039596110081134006
v 0.4615579355206185 0.6558154194093473 0.03550988048005152
v 0.3986878158856446 0.6092087012792796 0.06754380644683017
v 0.3487938064468301 0.5366170359084678 0.09296607403322132
v 0.31675988048005155 0.4451462012792796 0.10928817456051543
v 0.3057217418524232 0.34375 0.11491238710633961
v 0.4759420644793815 0.6558154194093473 0.05530793552061855
v 0.426048055040567 0.6092087012792796 0.10520194495943291
v 0.3864519449594329 0.5366170359084678 0.14479805504056698
v 0.3610296773730418 0.4451462012792796 0.17022032262695813
v 0.3522697609601031 0.34375 0.1789802390398969
v 0.49574011951994845 0.6558154194093473 0.06969206447938142
v 0.4637061935531698 0.6092087012792796 0.13256218411435539
v 0.43828392596677856 0.5366170359084678 0.18245619355316978
v 0.42196182543948446 0.4451462012792796 0.2144901195199484
v 0.41633761289366034 0.34375 0.2255282581475767
v 0.5190141290737884 0.6558154194093473 0.07725424859373684
v 0.50797599044616 0.6092087012792796 0.14694631307311823
v 0.4992160740332213 0.5366170359084678 0.20225424859373686
v 0.4935918614873971 0.4451462012792796 0.2377641290737883
v 0.4916538899188658 0.34375 0.25
vt 0 0.9951109374999999
vt 0.0015296874999999998 0.9951109374999999
vt 0.00076484375 0.9999999999999999
vt 0.00068984375 0.9999999999999999
vt 0 0.9951109374999999
vt 0.0029093750000000005 0.9951109374999999
vt 0.00221953125 0.9999999999999999
vt 0.0005476562500000795 0.9999999999999999
vt 7.979727989493313e-17 0.9951109374999999
vt 0.004004687500000079 0.9951109374999999
vt 0.00345703125000008 0.9999999999999999
vt 0.0003515625000000003 0.9999999999999999
vt 0 0.9951109374999999
vt 0.0047078125 0.9951109374999999
vt 0.00435625 0.9999999999999999
vt 0.00012109375000000011 0.9999999999999999
vt 0 0.9951109374999999
vt 0.0049499999999999995 0.9951109374999999
vt 0.004828906250000001 0.9999999999999999
vt 0 0.9951109374999999
vt 0.0015296874999999998 0.9951109374999999
vt 0.00076484375 0.9999999999999999
vt 0.00068984375 0.9999999999999999
vt 0 0.9951109374999999
vt 0.0029093750000000005 0.9951109374999999
vt 0.00221953125 0.9999999999999999
vt 0.0005476562500000795 0.9999999999999999
vt 7.979727989493313e-17 0.9951109374999999
vt 0.004004687500000079 0.9951109374999999
vt 0.00345703125000008 0.9999999999999999
vt 0.0003515625000000003 0.9999999999999999
vt 0 0.9951109374999999
vt 0.0047078125 0.9951109374999999
vt 0.00435625 0.9999999999999999
vt 0.00012109375000000011 0.9999999999999999
vt 0 0.9951109374999999
vt 0.0049499999999999995 0.9951109374999999
vt 0.004828906250000001 0.9999999999999999
vt 0 0.9951109374999999
vt 0.0015296874999999998 0.9951109374999999
vt 0.00076484375 0.9999999999999999
vt 0.00068984375 0.9999999999999999
vt 0 0.9951109374999999
vt 0.0029093750000000005 0.9951109374999999
vt 0.00221953125 0.9999999999999999
vt 0.0005476562500000795 0.9999999999999999
vt 7.979727989493313e-17 0.9951109374999999
vt 0.004004687500000079 0.9951109374999999
vt 0.00345703125000008 0.9999999999999999
vt 0.0003515625000000003 0.9999999999999999
vt 0 0.9951109374999999
vt 0.0047078125 0.9951109374999999
vt 0.00435625 0.9999999999999999
vt 0.00012109375000000011 0.9999999999999999
vt 0 0.9951109374999999
vt 0.0049499999999999995 0.9951109374999999
vt 0.004828906250000001 0.9999999999999999
vt 0 0.9951109374999999
vt 0.0015296874999999998 0.9951109374999999
vt 0.00076484375 0.9999999999999999
vt 0.00068984375 0.9999999999999999
vt 0 0.9951109374999999
vt 0.0029093750000000005 0.9951109374999999
vt 0.00221953125 0.9999999999999999
vt 0.0005476562500000795 0.9999999999999999
vt 7.979727989493313e-17 0.9951109374999999
vt 0.004004687500000079 0.9951109374999999
vt 0.00345703125000008 0.9999999999999999
vt 0.0003515625000000003 0.9999999999999999
vt 0 0.9951109374999999
vt 0.0047078125 0.9951109374999999
vt 0.00435625 0.9999999999999999
vt 0.00012109375000000011 0.9999999999999999
vt 0 0.9951109374999999
vt 0.0049499999999999995 0.9951109374999999
vt 0.004828906250000001 0.9999999999999999
vt 0 0.9951109374999999
vt 0.0015296874999999998 0.9951109374999999
vt 0.00076484375 0.9999999999999999
vt 0.00068984375 0.9999999999999999
vt 0 0.9951109374999999
vt 0.0029093750000000005 0.9951109374999999
vt 0.00221953125 0.9999999999999999
vt 0.0005476562500000795 0.9999999999999999
vt 7.979727989493313e-17 0.9951109374999999
vt 0.004004687500000079 0.9951109374999999
vt 0.00345703125000008 0.9999999999999999
vt 0.0003515625000000003 0.9999999999999999
vt 0 0.9951109374999999
vt 0.0047078125 0.9951109374999999
vt 0.00435625 0.9999999999999999
vt 0.00012109375000000011 0.9999999999999999
vt 0 0.9951109374999999
vt 0.0049499999999999995 0.9951109374999999
vt 0.004828906250000001 0.9999999999999999
vt 0 0.9951109374999999
vt 0.0015296874999999998 0.9951109374999999
vt 0.00076484375 0.9999999999999999
vt 0.00068984375 0.9999999999999999
vt 0 0.9951109374999999
vt 0.0029093750000000005 0.9951109374999999
vt 0.00221953125 0.9999999999999999
vt 0.0005476562500000795 0.9999999999999999
vt 7.979727989493313e-17 0.9951109374999999
vt 0.004004687500000079 0.9951109374999999
vt 0.00345703125000008 0.9999999999999999
vt 0.0003515625000000003 0.9999999999999999
vt 0 0.9951109374999999
vt 0.0047078125 0.9951109374999999
vt 0.00435625 0.9999999999999999
vt 0.00012109375000000011 0.9999999999999999
vt 0 0.9951109374999999
vt 0.0049499999999999995 0.9951109374999999
vt 0.004828906250000001 0.9999999999999999
vt 0 0.9951109374999999
vt 0.0015296874999999998 0.9951109374999999
vt 0.00076484375 0.9999999999999999
vt 0.00068984375 0.9999999999999999
vt 0 0.9951109374999999
vt 0.0029093750000000005 0.9951109374999999
vt 0.00221953125 0.9999999999999999
vt 0.0005476562500000795 0.9999999999999999
vt 7.979727989493313e-17 0.9951109374999999
vt 0.004004687500000079 0.9951109374999999
vt 0.00345703125000008 0.9999999999999999
vt 0.0003515625000000003 0.9999999999999999
vt 0 0.9951109374999999
vt 0.0047078125 0.9951109374999999
vt 0.00435625 0.9999999999999999
vt 0.00012109375000000011 0.9999999999999999
vt 0 0.9951109374999999
vt 0.0049499999999999995 0.9951109374999999
vt 0.004828906250000001 0.9999999999999999
vt 0 0.9951109374999999
vt 0.0015296874999999998 0.9951109374999999
vt 0.00076484375 0.9999999999999999
vt 0.00068984375 0.9999999999999999
vt 0 0.9951109374999999
vt 0.0029093750000000005 0.9951109374999999
vt 0.00221953125 0.9999999999999999
vt 0.0005476562500000795 0.9999999999999999
vt 7.979727989493313e-17 0.9951109374999999
vt 0.004004687500000079 0.9951109374999999
vt 0.00345703125000008 0.9999999999999999
vt 0.0003515625000000003 0.9999999999999999
vt 0 0.9951109374999999
vt 0.0047078125 0.9951109374999999
vt 0.00435625 0.9999999999999999
vt 0.00012109375000000011 0.9999999999999999
vt 0 0.9951109374999999
vt 0.0049499999999999995 0.9951109374999999
vt 0.004828906250000001 0.9999999999999999
vt 0 0.9951109374999999
vt 0.0015296874999999998 0.9951109374999999
vt 0.00076484375 0.9999999999999999
vt 0.00068984375 0.9999999999999999
vt 0 0.9951109374999999
vt 0.0029093750000000005 0.9951109374999999
vt 0.00221953125 0.9999999999999999
vt 0.0005476562500000795 0.9999999999999999
vt 7.979727989493313e-17 0.9951109374999999
vt 0.004004687500000079 0.9951109374999999
vt 0.00345703125000008 0.9999999999999999
vt 0.0003515625000000003 0.9999999999999999
vt 0 0.9951109374999999
vt 0.0047078125 0.9951109374999999
vt 0.00435625 0.9999999999999999
vt 0.00012109375000000011 0.9999999999999999
vt 0 0.9951109374999999
vt 0.0049499999999999995 0.9951109374999999
vt 0.004828906250000001 0.9999999999999999
vt 0 0.9951109374999999
vt 0.0015296874999999998 0.9951109374999999
vt 0.00076484375 0.9999999999999999
vt 0.00068984375 0.9999999999999999
vt 0 0.9951109374999999
vt 0.0029093750000000005 0.9951109374999999
vt 0.00221953125 0.9999999999999999
vt 0.0005476562500000795 0.9999999999999999
vt 7.979727989493313e-17 0.9951109374999999
vt 0.004004687500000079 0.9951109374999999
vt 0.00345703125000008 0.9999999999999999
vt 0.0003515625000000003 0.9999999999999999
vt 0 0.9951109374999999
vt 0.0047078125 0.9951109374999999
vt 0.00435625 0.9999999999999999
vt 0.00012109375000000011 0.9999999999999999
vt 0 0.9951109374999999
vt 0.0049499999999999995 0.9951109374999999
vt 0.004828906250000001 0.9999999999999999
vt 0 0.9951109374999999
vt 0.0015296874999999998 0.9951109374999999
vt 0.00076484375 0.9999999999999999
vt 0.00068984375 0.9999999999999999
vt 0 0.9951109374999999
vt 0.0029093750000000005 0.9951109374999999
vt 0.00221953125 0.9999999999999999
vt 0.0005476562500000795 0.9999999999999999
vt 7.979727989493313e-17 0.9951109374999999
vt 0.004004687500000079 0.9951109374999999
vt 0.00345703125000008 0.9999999999999999
vt 0.0003515625000000003 0.9999999999999999
vt 0 0.9951109374999999
vt 0.0047078125 0.9951109374999999
vt 0.00435625 0.9999999999999999
vt 0.00012109375000000011 0.9999999999999999
vt 0 0.9951109374999999
vt 0.0049499999999999995 0.9951109374999999
vt 0.004828906250000001 0.9999999999999999
vt 0 0.9951109374999999
vt 0.0015296874999999998 0.9951109374999999
vt 0.00076484375 0.9999999999999999
vt 0.00068984375 0.9999999999999999
vt 0 0.9951109374999999
vt 0.0029093750000000005 0.9951109374999999
vt 0.00221953125 0.9999999999999999
vt 0.0005476562500000795 0.9999999999999999
vt 7.979727989493313e-17 0.9951109374999999
vt 0.004004687500000079 0.9951109374999999
vt 0.00345703125000008 0.9999999999999999
vt 0.0003515625000000003 0.9999999999999999
vt 0 0.9951109374999999
vt 0.0047078125 0.9951109374999999
vt 0.00435625 0.9999999999999999
vt 0.00012109375000000011 0.9999999999999999
vt 0 0.9951109374999999
vt 0.0049499999999999995 0.9951109374999999
vt 0.004828906250000001 0.9999999999999999
vt 0 0.9951109374999999
vt 0.0015296874999999998 0.9951109374999999
vt 0.00076484375 0.9999999999999999
vt 0.00068984375 0.9999999999999999
vt 0 0.9951109374999999
vt 0.0029093750000000005 0.9951109374999999
vt 0.00221953125 0.9999999999999999
vt 0.0005476562500000795 0.9999999999999999
vt 7.979727989493313e-17 0.9951109374999999
vt 0.004004687500000079 0.9951109374999999
vt 0.00345703125000008 0.9999999999999999
vt 0.0003515625000000003 0.9999999999999999
vt 0 0.9951109374999999
vt 0.0047078125 0.9951109374999999
vt 0.00435625 0.9999999999999999
vt 0.00012109375000000011 0.9999999999999999
vt 0 0.9951109374999999
vt 0.0049499999999999995 0.9951109374999999
vt 0.004828906250000001 0.9999999999999999
vt 0 0.9951109374999999
vt 0.0015296874999999998 0.9951109374999999
vt 0.00076484375 0.9999999999999999
vt 0.00068984375 0.9999999999999999
vt 0 0.9951109374999999
vt 0.0029093750000000005 0.9951109374999999
vt 0.00221953125 0.9999999999999999
vt 0.0005476562500000795 0.9999999999999999
vt 7.979727989493313e-17 0.9951109374999999
vt 0.004004687500000079 0.9951109374999999
vt 0.00345703125000008 0.9999999999999999
vt 0.0003515625000000003 0.9999999999999999
vt 0 0.9951109374999999
vt 0.0047078125 0.9951109374999999
vt 0.00435625 0.9999999999999999
vt 0.00012109375000000011 0.9999999999999999
vt 0 0.9951109374999999
vt 0.0049499999999999995 0.9951109374999999
vt 0.004828906250000001 0.9999999999999999
vt 0 0.9951109374999999
vt 0.0015296874999999998 0.9951109374999999
vt 0.00076484375 0.9999999999999999
vt 0.00068984375 0.9999999999999999
vt 0 0.9951109374999999
vt 0.0029093750000000005 0.9951109374999999
vt 0.00221953125 0.9999999999999999
vt 0.0005476562500000795 0.9999999999999999
vt 7.979727989493313e-17 0.9951109374999999
vt 0.004004687500000079 0.9951109374999999
vt 0.00345703125000008 0.9999999999999999
vt 0.0003515625000000003 0.9999999999999999
vt 0 0.9951109374999999
vt 0.0047078125 0.9951109374999999
vt 0.00435625 0.9999999999999999
vt 0.00012109375000000011 0.9999999999999999
vt 0 0.9951109374999999
vt 0.0049499999999999995 0.9951109374999999
vt 0.004828906250000001 0.9999999999999999
vt 0 0.9951109374999999
vt 0.0015296874999999998 0.9951109374999999
vt 0.00076484375 0.9999999999999999
vt 0.00068984375 0.9999999999999999
vt 0 0.9951109374999999
vt 0.0029093750000000005 0.9951109374999999
vt 0.00221953125 0.9999999999999999
vt 0.0005476562500000795 0.9999999999999999
vt 7.979727989493313e-17 0.9951109374999999
vt 0.004004687500000079 0.9951109374999999
vt 0.00345703125000008 0.9999999999999999
vt 0.0003515625000000003 0.9999999999999999
vt 0 0.9951109374999999
vt 0.0047078125 0.9951109374999999
vt 0.00435625 0.9999999999999999
vt 0.00012109375000000011 0.9999999999999999
vt 0 0.9951109374999999
vt 0.0049499999999999995 0.9951109374999999
vt 0.004828906250000001 0.9999999999999999
vt 0 0.9951109374999999
vt 0.0015296874999999998 0.9951109374999999
vt 0.00076484375 0.9999999999999999
vt 0.00068984375 0.9999999999999999
vt 0 0.9951109374999999
vt 0.0029093750000000005 0.9951109374999999
vt 0.00221953125 0.9999999999999999
vt 0.0005476562500000795 0.9999999999999999
vt 7.979727989493313e-17 0.9951109374999999
vt 0.004004687500000079 0.9951109374999999
vt 0.00345703125000008 0.9999999999999999
vt 0.0003515625000000003 0.9999999999999999
vt 0 0.9951109374999999
vt 0.0047078125 0.9951109374999999
vt 0.00435625 0.9999999999999999
vt 0.00012109375000000011 0.9999999999999999
vt 0 0.9951109374999999
vt 0.0049499999999999995 0.9951109374999999
vt 0.004828906250000001 0.9999999999999999
vt 0 0.9951109374999999
vt 0.0015296874999999998 0.9951109374999999
vt 0.00076484375 0.9999999999999999
vt 0.00068984375 0.9999999999999999
vt 0 0.9951109374999999
vt 0.0029093750000000005 0.9951109374999999
vt 0.00221953125 0.9999999999999999
vt 0.0005476562500000795 0.9999999999999999
vt 7.979727989493313e-17 0.9951109374999999
vt 0.004004687500000079 0.9951109374999999
vt 0.00345703125000008 0.9999999999999999
vt 0.0003515625000000003 0.9999999999999999
vt 0 0.9951109374999999
vt 0.0047078125 0.9951109374999999
vt 0.00435625 0.9999999999999999
vt 0.00012109375000000011 0.9999999999999999
vt 0 0.9951109374999999
vt 0.0049499999999999995 0.9951109374999999
vt 0.004828906250000001 0.9999999999999999
vt 0 0.9951109374999999
vt 0.0015296874999999998 0.9951109374999999
vt 0.00076484375 0.9999999999999999
vt 0.00068984375 0.9999999999999999
vt 0 0.9951109374999999
vt 0.0029093750000000005 0.9951109374999999
vt 0.00221953125 0.9999999999999999
vt 0.0005476562500000795 0.9999999999999999
vt 7.979727989493313e-17 0.9951109374999999
vt 0.004004687500000079 0.9951109374999999
vt 0.00345703125000008 0.9999999999999999
vt 0.0003515625000000003 0.9999999999999999
vt 0 0.9951109374999999
vt 0.0047078125 0.9951109374999999
vt 0.00435625 0.9999999999999999
vt 0.00012109375000000011 0.9999999999999999
vt 0 0.9951109374999999
vt 0.0049499999999999995 0.9951109374999999
vt 0.004828906250000001 0.9999999999999999
vt 0 0.9951109374999999
vt 0.0015296874999999998 0.9951109374999999
vt 0.00076484375 0.9999999999999999
vt 0.00068984375 0.9999999999999999
vt 0 0.9951109374999999
vt 0.0029093750000000005 0.9951109374999999
vt 0.00221953125 0.9999999999999999
vt 0.0005476562500000795 0.9999999999999999
vt 7.979727989493313e-17 0.9951109374999999
vt 0.004004687500000079 0.9951109374999999
vt 0.00345703125000008 0.9999999999999999
vt 0.0003515625000000003 0.9999999999999999
vt 0 0.9951109374999999
vt 0.0047078125 0.9951109374999999
vt 0.00435625 0.9999999999999999
vt 0.00012109375000000011 0.9999999999999999
vt 0 0.9951109374999999
vt 0.0049499999999999995 0.9951109374999999
vt 0.004828906250000001 0.9999999999999999
vt 0 1
vt 0 1
vt 0 1
vt 0 1
vt 0 1
vt 0 1
vt 0 1
vt 0 1
vt 0 1
vt 0 1
vt 0 1
vt 0 1
vt 0 1
vt 0 1
vt 0 1
vt 0 1
vt 0 1
vt 0 1
vt 0 1
vt 0 1
vt 0 1
vt 0 1
vt 0 1
vt 0 1
vt 0 1
vt 0 1
vt 0 1
vt 0 1
vt 0 1
vt 0 1
vt 0 1
vt 0 1
vt 0 1
vt 0 1
vt 0 1
vt 0 1
vn 0.0628937520210355 0.9790690308818221 0.19356706518632372
vn 0.17178247770021862 0.8312493247837481 0.5286921035931373
vn 0.2458019193549375 0.6060432152628564 0.7565005206047699
vn 0.28807130855913654 0.36189635589937186 0.8865923238849872
vn 0.30679129279355405 0.11980470321494599 0.944206511179434
vn 0.11963102538771475 0.979069030881822 0.16465798047107816
vn 0.32674968960423945 0.831249324783748 0.44973236529084293
vn 0.4675430342407379 0.6060432152628564 0.6435177793711867
vn 0.5479441903256771 0.36189635589937197 0.7541804769914779
vn 0.583551716307848 0.11980470321494623 0.8031900319860448
vn 0.16465798047107835 0.979069030881822 0.11963102538771458
vn 0.4497323652908429 0.8312493247837481 0.3267496896042392
vn 0.6435177793711867 0.6060432152628564 0.46754303424073806
vn 0.7541804769914777 0.3618963558993722 0.5479441903256774
vn 0.8031900319860446 0.11980470321494582 0.5835517163078484
vn 0.19356706518632358 0.979069030881822 0.06289375202103592
vn 0.5286921035931369 0.8312493247837484 0.17178247770021954
vn 0.7565005206047698 0.6060432152628564 0.2458019193549378
vn 0.8865923238849869 0.3618963558993725 0.28807130855913693
vn 0.944206511179434 0.1198047032149462 0.30679129279355355
vn 0.20352845690008553 0.979069030881822 0
vn 0.5558997751812486 0.8312493247837482 -1.333516158195701e-15
vn 0.7954317200324991 0.606043215262856 0
vn 0.9322183368646826 0.36189635589937236 0
vn 0.9927974783849821 0.11980470321494559 0
vn 0.1935670651863238 0.9790690308818222 -0.06289375202103507
vn 0.5286921035931377 0.831249324783748 -0.17178247770021854
vn 0.7565005206047699 0.6060432152628569 -0.24580191935493684
vn 0.8865923238849869 0.36189635589937236 -0.28807130855913715
vn 0.9442065111794342 0.11980470321494568 -0.3067912927935539
vn 0.16465798047107774 0.979069030881822 -0.11963102538771538
vn 0.44973236529084376 0.8312493247837479 -0.32674968960423867
vn 0.6435177793711864 0.6060432152628569 -0.4675430342407378
vn 0.7541804769914782 0.3618963558993716 -0.5479441903256772
vn 0.8031900319860448 0.11980470321494636 -0.5835517163078482
vn 0.11963102538771508 0.979069030881822 -0.16465798047107796
vn 0.3267496896042386 0.8312493247837485 -0.4497323652908427
vn 0.4675430342407374 0.6060432152628562 -0.6435177793711875
vn 0.5479441903256773 0.3618963558993718 -0.7541804769914779
vn 0.5835517163078477 0.11980470321494582 -0.8031900319860452
vn 0.0628937520210355 0.9790690308818221 -0.19356706518632372
vn 0.17178247770021832 0.831249324783748 -0.5286921035931377
vn 0.2458019193549382 0.6060432152628563 -0.75650052060477
vn 0.28807130855913604 0.3618963558993723 -0.8865923238849871
vn 0.3067912927935547 0.11980470321494566 -0.9442065111794339
vn 0 0.979069030881822 -0.20352845690008553
vn 6.667580790978508e-16 0.8312493247837481 -0.555899775181249
vn 0 0.6060432152628566 -0.7954317200324984
vn 7.042026675207356e-16 0.3618963558993714 -0.9322183368646829
vn 0 0.11980470321494666 -0.9927974783849819
vn -0.0628937520210355 0.9790690308818221 -0.19356706518632372
vn -0.17178247770021804 0.8312493247837484 -0.5286921035931376
vn -0.24580191935493684 0.6060432152628561 -0.7565005206047704
vn -0.28807130855913654 0.36189635589937186 -0.8865923238849872
vn -0.3067912927935538 0.11980470321494634 -0.944206511179434
vn -0.11963102538771475 0.979069030881822 -0.16465798047107816
vn -0.326749689604239 0.8312493247837482 -0.44973236529084293
vn -0.46754303424073784 0.606043215262856 -0.6435177793711871
vn -0.5479441903256765 0.3618963558993716 -0.7541804769914786
vn -0.5835517163078473 0.11980470321494666 -0.8031900319860451
vn -0.16465798047107782 0.9790690308818221 -0.11963102538771511
vn -0.449732365290843 0.8312493247837484 -0.32674968960423856
vn -0.643517779371187 0.6060432152628558 -0.4675430342407383
vn -0.7541804769914776 0.36189635589937225 -0.5479441903256779
vn -0.8031900319860454 0.11980470321494611 -0.5835517163078473
vn -0.1935670651863238 0.9790690308818222 -0.06289375202103507
vn -0.528692103593138 0.8312493247837478 -0.1717824777002184
vn -0.7565005206047699 0.6060432152628563 -0.24580191935493792
vn -0.8865923238849872 0.3618963558993725 -0.28807130855913543
vn -0.9442065111794339 0.11980470321494516 -0.30679129279355494
vn -0.20352845690008553 0.979069030881822 0
vn -0.5558997751812488 0.831249324783748 -1.3335161581957027e-15
vn -0.7954317200324985 0.6060432152628568 0
vn -0.9322183368646829 0.36189635589937147 -1.4084053350414702e-15
vn -0.9927974783849819 0.11980470321494666 0
vn -0.1935670651863238 0.9790690308818222 0.06289375202103514
vn -0.528692103593137 0.8312493247837482 0.17178247770021943
vn -0.7565005206047705 0.6060432152628561 0.24580191935493684
vn -0.8865923238849868 0.36189635589937236 0.288071308559137
vn -0.9442065111794342 0.11980470321494549 0.30679129279355344
vn -0.16465798047107788 0.9790690308818221 0.11963102538771515
vn -0.4497323652908435 0.8312493247837479 0.32674968960423895
vn -0.6435177793711861 0.6060432152628569 0.4675430342407381
vn -0.7541804769914779 0.3618963558993715 0.5479441903256775
vn -0.8031900319860448 0.11980470321494636 0.5835517163078482
vn -0.11963102538771493 0.9790690308818221 0.16465798047107807
vn -0.32674968960423917 0.8312493247837485 0.4497323652908427
vn -0.4675430342407384 0.6060432152628562 0.6435177793711865
vn -0.5479441903256778 0.3618963558993718 0.7541804769914776
vn -0.5835517163078476 0.11980470321494624 0.803190031986045
vn -0.0628937520210353 0.9790690308818221 0.1935670651863238
vn -0.17178247770021832 0.831249324783748 0.5286921035931377
vn -0.2458019193549377 0.6060432152628564 0.7565005206047698
vn -0.2880713085591365 0.36189635589937197 0.8865923238849871
vn -0.3067912927935551 0.11980470321494566 0.9442065111794337
vn -2.308396970468708e-16 0.979069030881822 0.20352845690008556
vn -6.667580790978504e-16 0.831249324783748 0.5558997751812488
vn 0 0.6060432152628568 0.7954317200324985
vn -7.042026675207336e-16 0.36189635589937147 0.9322183368646829
vn 0 0.11980470321494667 0.9927974783849819
vn 0 -1 0
vn 0 -1 0
vn 0 -1 0
vn 0 -1 0
vn 0 -1 0
vn 0 -1 0
vn 0 -1 0
vn 0 -1 0
vn 0 -1 0
usemtl m_31e1a0cb-702c-e28f-3575-519f33112ae7
f 41/121/31 42/122/31 43/123/31
f 41/124/32 44/125/32 45/126/32 42/127/32
f 44/128/33 46/129/33 47/130/33 45/131/33
f 46/132/34 48/133/34 49/134/34 47/135/34
f 48/136/35 50/137/35 51/138/35 49/139/35
f 42/140/36 52/141/36 43/142/36
f 42/143/37 45/144/37 53/145/37 52/146/37
f 45/147/38 47/148/38 54/149/38 53/150/38
f 47/151/39 49/152/39 55/153/39 54/154/39
f 49/155/40 51/156/40 56/157/40 55/158/40
f 52/159/41 57/160/41 43/161/41
f 52/162/42 53/163/42 58/164/42 57/165/42
f 53/166/43 54/167/43 59/168/43 58/169/43
f 54/170/44 55/171/44 60/172/44 59/173/44
f 55/174/45 56/175/45 61/176/45 60/177/45
f 57/178/46 62/179/46 43/180/46
f 57/181/47 58/182/47 63/183/47 62/184/47
f 58/185/48 59/186/48 64/187/48 63/188/48
f 59/189/49 60/190/49 65/191/49 64/192/49
f 60/193/50 61/194/50 66/195/50 65/196/50
f 62/197/51 67/198/51 43/199/51
f 62/200/52 63/201/52 68/202/52 67/203/52
f 63/204/53 64/205/53 69/206/53 68/207/53
f 64/208/54 65/209/54 70/210/54 69/211/54
f 65/212/55 66/213/55 71/214/55 70/215/55
f 67/216/56 72/217/56 43/218/56
f 67/219/57 68/220/57 73/221/57 72/222/57
f 68/223/58 69/224/58 74/225/58 73/226/58
f 69/227/59 70/228/59 75/229/59 74/230/59
f 70/231/60 71/232/60 76/233/60 75/234/60
f 72/235/61 77/236/61 43/237/61
f 72/238/62 73/239/62 78/240/62 77/241/62
f 73/242/63 74/243/63 79/244/63 78/245/63
f 74/246/64 75/247/64 80/248/64 79/249/64
f 75/250/65 76/251/65 81/252/65 80/253/65
f 77/254/66 82/255/66 43/256/66
f 77/257/67 78/258/67 83/259/67 82/260/67
f 78/261/68 79/262/68 84/263/68 83/264/68
f 79/265/69 80/266/69 85/267/69 84/268/69
f 80/269/70 81/270/70 86/271/70 85/272/70
f 82/273/71 87/274/71 43/275/71
f 82/276/72 83/277/72 88/278/72 87/279/72
f 83/280/73 84/281/73 89/282/73 88/283/73
f 84/284/74 85/285/74 90/286/74 89/287/74
f 85/288/75 86/289/75 91/290/75 90/291/75
f 87/292/76 92/293/76 43/294/76
f 87/295/77 88/296/77 93/297/77 92/298/77
f 88/299/78 89/300/78 94/301/78 93/302/78
f 89/303/79 90/304/79 95/305/79 94/306/79
f 90/307/80 91/308/80 96/309/80 95/310/80
f 92/311/81 97/312/81 43/313/81
f 92/314/82 93/315/82 98/316/82 97/317/82
f 93/318/83 94/319/83 99/320/83 98/321/83
f 94/322/84 95/323/84 100/324/84 99/325/84
f 95/326/85 96/327/85 101/328/85 100/329/85
f 97/330/86 102/331/86 43/332/86
f 97/333/87 98/334/87 103/335/87 102/336/87
f 98/337/88 99/338/88 104/339/88 103/340/88
f 99/341/89 100/342/89 105/343/89 104/344/89
f 100/345/90 101/346/90 106/347/90 105/348/90
f 102/349/91 107/350/91 43/351/91
f 102/352/92 103/353/92 108/354/92 107/355/92
f 103/356/93 104/357/93 109/358/93 108/359/93
f 104/360/94 105/361/94 110/362/94 109/363/94
f 105/364/95 106/365/95 111/366/95 110/367/95
f 107/368/96 112/369/96 43/370/96
f 107/371/97 108/372/97 113/373/97 112/374/97
f 108/375/98 109/376/98 114/377/98 113/378/98
f 109/379/99 110/380/99 115/381/99 114/382/99
f 110/383/100 111/384/100 116/385/100 115/386/100
f 112/387/101 117/388/101 43/389/101
f 112/390/102 113/391/102 118/392/102 117/393/102
f 113/394/103 114/395/103 119/396/103 118/397/103
f 114/398/104 115/399/104 120/400/104 119/401/104
f 115/402/105 116/403/105 121/404/105 120/405/105
f 117/406/106 122/407/106 43/408/106
f 117/409/107 118/410/107 123/411/107 122/412/107
f 118/413/108 119/414/108 124/415/108 123/416/108
f 119/417/109 120/418/109 125/419/109 124/420/109
f 120/421/110 121/422/110 126/423/110 125/424/110
f 122/425/111 127/426/111 43/427/111
f 122/428/112 123/429/112 128/430/112 127/431/112
f 123/432/113 124/433/113 129/434/113 128/435/113
f 124/436/114 125/437/114 130/438/114 129/439/114
f 125/440/115 126/441/115 131/442/115 130/443/115
f 127/444/116 132/445/116 43/446/116
f 127/447/117 128/448/117 133/449/117 132/450/117
f 128/451/118 129/452/118 134/453/118 133/454/118
f 129/455/119 130/456/119 135/457/119 134/458/119
f 130/459/120 131/460/120 136/461/120 135/462/120
f 132/463/121 137/464/121 43/465/121
f 132/466/122 133/467/122 138/468/122 137/469/122
f 133/470/123 134/471/123 139/472/123 138/473/123
f 134/474/124 135/475/124 140/476/124 139/477/124
f 135/478/125 136/479/125 141/480/125 140/481/125
f 137/482/126 41/483/126 43/484/126
f 137/485/127 138/486/127 44/487/127 41/488/127
f 138/489/128 139/490/128 46/491/128 44/492/128
f 139/493/129 140/494/129 48/495/129 46/496/129
f 140/497/130 141/498/130 50/499/130 48/500/130
f 106/501/131 101/502/131 96/503/131 111/504/131
f 121/505/132 116/506/132 111/507/132 126/508/132
f 136/509/133 131/510/133 126/511/133 141/512/133
f 51/513/134 50/514/134 141/515/134 56/516/134
f 81/517/135 76/518/135 71/519/135 86/520/135
f 96/521/136 91/522/136 86/523/136 111/524/136
f 141/525/137 126/526/137 111/527/137 56/528/137
f 66/529/138 61/530/138 56/531/138 71/532/138
f 86/533/139 71/534/139 56/535/139 111/536/139
o cube
v -0.031249999999999917 0.53125 -0.375
v -0.031249999999999972 0.53125 -0.125
v -0.031249999999999972 0.59375 -0.125
v -0.031249999999999917 0.59375 -0.375
v 0.03125000000000008 0.53125 -0.375
v 0.03125000000000008 0.59375 -0.375
v 0.03125000000000003 0.53125 -0.125
v 0.03125000000000003 0.59375 -0.125
vt 0.0625 0.98828125
vt 0.09375 0.98828125
vt 0.09375 0.99609375
vt 0.0625 0.99609375
vt 0 0.98828125
vt 0.0078125 0.98828125
vt 0.0078125 0.99609375
vt 0 0.99609375
vt 0 0.98828125
vt 0.03125 0.98828125
vt 0.03125 0.99609375
vt 0 0.99609375
vt 0.0078125 0.98828125
vt 0.015625 0.98828125
vt 0.015625 0.99609375
vt 0.0078125 0.99609375
vt 0 0.984375
vt 0.03125 0.984375
vt 0.03125 0.9921875
vt 0 0.9921875
vt 0 0.9921875
vt 0.03125 0.9921875
vt 0.03125 1
vt 0 1
vn -1 0 -2.220446049250313e-16
vn 0 0 -1
vn 1 0 2.220446049250313e-16
vn 0 0 1
vn 0 1 0
vn 0 -1 0
usemtl m_31e1a0cb-702c-e28f-3575-519f33112ae7
f 142/537/140 143/538/140 144/539/140 145/540/140
f 146/541/141 142/542/141 145/543/141 147/544/141
f 148/545/142 146/546/142 147/547/142 149/548/142
f 143/549/143 148/550/143 149/551/143 144/552/143
f 149/553/144 147/554/144 145/555/144 144/556/144
f 143/557/145 142/558/145 146/559/145 148/560/145
o sphere
v 0.07725424859373699 0.6558154194093473 -0.5434858709262116
v 0.06969206447938155 0.6558154194093473 -0.5667598804800515
v 1.1796119636642288e-16 0.671875 -0.53125
v 0.1469463130731184 0.6092087012792796 -0.55452400955384
v 0.13256218411435558 0.6092087012792796 -0.5987938064468301
v 0.202254248593737 0.5366170359084678 -0.5632839259667787
v 0.18245619355316997 0.5366170359084678 -0.6242160740332213
v 0.2377641290737885 0.4451462012792796 -0.5689081385126028
v 0.2144901195199486 0.4451462012792796 -0.6405381745605154
v 0.2500000000000001 0.34375 -0.570846110081134
v 0.2255282581475769 0.34375 -0.6461623871063397
v 0.05530793552061871 0.6558154194093473 -0.5865579355206185
v 0.10520194495943311 0.6092087012792796 -0.6364519449594329
v 0.14479805504056723 0.5366170359084678 -0.676048055040567
v 0.17022032262695835 0.4451462012792796 -0.7014703226269582
v 0.17898023903989707 0.34375 -0.7102302390398969
v 0.03550988048005168 0.6558154194093473 -0.6009420644793814
v 0.06754380644683032 0.6092087012792796 -0.6638121841143554
v 0.09296607403322153 0.5366170359084678 -0.7137061935531698
v 0.10928817456051565 0.4451462012792796 -0.7457401195199485
v 0.1149123871063398 0.34375 -0.7567782581475768
v 0.012235870926211725 0.6558154194093473 -0.6085042485937369
v 0.02327400955384008 0.6092087012792796 -0.6781963130731183
v 0.03203392596677881 0.5366170359084678 -0.7335042485937369
v 0.037658138512602975 0.4451462012792796 -0.7690141290737884
v 0.03959611008113426 0.34375 -0.78125
v -0.012235870926211454 0.6558154194093473 -0.6085042485937369
v -0.02327400955383981 0.6092087012792796 -0.6781963130731182
v -0.032033925966778516 0.5366170359084678 -0.7335042485937369
v -0.03765813851260263 0.4451462012792796 -0.7690141290737884
v -0.039596110081133944 0.34375 -0.78125
v -0.035509880480051416 0.6558154194093473 -0.6009420644793815
v -0.06754380644683002 0.6092087012792796 -0.6638121841143554
v -0.09296607403322117 0.5366170359084678 -0.7137061935531699
v -0.10928817456051526 0.4451462012792796 -0.7457401195199485
v -0.11491238710633944 0.34375 -0.7567782581475768
v -0.05530793552061839 0.6558154194093473 -0.5865579355206185
v -0.10520194495943283 0.6092087012792796 -0.636451944959433
v -0.1447980550405669 0.5366170359084678 -0.6760480550405671
v -0.17022032262695802 0.4451462012792796 -0.7014703226269582
v -0.17898023903989674 0.34375 -0.7102302390398969
v -0.0696920644793813 0.6558154194093473 -0.5667598804800515
v -0.13256218411435525 0.6092087012792796 -0.5987938064468302
v -0.18245619355316964 0.5366170359084678 -0.6242160740332213
v -0.21449011951994826 0.4451462012792796 -0.6405381745605155
v -0.22552825814757657 0.34375 -0.6461623871063397
v -0.07725424859373674 0.6558154194093473 -0.5434858709262116
v -0.14694631307311812 0.6092087012792796 -0.55452400955384
v -0.20225424859373672 0.5366170359084678 -0.5632839259667787
v -0.23776412907378816 0.4451462012792796 -0.5689081385126028
v -0.24999999999999986 0.34375 -0.5708461100811342
v -0.07725424859373675 0.6558154194093473 -0.5190141290737884
v -0.14694631307311817 0.6092087012792796 -0.50797599044616
v -0.20225424859373675 0.5366170359084678 -0.4992160740332215
v -0.23776412907378824 0.4451462012792796 -0.49359186148739737
v -0.2499999999999999 0.34375 -0.491653889918866
v -0.06969206447938131 0.6558154194093473 -0.49574011951994845
v -0.13256218411435539 0.6092087012792796 -0.46370619355316994
v -0.18245619355316978 0.5366170359084678 -0.43828392596677884
v -0.21449011951994837 0.4451462012792796 -0.42196182543948474
v -0.22552825814757674 0.34375 -0.4163376128936605
v -0.055307935520618474 0.6558154194093473 -0.4759420644793815
v -0.10520194495943287 0.6092087012792796 -0.426048055040567
v -0.144798055040567 0.5366170359084678 -0.3864519449594331
v -0.1702203226269581 0.4451462012792796 -0.36102967737304187
v -0.17898023903989688 0.34375 -0.35226976096010315
v -0.035509880480051444 0.6558154194093473 -0.4615579355206185
v -0.06754380644683014 0.6092087012792796 -0.3986878158856446
v -0.0929660740332213 0.5366170359084678 -0.3487938064468302
v -0.10928817456051547 0.4451462012792796 -0.31675988048005155
v -0.1149123871063396 0.34375 -0.3057217418524233
v -0.012235870926211489 0.6558154194093473 -0.45399575140626314
v -0.02327400955383987 0.6092087012792796 -0.38430368692688177
v -0.0320339259667786 0.5366170359084678 -0.32899575140626314
v -0.03765813851260274 0.4451462012792796 -0.2934858709262117
v -0.039596110081134055 0.34375 -0.28125
v 0.01223587092621169 0.6558154194093473 -0.45399575140626314
v 0.02327400955383999 0.6092087012792796 -0.38430368692688166
v 0.0320339259667787 0.5366170359084678 -0.32899575140626314
v 0.03765813851260281 0.4451462012792796 -0.2934858709262116
v 0.03959611008113407 0.34375 -0.28125
v 0.035509880480051624 0.6558154194093473 -0.4615579355206185
v 0.06754380644683025 0.6092087012792796 -0.3986878158856446
v 0.09296607403322141 0.5366170359084678 -0.3487938064468301
v 0.1092881745605155 0.4451462012792796 -0.31675988048005155
v 0.11491238710633968 0.34375 -0.3057217418524232
v 0.055307935520618655 0.6558154194093473 -0.4759420644793815
v 0.10520194495943301 0.6092087012792796 -0.426048055040567
v 0.14479805504056706 0.5366170359084678 -0.38645194495943286
v 0.17022032262695821 0.4451462012792796 -0.36102967737304176
v 0.178980239039897 0.34375 -0.35226976096010304
v 0.06969206447938153 0.6558154194093473 -0.49574011951994845
v 0.1325621841143555 0.6092087012792796 -0.4637061935531697
v 0.1824561935531699 0.5366170359084678 -0.4382839259667785
v 0.21449011951994848 0.4451462012792796 -0.4219618254394844
v 0.2255282581475768 0.34375 -0.4163376128936603
v 0.07725424859373695 0.6558154194093473 -0.5190141290737884
v 0.14694631307311834 0.6092087012792796 -0.50797599044616
v 0.20225424859373697 0.5366170359084678 -0.49921607403322127
v 0.2377641290737884 0.4451462012792796 -0.49359186148739703
v 0.2500000000000001 0.34375 -0.49165388991886577
vt 0 0.9951109374999999
vt 0.0015296874999999998 0.9951109374999999
vt 0.00076484375 0.9999999999999999
vt 0.00068984375 0.9999999999999999
vt 0 0.9951109374999999
vt 0.0029093750000000005 0.9951109374999999
vt 0.00221953125 0.9999999999999999
vt 0.0005476562500000795 0.9999999999999999
vt 7.979727989493313e-17 0.9951109374999999
vt 0.004004687500000079 0.9951109374999999
vt 0.00345703125000008 0.9999999999999999
vt 0.0003515625000000003 0.9999999999999999
vt 0 0.9951109374999999
vt 0.0047078125 0.9951109374999999
vt 0.00435625 0.9999999999999999
vt 0.00012109375000000011 0.9999999999999999
vt 0 0.9951109374999999
vt 0.0049499999999999995 0.9951109374999999
vt 0.004828906250000001 0.9999999999999999
vt 0 0.9951109374999999
vt 0.0015296874999999998 0.9951109374999999
vt 0.00076484375 0.9999999999999999
vt 0.00068984375 0.9999999999999999
vt 0 0.9951109374999999
vt 0.0029093750000000005 0.9951109374999999
vt 0.00221953125 0.9999999999999999
vt 0.0005476562500000795 0.9999999999999999
vt 7.979727989493313e-17 0.9951109374999999
vt 0.004004687500000079 0.9951109374999999
vt 0.00345703125000008 0.9999999999999999
vt 0.0003515625000000003 0.9999999999999999
vt 0 0.9951109374999999
vt 0.0047078125 0.9951109374999999
vt 0.00435625 0.9999999999999999
vt 0.00012109375000000011 0.9999999999999999
vt 0 0.9951109374999999
vt 0.0049499999999999995 0.9951109374999999
vt 0.004828906250000001 0.9999999999999999
vt 0 0.9951109374999999
vt 0.0015296874999999998 0.9951109374999999
vt 0.00076484375 0.9999999999999999
vt 0.00068984375 0.9999999999999999
vt 0 0.9951109374999999
vt 0.0029093750000000005 0.9951109374999999
vt 0.00221953125 0.9999999999999999
vt 0.0005476562500000795 0.9999999999999999
vt 7.979727989493313e-17 0.9951109374999999
vt 0.004004687500000079 0.9951109374999999
vt 0.00345703125000008 0.9999999999999999
vt 0.0003515625000000003 0.9999999999999999
vt 0 0.9951109374999999
vt 0.0047078125 0.9951109374999999
vt 0.00435625 0.9999999999999999
vt 0.00012109375000000011 0.9999999999999999
vt 0 0.9951109374999999
vt 0.0049499999999999995 0.9951109374999999
vt 0.004828906250000001 0.9999999999999999
vt 0 0.9951109374999999
vt 0.0015296874999999998 0.9951109374999999
vt 0.00076484375 0.9999999999999999
vt 0.00068984375 0.9999999999999999
vt 0 0.9951109374999999
vt 0.0029093750000000005 0.9951109374999999
vt 0.00221953125 0.9999999999999999
vt 0.0005476562500000795 0.9999999999999999
vt 7.979727989493313e-17 0.9951109374999999
vt 0.004004687500000079 0.9951109374999999
vt 0.00345703125000008 0.9999999999999999
vt 0.0003515625000000003 0.9999999999999999
vt 0 0.9951109374999999
vt 0.0047078125 0.9951109374999999
vt 0.00435625 0.9999999999999999
vt 0.00012109375000000011 0.9999999999999999
vt 0 0.9951109374999999
vt 0.0049499999999999995 0.9951109374999999
vt 0.004828906250000001 0.9999999999999999
vt 0 0.9951109374999999
vt 0.0015296874999999998 0.9951109374999999
vt 0.00076484375 0.9999999999999999
vt 0.00068984375 0.9999999999999999
vt 0 0.9951109374999999
vt 0.0029093750000000005 0.9951109374999999
vt 0.00221953125 0.9999999999999999
vt 0.0005476562500000795 0.9999999999999999
vt 7.979727989493313e-17 0.9951109374999999
vt 0.004004687500000079 0.9951109374999999
vt 0.00345703125000008 0.9999999999999999
vt 0.0003515625000000003 0.9999999999999999
vt 0 0.9951109374999999
vt 0.0047078125 0.9951109374999999
vt 0.00435625 0.9999999999999999
vt 0.00012109375000000011 0.9999999999999999
vt 0 0.9951109374999999
vt 0.0049499999999999995 0.9951109374999999
vt 0.004828906250000001 0.9999999999999999
vt 0 0.9951109374999999
vt 0.0015296874999999998 0.9951109374999999
vt 0.00076484375 0.9999999999999999
vt 0.00068984375 0.9999999999999999
vt 0 0.9951109374999999
vt 0.0029093750000000005 0.9951109374999999
vt 0.00221953125 0.9999999999999999
vt 0.0005476562500000795 0.9999999999999999
vt 7.979727989493313e-17 0.9951109374999999
vt 0.004004687500000079 0.9951109374999999
vt 0.00345703125000008 0.9999999999999999
vt 0.0003515625000000003 0.9999999999999999
vt 0 0.9951109374999999
vt 0.0047078125 0.9951109374999999
vt 0.00435625 0.9999999999999999
vt 0.00012109375000000011 0.9999999999999999
vt 0 0.9951109374999999
vt 0.0049499999999999995 0.9951109374999999
vt 0.004828906250000001 0.9999999999999999
vt 0 0.9951109374999999
vt 0.0015296874999999998 0.9951109374999999
vt 0.00076484375 0.9999999999999999
vt 0.00068984375 0.9999999999999999
vt 0 0.9951109374999999
vt 0.0029093750000000005 0.9951109374999999
vt 0.00221953125 0.9999999999999999
vt 0.0005476562500000795 0.9999999999999999
vt 7.979727989493313e-17 0.9951109374999999
vt 0.004004687500000079 0.9951109374999999
vt 0.00345703125000008 0.9999999999999999
vt 0.0003515625000000003 0.9999999999999999
vt 0 0.9951109374999999
vt 0.0047078125 0.9951109374999999
vt 0.00435625 0.9999999999999999
vt 0.00012109375000000011 0.9999999999999999
vt 0 0.9951109374999999
vt 0.0049499999999999995 0.9951109374999999
vt 0.004828906250000001 0.9999999999999999
vt 0 0.9951109374999999
vt 0.0015296874999999998 0.9951109374999999
vt 0.00076484375 0.9999999999999999
vt 0.00068984375 0.9999999999999999
vt 0 0.9951109374999999
vt 0.0029093750000000005 0.9951109374999999
vt 0.00221953125 0.9999999999999999
vt 0.0005476562500000795 0.9999999999999999
vt 7.979727989493313e-17 0.9951109374999999
vt 0.004004687500000079 0.9951109374999999
vt 0.00345703125000008 0.9999999999999999
vt 0.0003515625000000003 0.9999999999999999
vt 0 0.9951109374999999
vt 0.0047078125 0.9951109374999999
vt 0.00435625 0.9999999999999999
vt 0.00012109375000000011 0.9999999999999999
vt 0 0.9951109374999999
vt 0.0049499999999999995 0.9951109374999999
vt 0.004828906250000001 0.9999999999999999
vt 0 0.9951109374999999
vt 0.0015296874999999998 0.9951109374999999
vt 0.00076484375 0.9999999999999999
vt 0.00068984375 0.9999999999999999
vt 0 0.9951109374999999
vt 0.0029093750000000005 0.9951109374999999
vt 0.00221953125 0.9999999999999999
vt 0.0005476562500000795 0.9999999999999999
vt 7.979727989493313e-17 0.9951109374999999
vt 0.004004687500000079 0.9951109374999999
vt 0.00345703125000008 0.9999999999999999
vt 0.0003515625000000003 0.9999999999999999
vt 0 0.9951109374999999
vt 0.0047078125 0.9951109374999999
vt 0.00435625 0.9999999999999999
vt 0.00012109375000000011 0.9999999999999999
vt 0 0.9951109374999999
vt 0.0049499999999999995 0.9951109374999999
vt 0.004828906250000001 0.9999999999999999
vt 0 0.9951109374999999
vt 0.0015296874999999998 0.9951109374999999
vt 0.00076484375 0.9999999999999999
vt 0.00068984375 0.9999999999999999
vt 0 0.9951109374999999
vt 0.0029093750000000005 0.9951109374999999
vt 0.00221953125 0.9999999999999999
vt 0.0005476562500000795 0.9999999999999999
vt 7.979727989493313e-17 0.9951109374999999
vt 0.004004687500000079 0.9951109374999999
vt 0.00345703125000008 0.9999999999999999
vt 0.0003515625000000003 0.9999999999999999
vt 0 0.9951109374999999
vt 0.0047078125 0.9951109374999999
vt 0.00435625 0.9999999999999999
vt 0.00012109375000000011 0.9999999999999999
vt 0 0.9951109374999999
vt 0.0049499999999999995 0.9951109374999999
vt 0.004828906250000001 0.9999999999999999
vt 0 0.9951109374999999
vt 0.0015296874999999998 0.9951109374999999
vt 0.00076484375 0.9999999999999999
vt 0.00068984375 0.9999999999999999
vt 0 0.9951109374999999
vt 0.0029093750000000005 0.9951109374999999
vt 0.00221953125 0.9999999999999999
vt 0.0005476562500000795 0.9999999999999999
vt 7.979727989493313e-17 0.9951109374999999
vt 0.004004687500000079 0.9951109374999999
vt 0.00345703125000008 0.9999999999999999
vt 0.0003515625000000003 0.9999999999999999
vt 0 0.9951109374999999
vt 0.0047078125 0.9951109374999999
vt 0.00435625 0.9999999999999999
vt 0.00012109375000000011 0.9999999999999999
vt 0 0.9951109374999999
vt 0.0049499999999999995 0.9951109374999999
vt 0.004828906250000001 0.9999999999999999
vt 0 0.9951109374999999
vt 0.0015296874999999998 0.9951109374999999
vt 0.00076484375 0.9999999999999999
vt 0.00068984375 0.9999999999999999
vt 0 0.9951109374999999
vt 0.0029093750000000005 0.9951109374999999
vt 0.00221953125 0.9999999999999999
vt 0.0005476562500000795 0.9999999999999999
vt 7.979727989493313e-17 0.9951109374999999
vt 0.004004687500000079 0.9951109374999999
vt 0.00345703125000008 0.9999999999999999
vt 0.0003515625000000003 0.9999999999999999
vt 0 0.9951109374999999
vt 0.0047078125 0.9951109374999999
vt 0.00435625 0.9999999999999999
vt 0.00012109375000000011 0.9999999999999999
vt 0 0.9951109374999999
vt 0.0049499999999999995 0.9951109374999999
vt 0.004828906250000001 0.9999999999999999
vt 0 0.9951109374999999
vt 0.0015296874999999998 0.9951109374999999
vt 0.00076484375 0.9999999999999999
vt 0.00068984375 0.9999999999999999
vt 0 0.9951109374999999
vt 0.0029093750000000005 0.9951109374999999
vt 0.00221953125 0.9999999999999999
vt 0.0005476562500000795 0.9999999999999999
vt 7.979727989493313e-17 0.9951109374999999
vt 0.004004687500000079 0.9951109374999999
vt 0.00345703125000008 0.9999999999999999
vt 0.0003515625000000003 0.9999999999999999
vt 0 0.9951109374999999
vt 0.0047078125 0.9951109374999999
vt 0.00435625 0.9999999999999999
vt 0.00012109375000000011 0.9999999999999999
vt 0 0.9951109374999999
vt 0.0049499999999999995 0.9951109374999999
vt 0.004828906250000001 0.9999999999999999
vt 0 0.9951109374999999
vt 0.0015296874999999998 0.9951109374999999
vt 0.00076484375 0.9999999999999999
vt 0.00068984375 0.9999999999999999
vt 0 0.9951109374999999
vt 0.0029093750000000005 0.9951109374999999
vt 0.00221953125 0.9999999999999999
vt 0.0005476562500000795 0.9999999999999999
vt 7.979727989493313e-17 0.9951109374999999
vt 0.004004687500000079 0.9951109374999999
vt 0.00345703125000008 0.9999999999999999
vt 0.0003515625000000003 0.9999999999999999
vt 0 0.9951109374999999
vt 0.0047078125 0.9951109374999999
vt 0.00435625 0.9999999999999999
vt 0.00012109375000000011 0.9999999999999999
vt 0 0.9951109374999999
vt 0.0049499999999999995 0.9951109374999999
vt 0.004828906250000001 0.9999999999999999
vt 0 0.9951109374999999
vt 0.0015296874999999998 0.9951109374999999
vt 0.00076484375 0.9999999999999999
vt 0.00068984375 0.9999999999999999
vt 0 0.9951109374999999
vt 0.0029093750000000005 0.9951109374999999
vt 0.00221953125 0.9999999999999999
vt 0.0005476562500000795 0.9999999999999999
vt 7.979727989493313e-17 0.9951109374999999
vt 0.004004687500000079 0.9951109374999999
vt 0.00345703125000008 0.9999999999999999
vt 0.0003515625000000003 0.9999999999999999
vt 0 0.9951109374999999
vt 0.0047078125 0.9951109374999999
vt 0.00435625 0.9999999999999999
vt 0.00012109375000000011 0.9999999999999999
vt 0 0.9951109374999999
vt 0.0049499999999999995 0.9951109374999999
vt 0.004828906250000001 0.9999999999999999
vt 0 0.9951109374999999
vt 0.0015296874999999998 0.9951109374999999
vt 0.00076484375 0.9999999999999999
vt 0.00068984375 0.9999999999999999
vt 0 0.9951109374999999
vt 0.0029093750000000005 0.9951109374999999
vt 0.00221953125 0.9999999999999999
vt 0.0005476562500000795 0.9999999999999999
vt 7.979727989493313e-17 0.9951109374999999
vt 0.004004687500000079 0.9951109374999999
vt 0.00345703125000008 0.9999999999999999
vt 0.0003515625000000003 0.9999999999999999
vt 0 0.9951109374999999
vt 0.0047078125 0.9951109374999999
vt 0.00435625 0.9999999999999999
vt 0.00012109375000000011 0.9999999999999999
vt 0 0.9951109374999999
vt 0.0049499999999999995 0.9951109374999999
vt 0.004828906250000001 0.9999999999999999
vt 0 0.9951109374999999
vt 0.0015296874999999998 0.9951109374999999
vt 0.00076484375 0.9999999999999999
vt 0.00068984375 0.9999999999999999
vt 0 0.9951109374999999
vt 0.0029093750000000005 0.9951109374999999
vt 0.00221953125 0.9999999999999999
vt 0.0005476562500000795 0.9999999999999999
vt 7.979727989493313e-17 0.9951109374999999
vt 0.004004687500000079 0.9951109374999999
vt 0.00345703125000008 0.9999999999999999
vt 0.0003515625000000003 0.9999999999999999
vt 0 0.9951109374999999
vt 0.0047078125 0.9951109374999999
vt 0.00435625 0.9999999999999999
vt 0.00012109375000000011 0.9999999999999999
vt 0 0.9951109374999999
vt 0.0049499999999999995 0.9951109374999999
vt 0.004828906250000001 0.9999999999999999
vt 0 0.9951109374999999
vt 0.0015296874999999998 0.9951109374999999
vt 0.00076484375 0.9999999999999999
vt 0.00068984375 0.9999999999999999
vt 0 0.9951109374999999
vt 0.0029093750000000005 0.9951109374999999
vt 0.00221953125 0.9999999999999999
vt 0.0005476562500000795 0.9999999999999999
vt 7.979727989493313e-17 0.9951109374999999
vt 0.004004687500000079 0.9951109374999999
vt 0.00345703125000008 0.9999999999999999
vt 0.0003515625000000003 0.9999999999999999
vt 0 0.9951109374999999
vt 0.0047078125 0.9951109374999999
vt 0.00435625 0.9999999999999999
vt 0.00012109375000000011 0.9999999999999999
vt 0 0.9951109374999999
vt 0.0049499999999999995 0.9951109374999999
vt 0.004828906250000001 0.9999999999999999
vt 0 0.9951109374999999
vt 0.0015296874999999998 0.9951109374999999
vt 0.00076484375 0.9999999999999999
vt 0.00068984375 0.9999999999999999
vt 0 0.9951109374999999
vt 0.0029093750000000005 0.9951109374999999
vt 0.00221953125 0.9999999999999999
vt 0.0005476562500000795 0.9999999999999999
vt 7.979727989493313e-17 0.9951109374999999
vt 0.004004687500000079 0.9951109374999999
vt 0.00345703125000008 0.9999999999999999
vt 0.0003515625000000003 0.9999999999999999
vt 0 0.9951109374999999
vt 0.0047078125 0.9951109374999999
vt 0.00435625 0.9999999999999999
vt 0.00012109375000000011 0.9999999999999999
vt 0 0.9951109374999999
vt 0.0049499999999999995 0.9951109374999999
vt 0.004828906250000001 0.9999999999999999
vt 0 0.9951109374999999
vt 0.0015296874999999998 0.9951109374999999
vt 0.00076484375 0.9999999999999999
vt 0.00068984375 0.9999999999999999
vt 0 0.9951109374999999
vt 0.0029093750000000005 0.9951109374999999
vt 0.00221953125 0.9999999999999999
vt 0.0005476562500000795 0.9999999999999999
vt 7.979727989493313e-17 0.9951109374999999
vt 0.004004687500000079 0.9951109374999999
vt 0.00345703125000008 0.9999999999999999
vt 0.0003515625000000003 0.9999999999999999
vt 0 0.9951109374999999
vt 0.0047078125 0.9951109374999999
vt 0.00435625 0.9999999999999999
vt 0.00012109375000000011 0.9999999999999999
vt 0 0.9951109374999999
vt 0.0049499999999999995 0.9951109374999999
vt 0.004828906250000001 0.9999999999999999
vt 0 1
vt 0 1
vt 0 1
vt 0 1
vt 0 1
vt 0 1
vt 0 1
vt 0 1
vt 0 1
vt 0 1
vt 0 1
vt 0 1
vt 0 1
vt 0 1
vt 0 1
vt 0 1
vt 0 1
vt 0 1
vt 0 1
vt 0 1
vt 0 1
vt 0 1
vt 0 1
vt 0 1
vt 0 1
vt 0 1
vt 0 1
vt 0 1
vt 0 1
vt 0 1
vt 0 1
vt 0 1
vt 0 1
vt 0 1
vt 0 1
vt 0 1
vn 0.19356706518632372 0.9790690308818221 -0.0628937520210355
vn 0.5286921035931376 0.8312493247837481 -0.17178247770021846
vn 0.7565005206047698 0.6060432152628565 -0.24580191935493756
vn 0.8865923238849872 0.36189635589937186 -0.28807130855913654
vn 0.9442065111794343 0.11980470321494545 -0.3067912927935534
vn 0.16465798047107819 0.979069030881822 -0.11963102538771471
vn 0.44973236529084293 0.831249324783748 -0.3267496896042394
vn 0.6435177793711867 0.6060432152628564 -0.4675430342407379
vn 0.7541804769914782 0.36189635589937197 -0.5479441903256769
vn 0.803190031986045 0.11980470321494624 -0.5835517163078479
vn 0.11963102538771456 0.979069030881822 -0.16465798047107832
vn 0.32674968960423934 0.8312493247837481 -0.44973236529084276
vn 0.4675430342407381 0.6060432152628564 -0.6435177793711866
vn 0.5479441903256774 0.3618963558993723 -0.7541804769914778
vn 0.5835517163078484 0.11980470321494582 -0.8031900319860446
vn 0.06289375202103593 0.979069030881822 -0.19356706518632358
vn 0.17178247770021948 0.8312493247837482 -0.5286921035931369
vn 0.2458019193549378 0.6060432152628564 -0.7565005206047698
vn 0.288071308559137 0.3618963558993725 -0.8865923238849869
vn 0.3067912927935536 0.11980470321494623 -0.9442065111794342
vn 0 0.979069030881822 -0.20352845690008553
vn -1.333516158195701e-15 0.8312493247837481 -0.5558997751812486
vn 0 0.6060432152628559 -0.795431720032499
vn 0 0.36189635589937236 -0.9322183368646826
vn 0 0.11980470321494559 -0.9927974783849821
vn -0.06289375202103505 0.979069030881822 -0.1935670651863238
vn -0.17178247770021854 0.8312493247837479 -0.5286921035931377
vn -0.24580191935493675 0.6060432152628568 -0.7565005206047699
vn -0.2880713085591371 0.3618963558993723 -0.886592323884987
vn -0.3067912927935539 0.11980470321494568 -0.9442065111794342
vn -0.11963102538771538 0.979069030881822 -0.16465798047107774
vn -0.3267496896042386 0.8312493247837479 -0.44973236529084387
vn -0.46754303424073773 0.6060432152628569 -0.6435177793711865
vn -0.5479441903256772 0.36189635589937147 -0.7541804769914782
vn -0.5835517163078482 0.11980470321494636 -0.8031900319860448
vn -0.16465798047107796 0.979069030881822 -0.11963102538771514
vn -0.4497323652908427 0.8312493247837486 -0.3267496896042386
vn -0.6435177793711875 0.6060432152628562 -0.4675430342407374
vn -0.7541804769914778 0.36189635589937164 -0.5479441903256775
vn -0.8031900319860448 0.1198047032149458 -0.5835517163078479
vn -0.19356706518632372 0.9790690308818221 -0.0628937520210355
vn -0.5286921035931377 0.831249324783748 -0.17178247770021865
vn -0.7565005206047699 0.6060432152628563 -0.24580191935493817
vn -0.8865923238849871 0.3618963558993723 -0.28807130855913604
vn -0.9442065111794337 0.11980470321494566 -0.3067912927935551
vn -0.2035284569000855 0.979069030881822 -1.1541984852343536e-16
vn -0.5558997751812489 0.831249324783748 -6.667580790978505e-16
vn -0.7954317200324984 0.6060432152628565 -2.966922747625788e-16
vn -0.9322183368646829 0.3618963558993714 -1.0563040012811043e-15
vn -0.9927974783849819 0.11980470321494664 -3.4852993323836023e-16
vn -0.19356706518632372 0.9790690308818221 0.0628937520210355
vn -0.5286921035931375 0.8312493247837481 0.1717824777002182
vn -0.7565005206047706 0.6060432152628561 0.24580191935493698
vn -0.8865923238849874 0.3618963558993719 0.28807130855913626
vn -0.9442065111794342 0.11980470321494634 0.3067912927935535
vn -0.16465798047107819 0.979069030881822 0.11963102538771471
vn -0.4497323652908433 0.8312493247837481 0.32674968960423867
vn -0.6435177793711873 0.606043215262856 0.46754303424073757
vn -0.7541804769914786 0.3618963558993718 0.5479441903256765
vn -0.8031900319860451 0.11980470321494666 0.5835517163078473
vn -0.1196310253877151 0.9790690308818221 0.1646579804710778
vn -0.3267496896042386 0.8312493247837485 0.4497323652908428
vn -0.46754303424073884 0.6060432152628557 0.6435177793711868
vn -0.5479441903256784 0.36189635589937225 0.7541804769914772
vn -0.5835517163078479 0.11980470321494611 0.803190031986045
vn -0.06289375202103507 0.9790690308818222 0.19356706518632377
vn -0.17178247770021837 0.8312493247837478 0.5286921035931379
vn -0.24580191935493795 0.6060432152628563 0.7565005206047698
vn -0.28807130855913543 0.3618963558993726 0.8865923238849872
vn -0.30679129279355494 0.11980470321494516 0.9442065111794339
vn 0 0.979069030881822 0.20352845690008553
vn -1.333516158195703e-15 0.8312493247837481 0.555899775181249
vn 0 0.6060432152628569 0.7954317200324983
vn -1.4084053350414704e-15 0.3618963558993715 0.9322183368646829
vn 0 0.11980470321494666 0.9927974783849819
vn 0.06289375202103513 0.9790690308818222 0.1935670651863238
vn 0.17178247770021945 0.8312493247837485 0.528692103593137
vn 0.24580191935493684 0.6060432152628561 0.7565005206047706
vn 0.2880713085591369 0.36189635589937225 0.8865923238849869
vn 0.30679129279355344 0.11980470321494549 0.9442065111794342
vn 0.11963102538771515 0.9790690308818221 0.16465798047107788
vn 0.3267496896042389 0.8312493247837479 0.4497323652908436
vn 0.4675430342407377 0.6060432152628569 0.6435177793711864
vn 0.547944190325677 0.3618963558993715 0.7541804769914783
vn 0.5835517163078476 0.11980470321494636 0.803190031986045
vn 0.16465798047107805 0.9790690308818221 0.11963102538771497
vn 0.4497323652908424 0.8312493247837484 0.3267496896042395
vn 0.6435177793711863 0.6060432152628564 0.4675430342407386
vn 0.7541804769914776 0.3618963558993718 0.5479441903256778
vn 0.803190031986045 0.11980470321494624 0.5835517163078476
vn 0.1935670651863238 0.9790690308818221 0.0628937520210353
vn 0.5286921035931377 0.8312493247837481 0.1717824777002181
vn 0.7565005206047698 0.6060432152628564 0.2458019193549377
vn 0.8865923238849871 0.36189635589937175 0.2880713085591368
vn 0.9442065111794337 0.11980470321494567 0.3067912927935555
vn 0.20352845690008556 0.979069030881822 3.462595455703062e-16
vn 0.5558997751812488 0.831249324783748 6.667580790978504e-16
vn 0.7954317200324984 0.6060432152628568 2.966922747625778e-16
vn 0.9322183368646829 0.3618963558993714 1.0563040012810996e-15
vn 0.9927974783849819 0.11980470321494666 0
vn 0 -1 0
vn 0 -1 0
vn 0 -1 0
vn 0 -1 0
vn 0 -1 0
vn 0 -1 0
vn 0 -1 0
vn 0 -1 0
vn 0 -1 0
usemtl m_31e1a0cb-702c-e28f-3575-519f33112ae7
f 150/561/146 151/562/146 152/563/146
f 150/564/147 153/565/147 154/566/147 151/567/147
f 153/568/148 155/569/148 156/570/148 154/571/148
f 155/572/149 157/573/149 158/574/149 156/575/149
f 157/576/150 159/577/150 160/578/150 158/579/150
f 151/580/151 161/581/151 152/582/151
f 151/583/152 154/584/152 162/585/152 161/586/152
f 154/587/153 156/588/153 163/589/153 162/590/153
f 156/591/154 158/592/154 164/593/154 163/594/154
f 158/595/155 160/596/155 165/597/155 164/598/155
f 161/599/156 166/600/156 152/601/156
f 161/602/157 162/603/157 167/604/157 166/605/157
f 162/606/158 163/607/158 168/608/158 167/609/158
f 163/610/159 164/611/159 169/612/159 168/613/159
f 164/614/160 165/615/160 170/616/160 169/617/160
f 166/618/161 171/619/161 152/620/161
f 166/621/162 167/622/162 172/623/162 171/624/162
f 167/625/163 168/626/163 173/627/163 172/628/163
f 168/629/164 169/630/164 174/631/164 173/632/164
f 169/633/165 170/634/165 175/635/165 174/636/165
f 171/637/166 176/638/166 152/639/166
f 171/640/167 172/641/167 177/642/167 176/643/167
f 172/644/168 173/645/168 178/646/168 177/647/168
f 173/648/169 174/649/169 179/650/169 178/651/169
f 174/652/170 175/653/170 180/654/170 179/655/170
f 176/656/171 181/657/171 152/658/171
f 176/659/172 177/660/172 182/661/172 181/662/172
f 177/663/173 178/664/173 183/665/173 182/666/173
f 178/667/174 179/668/174 184/669/174 183/670/174
f 179/671/175 180/672/175 185/673/175 184/674/175
f 181/675/176 186/676/176 152/677/176
f 181/678/177 182/679/177 187/680/177 186/681/177
f 182/682/178 183/683/178 188/684/178 187/685/178
f 183/686/179 184/687/179 189/688/179 188/689/179
f 184/690/180 185/691/180 190/692/180 189/693/180
f 186/694/181 191/695/181 152/696/181
f 186/697/182 187/698/182 192/699/182 191/700/182
f 187/701/183 188/702/183 193/703/183 192/704/183
f 188/705/184 189/706/184 194/707/184 193/708/184
f 189/709/185 190/710/185 195/711/185 194/712/185
f 191/713/186 196/714/186 152/715/186
f 191/716/187 192/717/187 197/718/187 196/719/187
f 192/720/188 193/721/188 198/722/188 197/723/188
f 193/724/189 194/725/189 199/726/189 198/727/189
f 194/728/190 195/729/190 200/730/190 199/731/190
f 196/732/191 201/733/191 152/734/191
f 196/735/192 197/736/192 202/737/192 201/738/192
f 197/739/193 198/740/193 203/741/193 202/742/193
f 198/743/194 199/744/194 204/745/194 203/746/194
f 199/747/195 200/748/195 205/749/195 204/750/195
f 201/751/196 206/752/196 152/753/196
f 201/754/197 202/755/197 207/756/197 206/757/197
f 202/758/198 203/759/198 208/760/198 207/761/198
f 203/762/199 204/763/199 209/764/199 208/765/199
f 204/766/200 205/767/200 210/768/200 209/769/200
f 206/770/201 211/771/201 152/772/201
f 206/773/202 207/774/202 212/775/202 211/776/202
f 207/777/203 208/778/203 213/779/203 212/780/203
f 208/781/204 209/782/204 214/783/204 213/784/204
f 209/785/205 210/786/205 215/787/205 214/788/205
f 211/789/206 216/790/206 152/791/206
f 211/792/207 212/793/207 217/794/207 216/795/207
f 212/796/208 213/797/208 218/798/208 217/799/208
f 213/800/209 214/801/209 219/802/209 218/803/209
f 214/804/210 215/805/210 220/806/210 219/807/210
f 216/808/211 221/809/211 152/810/211
f 216/811/212 217/812/212 222/813/212 221/814/212
f 217/815/213 218/816/213 223/817/213 222/818/213
f 218/819/214 219/820/214 224/821/214 223/822/214
f 219/823/215 220/824/215 225/825/215 224/826/215
f 221/827/216 226/828/216 152/829/216
f 221/830/217 222/831/217 227/832/217 226/833/217
f 222/834/218 223/835/218 228/836/218 227/837/218
f 223/838/219 224/839/219 229/840/219 228/841/219
f 224/842/220 225/843/220 230/844/220 229/845/220
f 226/846/221 231/847/221 152/848/221
f 226/849/222 227/850/222 232/851/222 231/852/222
f 227/853/223 228/854/223 233/855/223 232/856/223
f 228/857/224 229/858/224 234/859/224 233/860/224
f 229/861/225 230/862/225 235/863/225 234/864/225
f 231/865/226 236/866/226 152/867/226
f 231/868/227 232/869/227 237/870/227 236/871/227
f 232/872/228 233/873/228 238/874/228 237/875/228
f 233/876/229 234/877/229 239/878/229 238/879/229
f 234/880/230 235/881/230 240/882/230 239/883/230
f 236/884/231 241/885/231 152/886/231
f 236/887/232 237/888/232 242/889/232 241/890/232
f 237/891/233 238/892/233 243/893/233 242/894/233
f 238/895/234 239/896/234 244/897/234 243/898/234
f 239/899/235 240/900/235 245/901/235 244/902/235
f 241/903/236 246/904/236 152/905/236
f 241/906/237 242/907/237 247/908/237 246/909/237
f 242/910/238 243/911/238 248/912/238 247/913/238
f 243/914/239 244/915/239 249/916/239 248/917/239
f 244/918/240 245/919/240 250/920/240 249/921/240
f 246/922/241 150/923/241 152/924/241
f 246/925/242 247/926/242 153/927/242 150/928/242
f 247/929/243 248/930/243 155/931/243 153/932/243
f 248/933/244 249/934/244 157/935/244 155/936/244
f 249/937/245 250/938/245 159/939/245 157/940/245
f 215/941/246 210/942/246 205/943/246 220/944/246
f 230/945/247 225/946/247 220/947/247 235/948/247
f 245/949/248 240/950/248 235/951/248 250/952/248
f 160/953/249 159/954/249 250/955/249 165/956/249
f 190/957/250 185/958/250 180/959/250 195/960/250
f 205/961/251 200/962/251 195/963/251 220/964/251
f 250/965/252 235/966/252 220/967/252 165/968/252
f 175/969/253 170/970/253 165/971/253 180/972/253
f 195/973/254 180/974/254 165/975/254 220/976/254
o sphere
v -0.07725424859373674 0.6558154194093473 0.5434858709262116
v -0.0696920644793813 0.6558154194093473 0.5667598804800515
v 1.1796119636642288e-16 0.671875 0.53125
v -0.14694631307311817 0.6092087012792796 0.55452400955384
v -0.1325621841143553 0.6092087012792796 0.5987938064468301
v -0.20225424859373672 0.5366170359084678 0.5632839259667787
v -0.1824561935531697 0.5366170359084678 0.6242160740332213
v -0.23776412907378822 0.4451462012792796 0.5689081385126028
v -0.2144901195199483 0.4451462012792796 0.6405381745605154
v -0.24999999999999986 0.34375 0.5708461100811342
v -0.22552825814757663 0.34375 0.6461623871063397
v -0.05530793552061845 0.6558154194093473 0.5865579355206185
v -0.10520194495943283 0.6092087012792796 0.6364519449594329
v -0.14479805504056695 0.5366170359084678 0.676048055040567
v -0.17022032262695802 0.4451462012792796 0.7014703226269582
v -0.17898023903989674 0.34375 0.7102302390398969
v -0.035509880480051416 0.6558154194093473 0.6009420644793814
v -0.06754380644683002 0.6092087012792796 0.6638121841143554
v -0.09296607403322123 0.5366170359084678 0.7137061935531698
v -0.10928817456051532 0.4451462012792796 0.7457401195199485
v -0.11491238710633947 0.34375 0.7567782581475768
v -0.012235870926211454 0.6558154194093473 0.6085042485937369
v -0.02327400955383978 0.6092087012792796 0.6781963130731183
v -0.03203392596677849 0.5366170359084678 0.7335042485937369
v -0.03765813851260263 0.4451462012792796 0.7690141290737884
v -0.039596110081133916 0.34375 0.78125
v 0.012235870926211725 0.6558154194093473 0.6085042485937369
v 0.023274009553840107 0.6092087012792796 0.6781963130731182
v 0.032033925966778835 0.5366170359084678 0.7335042485937369
v 0.037658138512602975 0.4451462012792796 0.7690141290737884
v 0.03959611008113429 0.34375 0.78125
v 0.03550988048005168 0.6558154194093473 0.6009420644793815
v 0.06754380644683032 0.6092087012792796 0.6638121841143554
v 0.09296607403322148 0.5366170359084678 0.7137061935531699
v 0.1092881745605156 0.4451462012792796 0.7457401195199485
v 0.11491238710633978 0.34375 0.7567782581475768
v 0.055307935520618655 0.6558154194093473 0.5865579355206185
v 0.10520194495943311 0.6092087012792796 0.636451944959433
v 0.14479805504056717 0.5366170359084678 0.6760480550405671
v 0.17022032262695835 0.4451462012792796 0.7014703226269582
v 0.17898023903989707 0.34375 0.7102302390398969
v 0.06969206447938155 0.6558154194093473 0.5667598804800515
v 0.13256218411435552 0.6092087012792796 0.5987938064468302
v 0.18245619355316992 0.5366170359084678 0.6242160740332213
v 0.21449011951994854 0.4451462012792796 0.6405381745605155
v 0.22552825814757685 0.34375 0.6461623871063397
v 0.07725424859373699 0.6558154194093473 0.5434858709262116
v 0.14694631307311834 0.6092087012792796 0.55452400955384
v 0.202254248593737 0.5366170359084678 0.5632839259667787
v 0.23776412907378844 0.4451462012792796 0.5689081385126028
v 0.2500000000000001 0.34375 0.570846110081134
v 0.07725424859373697 0.6558154194093473 0.5190141290737884
v 0.1469463130731184 0.6092087012792796 0.50797599044616
v 0.20225424859373697 0.5366170359084678 0.4992160740332214
v 0.23776412907378847 0.4451462012792796 0.49359186148739725
v 0.2500000000000001 0.34375 0.4916538899188659
v 0.06969206447938153 0.6558154194093473 0.49574011951994845
v 0.1325621841143556 0.6092087012792796 0.46370619355316983
v 0.18245619355317 0.5366170359084678 0.43828392596677873
v 0.21449011951994854 0.4451462012792796 0.42196182543948463
v 0.2255282581475769 0.34375 0.4163376128936604
v 0.05530793552061868 0.6558154194093473 0.4759420644793815
v 0.10520194495943307 0.6092087012792796 0.426048055040567
v 0.14479805504056717 0.5366170359084678 0.38645194495943297
v 0.17022032262695827 0.4451462012792796 0.36102967737304176
v 0.17898023903989704 0.34375 0.35226976096010304
v 0.03550988048005165 0.6558154194093473 0.4615579355206185
v 0.0675438064468303 0.6092087012792796 0.3986878158856446
v 0.09296607403322146 0.5366170359084678 0.3487938064468302
v 0.10928817456051561 0.4451462012792796 0.31675988048005155
v 0.11491238710633973 0.34375 0.3057217418524233
v 0.01223587092621169 0.6558154194093473 0.45399575140626314
v 0.023274009553840045 0.6092087012792796 0.38430368692688177
v 0.03203392596677875 0.5366170359084678 0.32899575140626314
v 0.037658138512602864 0.4451462012792796 0.2934858709262117
v 0.03959611008113418 0.34375 0.28125
v -0.012235870926211489 0.6558154194093473 0.45399575140626314
v -0.023274009553839816 0.6092087012792796 0.38430368692688166
v -0.032033925966778544 0.5366170359084678 0.32899575140626314
v -0.03765813851260268 0.4451462012792796 0.2934858709262116
v -0.039596110081133944 0.34375 0.28125
v -0.035509880480051416 0.6558154194093473 0.4615579355206185
v -0.06754380644683008 0.6092087012792796 0.3986878158856446
v -0.09296607403322124 0.5366170359084678 0.3487938064468301
v -0.10928817456051536 0.4451462012792796 0.31675988048005155
v -0.11491238710633954 0.34375 0.3057217418524232
v -0.05530793552061845 0.6558154194093473 0.4759420644793815
v -0.10520194495943282 0.6092087012792796 0.426048055040567
v -0.1447980550405669 0.5366170359084678 0.38645194495943297
v -0.17022032262695805 0.4451462012792796 0.36102967737304187
v -0.17898023903989682 0.34375 0.35226976096010315
v -0.06969206447938131 0.6558154194093473 0.49574011951994845
v -0.13256218411435527 0.6092087012792796 0.46370619355316983
v -0.18245619355316967 0.5366170359084678 0.4382839259667786
v -0.2144901195199483 0.4451462012792796 0.4219618254394845
v -0.22552825814757663 0.34375 0.4163376128936604
v -0.07725424859373672 0.6558154194093473 0.5190141290737884
v -0.14694631307311812 0.6092087012792796 0.50797599044616
v -0.20225424859373675 0.5366170359084678 0.4992160740332214
v -0.2377641290737882 0.4451462012792796 0.49359186148739714
v -0.2499999999999999 0.34375 0.4916538899188659
vt 0 0.9951109374999999
vt 0.0015296874999999998 0.9951109374999999
vt 0.00076484375 0.9999999999999999
vt 0.00068984375 0.9999999999999999
vt 0 0.9951109374999999
vt 0.0029093750000000005 0.9951109374999999
vt 0.00221953125 0.9999999999999999
vt 0.0005476562500000795 0.9999999999999999
vt 7.979727989493313e-17 0.9951109374999999
vt 0.004004687500000079 0.9951109374999999
vt 0.00345703125000008 0.9999999999999999
vt 0.0003515625000000003 0.9999999999999999
vt 0 0.9951109374999999
vt 0.0047078125 0.9951109374999999
vt 0.00435625 0.9999999999999999
vt 0.00012109375000000011 0.9999999999999999
vt 0 0.9951109374999999
vt 0.0049499999999999995 0.9951109374999999
vt 0.004828906250000001 0.9999999999999999
vt 0 0.9951109374999999
vt 0.0015296874999999998 0.9951109374999999
vt 0.00076484375 0.9999999999999999
vt 0.00068984375 0.9999999999999999
vt 0 0.9951109374999999
vt 0.0029093750000000005 0.9951109374999999
vt 0.00221953125 0.9999999999999999
vt 0.0005476562500000795 0.9999999999999999
vt 7.979727989493313e-17 0.9951109374999999
vt 0.004004687500000079 0.9951109374999999
vt 0.00345703125000008 0.9999999999999999
vt 0.0003515625000000003 0.9999999999999999
vt 0 0.9951109374999999
vt 0.0047078125 0.9951109374999999
vt 0.00435625 0.9999999999999999
vt 0.00012109375000000011 0.9999999999999999
vt 0 0.9951109374999999
vt 0.0049499999999999995 0.9951109374999999
vt 0.004828906250000001 0.9999999999999999
vt 0 0.9951109374999999
vt 0.0015296874999999998 0.9951109374999999
vt 0.00076484375 0.9999999999999999
vt 0.00068984375 0.9999999999999999
vt 0 0.9951109374999999
vt 0.0029093750000000005 0.9951109374999999
vt 0.00221953125 0.9999999999999999
vt 0.0005476562500000795 0.9999999999999999
vt 7.979727989493313e-17 0.9951109374999999
vt 0.004004687500000079 0.9951109374999999
vt 0.00345703125000008 0.9999999999999999
vt 0.0003515625000000003 0.9999999999999999
vt 0 0.9951109374999999
vt 0.0047078125 0.9951109374999999
vt 0.00435625 0.9999999999999999
vt 0.00012109375000000011 0.9999999999999999
vt 0 0.9951109374999999
vt 0.0049499999999999995 0.9951109374999999
vt 0.004828906250000001 0.9999999999999999
vt 0 0.9951109374999999
vt 0.0015296874999999998 0.9951109374999999
vt 0.00076484375 0.9999999999999999
vt 0.00068984375 0.9999999999999999
vt 0 0.9951109374999999
vt 0.0029093750000000005 0.9951109374999999
vt 0.00221953125 0.9999999999999999
vt 0.0005476562500000795 0.9999999999999999
vt 7.979727989493313e-17 0.9951109374999999
vt 0.004004687500000079 0.9951109374999999
vt 0.00345703125000008 0.9999999999999999
vt 0.0003515625000000003 0.9999999999999999
vt 0 0.9951109374999999
vt 0.0047078125 0.9951109374999999
vt 0.00435625 0.9999999999999999
vt 0.00012109375000000011 0.9999999999999999
vt 0 0.9951109374999999
vt 0.0049499999999999995 0.9951109374999999
vt 0.004828906250000001 0.9999999999999999
vt 0 0.9951109374999999
vt 0.0015296874999999998 0.9951109374999999
vt 0.00076484375 0.9999999999999999
vt 0.00068984375 0.9999999999999999
vt 0 0.9951109374999999
vt 0.0029093750000000005 0.9951109374999999
vt 0.00221953125 0.9999999999999999
vt 0.0005476562500000795 0.9999999999999999
vt 7.979727989493313e-17 0.9951109374999999
vt 0.004004687500000079 0.9951109374999999
vt 0.00345703125000008 0.9999999999999999
vt 0.0003515625000000003 0.9999999999999999
vt 0 0.9951109374999999
vt 0.0047078125 0.9951109374999999
vt 0.00435625 0.9999999999999999
vt 0.00012109375000000011 0.9999999999999999
vt 0 0.9951109374999999
vt 0.0049499999999999995 0.9951109374999999
vt 0.004828906250000001 0.9999999999999999
vt 0 0.9951109374999999
vt 0.0015296874999999998 0.9951109374999999
vt 0.00076484375 0.9999999999999999
vt 0.00068984375 0.9999999999999999
vt 0 0.9951109374999999
vt 0.0029093750000000005 0.9951109374999999
vt 0.00221953125 0.9999999999999999
vt 0.0005476562500000795 0.9999999999999999
vt 7.979727989493313e-17 0.9951109374999999
vt 0.004004687500000079 0.9951109374999999
vt 0.00345703125000008 0.9999999999999999
vt 0.0003515625000000003 0.9999999999999999
vt 0 0.9951109374999999
vt 0.0047078125 0.9951109374999999
vt 0.00435625 0.9999999999999999
vt 0.00012109375000000011 0.9999999999999999
vt 0 0.9951109374999999
vt 0.0049499999999999995 0.9951109374999999
vt 0.004828906250000001 0.9999999999999999
vt 0 0.9951109374999999
vt 0.0015296874999999998 0.9951109374999999
vt 0.00076484375 0.9999999999999999
vt 0.00068984375 0.9999999999999999
vt 0 0.9951109374999999
vt 0.0029093750000000005 0.9951109374999999
vt 0.00221953125 0.9999999999999999
vt 0.0005476562500000795 0.9999999999999999
vt 7.979727989493313e-17 0.9951109374999999
vt 0.004004687500000079 0.9951109374999999
vt 0.00345703125000008 0.9999999999999999
vt 0.0003515625000000003 0.9999999999999999
vt 0 0.9951109374999999
vt 0.0047078125 0.9951109374999999
vt 0.00435625 0.9999999999999999
vt 0.00012109375000000011 0.9999999999999999
vt 0 0.9951109374999999
vt 0.0049499999999999995 0.9951109374999999
vt 0.004828906250000001 0.9999999999999999
vt 0 0.9951109374999999
vt 0.0015296874999999998 0.9951109374999999
vt 0.00076484375 0.9999999999999999
vt 0.00068984375 0.9999999999999999
vt 0 0.9951109374999999
vt 0.0029093750000000005 0.9951109374999999
vt 0.00221953125 0.9999999999999999
vt 0.0005476562500000795 0.9999999999999999
vt 7.979727989493313e-17 0.9951109374999999
vt 0.004004687500000079 0.9951109374999999
vt 0.00345703125000008 0.9999999999999999
vt 0.0003515625000000003 0.9999999999999999
vt 0 0.9951109374999999
vt 0.0047078125 0.9951109374999999
vt 0.00435625 0.9999999999999999
vt 0.00012109375000000011 0.9999999999999999
vt 0 0.9951109374999999
vt 0.0049499999999999995 0.9951109374999999
vt 0.004828906250000001 0.9999999999999999
vt 0 0.9951109374999999
vt 0.0015296874999999998 0.9951109374999999
vt 0.00076484375 0.9999999999999999
vt 0.00068984375 0.9999999999999999
vt 0 0.9951109374999999
vt 0.0029093750000000005 0.9951109374999999
vt 0.00221953125 0.9999999999999999
vt 0.0005476562500000795 0.9999999999999999
vt 7.979727989493313e-17 0.9951109374999999
vt 0.004004687500000079 0.9951109374999999
vt 0.00345703125000008 0.9999999999999999
vt 0.0003515625000000003 0.9999999999999999
vt 0 0.9951109374999999
vt 0.0047078125 0.9951109374999999
vt 0.00435625 0.9999999999999999
vt 0.00012109375000000011 0.9999999999999999
vt 0 0.9951109374999999
vt 0.0049499999999999995 0.9951109374999999
vt 0.004828906250000001 0.9999999999999999
vt 0 0.9951109374999999
vt 0.0015296874999999998 0.9951109374999999
vt 0.00076484375 0.9999999999999999
vt 0.00068984375 0.9999999999999999
vt 0 0.9951109374999999
vt 0.0029093750000000005 0.9951109374999999
vt 0.00221953125 0.9999999999999999
vt 0.0005476562500000795 0.9999999999999999
vt 7.979727989493313e-17 0.9951109374999999
vt 0.004004687500000079 0.9951109374999999
vt 0.00345703125000008 0.9999999999999999
vt 0.0003515625000000003 0.9999999999999999
vt 0 0.9951109374999999
vt 0.0047078125 0.9951109374999999
vt 0.00435625 0.9999999999999999
vt 0.00012109375000000011 0.9999999999999999
vt 0 0.9951109374999999
vt 0.0049499999999999995 0.9951109374999999
vt 0.004828906250000001 0.9999999999999999
vt 0 0.9951109374999999
vt 0.0015296874999999998 0.9951109374999999
vt 0.00076484375 0.9999999999999999
vt 0.00068984375 0.9999999999999999
vt 0 0.9951109374999999
vt 0.0029093750000000005 0.9951109374999999
vt 0.00221953125 0.9999999999999999
vt 0.0005476562500000795 0.9999999999999999
vt 7.979727989493313e-17 0.9951109374999999
vt 0.004004687500000079 0.9951109374999999
vt 0.00345703125000008 0.9999999999999999
vt 0.0003515625000000003 0.9999999999999999
vt 0 0.9951109374999999
vt 0.0047078125 0.9951109374999999
vt 0.00435625 0.9999999999999999
vt 0.00012109375000000011 0.9999999999999999
vt 0 0.9951109374999999
vt 0.0049499999999999995 0.9951109374999999
vt 0.004828906250000001 0.9999999999999999
vt 0 0.9951109374999999
vt 0.0015296874999999998 0.9951109374999999
vt 0.00076484375 0.9999999999999999
vt 0.00068984375 0.9999999999999999
vt 0 0.9951109374999999
vt 0.0029093750000000005 0.9951109374999999
vt 0.00221953125 0.9999999999999999
vt 0.0005476562500000795 0.9999999999999999
vt 7.979727989493313e-17 0.9951109374999999
vt 0.004004687500000079 0.9951109374999999
vt 0.00345703125000008 0.9999999999999999
vt 0.0003515625000000003 0.9999999999999999
vt 0 0.9951109374999999
vt 0.0047078125 0.9951109374999999
vt 0.00435625 0.9999999999999999
vt 0.00012109375000000011 0.9999999999999999
vt 0 0.9951109374999999
vt 0.0049499999999999995 0.9951109374999999
vt 0.004828906250000001 0.9999999999999999
vt 0 0.9951109374999999
vt 0.0015296874999999998 0.9951109374999999
vt 0.00076484375 0.9999999999999999
vt 0.00068984375 0.9999999999999999
vt 0 0.9951109374999999
vt 0.0029093750000000005 0.9951109374999999
vt 0.00221953125 0.9999999999999999
vt 0.0005476562500000795 0.9999999999999999
vt 7.979727989493313e-17 0.9951109374999999
vt 0.004004687500000079 0.9951109374999999
vt 0.00345703125000008 0.9999999999999999
vt 0.0003515625000000003 0.9999999999999999
vt 0 0.9951109374999999
vt 0.0047078125 0.9951109374999999
vt 0.00435625 0.9999999999999999
vt 0.00012109375000000011 0.9999999999999999
vt 0 0.9951109374999999
vt 0.0049499999999999995 0.9951109374999999
vt 0.004828906250000001 0.9999999999999999
vt 0 0.9951109374999999
vt 0.0015296874999999998 0.9951109374999999
vt 0.00076484375 0.9999999999999999
vt 0.00068984375 0.9999999999999999
vt 0 0.9951109374999999
vt 0.0029093750000000005 0.9951109374999999
vt 0.00221953125 0.9999999999999999
vt 0.0005476562500000795 0.9999999999999999
vt 7.979727989493313e-17 0.9951109374999999
vt 0.004004687500000079 0.9951109374999999
vt 0.00345703125000008 0.9999999999999999
vt 0.0003515625000000003 0.9999999999999999
vt 0 0.9951109374999999
vt 0.0047078125 0.9951109374999999
vt 0.00435625 0.9999999999999999
vt 0.00012109375000000011 0.9999999999999999
vt 0 0.9951109374999999
vt 0.0049499999999999995 0.9951109374999999
vt 0.004828906250000001 0.9999999999999999
vt 0 0.9951109374999999
vt 0.0015296874999999998 0.9951109374999999
vt 0.00076484375 0.9999999999999999
vt 0.00068984375 0.9999999999999999
vt 0 0.9951109374999999
vt 0.0029093750000000005 0.9951109374999999
vt 0.00221953125 0.9999999999999999
vt 0.0005476562500000795 0.9999999999999999
vt 7.979727989493313e-17 0.9951109374999999
vt 0.004004687500000079 0.9951109374999999
vt 0.00345703125000008 0.9999999999999999
vt 0.0003515625000000003 0.9999999999999999
vt 0 0.9951109374999999
vt 0.0047078125 0.9951109374999999
vt 0.00435625 0.9999999999999999
vt 0.00012109375000000011 0.9999999999999999
vt 0 0.9951109374999999
vt 0.0049499999999999995 0.9951109374999999
vt 0.004828906250000001 0.9999999999999999
vt 0 0.9951109374999999
vt 0.0015296874999999998 0.9951109374999999
vt 0.00076484375 0.9999999999999999
vt 0.00068984375 0.9999999999999999
vt 0 0.9951109374999999
vt 0.0029093750000000005 0.9951109374999999
vt 0.00221953125 0.9999999999999999
vt 0.0005476562500000795 0.9999999999999999
vt 7.979727989493313e-17 0.9951109374999999
vt 0.004004687500000079 0.9951109374999999
vt 0.00345703125000008 0.9999999999999999
vt 0.0003515625000000003 0.9999999999999999
vt 0 0.9951109374999999
vt 0.0047078125 0.9951109374999999
vt 0.00435625 0.9999999999999999
vt 0.00012109375000000011 0.9999999999999999
vt 0 0.9951109374999999
vt 0.0049499999999999995 0.9951109374999999
vt 0.004828906250000001 0.9999999999999999
vt 0 0.9951109374999999
vt 0.0015296874999999998 0.9951109374999999
vt 0.00076484375 0.9999999999999999
vt 0.00068984375 0.9999999999999999
vt 0 0.9951109374999999
vt 0.0029093750000000005 0.9951109374999999
vt 0.00221953125 0.9999999999999999
vt 0.0005476562500000795 0.9999999999999999
vt 7.979727989493313e-17 0.9951109374999999
vt 0.004004687500000079 0.9951109374999999
vt 0.00345703125000008 0.9999999999999999
vt 0.0003515625000000003 0.9999999999999999
vt 0 0.9951109374999999
vt 0.0047078125 0.9951109374999999
vt 0.00435625 0.9999999999999999
vt 0.00012109375000000011 0.9999999999999999
vt 0 0.9951109374999999
vt 0.0049499999999999995 0.9951109374999999
vt 0.004828906250000001 0.9999999999999999
vt 0 0.9951109374999999
vt 0.0015296874999999998 0.9951109374999999
vt 0.00076484375 0.9999999999999999
vt 0.00068984375 0.9999999999999999
vt 0 0.9951109374999999
vt 0.0029093750000000005 0.9951109374999999
vt 0.00221953125 0.9999999999999999
vt 0.0005476562500000795 0.9999999999999999
vt 7.979727989493313e-17 0.9951109374999999
vt 0.004004687500000079 0.9951109374999999
vt 0.00345703125000008 0.9999999999999999
vt 0.0003515625000000003 0.9999999999999999
vt 0 0.9951109374999999
vt 0.0047078125 0.9951109374999999
vt 0.00435625 0.9999999999999999
vt 0.00012109375000000011 0.9999999999999999
vt 0 0.9951109374999999
vt 0.0049499999999999995 0.9951109374999999
vt 0.004828906250000001 0.9999999999999999
vt 0 0.9951109374999999
vt 0.0015296874999999998 0.9951109374999999
vt 0.00076484375 0.9999999999999999
vt 0.00068984375 0.9999999999999999
vt 0 0.9951109374999999
vt 0.0029093750000000005 0.9951109374999999
vt 0.00221953125 0.9999999999999999
vt 0.0005476562500000795 0.9999999999999999
vt 7.979727989493313e-17 0.9951109374999999
vt 0.004004687500000079 0.9951109374999999
vt 0.00345703125000008 0.9999999999999999
vt 0.0003515625000000003 0.9999999999999999
vt 0 0.9951109374999999
vt 0.0047078125 0.9951109374999999
vt 0.00435625 0.9999999999999999
vt 0.00012109375000000011 0.9999999999999999
vt 0 0.9951109374999999
vt 0.0049499999999999995 0.9951109374999999
vt 0.004828906250000001 0.9999999999999999
vt 0 0.9951109374999999
vt 0.0015296874999999998 0.9951109374999999
vt 0.00076484375 0.9999999999999999
vt 0.00068984375 0.9999999999999999
vt 0 0.9951109374999999
vt 0.0029093750000000005 0.9951109374999999
vt 0.00221953125 0.9999999999999999
vt 0.0005476562500000795 0.9999999999999999
vt 7.979727989493313e-17 0.9951109374999999
vt 0.004004687500000079 0.9951109374999999
vt 0.00345703125000008 0.9999999999999999
vt 0.0003515625000000003 0.9999999999999999
vt 0 0.9951109374999999
vt 0.0047078125 0.9951109374999999
vt 0.00435625 0.9999999999999999
vt 0.00012109375000000011 0.9999999999999999
vt 0 0.9951109374999999
vt 0.0049499999999999995 0.9951109374999999
vt 0.004828906250000001 0.9999999999999999
vt 0 1
vt 0 1
vt 0 1
vt 0 1
vt 0 1
vt 0 1
vt 0 1
vt 0 1
vt 0 1
vt 0 1
vt 0 1
vt 0 1
vt 0 1
vt 0 1
vt 0 1
vt 0 1
vt 0 1
vt 0 1
vt 0 1
vt 0 1
vt 0 1
vt 0 1
vt 0 1
vt 0 1
vt 0 1
vt 0 1
vt 0 1
vt 0 1
vt 0 1
vt 0 1
vt 0 1
vt 0 1
vt 0 1
vt 0 1
vt 0 1
vt 0 1
vn -0.19356706518632372 0.9790690308818221 0.0628937520210355
vn -0.5286921035931372 0.8312493247837481 0.17178247770021904
vn -0.7565005206047702 0.6060432152628562 0.2458019193549376
vn -0.8865923238849872 0.36189635589937186 0.28807130855913654
vn -0.9442065111794338 0.11980470321494632 0.30679129279355444
vn -0.16465798047107813 0.979069030881822 0.11963102538771479
vn -0.4497323652908431 0.8312493247837479 0.32674968960423945
vn -0.6435177793711867 0.6060432152628564 0.4675430342407379
vn -0.7541804769914777 0.3618963558993719 0.5479441903256773
vn -0.8031900319860447 0.11980470321494623 0.5835517163078483
vn -0.11963102538771458 0.979069030881822 0.16465798047107835
vn -0.3267496896042392 0.8312493247837481 0.449732365290843
vn -0.467543034240738 0.6060432152628564 0.6435177793711867
vn -0.5479441903256774 0.36189635589937197 0.7541804769914777
vn -0.5835517163078484 0.11980470321494582 0.8031900319860446
vn -0.06289375202103592 0.979069030881822 0.19356706518632363
vn -0.17178247770021954 0.8312493247837482 0.5286921035931369
vn -0.24580191935493773 0.6060432152628564 0.7565005206047698
vn -0.28807130855913693 0.3618963558993725 0.8865923238849869
vn -0.3067912927935536 0.11980470321494623 0.9442065111794342
vn 0 0.979069030881822 0.20352845690008553
vn 1.333516158195701e-15 0.8312493247837481 0.5558997751812486
vn 0 0.606043215262856 0.7954317200324988
vn 0 0.36189635589937236 0.9322183368646826
vn 0 0.11980470321494559 0.9927974783849821
vn 0.06289375202103507 0.9790690308818222 0.19356706518632377
vn 0.1717824777002185 0.8312493247837479 0.5286921035931377
vn 0.24580191935493684 0.6060432152628568 0.7565005206047699
vn 0.28807130855913715 0.3618963558993723 0.8865923238849868
vn 0.3067912927935539 0.11980470321494568 0.9442065111794342
vn 0.11963102538771535 0.979069030881822 0.1646579804710777
vn 0.3267496896042387 0.8312493247837479 0.4497323652908436
vn 0.46754303424073784 0.6060432152628569 0.6435177793711864
vn 0.5479441903256772 0.3618963558993716 0.7541804769914782
vn 0.5835517163078482 0.11980470321494636 0.8031900319860448
vn 0.164657980471078 0.979069030881822 0.11963102538771504
vn 0.44973236529084276 0.8312493247837486 0.32674968960423856
vn 0.6435177793711875 0.6060432152628562 0.4675430342407374
vn 0.754180476991478 0.3618963558993719 0.547944190325677
vn 0.8031900319860452 0.1198047032149458 0.5835517163078474
vn 0.19356706518632372 0.9790690308818221 0.0628937520210355
vn 0.5286921035931378 0.831249324783748 0.1717824777002181
vn 0.7565005206047699 0.6060432152628563 0.24580191935493817
vn 0.8865923238849871 0.3618963558993723 0.28807130855913604
vn 0.9442065111794342 0.11980470321494564 0.30679129279355405
vn 0.20352845690008556 0.979069030881822 -1.154198485234354e-16
vn 0.555899775181249 0.8312493247837479 6.667580790978507e-16
vn 0.7954317200324982 0.6060432152628569 -2.966922747625782e-16
vn 0.9322183368646829 0.3618963558993714 3.5210133376036755e-16
vn 0.9927974783849819 0.11980470321494638 0
vn 0.19356706518632372 0.9790690308818221 -0.0628937520210355
vn 0.5286921035931376 0.8312493247837482 -0.17178247770021782
vn 0.7565005206047701 0.6060432152628563 -0.24580191935493684
vn 0.8865923238849871 0.36189635589937186 -0.2880713085591369
vn 0.944206511179434 0.11980470321494634 -0.30679129279355416
vn 0.16465798047107813 0.979069030881822 -0.11963102538771479
vn 0.44973236529084265 0.8312493247837485 -0.3267496896042394
vn 0.643517779371187 0.606043215262856 -0.4675430342407382
vn 0.7541804769914787 0.36189635589937136 -0.5479441903256765
vn 0.8031900319860451 0.11980470321494666 -0.5835517163078473
vn 0.11963102538771513 0.9790690308818221 -0.16465798047107785
vn 0.3267496896042385 0.8312493247837484 -0.449732365290843
vn 0.4675430342407377 0.606043215262856 -0.6435177793711873
vn 0.5479441903256772 0.3618963558993722 -0.7541804769914778
vn 0.5835517163078467 0.11980470321494609 -0.8031900319860457
vn 0.06289375202103505 0.979069030881822 -0.1935670651863238
vn 0.17178247770021843 0.8312493247837478 -0.5286921035931379
vn 0.2458019193549379 0.6060432152628563 -0.7565005206047699
vn 0.28807130855913543 0.3618963558993725 -0.8865923238849872
vn 0.30679129279355494 0.11980470321494516 -0.9442065111794339
vn 0 0.979069030881822 -0.20352845690008553
vn 1.3335161581957027e-15 0.831249324783748 -0.5558997751812488
vn 0 0.6060432152628568 -0.7954317200324985
vn 1.4084053350414704e-15 0.3618963558993715 -0.9322183368646829
vn 0 0.11980470321494666 -0.9927974783849819
vn -0.06289375202103514 0.9790690308818222 -0.19356706518632377
vn -0.17178247770021943 0.8312493247837484 -0.5286921035931369
vn -0.24580191935493687 0.6060432152628561 -0.7565005206047705
vn -0.288071308559137 0.36189635589937236 -0.8865923238849868
vn -0.30679129279355344 0.11980470321494549 -0.9442065111794342
vn -0.11963102538771513 0.9790690308818221 -0.16465798047107785
vn -0.32674968960423906 0.8312493247837479 -0.4497323652908433
vn -0.4675430342407387 0.6060432152628568 -0.6435177793711858
vn -0.5479441903256781 0.3618963558993716 -0.7541804769914775
vn -0.5835517163078486 0.11980470321494632 -0.8031900319860442
vn -0.16465798047107807 0.9790690308818221 -0.11963102538771488
vn -0.44973236529084304 0.8312493247837485 -0.3267496896042389
vn -0.6435177793711867 0.606043215262856 -0.46754303424073834
vn -0.7541804769914776 0.3618963558993718 -0.5479441903256778
vn -0.803190031986045 0.11980470321494624 -0.5835517163078476
vn -0.1935670651863238 0.9790690308818221 -0.0628937520210353
vn -0.5286921035931377 0.831249324783748 -0.17178247770021854
vn -0.7565005206047698 0.6060432152628564 -0.2458019193549377
vn -0.8865923238849871 0.3618963558993722 -0.28807130855913615
vn -0.9442065111794339 0.11980470321494566 -0.3067912927935548
vn -0.20352845690008559 0.979069030881822 -1.1541984852343541e-16
vn -0.5558997751812488 0.831249324783748 -6.667580790978504e-16
vn -0.7954317200324985 0.6060432152628568 2.966922747625783e-16
vn -0.9322183368646829 0.3618963558993714 -3.5210133376036706e-16
vn -0.9927974783849819 0.11980470321494666 3.485299332383598e-16
vn 0 -1 0
vn 0 -1 0
vn 0 -1 0
vn 0 -1 0
vn 0 -1 0
vn 0 -1 0
vn 0 -1 0
vn 0 -1 0
vn 0 -1 0
usemtl m_31e1a0cb-702c-e28f-3575-519f33112ae7
f 251/977/255 252/978/255 253/979/255
f 251/980/256 254/981/256 255/982/256 252/983/256
f 254/984/257 256/985/257 257/986/257 255/987/257
f 256/988/258 258/989/258 259/990/258 257/991/258
f 258/992/259 260/993/259 261/994/259 259/995/259
f 252/996/260 262/997/260 253/998/260
f 252/999/261 255/1000/261 263/1001/261 262/1002/261
f 255/1003/262 257/1004/262 264/1005/262 263/1006/262
f 257/1007/263 259/1008/263 265/1009/263 264/1010/263
f 259/1011/264 261/1012/264 266/1013/264 265/1014/264
f 262/1015/265 267/1016/265 253/1017/265
f 262/1018/266 263/1019/266 268/1020/266 267/1021/266
f 263/1022/267 264/1023/267 269/1024/267 268/1025/267
f 264/1026/268 265/1027/268 270/1028/268 269/1029/268
f 265/1030/269 266/1031/269 271/1032/269 270/1033/269
f 267/1034/270 272/1035/270 253/1036/270
f 267/1037/271 268/1038/271 273/1039/271 272/1040/271
f 268/1041/272 269/1042/272 274/1043/272 273/1044/272
f 269/1045/273 270/1046/273 275/1047/273 274/1048/273
f 270/1049/274 271/1050/274 276/1051/274 275/1052/274
f 272/1053/275 277/1054/275 253/1055/275
f 272/1056/276 273/1057/276 278/1058/276 277/1059/276
f 273/1060/277 274/1061/277 279/1062/277 278/1063/277
f 274/1064/278 275/1065/278 280/1066/278 279/1067/278
f 275/1068/279 276/1069/279 281/1070/279 280/1071/279
f 277/1072/280 282/1073/280 253/1074/280
f 277/1075/281 278/1076/281 283/1077/281 282/1078/281
f 278/1079/282 279/1080/282 284/1081/282 283/1082/282
f 279/1083/283 280/1084/283 285/1085/283 284/1086/283
f 280/1087/284 281/1088/284 286/1089/284 285/1090/284
f 282/1091/285 287/1092/285 253/1093/285
f 282/1094/286 283/1095/286 288/1096/286 287/1097/286
f 283/1098/287 284/1099/287 289/1100/287 288/1101/287
f 284/1102/288 285/1103/288 290/1104/288 289/1105/288
f 285/1106/289 286/1107/289 291/1108/289 290/1109/289
f 287/1110/290 292/1111/290 253/1112/290
f 287/1113/291 288/1114/291 293/1115/291 292/1116/291
f 288/1117/292 289/1118/292 294/1119/292 293/1120/292
f 289/1121/293 290/1122/293 295/1123/293 294/1124/293
f 290/1125/294 291/1126/294 296/1127/294 295/1128/294
f 292/1129/295 297/1130/295 253/1131/295
f 292/1132/296 293/1133/296 298/1134/296 297/1135/296
f 293/1136/297 294/1137/297 299/1138/297 298/1139/297
f 294/1140/298 295/1141/298 300/1142/298 299/1143/298
f 295/1144/299 296/1145/299 301/1146/299 300/1147/299
f 297/1148/300 302/1149/300 253/1150/300
f 297/1151/301 298/1152/301 303/1153/301 302/1154/301
f 298/1155/302 299/1156/302 304/1157/302 303/1158/302
f 299/1159/303 300/1160/303 305/1161/303 304/1162/303
f 300/1163/304 301/1164/304 306/1165/304 305/1166/304
f 302/1167/305 307/1168/305 253/1169/305
f 302/1170/306 303/1171/306 308/1172/306 307/1173/306
f 303/1174/307 304/1175/307 309/1176/307 308/1177/307
f 304/1178/308 305/1179/308 310/1180/308 309/1181/308
f 305/1182/309 306/1183/309 311/1184/309 310/1185/309
f 307/1186/310 312/1187/310 253/1188/310
f 307/1189/311 308/1190/311 313/1191/311 312/1192/311
f 308/1193/312 309/1194/312 314/1195/312 313/1196/312
f 309/1197/313 310/1198/313 315/1199/313 314/1200/313
f 310/1201/314 311/1202/314 316/1203/314 315/1204/314
f 312/1205/315 317/1206/315 253/1207/315
f 312/1208/316 313/1209/316 318/1210/316 317/1211/316
f 313/1212/317 314/1213/317 319/1214/317 318/1215/317
f 314/1216/318 315/1217/318 320/1218/318 319/1219/318
f 315/1220/319 316/1221/319 321/1222/319 320/1223/319
f 317/1224/320 322/1225/320 253/1226/320
f 317/1227/321 318/1228/321 323/1229/321 322/1230/321
f 318/1231/322 319/1232/322 324/1233/322 323/1234/322
f 319/1235/323 320/1236/323 325/1237/323 324/1238/323
f 320/1239/324 321/1240/324 326/1241/324 325/1242/324
f 322/1243/325 327/1244/325 253/1245/325
f 322/1246/326 323/1247/326 328/1248/326 327/1249/326
f 323/1250/327 324/1251/327 329/1252/327 328/1253/327
f 324/1254/328 325/1255/328 330/1256/328 329/1257/328
f 325/1258/329 326/1259/329 331/1260/329 330/1261/329
f 327/1262/330 332/1263/330 253/1264/330
f 327/1265/331 328/1266/331 333/1267/331 332/1268/331
f 328/1269/332 329/1270/332 334/1271/332 333/1272/332
f 329/1273/333 330/1274/333 335/1275/333 334/1276/333
f 330/1277/334 331/1278/334 336/1279/334 335/1280/334
f 332/1281/335 337/1282/335 253/1283/335
f 332/1284/336 333/1285/336 338/1286/336 337/1287/336
f 333/1288/337 334/1289/337 339/1290/337 338/1291/337
f 334/1292/338 335/1293/338 340/1294/338 339/1295/338
f 335/1296/339 336/1297/339 341/1298/339 340/1299/339
f 337/1300/340 342/1301/340 253/1302/340
f 337/1303/341 338/1304/341 343/1305/341 342/1306/341
f 338/1307/342 339/1308/342 344/1309/342 343/1310/342
f 339/1311/343 340/1312/343 345/1313/343 344/1314/343
f 340/1315/344 341/1316/344 346/1317/344 345/1318/344
f 342/1319/345 347/1320/345 253/1321/345
f 342/1322/346 343/1323/346 348/1324/346 347/1325/346
f 343/1326/347 344/1327/347 349/1328/347 348/1329/347
f 344/1330/348 345/1331/348 350/1332/348 349/1333/348
f 345/1334/349 346/1335/349 351/1336/349 350/1337/349
f 347/1338/350 251/1339/350 253/1340/350
f 347/1341/351 348/1342/351 254/1343/351 251/1344/351
f 348/1345/352 349/1346/352 256/1347/352 254/1348/352
f 349/1349/353 350/1350/353 258/1351/353 256/1352/353
f 350/1353/354 351/1354/354 260/1355/354 258/1356/354
f 316/1357/355 311/1358/355 306/1359/355 321/1360/355
f 331/1361/356 326/1362/356 321/1363/356 336/1364/356
f 346/1365/357 341/1366/357 336/1367/357 351/1368/357
f 261/1369/358 260/1370/358 351/1371/358 266/1372/358
f 291/1373/359 286/1374/359 281/1375/359 296/1376/359
f 306/1377/360 301/1378/360 296/1379/360 321/1380/360
f 351/1381/361 336/1382/361 321/1383/361 266/1384/361
f 276/1385/362 271/1386/362 266/1387/362 281/1388/362
f 296/1389/363 281/1390/363 266/1391/363 321/1392/363
o cube
v 0.03125000000000008 0.53125 0.375
v 0.03125000000000003 0.53125 0.125
v 0.03125000000000003 0.59375 0.125
v 0.03125000000000008 0.59375 0.375
v -0.031249999999999917 0.53125 0.375
v -0.031249999999999917 0.59375 0.375
v -0.031249999999999972 0.53125 0.125
v -0.031249999999999972 0.59375 0.125
vt 0.0625 0.98828125
vt 0.09375 0.98828125
vt 0.09375 0.99609375
vt 0.0625 0.99609375
vt 0 0.98828125
vt 0.0078125 0.98828125
vt 0.0078125 0.99609375
vt 0 0.99609375
vt 0 0.98828125
vt 0.03125 0.98828125
vt 0.03125 0.99609375
vt 0 0.99609375
vt 0.0078125 0.98828125
vt 0.015625 0.98828125
vt 0.015625 0.99609375
vt 0.0078125 0.99609375
vt 0 0.984375
vt 0.03125 0.984375
vt 0.03125 0.9921875
vt 0 0.9921875
vt 0 0.9921875
vt 0.03125 0.9921875
vt 0.03125 1
vt 0 1
vn 1 0 -2.220446049250313e-16
vn 0 0 1
vn -1 0 2.220446049250313e-16
vn 0 0 -1
vn 0 1 0
vn 0 -1 0
usemtl m_31e1a0cb-702c-e28f-3575-519f33112ae7
f 352/1393/364 353/1394/364 354/1395/364 355/1396/364
f 356/1397/365 352/1398/365 355/1399/365 357/1400/365
f 358/1401/366 356/1402/366 357/1403/366 359/1404/366
f 353/1405/367 358/1406/367 359/1407/367 354/1408/367
f 359/1409/368 357/1410/368 355/1411/368 354/1412/368
f 353/1413/369 352/1414/369 356/1415/369 358/1416/369
o cube
v -0.3749999999999999 0.53125 0.03125000000000066
v -0.12499999999999988 0.53125 0.031250000000000264
v -0.12499999999999988 0.59375 0.03125000000000027
v -0.3749999999999999 0.59375 0.031250000000000666
v -0.375 0.53125 -0.031249999999999337
v -0.375 0.59375 -0.03124999999999933
v -0.12499999999999999 0.53125 -0.031249999999999736
v -0.12499999999999999 0.59375 -0.03124999999999973
vt 0.0625 0.98828125
vt 0.09375 0.98828125
vt 0.09375 0.99609375
vt 0.0625 0.99609375
vt 0 0.98828125
vt 0.0078125 0.98828125
vt 0.0078125 0.99609375
vt 0 0.99609375
vt 0 0.98828125
vt 0.03125 0.98828125
vt 0.03125 0.99609375
vt 0 0.99609375
vt 0.0078125 0.98828125
vt 0.015625 0.98828125
vt 0.015625 0.99609375
vt 0.0078125 0.99609375
vt 0 0.984375
vt 0.03125 0.984375
vt 0.03125 0.9921875
vt 0 0.9921875
vt 0 0.9921875
vt 0.03125 0.9921875
vt 0.03125 1
vt 0 1
vn 1.582067810090848e-15 -1.1102230246251565e-16 1
vn -1 0 1.7763568394002505e-15
vn -1.5959455978986625e-15 1.1102230246251565e-16 -1
vn 1 1.9721522630525295e-31 -1.7763568394002505e-15
vn 0 1 0
vn 0 -1 0
usemtl m_31e1a0cb-702c-e28f-3575-519f33112ae7
f 360/1417/370 361/1418/370 362/1419/370 363/1420/370
f 364/1421/371 360/1422/371 363/1423/371 365/1424/371
f 366/1425/372 364/1426/372 365/1427/372 367/1428/372
f 361/1429/373 366/1430/373 367/1431/373 362/1432/373
f 367/1433/374 365/1434/374 363/1435/374 362/1436/374
f 361/1437/375 360/1438/375 364/1439/375 366/1440/375
o sphere
v -0.5434858709262116 0.6558154194093474 -0.07725424859373592
v -0.5667598804800515 0.6558154194093474 -0.06969206447938044
v -0.5312499999999999 0.6718750000000001 9.264407683149264e-16
v -0.5545240095538401 0.6092087012792797 -0.14694631307311734
v -0.5987938064468302 0.6092087012792797 -0.13256218411435441
v -0.5632839259667789 0.5366170359084679 -0.2022542485937359
v -0.6242160740332215 0.5366170359084679 -0.18245619355316878
v -0.5689081385126031 0.44514620127927973 -0.23776412907378738
v -0.6405381745605158 0.4451462012792797 -0.21449011951994737
v -0.5708461100811345 0.3437500000000001 -0.24999999999999906
v -0.64616238710634 0.34375000000000006 -0.22552825814757568
v -0.5865579355206185 0.6558154194093474 -0.055307935520617565
v -0.636451944959433 0.6092087012792797 -0.10520194495943189
v -0.6760480550405671 0.5366170359084679 -0.14479805504056595
v -0.7014703226269584 0.44514620127927973 -0.17022032262695702
v -0.7102302390398972 0.3437500000000001 -0.17898023903989574
v -0.6009420644793814 0.6558154194093474 -0.035509880480050514
v -0.6638121841143554 0.6092087012792797 -0.06754380644682904
v -0.7137061935531698 0.5366170359084679 -0.09296607403322019
v -0.7457401195199487 0.44514620127927973 -0.10928817456051425
v -0.756778258147577 0.3437500000000001 -0.11491238710633839
v -0.6085042485937368 0.6558154194093474 -0.012235870926210542
v -0.6781963130731182 0.6092087012792797 -0.02327400955383878
v -0.7335042485937368 0.5366170359084679 -0.03203392596677742
v -0.7690141290737885 0.44514620127927973 -0.037658138512601524
v -0.7812500000000001 0.3437500000000001 -0.039596110081132806
v -0.6085042485937368 0.6558154194093474 0.012235870926212637
v -0.6781963130731181 0.6092087012792797 0.02327400955384111
v -0.7335042485937368 0.5366170359084679 0.032033925966779904
v -0.7690141290737883 0.44514620127927973 0.03765813851260408
v -0.7812499999999999 0.3437500000000001 0.0395961100811354
v -0.6009420644793813 0.6558154194093474 0.03550988048005258
v -0.6638121841143552 0.6092087012792797 0.06754380644683129
v -0.7137061935531697 0.5366170359084679 0.09296607403322252
v -0.7457401195199482 0.44514620127927973 0.10928817456051666
v -0.7567782581475766 0.3437500000000001 0.11491238710634086
v -0.5865579355206183 0.6558154194093474 0.055307935520619536
v -0.6364519449594327 0.6092087012792797 0.10520194495943405
v -0.6760480550405668 0.5366170359084679 0.14479805504056817
v -0.701470322626958 0.44514620127927973 0.17022032262695935
v -0.7102302390398966 0.3437500000000001 0.17898023903989807
v -0.5667598804800513 0.6558154194093474 0.0696920644793824
v -0.5987938064468299 0.6092087012792797 0.1325621841143564
v -0.6242160740332209 0.5366170359084679 0.18245619355317083
v -0.6405381745605152 0.4451462012792797 0.21449011951994948
v -0.6461623871063393 0.34375000000000006 0.2255282581475778
v -0.5434858709262114 0.6558154194093474 0.0772542485937378
v -0.5545240095538396 0.6092087012792797 0.14694631307311917
v -0.5632839259667782 0.5366170359084679 0.20225424859373783
v -0.5689081385126025 0.4451462012792796 0.23776412907378927
v -0.5708461100811336 0.34375 0.25000000000000094
v -0.5190141290737882 0.6558154194093474 0.07725424859373776
v -0.5079759904461597 0.6092087012792797 0.14694631307311917
v -0.49921607403322105 0.5366170359084679 0.20225424859373772
v -0.49359186148739687 0.4451462012792796 0.2377641290737892
v -0.4916538899188655 0.34375 0.25000000000000083
v -0.4957401195199483 0.6558154194093474 0.0696920644793823
v -0.4637061935531696 0.6092087012792797 0.1325621841143563
v -0.43828392596677845 0.5366170359084678 0.18245619355317064
v -0.4219618254394843 0.4451462012792797 0.21449011951994917
v -0.41633761289366006 0.34375000000000006 0.22552825814757751
v -0.4759420644793813 0.6558154194093474 0.05530793552061942
v -0.42604805504056675 0.6092087012792796 0.10520194495943372
v -0.38645194495943275 0.5366170359084678 0.14479805504056775
v -0.3610296773730415 0.4451462012792797 0.17022032262695883
v -0.35226976096010276 0.34375000000000006 0.17898023903989757
v -0.4615579355206184 0.6558154194093474 0.03550988048005236
v -0.39868781588564445 0.6092087012792796 0.06754380644683093
v -0.34879380644683 0.5366170359084678 0.092966074033222
v -0.3167598804800513 0.4451462012792797 0.1092881745605161
v -0.30572174185242307 0.34375000000000006 0.11491238710634019
v -0.4539957514062631 0.6558154194093474 0.012235870926212391
v -0.38430368692688166 0.6092087012792796 0.023274009553840645
v -0.328995751406263 0.5366170359084678 0.032033925966779266
v -0.2934858709262116 0.4451462012792797 0.03765813851260332
v -0.2812499999999999 0.34375000000000006 0.0395961100811346
v -0.4539957514062631 0.6558154194093474 -0.012235870926210788
v -0.38430368692688166 0.6092087012792796 -0.023274009553839216
v -0.32899575140626314 0.5366170359084678 -0.03203392596677803
v -0.2934858709262116 0.4451462012792797 -0.037658138512602225
v -0.28125 0.34375000000000006 -0.03959611008113352
v -0.4615579355206185 0.6558154194093474 -0.03550988048005071
v -0.39868781588564467 0.6092087012792796 -0.06754380644682946
v -0.3487938064468302 0.5366170359084678 -0.0929660740332207
v -0.31675988048005166 0.4451462012792797 -0.10928817456051487
v -0.3057217418524233 0.34375000000000006 -0.11491238710633908
v -0.47594206447938153 0.6558154194093474 -0.05530793552061771
v -0.4260480550405671 0.6092087012792796 -0.10520194495943216
v -0.3864519449594331 0.5366170359084678 -0.1447980550405663
v -0.36102967737304203 0.4451462012792797 -0.1702203226269575
v -0.3522697609601033 0.34375000000000006 -0.1789802390398963
v -0.4957401195199485 0.6558154194093474 -0.06969206447938055
v -0.46370619355316994 0.6092087012792797 -0.13256218411435458
v -0.4382839259667788 0.5366170359084678 -0.18245619355316903
v -0.42196182543948474 0.4451462012792797 -0.21449011951994768
v -0.4163376128936606 0.34375000000000006 -0.22552825814757602
v -0.5190141290737884 0.6558154194093474 -0.07725424859373593
v -0.5079759904461602 0.6092087012792797 -0.14694631307311734
v -0.4992160740332216 0.5366170359084679 -0.202254248593736
v -0.4935918614873974 0.44514620127927973 -0.23776412907378747
v -0.49165388991886616 0.3437500000000001 -0.24999999999999917
vt 0 0.9951109374999999
vt 0.0015296874999999998 0.9951109374999999
vt 0.00076484375 0.9999999999999999
vt 0.00068984375 0.9999999999999999
vt 0 0.9951109374999999
vt 0.0029093750000000005 0.9951109374999999
vt 0.00221953125 0.9999999999999999
vt 0.0005476562500000795 0.9999999999999999
vt 7.979727989493313e-17 0.9951109374999999
vt 0.004004687500000079 0.9951109374999999
vt 0.00345703125000008 0.9999999999999999
vt 0.0003515625000000003 0.9999999999999999
vt 0 0.9951109374999999
vt 0.0047078125 0.9951109374999999
vt 0.00435625 0.9999999999999999
vt 0.00012109375000000011 0.9999999999999999
vt 0 0.9951109374999999
vt 0.0049499999999999995 0.9951109374999999
vt 0.004828906250000001 0.9999999999999999
vt 0 0.9951109374999999
vt 0.0015296874999999998 0.9951109374999999
vt 0.00076484375 0.9999999999999999
vt 0.00068984375 0.9999999999999999
vt 0 0.9951109374999999
vt 0.0029093750000000005 0.9951109374999999
vt 0.00221953125 0.9999999999999999
vt 0.0005476562500000795 0.9999999999999999
vt 7.979727989493313e-17 0.9951109374999999
vt 0.004004687500000079 0.9951109374999999
vt 0.00345703125000008 0.9999999999999999
vt 0.0003515625000000003 0.9999999999999999
vt 0 0.9951109374999999
vt 0.0047078125 0.9951109374999999
vt 0.00435625 0.9999999999999999
vt 0.00012109375000000011 0.9999999999999999
vt 0 0.9951109374999999
vt 0.0049499999999999995 0.9951109374999999
vt 0.004828906250000001 0.9999999999999999
vt 0 0.9951109374999999
vt 0.0015296874999999998 0.9951109374999999
vt 0.00076484375 0.9999999999999999
vt 0.00068984375 0.9999999999999999
vt 0 0.9951109374999999
vt 0.0029093750000000005 0.9951109374999999
vt 0.00221953125 0.9999999999999999
vt 0.0005476562500000795 0.9999999999999999
vt 7.979727989493313e-17 0.9951109374999999
vt 0.004004687500000079 0.9951109374999999
vt 0.00345703125000008 0.9999999999999999
vt 0.0003515625000000003 0.9999999999999999
vt 0 0.9951109374999999
vt 0.0047078125 0.9951109374999999
vt 0.00435625 0.9999999999999999
vt 0.00012109375000000011 0.9999999999999999
vt 0 0.9951109374999999
vt 0.0049499999999999995 0.9951109374999999
vt 0.004828906250000001 0.9999999999999999
vt 0 0.9951109374999999
vt 0.0015296874999999998 0.9951109374999999
vt 0.00076484375 0.9999999999999999
vt 0.00068984375 0.9999999999999999
vt 0 0.9951109374999999
vt 0.0029093750000000005 0.9951109374999999
vt 0.00221953125 0.9999999999999999
vt 0.0005476562500000795 0.9999999999999999
vt 7.979727989493313e-17 0.9951109374999999
vt 0.004004687500000079 0.9951109374999999
vt 0.00345703125000008 0.9999999999999999
vt 0.0003515625000000003 0.9999999999999999
vt 0 0.9951109374999999
vt 0.0047078125 0.9951109374999999
vt 0.00435625 0.9999999999999999
vt 0.00012109375000000011 0.9999999999999999
vt 0 0.9951109374999999
vt 0.0049499999999999995 0.9951109374999999
vt 0.004828906250000001 0.9999999999999999
vt 0 0.9951109374999999
vt 0.0015296874999999998 0.9951109374999999
vt 0.00076484375 0.9999999999999999
vt 0.00068984375 0.9999999999999999
vt 0 0.9951109374999999
vt 0.0029093750000000005 0.9951109374999999
vt 0.00221953125 0.9999999999999999
vt 0.0005476562500000795 0.9999999999999999
vt 7.979727989493313e-17 0.9951109374999999
vt 0.004004687500000079 0.9951109374999999
vt 0.00345703125000008 0.9999999999999999
vt 0.0003515625000000003 0.9999999999999999
vt 0 0.9951109374999999
vt 0.0047078125 0.9951109374999999
vt 0.00435625 0.9999999999999999
vt 0.00012109375000000011 0.9999999999999999
vt 0 0.9951109374999999
vt 0.0049499999999999995 0.9951109374999999
vt 0.004828906250000001 0.9999999999999999
vt 0 0.9951109374999999
vt 0.0015296874999999998 0.9951109374999999
vt 0.00076484375 0.9999999999999999
vt 0.00068984375 0.9999999999999999
vt 0 0.9951109374999999
vt 0.0029093750000000005 0.9951109374999999
vt 0.00221953125 0.9999999999999999
vt 0.0005476562500000795 0.9999999999999999
vt 7.979727989493313e-17 0.9951109374999999
vt 0.004004687500000079 0.9951109374999999
vt 0.00345703125000008 0.9999999999999999
vt 0.0003515625000000003 0.9999999999999999
vt 0 0.9951109374999999
vt 0.0047078125 0.9951109374999999
vt 0.00435625 0.9999999999999999
vt 0.00012109375000000011 0.9999999999999999
vt 0 0.9951109374999999
vt 0.0049499999999999995 0.9951109374999999
vt 0.004828906250000001 0.9999999999999999
vt 0 0.9951109374999999
vt 0.0015296874999999998 0.9951109374999999
vt 0.00076484375 0.9999999999999999
vt 0.00068984375 0.9999999999999999
vt 0 0.9951109374999999
vt 0.0029093750000000005 0.9951109374999999
vt 0.00221953125 0.9999999999999999
vt 0.0005476562500000795 0.9999999999999999
vt 7.979727989493313e-17 0.9951109374999999
vt 0.004004687500000079 0.9951109374999999
vt 0.00345703125000008 0.9999999999999999
vt 0.0003515625000000003 0.9999999999999999
vt 0 0.9951109374999999
vt 0.0047078125 0.9951109374999999
vt 0.00435625 0.9999999999999999
vt 0.00012109375000000011 0.9999999999999999
vt 0 0.9951109374999999
vt 0.0049499999999999995 0.9951109374999999
vt 0.004828906250000001 0.9999999999999999
vt 0 0.9951109374999999
vt 0.0015296874999999998 0.9951109374999999
vt 0.00076484375 0.9999999999999999
vt 0.00068984375 0.9999999999999999
vt 0 0.9951109374999999
vt 0.0029093750000000005 0.9951109374999999
vt 0.00221953125 0.9999999999999999
vt 0.0005476562500000795 0.9999999999999999
vt 7.979727989493313e-17 0.9951109374999999
vt 0.004004687500000079 0.9951109374999999
vt 0.00345703125000008 0.9999999999999999
vt 0.0003515625000000003 0.9999999999999999
vt 0 0.9951109374999999
vt 0.0047078125 0.9951109374999999
vt 0.00435625 0.9999999999999999
vt 0.00012109375000000011 0.9999999999999999
vt 0 0.9951109374999999
vt 0.0049499999999999995 0.9951109374999999
vt 0.004828906250000001 0.9999999999999999
vt 0 0.9951109374999999
vt 0.0015296874999999998 0.9951109374999999
vt 0.00076484375 0.9999999999999999
vt 0.00068984375 0.9999999999999999
vt 0 0.9951109374999999
vt 0.0029093750000000005 0.9951109374999999
vt 0.00221953125 0.9999999999999999
vt 0.0005476562500000795 0.9999999999999999
vt 7.979727989493313e-17 0.9951109374999999
vt 0.004004687500000079 0.9951109374999999
vt 0.00345703125000008 0.9999999999999999
vt 0.0003515625000000003 0.9999999999999999
vt 0 0.9951109374999999
vt 0.0047078125 0.9951109374999999
vt 0.00435625 0.9999999999999999
vt 0.00012109375000000011 0.9999999999999999
vt 0 0.9951109374999999
vt 0.0049499999999999995 0.9951109374999999
vt 0.004828906250000001 0.9999999999999999
vt 0 0.9951109374999999
vt 0.0015296874999999998 0.9951109374999999
vt 0.00076484375 0.9999999999999999
vt 0.00068984375 0.9999999999999999
vt 0 0.9951109374999999
vt 0.0029093750000000005 0.9951109374999999
vt 0.00221953125 0.9999999999999999
vt 0.0005476562500000795 0.9999999999999999
vt 7.979727989493313e-17 0.9951109374999999
vt 0.004004687500000079 0.9951109374999999
vt 0.00345703125000008 0.9999999999999999
vt 0.0003515625000000003 0.9999999999999999
vt 0 0.9951109374999999
vt 0.0047078125 0.9951109374999999
vt 0.00435625 0.9999999999999999
vt 0.00012109375000000011 0.9999999999999999
vt 0 0.9951109374999999
vt 0.0049499999999999995 0.9951109374999999
vt 0.004828906250000001 0.9999999999999999
vt 0 0.9951109374999999
vt 0.0015296874999999998 0.9951109374999999
vt 0.00076484375 0.9999999999999999
vt 0.00068984375 0.9999999999999999
vt 0 0.9951109374999999
vt 0.0029093750000000005 0.9951109374999999
vt 0.00221953125 0.9999999999999999
vt 0.0005476562500000795 0.9999999999999999
vt 7.979727989493313e-17 0.9951109374999999
vt 0.004004687500000079 0.9951109374999999
vt 0.00345703125000008 0.9999999999999999
vt 0.0003515625000000003 0.9999999999999999
vt 0 0.9951109374999999
vt 0.0047078125 0.9951109374999999
vt 0.00435625 0.9999999999999999
vt 0.00012109375000000011 0.9999999999999999
vt 0 0.9951109374999999
vt 0.0049499999999999995 0.9951109374999999
vt 0.004828906250000001 0.9999999999999999
vt 0 0.9951109374999999
vt 0.0015296874999999998 0.9951109374999999
vt 0.00076484375 0.9999999999999999
vt 0.00068984375 0.9999999999999999
vt 0 0.9951109374999999
vt 0.0029093750000000005 0.9951109374999999
vt 0.00221953125 0.9999999999999999
vt 0.0005476562500000795 0.9999999999999999
vt 7.979727989493313e-17 0.9951109374999999
vt 0.004004687500000079 0.9951109374999999
vt 0.00345703125000008 0.9999999999999999
vt 0.0003515625000000003 0.9999999999999999
vt 0 0.9951109374999999
vt 0.0047078125 0.9951109374999999
vt 0.00435625 0.9999999999999999
vt 0.00012109375000000011 0.9999999999999999
vt 0 0.9951109374999999
vt 0.0049499999999999995 0.9951109374999999
vt 0.004828906250000001 0.9999999999999999
vt 0 0.9951109374999999
vt 0.0015296874999999998 0.9951109374999999
vt 0.00076484375 0.9999999999999999
vt 0.00068984375 0.9999999999999999
vt 0 0.9951109374999999
vt 0.0029093750000000005 0.9951109374999999
vt 0.00221953125 0.9999999999999999
vt 0.0005476562500000795 0.9999999999999999
vt 7.979727989493313e-17 0.9951109374999999
vt 0.004004687500000079 0.9951109374999999
vt 0.00345703125000008 0.9999999999999999
vt 0.0003515625000000003 0.9999999999999999
vt 0 0.9951109374999999
vt 0.0047078125 0.9951109374999999
vt 0.00435625 0.9999999999999999
vt 0.00012109375000000011 0.9999999999999999
vt 0 0.9951109374999999
vt 0.0049499999999999995 0.9951109374999999
vt 0.004828906250000001 0.9999999999999999
vt 0 0.9951109374999999
vt 0.0015296874999999998 0.9951109374999999
vt 0.00076484375 0.9999999999999999
vt 0.00068984375 0.9999999999999999
vt 0 0.9951109374999999
vt 0.0029093750000000005 0.9951109374999999
vt 0.00221953125 0.9999999999999999
vt 0.0005476562500000795 0.9999999999999999
vt 7.979727989493313e-17 0.9951109374999999
vt 0.004004687500000079 0.9951109374999999
vt 0.00345703125000008 0.9999999999999999
vt 0.0003515625000000003 0.9999999999999999
vt 0 0.9951109374999999
vt 0.0047078125 0.9951109374999999
vt 0.00435625 0.9999999999999999
vt 0.00012109375000000011 0.9999999999999999
vt 0 0.9951109374999999
vt 0.0049499999999999995 0.9951109374999999
vt 0.004828906250000001 0.9999999999999999
vt 0 0.9951109374999999
vt 0.0015296874999999998 0.9951109374999999
vt 0.00076484375 0.9999999999999999
vt 0.00068984375 0.9999999999999999
vt 0 0.9951109374999999
vt 0.0029093750000000005 0.9951109374999999
vt 0.00221953125 0.9999999999999999
vt 0.0005476562500000795 0.9999999999999999
vt 7.979727989493313e-17 0.9951109374999999
vt 0.004004687500000079 0.9951109374999999
vt 0.00345703125000008 0.9999999999999999
vt 0.0003515625000000003 0.9999999999999999
vt 0 0.9951109374999999
vt 0.0047078125 0.9951109374999999
vt 0.00435625 0.9999999999999999
vt 0.00012109375000000011 0.9999999999999999
vt 0 0.9951109374999999
vt 0.0049499999999999995 0.9951109374999999
vt 0.004828906250000001 0.9999999999999999
vt 0 0.9951109374999999
vt 0.0015296874999999998 0.9951109374999999
vt 0.00076484375 0.9999999999999999
vt 0.00068984375 0.9999999999999999
vt 0 0.9951109374999999
vt 0.0029093750000000005 0.9951109374999999
vt 0.00221953125 0.9999999999999999
vt 0.0005476562500000795 0.9999999999999999
vt 7.979727989493313e-17 0.9951109374999999
vt 0.004004687500000079 0.9951109374999999
vt 0.00345703125000008 0.9999999999999999
vt 0.0003515625000000003 0.9999999999999999
vt 0 0.9951109374999999
vt 0.0047078125 0.9951109374999999
vt 0.00435625 0.9999999999999999
vt 0.00012109375000000011 0.9999999999999999
vt 0 0.9951109374999999
vt 0.0049499999999999995 0.9951109374999999
vt 0.004828906250000001 0.9999999999999999
vt 0 0.9951109374999999
vt 0.0015296874999999998 0.9951109374999999
vt 0.00076484375 0.9999999999999999
vt 0.00068984375 0.9999999999999999
vt 0 0.9951109374999999
vt 0.0029093750000000005 0.9951109374999999
vt 0.00221953125 0.9999999999999999
vt 0.0005476562500000795 0.9999999999999999
vt 7.979727989493313e-17 0.9951109374999999
vt 0.004004687500000079 0.9951109374999999
vt 0.00345703125000008 0.9999999999999999
vt 0.0003515625000000003 0.9999999999999999
vt 0 0.9951109374999999
vt 0.0047078125 0.9951109374999999
vt 0.00435625 0.9999999999999999
vt 0.00012109375000000011 0.9999999999999999
vt 0 0.9951109374999999
vt 0.0049499999999999995 0.9951109374999999
vt 0.004828906250000001 0.9999999999999999
vt 0 0.9951109374999999
vt 0.0015296874999999998 0.9951109374999999
vt 0.00076484375 0.9999999999999999
vt 0.00068984375 0.9999999999999999
vt 0 0.9951109374999999
vt 0.0029093750000000005 0.9951109374999999
vt 0.00221953125 0.9999999999999999
vt 0.0005476562500000795 0.9999999999999999
vt 7.979727989493313e-17 0.9951109374999999
vt 0.004004687500000079 0.9951109374999999
vt 0.00345703125000008 0.9999999999999999
vt 0.0003515625000000003 0.9999999999999999
vt 0 0.9951109374999999
vt 0.0047078125 0.9951109374999999
vt 0.00435625 0.9999999999999999
vt 0.00012109375000000011 0.9999999999999999
vt 0 0.9951109374999999
vt 0.0049499999999999995 0.9951109374999999
vt 0.004828906250000001 0.9999999999999999
vt 0 0.9951109374999999
vt 0.0015296874999999998 0.9951109374999999
vt 0.00076484375 0.9999999999999999
vt 0.00068984375 0.9999999999999999
vt 0 0.9951109374999999
vt 0.0029093750000000005 0.9951109374999999
vt 0.00221953125 0.9999999999999999
vt 0.0005476562500000795 0.9999999999999999
vt 7.979727989493313e-17 0.9951109374999999
vt 0.004004687500000079 0.9951109374999999
vt 0.00345703125000008 0.9999999999999999
vt 0.0003515625000000003 0.9999999999999999
vt 0 0.9951109374999999
vt 0.0047078125 0.9951109374999999
vt 0.00435625 0.9999999999999999
vt 0.00012109375000000011 0.9999999999999999
vt 0 0.9951109374999999
vt 0.0049499999999999995 0.9951109374999999
vt 0.004828906250000001 0.9999999999999999
vt 0 0.9951109374999999
vt 0.0015296874999999998 0.9951109374999999
vt 0.00076484375 0.9999999999999999
vt 0.00068984375 0.9999999999999999
vt 0 0.9951109374999999
vt 0.0029093750000000005 0.9951109374999999
vt 0.00221953125 0.9999999999999999
vt 0.0005476562500000795 0.9999999999999999
vt 7.979727989493313e-17 0.9951109374999999
vt 0.004004687500000079 0.9951109374999999
vt 0.00345703125000008 0.9999999999999999
vt 0.0003515625000000003 0.9999999999999999
vt 0 0.9951109374999999
vt 0.0047078125 0.9951109374999999
vt 0.00435625 0.9999999999999999
vt 0.00012109375000000011 0.9999999999999999
vt 0 0.9951109374999999
vt 0.0049499999999999995 0.9951109374999999
vt 0.004828906250000001 0.9999999999999999
vt 0 1
vt 0 1
vt 0 1
vt 0 1
vt 0 1
vt 0 1
vt 0 1
vt 0 1
vt 0 1
vt 0 1
vt 0 1
vt 0 1
vt 0 1
vt 0 1
vt 0 1
vt 0 1
vt 0 1
vt 0 1
vt 0 1
vt 0 1
vt 0 1
vt 0 1
vt 0 1
vt 0 1
vt 0 1
vt 0 1
vt 0 1
vt 0 1
vt 0 1
vt 0 1
vt 0 1
vt 0 1
vt 0 1
vt 0 1
vt 0 1
vt 0 1
vn -0.0628937520210358 0.979069030881822 -0.19356706518632355
vn -0.17178247770021954 0.8312493247837484 -0.528692103593137
vn -0.24580191935493848 0.6060432152628563 -0.7565005206047697
vn -0.28807130855913804 0.36189635589937214 -0.8865923238849865
vn -0.30679129279355616 0.11980470321494656 -0.9442065111794332
vn -0.11963102538771489 0.979069030881822 -0.16465798047107802
vn -0.3267496896042398 0.831249324783748 -0.4497323652908426
vn -0.46754303424073906 0.6060432152628566 -0.6435177793711856
vn -0.5479441903256783 0.3618963558993721 -0.7541804769914772
vn -0.5835517163078486 0.1198047032149462 -0.8031900319860443
vn -0.16465798047107835 0.979069030881822 -0.11963102538771445
vn -0.4497323652908436 0.8312493247837482 -0.32674968960423817
vn -0.6435177793711878 0.6060432152628561 -0.46754303424073684
vn -0.7541804769914777 0.36189635589937275 -0.5479441903256769
vn -0.8031900319860454 0.11980470321494664 -0.5835517163078469
vn -0.19356706518632388 0.979069030881822 -0.06289375202103505
vn -0.5286921035931377 0.831249324783748 -0.17178247770021832
vn -0.7565005206047704 0.6060432152628562 -0.2458019193549365
vn -0.8865923238849867 0.36189635589937413 -0.2880713085591353
vn -0.9442065111794345 0.11980470321494614 -0.30679129279355216
vn -0.20352845690008553 0.979069030881822 0
vn -0.5558997751812486 0.8312493247837481 1.333516158195701e-15
vn -0.7954317200324988 0.606043215262856 0
vn -0.932218336864682 0.36189635589937424 2.69944355882948e-15
vn -0.9927974783849821 0.11980470321494556 2.7882394659068822e-15
vn -0.19356706518632355 0.9790690308818222 0.06289375202103595
vn -0.5286921035931372 0.831249324783748 0.17178247770021984
vn -0.7565005206047694 0.6060432152628568 0.24580191935493823
vn -0.8865923238849864 0.3618963558993724 0.28807130855913865
vn -0.9442065111794337 0.11980470321494567 0.30679129279355527
vn -0.16465798047107774 0.979069030881822 0.1196310253877155
vn -0.4497323652908429 0.831249324783748 0.32674968960423967
vn -0.6435177793711854 0.606043215262857 0.4675430342407389
vn -0.7541804769914778 0.3618963558993717 0.5479441903256775
vn -0.8031900319860438 0.11980470321494639 0.5835517163078496
vn -0.11963102538771495 0.979069030881822 0.1646579804710781
vn -0.3267496896042381 0.8312493247837486 0.44973236529084326
vn -0.46754303424073607 0.6060432152628563 0.6435177793711883
vn -0.5479441903256755 0.3618963558993724 0.7541804769914788
vn -0.5835517163078469 0.11980470321494517 0.8031900319860459
vn -0.06289375202103518 0.9790690308818221 0.1935670651863238
vn -0.17178247770021754 0.8312493247837479 0.528692103593138
vn -0.2458019193549374 0.6060432152628561 0.7565005206047702
vn -0.2880713085591346 0.3618963558993726 0.8865923238849875
vn -0.30679129279355266 0.11980470321494559 0.9442065111794345
vn 3.462595455703062e-16 0.979069030881822 0.20352845690008556
vn 0 0.8312493247837479 0.555899775181249
vn 1.3351152364316046e-15 0.606043215262857 0.7954317200324982
vn 9.97620445654373e-16 0.36189635589937097 0.9322183368646831
vn 1.394119732953442e-15 0.11980470321494636 0.9927974783849819
vn 0.06289375202103584 0.979069030881822 0.19356706518632358
vn 0.17178247770021923 0.8312493247837481 0.5286921035931371
vn 0.2458019193549394 0.6060432152628559 0.7565005206047698
vn 0.2880713085591379 0.3618963558993714 0.8865923238849871
vn 0.30679129279355555 0.11980470321494631 0.9442065111794335
vn 0.11963102538771499 0.9790690308818221 0.16465798047107807
vn 0.32674968960424156 0.8312493247837481 0.4497323652908414
vn 0.46754303424073923 0.6060432152628553 0.6435177793711869
vn 0.5479441903256774 0.36189635589937175 0.7541804769914778
vn 0.5835517163078483 0.11980470321494642 0.8031900319860444
vn 0.16465798047107819 0.979069030881822 0.11963102538771475
vn 0.4497323652908443 0.8312493247837477 0.3267496896042385
vn 0.6435177793711876 0.6060432152628558 0.4675430342407375
vn 0.7541804769914785 0.36189635589937263 0.5479441903256763
vn 0.8031900319860463 0.1198047032149459 0.5835517163078459
vn 0.19356706518632413 0.9790690308818221 0.06289375202103467
vn 0.528692103593139 0.8312493247837472 0.17178247770021804
vn 0.7565005206047705 0.6060432152628564 0.24580191935493667
vn 0.8865923238849878 0.3618963558993725 0.28807130855913415
vn 0.9442065111794342 0.11980470321494503 0.3067912927935535
vn 0.2035284569000857 0.9790690308818221 0
vn 0.5558997751812497 0.8312493247837475 0
vn 0.7954317200324984 0.6060432152628565 -1.335115236431602e-15
vn 0.9322183368646829 0.36189635589937164 0
vn 0.9927974783849819 0.11980470321494666 -1.3941197329534423e-15
vn 0.19356706518632374 0.9790690308818221 -0.06289375202103561
vn 0.5286921035931378 0.8312493247837475 -0.17178247770022045
vn 0.7565005206047699 0.6060432152628561 -0.24580191935493817
vn 0.8865923238849863 0.36189635589937263 -0.28807130855913826
vn 0.9442065111794338 0.11980470321494557 -0.3067912927935548
vn 0.1646579804710777 0.979069030881822 -0.11963102538771563
vn 0.44973236529084376 0.8312493247837472 -0.3267496896042403
vn 0.6435177793711857 0.6060432152628568 -0.46754303424073884
vn 0.754180476991477 0.361896355899372 -0.5479441903256789
vn 0.8031900319860438 0.11980470321494649 -0.5835517163078496
vn 0.11963102538771479 0.979069030881822 -0.1646579804710783
vn 0.32674968960424033 0.8312493247837479 -0.44973236529084254
vn 0.46754303424073734 0.6060432152628564 -0.6435177793711871
vn 0.5479441903256768 0.3618963558993718 -0.7541804769914783
vn 0.5835517163078465 0.11980470321494642 -0.8031900319860458
vn 0.06289375202103521 0.979069030881822 -0.1935670651863238
vn 0.17178247770021768 0.831249324783748 -0.5286921035931378
vn 0.24580191935493736 0.6060432152628561 -0.7565005206047705
vn 0.2880713085591354 0.36189635589937225 -0.8865923238849875
vn 0.30679129279355344 0.11980470321494589 -0.9442065111794343
vn -1.154198485234354e-16 0.979069030881822 -0.20352845690008556
vn 0 0.831249324783748 -0.5558997751812488
vn -1.335115236431602e-15 0.6060432152628568 -0.7954317200324983
vn -1.0563040012811005e-15 0.36189635589937164 -0.932218336864683
vn -1.3941197329534381e-15 0.11980470321494663 -0.9927974783849819
vn 1.3333189042397394e-15 -1 1.83515603401801e-15
vn 0 -1 0
vn 0 -1 0
vn -3.180116737579279e-30 -1 -2.2683776073651636e-15
vn 0 -1 0
vn -3.180116737579289e-30 -1 -2.2683776073651648e-15
vn -2.9855596145439544e-16 -1 2.8844906183963865e-31
vn 0 -1 0
vn -2.8394359261996797e-16 -1 -9.225886586135949e-17
usemtl m_31e1a0cb-702c-e28f-3575-519f33112ae7
f 368/1441/376 369/1442/376 370/1443/376
f 368/1444/377 371/1445/377 372/1446/377 369/1447/377
f 371/1448/378 373/1449/378 374/1450/378 372/1451/378
f 373/1452/379 375/1453/379 376/1454/379 374/1455/379
f 375/1456/380 377/1457/380 378/1458/380 376/1459/380
f 369/1460/381 379/1461/381 370/1462/381
f 369/1463/382 372/1464/382 380/1465/382 379/1466/382
f 372/1467/383 374/1468/383 381/1469/383 380/1470/383
f 374/1471/384 376/1472/384 382/1473/384 381/1474/384
f 376/1475/385 378/1476/385 383/1477/385 382/1478/385
f 379/1479/386 384/1480/386 370/1481/386
f 379/1482/387 380/1483/387 385/1484/387 384/1485/387
f 380/1486/388 381/1487/388 386/1488/388 385/1489/388
f 381/1490/389 382/1491/389 387/1492/389 386/1493/389
f 382/1494/390 383/1495/390 388/1496/390 387/1497/390
f 384/1498/391 389/1499/391 370/1500/391
f 384/1501/392 385/1502/392 390/1503/392 389/1504/392
f 385/1505/393 386/1506/393 391/1507/393 390/1508/393
f 386/1509/394 387/1510/394 392/1511/394 391/1512/394
f 387/1513/395 388/1514/395 393/1515/395 392/1516/395
f 389/1517/396 394/1518/396 370/1519/396
f 389/1520/397 390/1521/397 395/1522/397 394/1523/397
f 390/1524/398 391/1525/398 396/1526/398 395/1527/398
f 391/1528/399 392/1529/399 397/1530/399 396/1531/399
f 392/1532/400 393/1533/400 398/1534/400 397/1535/400
f 394/1536/401 399/1537/401 370/1538/401
f 394/1539/402 395/1540/402 400/1541/402 399/1542/402
f 395/1543/403 396/1544/403 401/1545/403 400/1546/403
f 396/1547/404 397/1548/404 402/1549/404 401/1550/404
f 397/1551/405 398/1552/405 403/1553/405 402/1554/405
f 399/1555/406 404/1556/406 370/1557/406
f 399/1558/407 400/1559/407 405/1560/407 404/1561/407
f 400/1562/408 401/1563/408 406/1564/408 405/1565/408
f 401/1566/409 402/1567/409 407/1568/409 406/1569/409
f 402/1570/410 403/1571/410 408/1572/410 407/1573/410
f 404/1574/411 409/1575/411 370/1576/411
f 404/1577/412 405/1578/412 410/1579/412 409/1580/412
f 405/1581/413 406/1582/413 411/1583/413 410/1584/413
f 406/1585/414 407/1586/414 412/1587/414 411/1588/414
f 407/1589/415 408/1590/415 413/1591/415 412/1592/415
f 409/1593/416 414/1594/416 370/1595/416
f 409/1596/417 410/1597/417 415/1598/417 414/1599/417
f 410/1600/418 411/1601/418 416/1602/418 415/1603/418
f 411/1604/419 412/1605/419 417/1606/419 416/1607/419
f 412/1608/420 413/1609/420 418/1610/420 417/1611/420
f 414/1612/421 419/1613/421 370/1614/421
f 414/1615/422 415/1616/422 420/1617/422 419/1618/422
f 415/1619/423 416/1620/423 421/1621/423 420/1622/423
f 416/1623/424 417/1624/424 422/1625/424 421/1626/424
f 417/1627/425 418/1628/425 423/1629/425 422/1630/425
f 419/1631/426 424/1632/426 370/1633/426
f 419/1634/427 420/1635/427 425/1636/427 424/1637/427
f 420/1638/428 421/1639/428 426/1640/428 425/1641/428
f 421/1642/429 422/1643/429 427/1644/429 426/1645/429
f 422/1646/430 423/1647/430 428/1648/430 427/1649/430
f 424/1650/431 429/1651/431 370/1652/431
f 424/1653/432 425/1654/432 430/1655/432 429/1656/432
f 425/1657/433 426/1658/433 431/1659/433 430/1660/433
f 426/1661/434 427/1662/434 432/1663/434 431/1664/434
f 427/1665/435 428/1666/435 433/1667/435 432/1668/435
f 429/1669/436 434/1670/436 370/1671/436
f 429/1672/437 430/1673/437 435/1674/437 434/1675/437
f 430/1676/438 431/1677/438 436/1678/438 435/1679/438
f 431/1680/439 432/1681/439 437/1682/439 436/1683/439
f 432/1684/440 433/1685/440 438/1686/440 437/1687/440
f 434/1688/441 439/1689/441 370/1690/441
f 434/1691/442 435/1692/442 440/1693/442 439/1694/442
f 435/1695/443 436/1696/443 441/1697/443 440/1698/443
f 436/1699/444 437/1700/444 442/1701/444 441/1702/444
f 437/1703/445 438/1704/445 443/1705/445 442/1706/445
f 439/1707/446 444/1708/446 370/1709/446
f 439/1710/447 440/1711/447 445/1712/447 444/1713/447
f 440/1714/448 441/1715/448 446/1716/448 445/1717/448
f 441/1718/449 442/1719/449 447/1720/449 446/1721/449
f 442/1722/450 443/1723/450 448/1724/450 447/1725/450
f 444/1726/451 449/1727/451 370/1728/451
f 444/1729/452 445/1730/452 450/1731/452 449/1732/452
f 445/1733/453 446/1734/453 451/1735/453 450/1736/453
f 446/1737/454 447/1738/454 452/1739/454 451/1740/454
f 447/1741/455 448/1742/455 453/1743/455 452/1744/455
f 449/1745/456 454/1746/456 370/1747/456
f 449/1748/457 450/1749/457 455/1750/457 454/1751/457
f 450/1752/458 451/1753/458 456/1754/458 455/1755/458
f 451/1756/459 452/1757/459 457/1758/459 456/1759/459
f 452/1760/460 453/1761/460 458/1762/460 457/1763/460
f 454/1764/461 459/1765/461 370/1766/461
f 454/1767/462 455/1768/462 460/1769/462 459/1770/462
f 455/1771/463 456/1772/463 461/1773/463 460/1774/463
f 456/1775/464 457/1776/464 462/1777/464 461/1778/464
f 457/1779/465 458/1780/465 463/1781/465 462/1782/465
f 459/1783/466 464/1784/466 370/1785/466
f 459/1786/467 460/1787/467 465/1788/467 464/1789/467
f 460/1790/468 461/1791/468 466/1792/468 465/1793/468
f 461/1794/469 462/1795/469 467/1796/469 466/1797/469
f 462/1798/470 463/1799/470 468/1800/470 467/1801/470
f 464/1802/471 368/1803/471 370/1804/471
f 464/1805/472 465/1806/472 371/1807/472 368/1808/472
f 465/1809/473 466/1810/473 373/1811/473 371/1812/473
f 466/1813/474 467/1814/474 375/1815/474 373/1816/474
f 467/1817/475 468/1818/475 377/1819/475 375/1820/475
f 433/1821/476 428/1822/476 423/1823/476 438/1824/476
f 448/1825/477 443/1826/477 438/1827/477 453/1828/477
f 463/1829/478 458/1830/478 453/1831/478 468/1832/478
f 378/1833/479 377/1834/479 468/1835/479 383/1836/479
f 408/1837/480 403/1838/480 398/1839/480 413/1840/480
f 423/1841/481 418/1842/481 413/1843/481 438/1844/481
f 468/1845/482 453/1846/482 438/1847/482 383/1848/482
f 393/1849/483 388/1850/483 383/1851/483 398/1852/483
f 413/1853/484 398/1854/484 383/1855/484 438/1856/484