# Made in Blockbench 5.1.5
mtllib nyc_subway_fare_gate_3_entrance_closed.mtl

o left
v -0.375 0.375 0.375
v -0.375 0.375 -0.375
v -0.375 0 0.375
v -0.375 0 -0.375
v -0.625 0.375 -0.375
v -0.625 0.375 0.375
v -0.625 0 -0.375
v -0.625 0 0.375
vt 0.8828125 0.0506591796875
vt 0.904296875 0.0506591796875
vt 0.904296875 0.013671875
vt 0.8828125 0.013671875
vt 0.904296875 0.0506591796875
vt 0.96875 0.0506591796875
vt 0.96875 0.013671875
vt 0.904296875 0.013671875
vt 0.8828125 0.0506591796875
vt 0.904296875 0.0506591796875
vt 0.904296875 0.013671875
vt 0.8828125 0.013671875
vt 0.8828125 0.0506591796875
vt 0.947265625 0.0506591796875
vt 0.947265625 0.013671875
vt 0.8828125 0.013671875
vt 0.8828125 0.1123046875
vt 0.904296875 0.1123046875
vt 0.904296875 0.038330078125
vt 0.8828125 0.038330078125
vt 0.8828125 0.087646484375
vt 0.904296875 0.087646484375
vt 0.904296875 0.013671875
vt 0.8828125 0.013671875
vn 0 0 -1
vn 1 0 0
vn 0 0 1
vn -1 0 0
vn 0 1 0
vn 0 -1 0
usemtl m_cdc7856a-81b9-2323-aa40-5a8c37e12ffa
f 4/4/1 7/3/1 5/2/1 2/1/1
f 3/8/2 4/7/2 2/6/2 1/5/2
f 8/12/3 3/11/3 1/10/3 6/9/3
f 7/16/4 8/15/4 6/14/4 5/13/4
f 6/20/5 1/19/5 2/18/5 5/17/5
f 7/24/6 4/23/6 3/22/6 8/21/6
o left
v -0.375 1.25 0.46875
v -0.375 1.25 0.375
v -0.375 0.875 0.75
v -0.375 0.875 0.375
v -0.625 1.25 0.46875
v -0.625 1.25 0.375
v -0.625 0.875 0.75
v -0.625 0.875 0.375
v -0.375 0.96875 0.75
v -0.625 0.96875 0.75
v -0.625 0.96875 0.375
v -0.375 0.96875 0.375
vt 0.96484375 0.17578125
vt 1 0.140625
vt 0.953125 0.140625
vt 0.953125 0.17578125
vt 0.953125 0.17578125
vt 0.953125 0.140625
vt 1 0.140625
vt 0.96484375 0.17578125
vt 0.8173828125 0.03125
vt 0.8173828125 0.078125
vt 0.7861328125 0.078125
vt 0.7861328125 0.03125
vt 0.953125 0.0638427734375
vt 0.953125 0.095703125
vt 0.9140625 0.095703125
vt 0.9140625 0.0638427734375
vt 0.7861328125 0.09375
vt 0.7861328125 0.0625
vt 0.8173828125 0.0625
vt 0.8173828125 0.09375
vt 0.919921875 0.17578125
vt 0.919921875 0.140625
vt 0.951171875 0.140625
vt 0.951171875 0.17578125
vt 0.8173828125 0.03125
vt 0.8173828125 0.0625
vt 0.7861328125 0.0625
vt 0.7861328125 0.03125
vt 1 0.12890625
vt 1 0.140625
vt 0.953125 0.140625
vt 0.953125 0.12890625
vt 0.953125 0.0107421875
vt 0.953125 0.031982421875
vt 0.9140625 0.031982421875
vt 0.9140625 0.0107421875
vt 0.953125 0.12890625
vt 0.953125 0.140625
vt 1 0.140625
vt 1 0.12890625
vn 1 0 0
vn -1 0 0
vn 0 1 0
vn 0 -1 0
vn 0 0.7071067811865476 0.7071067811865476
vn 0 0 -1
vn 0 0 1
vn -1 0 0
vn 0 0 -1
vn 1 0 0
usemtl m_cdc7856a-81b9-2323-aa40-5a8c37e12ffa
f 9/25/7 17/26/7 20/27/7 10/28/7
f 14/29/8 19/30/8 18/31/8 13/32/8
f 9/33/9 10/34/9 14/35/9 13/36/9
f 12/37/10 11/38/10 15/39/10 16/40/10
f 13/41/11 18/42/11 17/43/11 9/44/11
f 10/45/12 20/46/12 19/47/12 14/48/12
f 11/49/13 17/50/13 18/51/13 15/52/13
f 15/53/14 18/54/14 19/55/14 16/56/14
f 16/57/15 19/58/15 20/59/15 12/60/15
f 12/61/16 20/62/16 17/63/16 11/64/16
o left
v -0.375 1.25 -0.375
v -0.375 1.25 -0.46875
v -0.375 0.875 -0.375
v -0.375 0.875 -0.75
v -0.625 1.25 -0.375
v -0.625 1.25 -0.46875
v -0.625 0.875 -0.375
v -0.625 0.875 -0.75
v -0.375 0.96875 -0.375
v -0.625 0.96875 -0.375
v -0.625 0.96875 -0.75
v -0.375 0.96875 -0.75
vt 0.953125 0.17578125
vt 0.953125 0.140625
vt 1 0.140625
vt 0.96484375 0.17578125
vt 0.96484375 0.17578125
vt 1 0.140625
vt 0.953125 0.140625
vt 0.953125 0.17578125
vt 0.7978515625 0.0341796875
vt 0.7978515625 0.0810546875
vt 0.7666015625 0.0810546875
vt 0.7666015625 0.0341796875
vt 0.953125 0.0638427734375
vt 0.953125 0.095703125
vt 0.9140625 0.095703125
vt 0.9140625 0.0638427734375
vt 0.919921875 0.17578125
vt 0.919921875 0.140625
vt 0.951171875 0.140625
vt 0.951171875 0.17578125
vt 0.791015625 0.064453125
vt 0.791015625 0.033203125
vt 0.822265625 0.033203125
vt 0.822265625 0.064453125
vt 0.953125 0.0107421875
vt 0.953125 0.031982421875
vt 0.9140625 0.031982421875
vt 0.9140625 0.0107421875
vt 0.953125 0.12890625
vt 0.953125 0.140625
vt 1 0.140625
vt 1 0.12890625
vt 0.7978515625 0.0341796875
vt 0.7978515625 0.0654296875
vt 0.7666015625 0.0654296875
vt 0.7666015625 0.0341796875
vt 1 0.12890625
vt 1 0.140625
vt 0.953125 0.140625
vt 0.953125 0.12890625
vn 1 0 0
vn -1 0 0
vn 0 1 0
vn 0 -1 0
vn 0 0 1
vn 0 0.7071067811865476 -0.7071067811865476
vn 0 0 1
vn -1 0 0
vn 0 0 -1
vn 1 0 0
usemtl m_cdc7856a-81b9-2323-aa40-5a8c37e12ffa
f 21/65/17 29/66/17 32/67/17 22/68/17
f 26/69/18 31/70/18 30/71/18 25/72/18
f 21/73/19 22/74/19 26/75/19 25/76/19
f 24/77/20 23/78/20 27/79/20 28/80/20
f 25/81/21 30/82/21 29/83/21 21/84/21
f 22/85/22 32/86/22 31/87/22 26/88/22
f 23/89/23 29/90/23 30/91/23 27/92/23
f 27/93/24 30/94/24 31/95/24 28/96/24
f 28/97/25 31/98/25 32/99/25 24/100/25
f 24/101/26 32/102/26 29/103/26 23/104/26
o left
v -0.5 1.21875 0.375
v -0.5 1.21875 -0.375
v -0.5 0.375 0.375
v -0.5 0.375 -0.375
v -0.5 1.21875 -0.375
v -0.5 1.21875 0.375
v -0.5 0.375 -0.375
v -0.5 0.375 0.375
vt 0.6455078125 0.10546875
vt 0.7392578125 0.10546875
vt 0.7392578125 0
vt 0.6455078125 0
vt 0.6455078125 0.10546875
vt 0.7392578125 0.10546875
vt 0.7392578125 0
vt 0.6455078125 0
vn 1 0 0
vn -1 0 0
usemtl m_cdc7856a-81b9-2323-aa40-5a8c37e12ffa
f 35/108/27 36/107/27 34/106/27 33/105/27
f 39/112/28 40/111/28 38/110/28 37/109/28
o left
v -0.5 0.375 0
v -0.5 1 0
v -0.4916265877365274 0.375 0.031249999999999997
v -0.4916265877365274 1 0.031249999999999997
v -0.4771234122634726 0.375 0.022876587736527416
v -0.4771234122634726 1 0.022876587736527416
v -0.46875 0.375 0.008373412263472583
v -0.46875 1 0.008373412263472583
v -0.46875 0.375 -0.008373412263472586
v -0.46875 1 -0.008373412263472586
v -0.4771234122634726 0.375 -0.022876587736527412
v -0.4771234122634726 1 -0.022876587736527412
v -0.4916265877365274 0.375 -0.031249999999999993
v -0.4916265877365274 1 -0.031249999999999993
v -0.5083734122634725 0.375 -0.03125
v -0.5083734122634725 1 -0.03125
v -0.5228765877365275 0.375 -0.02287658773652742
v -0.5228765877365275 1 -0.02287658773652742
v -0.53125 0.375 -0.008373412263472579
v -0.53125 1 -0.008373412263472579
v -0.53125 0.375 0.008373412263472569
v -0.53125 1 0.008373412263472569
v -0.5228765877365275 0.375 0.02287658773652741
v -0.5228765877365275 1 0.02287658773652741
v -0.5083734122634725 0.375 0.031249999999999997
v -0.5083734122634725 1 0.031249999999999997
vt 0.7843172044049106 0.09368124154754476
vt 0.7837758257755646 0.095703125
vt 0.7802734375 0.09368124154754476
vt 0.7802734375000001 0.033203125
vt 0.7823671875000001 0.033203125
vt 0.7823671875000001 0.095703125
vt 0.7802734375000001 0.095703125
vt 0.7802734375 0.09165902604867293
vt 0.7822951549428786 0.09220102429293708
vt 0.7802734375 0.095703125
vt 0.7843175364513271 0.0936814075571214
vt 0.7837755382070629 0.095703125
vt 0.7802734375 0.0936814075571214
vt 0.7802734375000001 0.033203125
vt 0.7823671875000001 0.033203125
vt 0.7823671875000001 0.095703125
vt 0.7802734375000001 0.095703125
vt 0.7802734375 0.0916593580950894
vt 0.7822953209524552 0.0922007367244354
vt 0.7802734375 0.095703125
vt 0.7841796875 0.09360937499999988
vt 0.7841796875 0.09570312499999989
vt 0.7802734375 0.09465624999999989
vt 0.7802734375000001 0.033203125
vt 0.7823671875000001 0.033203125
vt 0.7823671875000001 0.095703125
vt 0.7802734375000001 0.095703125
vt 0.7841796875 0.09360937499999988
vt 0.7841796875 0.09570312499999989
vt 0.7802734375 0.09465624999999989
vt 0.7802734375 0.0916593580950894
vt 0.7822953209524552 0.0922007367244354
vt 0.7802734375 0.095703125
vt 0.7802734375000001 0.033203125
vt 0.7823671875000001 0.033203125
vt 0.7823671875000001 0.095703125
vt 0.7802734375000001 0.095703125
vt 0.7843175364513271 0.0936814075571214
vt 0.7837755382070629 0.095703125
vt 0.7802734375 0.0936814075571214
vt 0.7802734375 0.09165902604867293
vt 0.7822951549428786 0.09220102429293708
vt 0.7802734375 0.095703125
vt 0.7802734375000001 0.033203125
vt 0.7823671875000001 0.033203125
vt 0.7823671875000001 0.095703125
vt 0.7802734375000001 0.095703125
vt 0.7843172044049106 0.09368124154754476
vt 0.7837758257755646 0.095703125
vt 0.7802734375 0.09368124154754476
vt 0.7802734375000001 0.091796875
vt 0.7823671875000001 0.091796875
vt 0.7813203125000001 0.095703125
vt 0.7802734375000001 0.033203125
vt 0.7823671875000001 0.033203125
vt 0.7823671875000001 0.095703125
vt 0.7802734375000001 0.095703125
vt 0.7823671875000001 0.095703125
vt 0.7802734375000001 0.095703125
vt 0.7813203125000001 0.091796875
vt 0.7802734375 0.095703125
vt 0.780814816129346 0.09368124154754476
vt 0.7843172044049106 0.095703125
vt 0.7802734375000001 0.033203125
vt 0.7823671875000001 0.033203125
vt 0.7823671875000001 0.095703125
vt 0.7802734375000001 0.095703125
vt 0.7822951549428786 0.095703125
vt 0.7802734375 0.09516112675573574
vt 0.7822951549428786 0.09165902604867293
vt 0.7802734375 0.095703125
vt 0.7808154357442643 0.0936814075571214
vt 0.7843175364513271 0.095703125
vt 0.7802734375000001 0.033203125
vt 0.7823671875000001 0.033203125
vt 0.7823671875000001 0.095703125
vt 0.7802734375000001 0.095703125
vt 0.7822953209524552 0.095703125
vt 0.7802734375 0.095161746370654
vt 0.7822953209524552 0.0916593580950894
vt 0.7802734375 0.09570312499999989
vt 0.7802734375 0.09360937499999988
vt 0.7841796875 0.09465624999999989
vt 0.7802734375000001 0.033203125
vt 0.7823671875000001 0.033203125
vt 0.7823671875000001 0.095703125
vt 0.7802734375000001 0.095703125
vt 0.7802734375 0.09570312499999989
vt 0.7802734375 0.09360937499999988
vt 0.7841796875 0.09465624999999989
vt 0.7822953209524552 0.095703125
vt 0.7802734375 0.095161746370654
vt 0.7822953209524552 0.0916593580950894
vt 0.7802734375000001 0.033203125
vt 0.7823671875000001 0.033203125
vt 0.7823671875000001 0.095703125
vt 0.7802734375000001 0.095703125
vt 0.7802734375 0.095703125
vt 0.7808154357442643 0.0936814075571214
vt 0.7843175364513271 0.095703125
vt 0.7822951549428786 0.095703125
vt 0.7802734375 0.09516112675573574
vt 0.7822951549428786 0.09165902604867293
vt 0.7802734375000001 0.033203125
vt 0.7823671875000001 0.033203125
vt 0.7823671875000001 0.095703125
vt 0.7802734375000001 0.095703125
vt 0.7802734375 0.095703125
vt 0.780814816129346 0.09368124154754476
vt 0.7843172044049106 0.095703125
vt 0.7823671875000001 0.095703125
vt 0.7802734375000001 0.095703125
vt 0.7813203125000001 0.091796875
vt 0.7802734375000001 0.033203125
vt 0.7823671875000001 0.033203125
vt 0.7823671875000001 0.095703125
vt 0.7802734375000001 0.095703125
vt 0.7802734375000001 0.091796875
vt 0.7823671875000001 0.091796875
vt 0.7813203125000001 0.095703125
vn 0 -1 0
vn 0.49999999999999983 0 0.8660254037844387
vn 0 1 0
vn 0 -1 0
vn 0.8660254037844388 0 0.5
vn 0 1 0
vn 0 -1 0
vn 1 0 0
vn 0 1 0
vn 0 -1 0
vn 0.8660254037844387 0 -0.49999999999999994
vn 0 1 0
vn 0 -1 0
vn 0.5000000000000001 0 -0.8660254037844386
vn 0 1 0
vn 0 -1 0
vn 4.143408735633879e-16 0 -1
vn 0 1 0
vn 0 -1 0
vn -0.4999999999999996 0 -0.8660254037844389
vn 0 1 0
vn 0 -1 0
vn -0.8660254037844388 0 -0.4999999999999998
vn 0 1 0
vn 0 -1 0
vn -1 0 -2.0717043678169412e-16
vn 0 1 0
vn 0 -1 0
vn -0.8660254037844389 0 0.4999999999999996
vn 0 1 0
vn 0 -1 0
vn -0.4999999999999999 0 0.8660254037844386
vn 0 1 0
vn 0 -1 0
vn 0 0 1
vn 0 1 0
usemtl m_cdc7856a-81b9-2323-aa40-5a8c37e12ffa
f 45/113/29 43/114/29 41/115/29
f 43/116/30 45/117/30 46/118/30 44/119/30
f 44/120/31 46/121/31 42/122/31
f 47/123/32 45/124/32 41/125/32
f 45/126/33 47/127/33 48/128/33 46/129/33
f 46/130/34 48/131/34 42/132/34
f 49/133/35 47/134/35 41/135/35
f 47/136/36 49/137/36 50/138/36 48/139/36
f 48/140/37 50/141/37 42/142/37
f 51/143/38 49/144/38 41/145/38
f 49/146/39 51/147/39 52/148/39 50/149/39
f 50/150/40 52/151/40 42/152/40
f 53/153/41 51/154/41 41/155/41
f 51/156/42 53/157/42 54/158/42 52/159/42
f 52/160/43 54/161/43 42/162/43
f 55/163/44 53/164/44 41/165/44
f 53/166/45 55/167/45 56/168/45 54/169/45
f 54/170/46 56/171/46 42/172/46
f 57/173/47 55/174/47 41/175/47
f 55/176/48 57/177/48 58/178/48 56/179/48
f 56/180/49 58/181/49 42/182/49
f 59/183/50 57/184/50 41/185/50
f 57/186/51 59/187/51 60/188/51 58/189/51
f 58/190/52 60/191/52 42/192/52
f 61/193/53 59/194/53 41/195/53
f 59/196/54 61/197/54 62/198/54 60/199/54
f 60/200/55 62/201/55 42/202/55
f 63/203/56 61/204/56 41/205/56
f 61/206/57 63/207/57 64/208/57 62/209/57
f 62/210/58 64/211/58 42/212/58
f 65/213/59 63/214/59 41/215/59
f 63/216/60 65/217/60 66/218/60 64/219/60
f 64/220/61 66/221/61 42/222/61
f 43/223/62 65/224/62 41/225/62
f 65/226/63 43/227/63 44/228/63 66/229/63
f 66/230/64 44/231/64 42/232/64
o left
v -0.5 1 -2.7755575615628907e-18
v -0.5 1.21875 -2.7755575615628907e-18
v -0.47487976320958225 1 0.09375
v -0.46650635094610965 1.21875 0.12499999999999999
v -0.43137023679041775 1 0.06862976320958225
v -0.40849364905389035 1.21875 0.09150635094610966
v -0.40625 1 0.025120236790417746
v -0.375 1.21875 0.03349364905389033
v -0.40625 1 -0.025120236790417763
v -0.375 1.21875 -0.03349364905389035
v -0.43137023679041775 1 -0.06862976320958225
v -0.40849364905389035 1.21875 -0.09150635094610966
v -0.47487976320958225 1 -0.09374999999999997
v -0.46650635094610965 1.21875 -0.12499999999999997
v -0.5251202367904177 1 -0.09375
v -0.5334936490538903 1.21875 -0.125
v -0.5686297632095823 1 -0.06862976320958225
v -0.5915063509461097 1.21875 -0.09150635094610969
v -0.59375 1 -0.02512023679041775
v -0.625 1.21875 -0.03349364905389033
v -0.59375 1 0.025120236790417704
v -0.625 1.21875 0.033493649053890275
v -0.5686297632095823 1 0.06862976320958222
v -0.5915063509461097 1.21875 0.09150635094610964
v -0.5251202367904177 1 0.09375
v -0.5334936490538903 1.21875 0.12499999999999999
v -0.375 1.046875 -0.03349364905389035
v -0.375 1.046875 0.03349364905389033
v -0.40849364905389035 1.046875 0.09150635094610966
v -0.46650635094610965 1.046875 0.12499999999999999
v -0.5334936490538903 1.046875 0.12499999999999999
v -0.5915063509461097 1.046875 0.09150635094610964
v -0.625 1.046875 0.033493649053890275
v -0.625 1.046875 -0.03349364905389033
v -0.5915063509461097 1.046875 -0.09150635094610969
v -0.5334936490538903 1.046875 -0.125
v -0.46650635094610965 1.046875 -0.12499999999999997
v -0.40849364905389035 1.046875 -0.09150635094610966
vt 0.8004933768788984 0.08559315531055078
vt 0.7977848264506503 0.095703125
vt 0.7802734375 0.08559315531055078
vt 0.7802734375 0.095703125
vt 0.7802734375 0.072265625
vt 0.790740625 0.072265625
vt 0.790740625 0.095703125
vt 0.7802734375 0.07548283246743415
vt 0.7903832306156995 0.07819204189117768
vt 0.7802734375 0.095703125
vt 0.8004937300325659 0.08559333188430052
vt 0.7977845206088223 0.095703125
vt 0.7802734375 0.08559333188430052
vt 0.7802734375 0.095703125
vt 0.7802734375 0.072265625
vt 0.790740625 0.072265625
vt 0.790740625 0.095703125
vt 0.7802734375 0.07548318562110157
vt 0.7903834071894492 0.0781917360493497
vt 0.7802734375 0.095703125
vt 0.7998046875 0.08523593750000003
vt 0.7998046875 0.095703125
vt 0.7802734375 0.09046953125000001
vt 0.7802734375 0.095703125
vt 0.7802734375 0.072265625
vt 0.790740625 0.072265625
vt 0.790740625 0.095703125
vt 0.7998046875 0.08523593750000003
vt 0.7998046875 0.095703125
vt 0.7802734375 0.09046953125000001
vt 0.7802734375 0.07548318562110157
vt 0.7903834071894492 0.0781917360493497
vt 0.7802734375 0.095703125
vt 0.7802734375 0.095703125
vt 0.7802734375 0.072265625
vt 0.790740625 0.072265625
vt 0.790740625 0.095703125
vt 0.8004937300325659 0.08559333188430052
vt 0.7977845206088223 0.095703125
vt 0.7802734375 0.08559333188430052
vt 0.7802734375 0.07548283246743415
vt 0.7903832306156995 0.07819204189117768
vt 0.7802734375 0.095703125
vt 0.7802734375 0.095703125
vt 0.7802734375 0.072265625
vt 0.790740625 0.072265625
vt 0.790740625 0.095703125
vt 0.8004933768788984 0.08559315531055078
vt 0.7977848264506503 0.095703125
vt 0.7802734375 0.08559315531055078
vt 0.7802734375 0.076171875
vt 0.790740625 0.076171875
vt 0.78550703125 0.095703125
vt 0.7802734375 0.095703125
vt 0.7802734375 0.072265625
vt 0.790740625 0.072265625
vt 0.790740625 0.095703125
vt 0.790740625 0.095703125
vt 0.7802734375 0.095703125
vt 0.78550703125 0.076171875
vt 0.7802734375 0.095703125
vt 0.7829819879282481 0.08559315531055078
vt 0.8004933768788984 0.095703125
vt 0.7802734375 0.095703125
vt 0.7802734375 0.072265625
vt 0.790740625 0.072265625
vt 0.790740625 0.095703125
vt 0.7903832306156995 0.095703125
vt 0.7802734375 0.09299391557625647
vt 0.7903832306156995 0.07548283246743415
vt 0.7802734375 0.095703125
vt 0.7829826469237435 0.08559333188430052
vt 0.8004937300325659 0.095703125
vt 0.7802734375 0.095703125
vt 0.7802734375 0.072265625
vt 0.790740625 0.072265625
vt 0.790740625 0.095703125
vt 0.7903834071894492 0.095703125
vt 0.7802734375 0.09299457457175186
vt 0.7903834071894492 0.07548318562110157
vt 0.7802734375 0.095703125
vt 0.7802734375 0.08523593750000003
vt 0.7998046875 0.09046953125000001
vt 0.7802734375 0.095703125
vt 0.7802734375 0.072265625
vt 0.790740625 0.072265625
vt 0.790740625 0.095703125
vt 0.7802734375 0.095703125
vt 0.7802734375 0.08523593750000003
vt 0.7998046875 0.09046953125000001
vt 0.7903834071894492 0.095703125
vt 0.7802734375 0.09299457457175186
vt 0.7903834071894492 0.07548318562110157
vt 0.7802734375 0.095703125
vt 0.7802734375 0.072265625
vt 0.790740625 0.072265625
vt 0.790740625 0.095703125
vt 0.7802734375 0.095703125
vt 0.7829826469237435 0.08559333188430052
vt 0.8004937300325659 0.095703125
vt 0.7903832306156995 0.095703125
vt 0.7802734375 0.09299391557625647
vt 0.7903832306156995 0.07548283246743415
vt 0.7802734375 0.095703125
vt 0.7802734375 0.072265625
vt 0.790740625 0.072265625
vt 0.790740625 0.095703125
vt 0.7802734375 0.095703125
vt 0.7829819879282481 0.08559315531055078
vt 0.8004933768788984 0.095703125
vt 0.790740625 0.095703125
vt 0.7802734375 0.095703125
vt 0.78550703125 0.076171875
vt 0.7802734375 0.095703125
vt 0.7802734375 0.072265625
vt 0.790740625 0.072265625
vt 0.790740625 0.095703125
vt 0.7802734375 0.076171875
vt 0.790740625 0.076171875
vt 0.78550703125 0.095703125
vt 0.790740625 0.048828125
vt 0.790740625 0.072265625
vt 0.7802734375 0.072265625
vt 0.7802734375 0.048828125
vt 0.790740625 0.048828125
vt 0.790740625 0.072265625
vt 0.7802734375 0.072265625
vt 0.7802734375 0.048828125
vt 0.790740625 0.048828125
vt 0.790740625 0.072265625
vt 0.7802734375 0.072265625
vt 0.7802734375 0.048828125
vt 0.790740625 0.048828125
vt 0.790740625 0.072265625
vt 0.7802734375 0.072265625
vt 0.7802734375 0.048828125
vt 0.790740625 0.048828125
vt 0.790740625 0.072265625
vt 0.7802734375 0.072265625
vt 0.7802734375 0.048828125
vt 0.790740625 0.048828125
vt 0.790740625 0.072265625
vt 0.7802734375 0.072265625
vt 0.7802734375 0.048828125
vt 0.790740625 0.048828125
vt 0.790740625 0.072265625
vt 0.7802734375 0.072265625
vt 0.7802734375 0.048828125
vt 0.790740625 0.048828125
vt 0.790740625 0.072265625
vt 0.7802734375 0.072265625
vt 0.7802734375 0.048828125
vt 0.790740625 0.048828125
vt 0.790740625 0.072265625
vt 0.7802734375 0.072265625
vt 0.7802734375 0.048828125
vt 0.790740625 0.048828125
vt 0.790740625 0.072265625
vt 0.7802734375 0.072265625
vt 0.7802734375 0.048828125
vt 0.790740625 0.048828125
vt 0.790740625 0.072265625
vt 0.7802734375 0.072265625
vt 0.7802734375 0.048828125
vt 0.790740625 0.048828125
vt 0.790740625 0.072265625
vt 0.7802734375 0.072265625
vt 0.7802734375 0.048828125
vn 0 -1 0
vn 0.49999999999999994 0 0.8660254037844388
vn 0 1 0
vn 0 -1 0
vn 0.8660254037844387 0 0.49999999999999994
vn 0 1 0
vn 0 -1 0
vn 1 0 0
vn 0 1 0
vn 0 -1 0
vn 0.8660254037844388 0 -0.5
vn 0 1 0
vn 0 -1 0
vn 0.49999999999999983 0 -0.8660254037844387
vn 0 1 0
vn 0 -1 0
vn 4.1434087356338784e-16 0 -1
vn 0 1 0
vn 0 -1 0
vn -0.49999999999999933 0 -0.866025403784439
vn 0 1 0
vn 0 -1 0
vn -0.8660254037844388 0 -0.4999999999999998
vn 0 1 0
vn 0 -1 0
vn -1 0 0
vn 0 1 0
vn 0 -1 0
vn -0.8660254037844389 0 0.4999999999999995
vn 0 1 0
vn 0 -1 0
vn -0.49999999999999994 0 0.8660254037844387
vn 0 1 0
vn 0 -1 0
vn 0 0 1
vn 0 1 0
vn 0.8320502943378438 -0.5547001962252289 0
vn 0.7205766921228922 -0.554700196225229 0.4160251471689218
vn 0.4160251471689217 -0.5547001962252293 0.7205766921228922
vn 0 -0.5547001962252289 0.8320502943378438
vn -0.4160251471689219 -0.554700196225229 0.7205766921228922
vn -0.7205766921228922 -0.5547001962252294 0.41602514716892136
vn -0.8320502943378437 -0.5547001962252291 0
vn -0.7205766921228922 -0.5547001962252293 -0.41602514716892175
vn -0.4160251471689212 -0.5547001962252293 -0.7205766921228923
vn 3.4475244580461617e-16 -0.5547001962252291 -0.8320502943378437
vn 0.41602514716892175 -0.5547001962252293 -0.7205766921228922
vn 0.7205766921228922 -0.554700196225229 -0.41602514716892175
usemtl m_cdc7856a-81b9-2323-aa40-5a8c37e12ffa
f 71/233/65 69/234/65 67/235/65
f 70/236/66 96/237/66 95/238/66 72/239/66
f 70/240/67 72/241/67 68/242/67
f 73/243/68 71/244/68 67/245/68
f 72/246/69 95/247/69 94/248/69 74/249/69
f 72/250/70 74/251/70 68/252/70
f 75/253/71 73/254/71 67/255/71
f 74/256/72 94/257/72 93/258/72 76/259/72
f 74/260/73 76/261/73 68/262/73
f 77/263/74 75/264/74 67/265/74
f 76/266/75 93/267/75 104/268/75 78/269/75
f 76/270/76 78/271/76 68/272/76
f 79/273/77 77/274/77 67/275/77
f 78/276/78 104/277/78 103/278/78 80/279/78
f 78/280/79 80/281/79 68/282/79
f 81/283/80 79/284/80 67/285/80
f 80/286/81 103/287/81 102/288/81 82/289/81
f 80/290/82 82/291/82 68/292/82
f 83/293/83 81/294/83 67/295/83
f 82/296/84 102/297/84 101/298/84 84/299/84
f 82/300/85 84/301/85 68/302/85
f 85/303/86 83/304/86 67/305/86
f 84/306/87 101/307/87 100/308/87 86/309/87
f 84/310/88 86/311/88 68/312/88
f 87/313/89 85/314/89 67/315/89
f 86/316/90 100/317/90 99/318/90 88/319/90
f 86/320/91 88/321/91 68/322/91
f 89/323/92 87/324/92 67/325/92
f 88/326/93 99/327/93 98/328/93 90/329/93
f 88/330/94 90/331/94 68/332/94
f 91/333/95 89/334/95 67/335/95
f 90/336/96 98/337/96 97/338/96 92/339/96
f 90/340/97 92/341/97 68/342/97
f 69/343/98 91/344/98 67/345/98
f 92/346/99 97/347/99 96/348/99 70/349/99
f 92/350/100 70/351/100 68/352/100
f 75/353/101 93/354/101 94/355/101 73/356/101
f 73/357/102 94/358/102 95/359/102 71/360/102
f 71/361/103 95/362/103 96/363/103 69/364/103
f 69/365/104 96/366/104 97/367/104 91/368/104
f 91/369/105 97/370/105 98/371/105 89/372/105
f 89/373/106 98/374/106 99/375/106 87/376/106
f 87/377/107 99/378/107 100/379/107 85/380/107
f 85/381/108 100/382/108 101/383/108 83/384/108
f 83/385/109 101/386/109 102/387/109 81/388/109
f 81/389/110 102/390/110 103/391/110 79/392/110
f 79/393/111 103/394/111 104/395/111 77/396/111
f 77/397/112 104/398/112 93/399/112 75/400/112
o left
v -0.5 1.25 0
v -0.48325317547305485 1.2458132938682638 0.062499999999999986
v -0.47099364905389035 1.234375 0.10825317547305482
v -0.46650635094610965 1.21875 0.12499999999999999
v -0.4542468245269452 1.2458132938682638 0.04575317547305482
v -0.42075317547305485 1.234375 0.07924682452694516
v -0.40849364905389035 1.21875 0.09150635094610966
v -0.4375 1.2458132938682638 0.01674682452694516
v -0.3917468245269452 1.234375 0.029006350946109656
v -0.375 1.21875 0.03349364905389033
v -0.4375 1.2458132938682638 -0.01674682452694517
v -0.3917468245269452 1.234375 -0.02900635094610967
v -0.375 1.21875 -0.033493649053890344
v -0.4542468245269452 1.2458132938682638 -0.04575317547305481
v -0.42075317547305485 1.234375 -0.07924682452694516
v -0.40849364905389035 1.21875 -0.09150635094610965
v -0.4832531754730548 1.2458132938682638 -0.06249999999999997
v -0.4709936490538903 1.234375 -0.10825317547305481
v -0.46650635094610965 1.21875 -0.12499999999999997
v -0.5167468245269451 1.2458132938682638 -0.06249999999999999
v -0.5290063509461096 1.234375 -0.10825317547305484
v -0.5334936490538903 1.21875 -0.125
v -0.5457531754730548 1.2458132938682638 -0.045753175473054825
v -0.5792468245269452 1.234375 -0.07924682452694518
v -0.5915063509461096 1.21875 -0.09150635094610968
v -0.5625 1.2458132938682638 -0.016746824526945155
v -0.6082531754730548 1.234375 -0.029006350946109646
v -0.625 1.21875 -0.033493649053890316
v -0.5625 1.2458132938682638 0.016746824526945134
v -0.6082531754730548 1.234375 0.029006350946109608
v -0.625 1.21875 0.033493649053890275
v -0.5457531754730548 1.2458132938682638 0.045753175473054804
v -0.5792468245269452 1.234375 0.07924682452694515
v -0.5915063509461097 1.21875 0.09150635094610964
v -0.5167468245269452 1.2458132938682638 0.062499999999999986
v -0.5290063509461096 1.234375 0.10825317547305482
v -0.5334936490538903 1.21875 0.12499999999999999
vt 0.7802734375000004 0.08761562499999997
vt 0.7844593750000004 0.08761562499999997
vt 0.7823664062500004 0.095703125
vt 0.7818062500000003 0.095703125
vt 0.7802734375000002 0.08761562499999997
vt 0.7875250000000003 0.08761562499999997
vt 0.7859921875000002 0.095703125
vt 0.780834375 0.095703125
vt 0.7802734375 0.08761562499999997
vt 0.788646875 0.08761562499999997
vt 0.7880859375 0.095703125
vt 0.7802734375000004 0.08761562499999997
vt 0.7844593750000004 0.08761562499999997
vt 0.7823664062500004 0.095703125
vt 0.7818062500000003 0.095703125
vt 0.7802734375000002 0.08761562499999997
vt 0.7875250000000003 0.08761562499999997
vt 0.7859921875000002 0.095703125
vt 0.780834375 0.095703125
vt 0.7802734375 0.08761562499999997
vt 0.788646875 0.08761562499999997
vt 0.7880859375 0.095703125
vt 0.7802734375000004 0.08761562499999997
vt 0.7844593750000004 0.08761562499999997
vt 0.7823664062500004 0.095703125
vt 0.7818062500000003 0.095703125
vt 0.7802734375000002 0.08761562499999997
vt 0.7875250000000003 0.08761562499999997
vt 0.7859921875000002 0.095703125
vt 0.780834375 0.095703125
vt 0.7802734375 0.08761562499999997
vt 0.788646875 0.08761562499999997
vt 0.7880859375 0.095703125
vt 0.7802734375000004 0.08761562499999997
vt 0.7844593750000004 0.08761562499999997
vt 0.7823664062500004 0.095703125
vt 0.7818062500000003 0.095703125
vt 0.7802734375000002 0.08761562499999997
vt 0.7875250000000003 0.08761562499999997
vt 0.7859921875000002 0.095703125
vt 0.780834375 0.095703125
vt 0.7802734375 0.08761562499999997
vt 0.788646875 0.08761562499999997
vt 0.7880859375 0.095703125
vt 0.7802734375000004 0.08761562499999997
vt 0.7844593750000004 0.08761562499999997
vt 0.7823664062500004 0.095703125
vt 0.7818062500000003 0.095703125
vt 0.7802734375000002 0.08761562499999997
vt 0.7875250000000003 0.08761562499999997
vt 0.7859921875000002 0.095703125
vt 0.780834375 0.095703125
vt 0.7802734375 0.08761562499999997
vt 0.788646875 0.08761562499999997
vt 0.7880859375 0.095703125
vt 0.7802734375000004 0.08761562499999997
vt 0.7844593750000004 0.08761562499999997
vt 0.7823664062500004 0.095703125
vt 0.7818062500000003 0.095703125
vt 0.7802734375000002 0.08761562499999997
vt 0.7875250000000003 0.08761562499999997
vt 0.7859921875000002 0.095703125
vt 0.780834375 0.095703125
vt 0.7802734375 0.08761562499999997
vt 0.788646875 0.08761562499999997
vt 0.7880859375 0.095703125
vt 0.7802734375000004 0.08761562499999997
vt 0.7844593750000004 0.08761562499999997
vt 0.7823664062500004 0.095703125
vt 0.7818062500000003 0.095703125
vt 0.7802734375000002 0.08761562499999997
vt 0.7875250000000003 0.08761562499999997
vt 0.7859921875000002 0.095703125
vt 0.780834375 0.095703125
vt 0.7802734375 0.08761562499999997
vt 0.788646875 0.08761562499999997
vt 0.7880859375 0.095703125
vt 0.7802734375000004 0.08761562499999997
vt 0.7844593750000004 0.08761562499999997
vt 0.7823664062500004 0.095703125
vt 0.7818062500000003 0.095703125
vt 0.7802734375000002 0.08761562499999997
vt 0.7875250000000003 0.08761562499999997
vt 0.7859921875000002 0.095703125
vt 0.780834375 0.095703125
vt 0.7802734375 0.08761562499999997
vt 0.788646875 0.08761562499999997
vt 0.7880859375 0.095703125
vt 0.7802734375000004 0.08761562499999997
vt 0.7844593750000004 0.08761562499999997
vt 0.7823664062500004 0.095703125
vt 0.7818062500000003 0.095703125
vt 0.7802734375000002 0.08761562499999997
vt 0.7875250000000003 0.08761562499999997
vt 0.7859921875000002 0.095703125
vt 0.780834375 0.095703125
vt 0.7802734375 0.08761562499999997
vt 0.788646875 0.08761562499999997
vt 0.7880859375 0.095703125
vt 0.7802734375000004 0.08761562499999997
vt 0.7844593750000004 0.08761562499999997
vt 0.7823664062500004 0.095703125
vt 0.7818062500000003 0.095703125
vt 0.7802734375000002 0.08761562499999997
vt 0.7875250000000003 0.08761562499999997
vt 0.7859921875000002 0.095703125
vt 0.780834375 0.095703125
vt 0.7802734375 0.08761562499999997
vt 0.788646875 0.08761562499999997
vt 0.7880859375 0.095703125
vt 0.7802734375000004 0.08761562499999997
vt 0.7844593750000004 0.08761562499999997
vt 0.7823664062500004 0.095703125
vt 0.7818062500000003 0.095703125
vt 0.7802734375000002 0.08761562499999997
vt 0.7875250000000003 0.08761562499999997
vt 0.7859921875000002 0.095703125
vt 0.780834375 0.095703125
vt 0.7802734375 0.08761562499999997
vt 0.788646875 0.08761562499999997
vt 0.7880859375 0.095703125
vt 0.7802734375000004 0.08761562499999997
vt 0.7844593750000004 0.08761562499999997
vt 0.7823664062500004 0.095703125
vt 0.7818062500000003 0.095703125
vt 0.7802734375000002 0.08761562499999997
vt 0.7875250000000003 0.08761562499999997
vt 0.7859921875000002 0.095703125
vt 0.780834375 0.095703125
vt 0.7802734375 0.08761562499999997
vt 0.788646875 0.08761562499999997
vt 0.7880859375 0.095703125
vn 0.033418753026436 0.9977638737620401 0.05788297816738332
vn 0.12126781251816637 0.970142500145332 0.21004201260420127
vn 0.34109647375746277 0.7311721974753266 0.5907964228305099
vn 0.057882978167383324 0.9977638737620401 0.033418753026436016
vn 0.21004201260420124 0.970142500145332 0.12126781251816636
vn 0.5907964228305098 0.7311721974753267 0.34109647375746277
vn 0.06683750605287198 0.9977638737620401 0
vn 0.24253562503633277 0.970142500145332 0
vn 0.6821929475149258 0.7311721974753265 0
vn 0.05788297816738332 0.9977638737620401 -0.03341875302643601
vn 0.2100420126042013 0.9701425001453321 -0.12126781251816642
vn 0.59079642283051 0.7311721974753265 -0.3410964737574629
vn 0.033418753026436 0.9977638737620401 -0.057882978167383324
vn 0.12126781251816642 0.9701425001453321 -0.21004201260420133
vn 0.3410964737574628 0.7311721974753267 -0.5907964228305098
vn 4.1540265967117814e-17 0.9977638737620401 -0.06683750605287198
vn 1.1888381255456585e-16 0.9701425001453321 -0.2425356250363328
vn 2.826604218121168e-16 0.7311721974753266 -0.6821929475149258
vn -0.03341875302643598 0.9977638737620401 -0.05788297816738333
vn -0.12126781251816629 0.970142500145332 -0.21004201260420136
vn -0.3410964737574626 0.7311721974753265 -0.59079642283051
vn -0.057882978167383324 0.9977638737620401 -0.033418753026436
vn -0.21004201260420127 0.970142500145332 -0.12126781251816632
vn -0.5907964228305099 0.7311721974753267 -0.34109647375746266
vn -0.06683750605287198 0.9977638737620401 -1.3846755322372616e-17
vn -0.2425356250363328 0.9701425001453321 -7.925587503637729e-17
vn -0.6821929475149257 0.7311721974753266 -1.4133021090605855e-16
vn -0.057882978167383324 0.9977638737620401 0.03341875302643598
vn -0.21004201260420133 0.970142500145332 0.12126781251816633
vn -0.59079642283051 0.7311721974753265 0.3410964737574626
vn -0.033418753026436016 0.9977638737620401 0.05788297816738332
vn -0.1212678125181664 0.970142500145332 0.21004201260420122
vn -0.3410964737574627 0.7311721974753267 0.5907964228305097
vn 0 0.9977638737620401 0.06683750605287198
vn 0 0.9701425001453321 0.2425356250363328
vn 0 0.7311721974753265 0.6821929475149258
usemtl m_cdc7856a-81b9-2323-aa40-5a8c37e12ffa
f 106/401/113 109/402/113 105/403/113
f 106/404/114 107/405/114 110/406/114 109/407/114
f 107/408/115 108/409/115 111/410/115 110/411/115
f 109/412/116 112/413/116 105/414/116
f 109/415/117 110/416/117 113/417/117 112/418/117
f 110/419/118 111/420/118 114/421/118 113/422/118
f 112/423/119 115/424/119 105/425/119
f 112/426/120 113/427/120 116/428/120 115/429/120
f 113/430/121 114/431/121 117/432/121 116/433/121
f 115/434/122 118/435/122 105/436/122
f 115/437/123 116/438/123 119/439/123 118/440/123
f 116/441/124 117/442/124 120/443/124 119/444/124
f 118/445/125 121/446/125 105/447/125
f 118/448/126 119/449/126 122/450/126 121/451/126
f 119/452/127 120/453/127 123/454/127 122/455/127
f 121/456/128 124/457/128 105/458/128
f 121/459/129 122/460/129 125/461/129 124/462/129
f 122/463/130 123/464/130 126/465/130 125/466/130
f 124/467/131 127/468/131 105/469/131
f 124/470/132 125/471/132 128/472/132 127/473/132
f 125/474/133 126/475/133 129/476/133 128/477/133
f 127/478/134 130/479/134 105/480/134
f 127/481/135 128/482/135 131/483/135 130/484/135
f 128/485/136 129/486/136 132/487/136 131/488/136
f 130/489/137 133/490/137 105/491/137
f 130/492/138 131/493/138 134/494/138 133/495/138
f 131/496/139 132/497/139 135/498/139 134/499/139
f 133/500/140 136/501/140 105/502/140
f 133/503/141 134/504/141 137/505/141 136/506/141
f 134/507/142 135/508/142 138/509/142 137/510/142
f 136/511/143 139/512/143 105/513/143
f 136/514/144 137/515/144 140/516/144 139/517/144
f 137/518/145 138/519/145 141/520/145 140/521/145
f 139/522/146 106/523/146 105/524/146
f 139/525/147 140/526/147 107/527/147 106/528/147
f 140/529/148 141/530/148 108/531/148 107/532/148
o right
v 0.625 0.375 0.375
v 0.625 0.375 -0.375
v 0.625 0 0.375
v 0.625 0 -0.375
v 0.375 0.375 -0.375
v 0.375 0.375 0.375
v 0.375 0 -0.375
v 0.375 0 0.375
vt 0.8828125 0.0506591796875
vt 0.904296875 0.0506591796875
vt 0.904296875 0.013671875
vt 0.8828125 0.013671875
vt 0.8828125 0.0506591796875
vt 0.947265625 0.0506591796875
vt 0.947265625 0.013671875
vt 0.8828125 0.013671875
vt 0.8828125 0.0506591796875
vt 0.904296875 0.0506591796875
vt 0.904296875 0.013671875
vt 0.8828125 0.013671875
vt 0.904296875 0.0506591796875
vt 0.96875 0.0506591796875
vt 0.96875 0.013671875
vt 0.904296875 0.013671875
vt 0.8828125 0.087646484375
vt 0.904296875 0.087646484375
vt 0.904296875 0.013671875
vt 0.8828125 0.013671875
vt 0.8828125 0.1123046875
vt 0.904296875 0.1123046875
vt 0.904296875 0.038330078125
vt 0.8828125 0.038330078125
vn 0 0 -1
vn 1 0 0
vn 0 0 1
vn -1 0 0
vn 0 1 0
vn 0 -1 0
usemtl m_cdc7856a-81b9-2323-aa40-5a8c37e12ffa
f 145/536/149 148/535/149 146/534/149 143/533/149
f 144/540/150 145/539/150 143/538/150 142/537/150
f 149/544/151 144/543/151 142/542/151 147/541/151
f 148/548/152 149/547/152 147/546/152 146/545/152
f 147/552/153 142/551/153 143/550/153 146/549/153
f 148/556/154 145/555/154 144/554/154 149/553/154
o right
v 0.625 1.25 0.46875
v 0.625 1.25 0.375
v 0.625 0.875 0.75
v 0.625 0.875 0.375
v 0.375 1.25 0.46875
v 0.375 1.25 0.375
v 0.375 0.875 0.75
v 0.375 0.875 0.375
v 0.625 0.96875 0.75
v 0.375 0.96875 0.75
v 0.375 0.96875 0.375
v 0.625 0.96875 0.375
vt 0.96484375 0.17578125
vt 1 0.140625
vt 0.953125 0.140625
vt 0.953125 0.17578125
vt 0.953125 0.17578125
vt 0.953125 0.140625
vt 1 0.140625
vt 0.96484375 0.17578125
vt 0.83203125 0.0361328125
vt 0.83203125 0.0830078125
vt 0.80078125 0.0830078125
vt 0.80078125 0.0361328125
vt 0.953125 0.0638427734375
vt 0.953125 0.095703125
vt 0.9140625 0.095703125
vt 0.9140625 0.0638427734375
vt 0.80078125 0.0986328125
vt 0.80078125 0.0673828125
vt 0.83203125 0.0673828125
vt 0.83203125 0.0986328125
vt 0.919921875 0.17578125
vt 0.919921875 0.140625
vt 0.951171875 0.140625
vt 0.951171875 0.17578125
vt 0.83203125 0.0361328125
vt 0.83203125 0.0673828125
vt 0.80078125 0.0673828125
vt 0.80078125 0.0361328125
vt 1 0.12890625
vt 1 0.140625
vt 0.953125 0.140625
vt 0.953125 0.12890625
vt 0.953125 0.0107421875
vt 0.953125 0.031982421875
vt 0.9140625 0.031982421875
vt 0.9140625 0.0107421875
vt 0.953125 0.12890625
vt 0.953125 0.140625
vt 1 0.140625
vt 1 0.12890625
vn 1 0 0
vn -1 0 0
vn 0 1 0
vn 0 -1 0
vn 0 0.7071067811865476 0.7071067811865476
vn 0 0 -1
vn 0 0 1
vn -1 0 0
vn 0 0 -1
vn 1 0 0
usemtl m_cdc7856a-81b9-2323-aa40-5a8c37e12ffa
f 150/557/155 158/558/155 161/559/155 151/560/155
f 155/561/156 160/562/156 159/563/156 154/564/156
f 150/565/157 151/566/157 155/567/157 154/568/157
f 153/569/158 152/570/158 156/571/158 157/572/158
f 154/573/159 159/574/159 158/575/159 150/576/159
f 151/577/160 161/578/160 160/579/160 155/580/160
f 152/581/161 158/582/161 159/583/161 156/584/161
f 156/585/162 159/586/162 160/587/162 157/588/162
f 157/589/163 160/590/163 161/591/163 153/592/163
f 153/593/164 161/594/164 158/595/164 152/596/164
o right
v 0.625 1.25 -0.375
v 0.625 1.25 -0.46875
v 0.625 0.875 -0.375
v 0.625 0.875 -0.75
v 0.375 1.25 -0.375
v 0.375 1.25 -0.46875
v 0.375 0.875 -0.375
v 0.375 0.875 -0.75
v 0.625 0.96875 -0.375
v 0.375 0.96875 -0.375
v 0.375 0.96875 -0.75
v 0.625 0.96875 -0.75
vt 0.953125 0.17578125
vt 0.953125 0.140625
vt 1 0.140625
vt 0.96484375 0.17578125
vt 0.96484375 0.17578125
vt 1 0.140625
vt 0.953125 0.140625
vt 0.953125 0.17578125
vt 0.8505859375 0.02734375
vt 0.8505859375 0.07421875
vt 0.8193359375 0.07421875
vt 0.8193359375 0.02734375
vt 0.953125 0.0638427734375
vt 0.953125 0.095703125
vt 0.9140625 0.095703125
vt 0.9140625 0.0638427734375
vt 0.919921875 0.17578125
vt 0.919921875 0.140625
vt 0.951171875 0.140625
vt 0.951171875 0.17578125
vt 0.8193359375 0.08984375
vt 0.8193359375 0.05859375
vt 0.8505859375 0.05859375
vt 0.8505859375 0.08984375
vt 0.953125 0.0107421875
vt 0.953125 0.031982421875
vt 0.9140625 0.031982421875
vt 0.9140625 0.0107421875
vt 0.953125 0.12890625
vt 0.953125 0.140625
vt 1 0.140625
vt 1 0.12890625
vt 0.8505859375 0.02734375
vt 0.8505859375 0.05859375
vt 0.8193359375 0.05859375
vt 0.8193359375 0.02734375
vt 1 0.12890625
vt 1 0.140625
vt 0.953125 0.140625
vt 0.953125 0.12890625
vn 1 0 0
vn -1 0 0
vn 0 1 0
vn 0 -1 0
vn 0 0 1
vn 0 0.7071067811865476 -0.7071067811865476
vn 0 0 1
vn -1 0 0
vn 0 0 -1
vn 1 0 0
usemtl m_cdc7856a-81b9-2323-aa40-5a8c37e12ffa
f 162/597/165 170/598/165 173/599/165 163/600/165
f 167/601/166 172/602/166 171/603/166 166/604/166
f 162/605/167 163/606/167 167/607/167 166/608/167
f 165/609/168 164/610/168 168/611/168 169/612/168
f 166/613/169 171/614/169 170/615/169 162/616/169
f 163/617/170 173/618/170 172/619/170 167/620/170
f 164/621/171 170/622/171 171/623/171 168/624/171
f 168/625/172 171/626/172 172/627/172 169/628/172
f 169/629/173 172/630/173 173/631/173 165/632/173
f 165/633/174 173/634/174 170/635/174 164/636/174
o right
v 0.5 1.21875 0.375
v 0.5 1.21875 -0.375
v 0.5 0.375 0.375
v 0.5 0.375 -0.375
v 0.5 1.21875 -0.375
v 0.5 1.21875 0.375
v 0.5 0.375 -0.375
v 0.5 0.375 0.375
vt 0.6455078125 0.10546875
vt 0.7392578125 0.10546875
vt 0.7392578125 0
vt 0.6455078125 0
vt 0.6455078125 0.10546875
vt 0.7392578125 0.10546875
vt 0.7392578125 0
vt 0.6455078125 0
vn 1 0 0
vn -1 0 0
usemtl m_cdc7856a-81b9-2323-aa40-5a8c37e12ffa
f 176/640/175 177/639/175 175/638/175 174/637/175
f 180/644/176 181/643/176 179/642/176 178/641/176
o right
v 0.5 0.375 0
v 0.5 1 0
v 0.5083734122634725 0.375 0.031249999999999997
v 0.5083734122634725 1 0.031249999999999997
v 0.5228765877365275 0.375 0.022876587736527416
v 0.5228765877365275 1 0.022876587736527416
v 0.53125 0.375 0.008373412263472583
v 0.53125 1 0.008373412263472583
v 0.53125 0.375 -0.008373412263472586
v 0.53125 1 -0.008373412263472586
v 0.5228765877365275 0.375 -0.022876587736527412
v 0.5228765877365275 1 -0.022876587736527412
v 0.5083734122634725 0.375 -0.031249999999999993
v 0.5083734122634725 1 -0.031249999999999993
v 0.49162658773652745 0.375 -0.03125
v 0.49162658773652745 1 -0.03125
v 0.4771234122634726 0.375 -0.02287658773652742
v 0.4771234122634726 1 -0.02287658773652742
v 0.46875 0.375 -0.008373412263472579
v 0.46875 1 -0.008373412263472579
v 0.46875 0.375 0.008373412263472569
v 0.46875 1 0.008373412263472569
v 0.4771234122634726 0.375 0.02287658773652741
v 0.4771234122634726 1 0.02287658773652741
v 0.4916265877365274 0.375 0.031249999999999997
v 0.4916265877365274 1 0.031249999999999997
vt 0.7843172044049106 0.09368124154754476
vt 0.7837758257755646 0.095703125
vt 0.7802734375 0.09368124154754476
vt 0.7802734375000001 0.033203125
vt 0.7823671875000001 0.033203125
vt 0.7823671875000001 0.095703125
vt 0.7802734375000001 0.095703125
vt 0.7802734375 0.09165902604867293
vt 0.7822951549428786 0.09220102429293708
vt 0.7802734375 0.095703125
vt 0.7843175364513271 0.0936814075571214
vt 0.7837755382070629 0.095703125
vt 0.7802734375 0.0936814075571214
vt 0.7802734375000001 0.033203125
vt 0.7823671875000001 0.033203125
vt 0.7823671875000001 0.095703125
vt 0.7802734375000001 0.095703125
vt 0.7802734375 0.0916593580950894
vt 0.7822953209524552 0.0922007367244354
vt 0.7802734375 0.095703125
vt 0.7841796875 0.09360937499999988
vt 0.7841796875 0.09570312499999989
vt 0.7802734375 0.09465624999999989
vt 0.7802734375000001 0.033203125
vt 0.7823671875000001 0.033203125
vt 0.7823671875000001 0.095703125
vt 0.7802734375000001 0.095703125
vt 0.7841796875 0.09360937499999988
vt 0.7841796875 0.09570312499999989
vt 0.7802734375 0.09465624999999989
vt 0.7802734375 0.0916593580950894
vt 0.7822953209524552 0.0922007367244354
vt 0.7802734375 0.095703125
vt 0.7802734375000001 0.033203125
vt 0.7823671875000001 0.033203125
vt 0.7823671875000001 0.095703125
vt 0.7802734375000001 0.095703125
vt 0.7843175364513271 0.0936814075571214
vt 0.7837755382070629 0.095703125
vt 0.7802734375 0.0936814075571214
vt 0.7802734375 0.09165902604867293
vt 0.7822951549428786 0.09220102429293708
vt 0.7802734375 0.095703125
vt 0.7802734375000001 0.033203125
vt 0.7823671875000001 0.033203125
vt 0.7823671875000001 0.095703125
vt 0.7802734375000001 0.095703125
vt 0.7843172044049106 0.09368124154754476
vt 0.7837758257755646 0.095703125
vt 0.7802734375 0.09368124154754476
vt 0.7802734375000001 0.091796875
vt 0.7823671875000001 0.091796875
vt 0.7813203125000001 0.095703125
vt 0.7802734375000001 0.033203125
vt 0.7823671875000001 0.033203125
vt 0.7823671875000001 0.095703125
vt 0.7802734375000001 0.095703125
vt 0.7823671875000001 0.095703125
vt 0.7802734375000001 0.095703125
vt 0.7813203125000001 0.091796875
vt 0.7802734375 0.095703125
vt 0.780814816129346 0.09368124154754476
vt 0.7843172044049106 0.095703125
vt 0.7802734375000001 0.033203125
vt 0.7823671875000001 0.033203125
vt 0.7823671875000001 0.095703125
vt 0.7802734375000001 0.095703125
vt 0.7822951549428786 0.095703125
vt 0.7802734375 0.09516112675573574
vt 0.7822951549428786 0.09165902604867293
vt 0.7802734375 0.095703125
vt 0.7808154357442643 0.0936814075571214
vt 0.7843175364513271 0.095703125
vt 0.7802734375000001 0.033203125
vt 0.7823671875000001 0.033203125
vt 0.7823671875000001 0.095703125
vt 0.7802734375000001 0.095703125
vt 0.7822953209524552 0.095703125
vt 0.7802734375 0.095161746370654
vt 0.7822953209524552 0.0916593580950894
vt 0.7802734375 0.09570312499999989
vt 0.7802734375 0.09360937499999988
vt 0.7841796875 0.09465624999999989
vt 0.7802734375000001 0.033203125
vt 0.7823671875000001 0.033203125
vt 0.7823671875000001 0.095703125
vt 0.7802734375000001 0.095703125
vt 0.7802734375 0.09570312499999989
vt 0.7802734375 0.09360937499999988
vt 0.7841796875 0.09465624999999989
vt 0.7822953209524552 0.095703125
vt 0.7802734375 0.095161746370654
vt 0.7822953209524552 0.0916593580950894
vt 0.7802734375000001 0.033203125
vt 0.7823671875000001 0.033203125
vt 0.7823671875000001 0.095703125
vt 0.7802734375000001 0.095703125
vt 0.7802734375 0.095703125
vt 0.7808154357442643 0.0936814075571214
vt 0.7843175364513271 0.095703125
vt 0.7822951549428786 0.095703125
vt 0.7802734375 0.09516112675573574
vt 0.7822951549428786 0.09165902604867293
vt 0.7802734375000001 0.033203125
vt 0.7823671875000001 0.033203125
vt 0.7823671875000001 0.095703125
vt 0.7802734375000001 0.095703125
vt 0.7802734375 0.095703125
vt 0.780814816129346 0.09368124154754476
vt 0.7843172044049106 0.095703125
vt 0.7823671875000001 0.095703125
vt 0.7802734375000001 0.095703125
vt 0.7813203125000001 0.091796875
vt 0.7802734375000001 0.033203125
vt 0.7823671875000001 0.033203125
vt 0.7823671875000001 0.095703125
vt 0.7802734375000001 0.095703125
vt 0.7802734375000001 0.091796875
vt 0.7823671875000001 0.091796875
vt 0.7813203125000001 0.095703125
vn 0 -1 0
vn 0.49999999999999983 0 0.8660254037844387
vn 0 1 0
vn 0 -1 0
vn 0.8660254037844388 0 0.5
vn 0 1 0
vn 0 -1 0
vn 1 0 0
vn 0 1 0
vn 0 -1 0
vn 0.8660254037844387 0 -0.49999999999999994
vn 0 1 0
vn 0 -1 0
vn 0.5000000000000001 0 -0.8660254037844386
vn 0 1 0
vn 0 -1 0
vn 4.143408735633879e-16 0 -1
vn 0 1 0
vn 0 -1 0
vn -0.4999999999999996 0 -0.8660254037844389
vn 0 1 0
vn 0 -1 0
vn -0.8660254037844388 0 -0.4999999999999998
vn 0 1 0
vn 0 -1 0
vn -1 0 -2.0717043678169412e-16
vn 0 1 0
vn 0 -1 0
vn -0.8660254037844389 0 0.4999999999999996
vn 0 1 0
vn 0 -1 0
vn -0.4999999999999999 0 0.8660254037844386
vn 0 1 0
vn 0 -1 0
vn 0 0 1
vn 0 1 0
usemtl m_cdc7856a-81b9-2323-aa40-5a8c37e12ffa
f 186/645/177 184/646/177 182/647/177
f 184/648/178 186/649/178 187/650/178 185/651/178
f 185/652/179 187/653/179 183/654/179
f 188/655/180 186/656/180 182/657/180
f 186/658/181 188/659/181 189/660/181 187/661/181
f 187/662/182 189/663/182 183/664/182
f 190/665/183 188/666/183 182/667/183
f 188/668/184 190/669/184 191/670/184 189/671/184
f 189/672/185 191/673/185 183/674/185
f 192/675/186 190/676/186 182/677/186
f 190/678/187 192/679/187 193/680/187 191/681/187
f 191/682/188 193/683/188 183/684/188
f 194/685/189 192/686/189 182/687/189
f 192/688/190 194/689/190 195/690/190 193/691/190
f 193/692/191 195/693/191 183/694/191
f 196/695/192 194/696/192 182/697/192
f 194/698/193 196/699/193 197/700/193 195/701/193
f 195/702/194 197/703/194 183/704/194
f 198/705/195 196/706/195 182/707/195
f 196/708/196 198/709/196 199/710/196 197/711/196
f 197/712/197 199/713/197 183/714/197
f 200/715/198 198/716/198 182/717/198
f 198/718/199 200/719/199 201/720/199 199/721/199
f 199/722/200 201/723/200 183/724/200
f 202/725/201 200/726/201 182/727/201
f 200/728/202 202/729/202 203/730/202 201/731/202
f 201/732/203 203/733/203 183/734/203
f 204/735/204 202/736/204 182/737/204
f 202/738/205 204/739/205 205/740/205 203/741/205
f 203/742/206 205/743/206 183/744/206
f 206/745/207 204/746/207 182/747/207
f 204/748/208 206/749/208 207/750/208 205/751/208
f 205/752/209 207/753/209 183/754/209
f 184/755/210 206/756/210 182/757/210
f 206/758/211 184/759/211 185/760/211 207/761/211
f 207/762/212 185/763/212 183/764/212
o right
v 0.5 1 -2.7755575615628907e-18
v 0.5 1.21875 -2.7755575615628907e-18
v 0.5251202367904177 1 0.09375
v 0.5334936490538903 1.21875 0.12499999999999999
v 0.5686297632095823 1 0.06862976320958225
v 0.5915063509461096 1.21875 0.09150635094610966
v 0.59375 1 0.025120236790417746
v 0.625 1.21875 0.03349364905389033
v 0.59375 1 -0.025120236790417763
v 0.625 1.21875 -0.03349364905389035
v 0.5686297632095823 1 -0.06862976320958225
v 0.5915063509461097 1.21875 -0.09150635094610966
v 0.5251202367904177 1 -0.09374999999999997
v 0.5334936490538904 1.21875 -0.12499999999999997
v 0.4748797632095823 1 -0.09375
v 0.4665063509461097 1.21875 -0.125
v 0.43137023679041775 1 -0.06862976320958225
v 0.40849364905389035 1.21875 -0.09150635094610969
v 0.40625 1 -0.02512023679041775
v 0.375 1.21875 -0.03349364905389033
v 0.40625 1 0.025120236790417704
v 0.375 1.21875 0.033493649053890275
v 0.43137023679041775 1 0.06862976320958222
v 0.4084936490538903 1.21875 0.09150635094610964
v 0.47487976320958225 1 0.09375
v 0.46650635094610965 1.21875 0.12499999999999999
v 0.625 1.046875 -0.03349364905389035
v 0.625 1.046875 0.03349364905389033
v 0.5915063509461096 1.046875 0.09150635094610966
v 0.5334936490538903 1.046875 0.12499999999999999
v 0.46650635094610965 1.046875 0.12499999999999999
v 0.4084936490538903 1.046875 0.09150635094610964
v 0.375 1.046875 0.033493649053890275
v 0.375 1.046875 -0.03349364905389033
v 0.40849364905389035 1.046875 -0.09150635094610969
v 0.4665063509461097 1.046875 -0.125
v 0.5334936490538904 1.046875 -0.12499999999999997
v 0.5915063509461097 1.046875 -0.09150635094610966
vt 0.8004933768788984 0.08559315531055078
vt 0.7977848264506503 0.095703125
vt 0.7802734375 0.08559315531055078
vt 0.7802734375 0.095703125
vt 0.7802734375 0.072265625
vt 0.790740625 0.072265625
vt 0.790740625 0.095703125
vt 0.7802734375 0.07548283246743415
vt 0.7903832306156995 0.07819204189117768
vt 0.7802734375 0.095703125
vt 0.8004937300325659 0.08559333188430052
vt 0.7977845206088223 0.095703125
vt 0.7802734375 0.08559333188430052
vt 0.7802734375 0.095703125
vt 0.7802734375 0.072265625
vt 0.790740625 0.072265625
vt 0.790740625 0.095703125
vt 0.7802734375 0.07548318562110157
vt 0.7903834071894492 0.0781917360493497
vt 0.7802734375 0.095703125
vt 0.7998046875 0.08523593750000003
vt 0.7998046875 0.095703125
vt 0.7802734375 0.09046953125000001
vt 0.7802734375 0.095703125
vt 0.7802734375 0.072265625
vt 0.790740625 0.072265625
vt 0.790740625 0.095703125
vt 0.7998046875 0.08523593750000003
vt 0.7998046875 0.095703125
vt 0.7802734375 0.09046953125000001
vt 0.7802734375 0.07548318562110157
vt 0.7903834071894492 0.0781917360493497
vt 0.7802734375 0.095703125
vt 0.7802734375 0.095703125
vt 0.7802734375 0.072265625
vt 0.790740625 0.072265625
vt 0.790740625 0.095703125
vt 0.8004937300325659 0.08559333188430052
vt 0.7977845206088223 0.095703125
vt 0.7802734375 0.08559333188430052
vt 0.7802734375 0.07548283246743415
vt 0.7903832306156995 0.07819204189117768
vt 0.7802734375 0.095703125
vt 0.7802734375 0.095703125
vt 0.7802734375 0.072265625
vt 0.790740625 0.072265625
vt 0.790740625 0.095703125
vt 0.8004933768788984 0.08559315531055078
vt 0.7977848264506503 0.095703125
vt 0.7802734375 0.08559315531055078
vt 0.7802734375 0.076171875
vt 0.790740625 0.076171875
vt 0.78550703125 0.095703125
vt 0.7802734375 0.095703125
vt 0.7802734375 0.072265625
vt 0.790740625 0.072265625
vt 0.790740625 0.095703125
vt 0.790740625 0.095703125
vt 0.7802734375 0.095703125
vt 0.78550703125 0.076171875
vt 0.7802734375 0.095703125
vt 0.7829819879282481 0.08559315531055078
vt 0.8004933768788984 0.095703125
vt 0.7802734375 0.095703125
vt 0.7802734375 0.072265625
vt 0.790740625 0.072265625
vt 0.790740625 0.095703125
vt 0.7903832306156995 0.095703125
vt 0.7802734375 0.09299391557625647
vt 0.7903832306156995 0.07548283246743415
vt 0.7802734375 0.095703125
vt 0.7829826469237435 0.08559333188430052
vt 0.8004937300325659 0.095703125
vt 0.7802734375 0.095703125
vt 0.7802734375 0.072265625
vt 0.790740625 0.072265625
vt 0.790740625 0.095703125
vt 0.7903834071894492 0.095703125
vt 0.7802734375 0.09299457457175186
vt 0.7903834071894492 0.07548318562110157
vt 0.7802734375 0.095703125
vt 0.7802734375 0.08523593750000003
vt 0.7998046875 0.09046953125000001
vt 0.7802734375 0.095703125
vt 0.7802734375 0.072265625
vt 0.790740625 0.072265625
vt 0.790740625 0.095703125
vt 0.7802734375 0.095703125
vt 0.7802734375 0.08523593750000003
vt 0.7998046875 0.09046953125000001
vt 0.7903834071894492 0.095703125
vt 0.7802734375 0.09299457457175186
vt 0.7903834071894492 0.07548318562110157
vt 0.7802734375 0.095703125
vt 0.7802734375 0.072265625
vt 0.790740625 0.072265625
vt 0.790740625 0.095703125
vt 0.7802734375 0.095703125
vt 0.7829826469237435 0.08559333188430052
vt 0.8004937300325659 0.095703125
vt 0.7903832306156995 0.095703125
vt 0.7802734375 0.09299391557625647
vt 0.7903832306156995 0.07548283246743415
vt 0.7802734375 0.095703125
vt 0.7802734375 0.072265625
vt 0.790740625 0.072265625
vt 0.790740625 0.095703125
vt 0.7802734375 0.095703125
vt 0.7829819879282481 0.08559315531055078
vt 0.8004933768788984 0.095703125
vt 0.790740625 0.095703125
vt 0.7802734375 0.095703125
vt 0.78550703125 0.076171875
vt 0.7802734375 0.095703125
vt 0.7802734375 0.072265625
vt 0.790740625 0.072265625
vt 0.790740625 0.095703125
vt 0.7802734375 0.076171875
vt 0.790740625 0.076171875
vt 0.78550703125 0.095703125
vt 0.790740625 0.048828125
vt 0.790740625 0.072265625
vt 0.7802734375 0.072265625
vt 0.7802734375 0.048828125
vt 0.790740625 0.048828125
vt 0.790740625 0.072265625
vt 0.7802734375 0.072265625
vt 0.7802734375 0.048828125
vt 0.790740625 0.048828125
vt 0.790740625 0.072265625
vt 0.7802734375 0.072265625
vt 0.7802734375 0.048828125
vt 0.790740625 0.048828125
vt 0.790740625 0.072265625
vt 0.7802734375 0.072265625
vt 0.7802734375 0.048828125
vt 0.790740625 0.048828125
vt 0.790740625 0.072265625
vt 0.7802734375 0.072265625
vt 0.7802734375 0.048828125
vt 0.790740625 0.048828125
vt 0.790740625 0.072265625
vt 0.7802734375 0.072265625
vt 0.7802734375 0.048828125
vt 0.790740625 0.048828125
vt 0.790740625 0.072265625
vt 0.7802734375 0.072265625
vt 0.7802734375 0.048828125
vt 0.790740625 0.048828125
vt 0.790740625 0.072265625
vt 0.7802734375 0.072265625
vt 0.7802734375 0.048828125
vt 0.790740625 0.048828125
vt 0.790740625 0.072265625
vt 0.7802734375 0.072265625
vt 0.7802734375 0.048828125
vt 0.790740625 0.048828125
vt 0.790740625 0.072265625
vt 0.7802734375 0.072265625
vt 0.7802734375 0.048828125
vt 0.790740625 0.048828125
vt 0.790740625 0.072265625
vt 0.7802734375 0.072265625
vt 0.7802734375 0.048828125
vt 0.790740625 0.048828125
vt 0.790740625 0.072265625
vt 0.7802734375 0.072265625
vt 0.7802734375 0.048828125
vn 0 -1 0
vn 0.49999999999999994 0 0.8660254037844388
vn 0 1 0
vn 0 -1 0
vn 0.8660254037844387 0 0.49999999999999994
vn 0 1 0
vn 0 -1 0
vn 1 0 0
vn 0 1 0
vn 0 -1 0
vn 0.8660254037844388 0 -0.5
vn 0 1 0
vn 0 -1 0
vn 0.49999999999999983 0 -0.8660254037844387
vn 0 1 0
vn 0 -1 0
vn 4.1434087356338784e-16 0 -1
vn 0 1 0
vn 0 -1 0
vn -0.49999999999999933 0 -0.866025403784439
vn 0 1 0
vn 0 -1 0
vn -0.8660254037844388 0 -0.4999999999999998
vn 0 1 0
vn 0 -1 0
vn -1 0 0
vn 0 1 0
vn 0 -1 0
vn -0.8660254037844389 0 0.4999999999999995
vn 0 1 0
vn 0 -1 0
vn -0.49999999999999994 0 0.8660254037844387
vn 0 1 0
vn 0 -1 0
vn 0 0 1
vn 0 1 0
vn 0.8320502943378438 -0.5547001962252289 0
vn 0.7205766921228922 -0.554700196225229 0.4160251471689218
vn 0.4160251471689217 -0.5547001962252293 0.7205766921228922
vn 0 -0.5547001962252289 0.8320502943378438
vn -0.4160251471689219 -0.554700196225229 0.7205766921228922
vn -0.7205766921228922 -0.5547001962252294 0.41602514716892136
vn -0.8320502943378437 -0.5547001962252291 0
vn -0.7205766921228922 -0.5547001962252293 -0.41602514716892175
vn -0.4160251471689212 -0.5547001962252293 -0.7205766921228923
vn 3.4475244580461617e-16 -0.5547001962252291 -0.8320502943378437
vn 0.41602514716892175 -0.5547001962252293 -0.7205766921228922
vn 0.7205766921228922 -0.554700196225229 -0.41602514716892175
usemtl m_cdc7856a-81b9-2323-aa40-5a8c37e12ffa
f 212/765/213 210/766/213 208/767/213
f 211/768/214 237/769/214 236/770/214 213/771/214
f 211/772/215 213/773/215 209/774/215
f 214/775/216 212/776/216 208/777/216
f 213/778/217 236/779/217 235/780/217 215/781/217
f 213/782/218 215/783/218 209/784/218
f 216/785/219 214/786/219 208/787/219
f 215/788/220 235/789/220 234/790/220 217/791/220
f 215/792/221 217/793/221 209/794/221
f 218/795/222 216/796/222 208/797/222
f 217/798/223 234/799/223 245/800/223 219/801/223
f 217/802/224 219/803/224 209/804/224
f 220/805/225 218/806/225 208/807/225
f 219/808/226 245/809/226 244/810/226 221/811/226
f 219/812/227 221/813/227 209/814/227
f 222/815/228 220/816/228 208/817/228
f 221/818/229 244/819/229 243/820/229 223/821/229
f 221/822/230 223/823/230 209/824/230
f 224/825/231 222/826/231 208/827/231
f 223/828/232 243/829/232 242/830/232 225/831/232
f 223/832/233 225/833/233 209/834/233
f 226/835/234 224/836/234 208/837/234
f 225/838/235 242/839/235 241/840/235 227/841/235
f 225/842/236 227/843/236 209/844/236
f 228/845/237 226/846/237 208/847/237
f 227/848/238 241/849/238 240/850/238 229/851/238
f 227/852/239 229/853/239 209/854/239
f 230/855/240 228/856/240 208/857/240
f 229/858/241 240/859/241 239/860/241 231/861/241
f 229/862/242 231/863/242 209/864/242
f 232/865/243 230/866/243 208/867/243
f 231/868/244 239/869/244 238/870/244 233/871/244
f 231/872/245 233/873/245 209/874/245
f 210/875/246 232/876/246 208/877/246
f 233/878/247 238/879/247 237/880/247 211/881/247
f 233/882/248 211/883/248 209/884/248
f 216/885/249 234/886/249 235/887/249 214/888/249
f 214/889/250 235/890/250 236/891/250 212/892/250
f 212/893/251 236/894/251 237/895/251 210/896/251
f 210/897/252 237/898/252 238/899/252 232/900/252
f 232/901/253 238/902/253 239/903/253 230/904/253
f 230/905/254 239/906/254 240/907/254 228/908/254
f 228/909/255 240/910/255 241/911/255 226/912/255
f 226/913/256 241/914/256 242/915/256 224/916/256
f 224/917/257 242/918/257 243/919/257 222/920/257
f 222/921/258 243/922/258 244/923/258 220/924/258
f 220/925/259 244/926/259 245/927/259 218/928/259
f 218/929/260 245/930/260 234/931/260 216/932/260
o right
v 0.5 1.25 0
v 0.5167468245269452 1.2458132938682638 0.062499999999999986
v 0.5290063509461097 1.234375 0.10825317547305482
v 0.5334936490538903 1.21875 0.12499999999999999
v 0.5457531754730548 1.2458132938682638 0.04575317547305482
v 0.5792468245269452 1.234375 0.07924682452694516
v 0.5915063509461096 1.21875 0.09150635094610966
v 0.5625 1.2458132938682638 0.01674682452694516
v 0.6082531754730548 1.234375 0.029006350946109656
v 0.625 1.21875 0.03349364905389033
v 0.5625 1.2458132938682638 -0.01674682452694517
v 0.6082531754730548 1.234375 -0.02900635094610967
v 0.625 1.21875 -0.033493649053890344
v 0.5457531754730548 1.2458132938682638 -0.04575317547305481
v 0.5792468245269452 1.234375 -0.07924682452694516
v 0.5915063509461097 1.21875 -0.09150635094610965
v 0.5167468245269452 1.2458132938682638 -0.06249999999999997
v 0.5290063509461097 1.234375 -0.10825317547305481
v 0.5334936490538904 1.21875 -0.12499999999999997
v 0.48325317547305485 1.2458132938682638 -0.06249999999999999
v 0.4709936490538904 1.234375 -0.10825317547305484
v 0.4665063509461097 1.21875 -0.125
v 0.4542468245269452 1.2458132938682638 -0.045753175473054825
v 0.42075317547305485 1.234375 -0.07924682452694518
v 0.40849364905389035 1.21875 -0.09150635094610968
v 0.4375 1.2458132938682638 -0.016746824526945155
v 0.3917468245269452 1.234375 -0.029006350946109646
v 0.375 1.21875 -0.033493649053890316
v 0.4375 1.2458132938682638 0.016746824526945134
v 0.39174682452694515 1.234375 0.029006350946109608
v 0.375 1.21875 0.033493649053890275
v 0.4542468245269452 1.2458132938682638 0.045753175473054804
v 0.4207531754730548 1.234375 0.07924682452694515
v 0.4084936490538903 1.21875 0.09150635094610964
v 0.48325317547305485 1.2458132938682638 0.062499999999999986
v 0.47099364905389035 1.234375 0.10825317547305482
v 0.4665063509461097 1.21875 0.12499999999999999
vt 0.7802734375000004 0.08761562499999997
vt 0.7844593750000004 0.08761562499999997
vt 0.7823664062500004 0.095703125
vt 0.7818062500000003 0.095703125
vt 0.7802734375000002 0.08761562499999997
vt 0.7875250000000003 0.08761562499999997
vt 0.7859921875000002 0.095703125
vt 0.780834375 0.095703125
vt 0.7802734375 0.08761562499999997
vt 0.788646875 0.08761562499999997
vt 0.7880859375 0.095703125
vt 0.7802734375000004 0.08761562499999997
vt 0.7844593750000004 0.08761562499999997
vt 0.7823664062500004 0.095703125
vt 0.7818062500000003 0.095703125
vt 0.7802734375000002 0.08761562499999997
vt 0.7875250000000003 0.08761562499999997
vt 0.7859921875000002 0.095703125
vt 0.780834375 0.095703125
vt 0.7802734375 0.08761562499999997
vt 0.788646875 0.08761562499999997
vt 0.7880859375 0.095703125
vt 0.7802734375000004 0.08761562499999997
vt 0.7844593750000004 0.08761562499999997
vt 0.7823664062500004 0.095703125
vt 0.7818062500000003 0.095703125
vt 0.7802734375000002 0.08761562499999997
vt 0.7875250000000003 0.08761562499999997
vt 0.7859921875000002 0.095703125
vt 0.780834375 0.095703125
vt 0.7802734375 0.08761562499999997
vt 0.788646875 0.08761562499999997
vt 0.7880859375 0.095703125
vt 0.7802734375000004 0.08761562499999997
vt 0.7844593750000004 0.08761562499999997
vt 0.7823664062500004 0.095703125
vt 0.7818062500000003 0.095703125
vt 0.7802734375000002 0.08761562499999997
vt 0.7875250000000003 0.08761562499999997
vt 0.7859921875000002 0.095703125
vt 0.780834375 0.095703125
vt 0.7802734375 0.08761562499999997
vt 0.788646875 0.08761562499999997
vt 0.7880859375 0.095703125
vt 0.7802734375000004 0.08761562499999997
vt 0.7844593750000004 0.08761562499999997
vt 0.7823664062500004 0.095703125
vt 0.7818062500000003 0.095703125
vt 0.7802734375000002 0.08761562499999997
vt 0.7875250000000003 0.08761562499999997
vt 0.7859921875000002 0.095703125
vt 0.780834375 0.095703125
vt 0.7802734375 0.08761562499999997
vt 0.788646875 0.08761562499999997
vt 0.7880859375 0.095703125
vt 0.7802734375000004 0.08761562499999997
vt 0.7844593750000004 0.08761562499999997
vt 0.7823664062500004 0.095703125
vt 0.7818062500000003 0.095703125
vt 0.7802734375000002 0.08761562499999997
vt 0.7875250000000003 0.08761562499999997
vt 0.7859921875000002 0.095703125
vt 0.780834375 0.095703125
vt 0.7802734375 0.08761562499999997
vt 0.788646875 0.08761562499999997
vt 0.7880859375 0.095703125
vt 0.7802734375000004 0.08761562499999997
vt 0.7844593750000004 0.08761562499999997
vt 0.7823664062500004 0.095703125
vt 0.7818062500000003 0.095703125
vt 0.7802734375000002 0.08761562499999997
vt 0.7875250000000003 0.08761562499999997
vt 0.7859921875000002 0.095703125
vt 0.780834375 0.095703125
vt 0.7802734375 0.08761562499999997
vt 0.788646875 0.08761562499999997
vt 0.7880859375 0.095703125
vt 0.7802734375000004 0.08761562499999997
vt 0.7844593750000004 0.08761562499999997
vt 0.7823664062500004 0.095703125
vt 0.7818062500000003 0.095703125
vt 0.7802734375000002 0.08761562499999997
vt 0.7875250000000003 0.08761562499999997
vt 0.7859921875000002 0.095703125
vt 0.780834375 0.095703125
vt 0.7802734375 0.08761562499999997
vt 0.788646875 0.08761562499999997
vt 0.7880859375 0.095703125
vt 0.7802734375000004 0.08761562499999997
vt 0.7844593750000004 0.08761562499999997
vt 0.7823664062500004 0.095703125
vt 0.7818062500000003 0.095703125
vt 0.7802734375000002 0.08761562499999997
vt 0.7875250000000003 0.08761562499999997
vt 0.7859921875000002 0.095703125
vt 0.780834375 0.095703125
vt 0.7802734375 0.08761562499999997
vt 0.788646875 0.08761562499999997
vt 0.7880859375 0.095703125
vt 0.7802734375000004 0.08761562499999997
vt 0.7844593750000004 0.08761562499999997
vt 0.7823664062500004 0.095703125
vt 0.7818062500000003 0.095703125
vt 0.7802734375000002 0.08761562499999997
vt 0.7875250000000003 0.08761562499999997
vt 0.7859921875000002 0.095703125
vt 0.780834375 0.095703125
vt 0.7802734375 0.08761562499999997
vt 0.788646875 0.08761562499999997
vt 0.7880859375 0.095703125
vt 0.7802734375000004 0.08761562499999997
vt 0.7844593750000004 0.08761562499999997
vt 0.7823664062500004 0.095703125
vt 0.7818062500000003 0.095703125
vt 0.7802734375000002 0.08761562499999997
vt 0.7875250000000003 0.08761562499999997
vt 0.7859921875000002 0.095703125
vt 0.780834375 0.095703125
vt 0.7802734375 0.08761562499999997
vt 0.788646875 0.08761562499999997
vt 0.7880859375 0.095703125
vt 0.7802734375000004 0.08761562499999997
vt 0.7844593750000004 0.08761562499999997
vt 0.7823664062500004 0.095703125
vt 0.7818062500000003 0.095703125
vt 0.7802734375000002 0.08761562499999997
vt 0.7875250000000003 0.08761562499999997
vt 0.7859921875000002 0.095703125
vt 0.780834375 0.095703125
vt 0.7802734375 0.08761562499999997
vt 0.788646875 0.08761562499999997
vt 0.7880859375 0.095703125
vn 0.033418753026436 0.9977638737620401 0.05788297816738332
vn 0.12126781251816637 0.970142500145332 0.21004201260420127
vn 0.34109647375746277 0.7311721974753266 0.5907964228305099
vn 0.057882978167383324 0.9977638737620401 0.033418753026436016
vn 0.21004201260420124 0.970142500145332 0.12126781251816636
vn 0.5907964228305098 0.7311721974753267 0.34109647375746277
vn 0.06683750605287198 0.9977638737620401 0
vn 0.24253562503633277 0.970142500145332 0
vn 0.6821929475149258 0.7311721974753265 0
vn 0.05788297816738332 0.9977638737620401 -0.03341875302643601
vn 0.2100420126042013 0.9701425001453321 -0.12126781251816642
vn 0.59079642283051 0.7311721974753265 -0.3410964737574629
vn 0.033418753026436 0.9977638737620401 -0.057882978167383324
vn 0.12126781251816642 0.9701425001453321 -0.21004201260420133
vn 0.3410964737574628 0.7311721974753267 -0.5907964228305098
vn 4.1540265967117814e-17 0.9977638737620401 -0.06683750605287198
vn 1.1888381255456585e-16 0.9701425001453321 -0.2425356250363328
vn 2.826604218121168e-16 0.7311721974753266 -0.6821929475149258
vn -0.03341875302643598 0.9977638737620401 -0.05788297816738333
vn -0.12126781251816629 0.970142500145332 -0.21004201260420136
vn -0.3410964737574626 0.7311721974753265 -0.59079642283051
vn -0.057882978167383324 0.9977638737620401 -0.033418753026436
vn -0.21004201260420127 0.970142500145332 -0.12126781251816632
vn -0.5907964228305099 0.7311721974753267 -0.34109647375746266
vn -0.06683750605287198 0.9977638737620401 -1.3846755322372616e-17
vn -0.2425356250363328 0.9701425001453321 -7.925587503637729e-17
vn -0.6821929475149257 0.7311721974753266 -1.4133021090605855e-16
vn -0.057882978167383324 0.9977638737620401 0.03341875302643598
vn -0.21004201260420133 0.970142500145332 0.12126781251816633
vn -0.59079642283051 0.7311721974753265 0.3410964737574626
vn -0.033418753026436016 0.9977638737620401 0.05788297816738332
vn -0.1212678125181664 0.970142500145332 0.21004201260420122
vn -0.3410964737574627 0.7311721974753267 0.5907964228305097
vn 0 0.9977638737620401 0.06683750605287198
vn 0 0.9701425001453321 0.2425356250363328
vn 0 0.7311721974753265 0.6821929475149258
usemtl m_cdc7856a-81b9-2323-aa40-5a8c37e12ffa
f 247/933/261 250/934/261 246/935/261
f 247/936/262 248/937/262 251/938/262 250/939/262
f 248/940/263 249/941/263 252/942/263 251/943/263
f 250/944/264 253/945/264 246/946/264
f 250/947/265 251/948/265 254/949/265 253/950/265
f 251/951/266 252/952/266 255/953/266 254/954/266
f 253/955/267 256/956/267 246/957/267
f 253/958/268 254/959/268 257/960/268 256/961/268
f 254/962/269 255/963/269 258/964/269 257/965/269
f 256/966/270 259/967/270 246/968/270
f 256/969/271 257/970/271 260/971/271 259/972/271
f 257/973/272 258/974/272 261/975/272 260/976/272
f 259/977/273 262/978/273 246/979/273
f 259/980/274 260/981/274 263/982/274 262/983/274
f 260/984/275 261/985/275 264/986/275 263/987/275
f 262/988/276 265/989/276 246/990/276
f 262/991/277 263/992/277 266/993/277 265/994/277
f 263/995/278 264/996/278 267/997/278 266/998/278
f 265/999/279 268/1000/279 246/1001/279
f 265/1002/280 266/1003/280 269/1004/280 268/1005/280
f 266/1006/281 267/1007/281 270/1008/281 269/1009/281
f 268/1010/282 271/1011/282 246/1012/282
f 268/1013/283 269/1014/283 272/1015/283 271/1016/283
f 269/1017/284 270/1018/284 273/1019/284 272/1020/284
f 271/1021/285 274/1022/285 246/1023/285
f 271/1024/286 272/1025/286 275/1026/286 274/1027/286
f 272/1028/287 273/1029/287 276/1030/287 275/1031/287
f 274/1032/288 277/1033/288 246/1034/288
f 274/1035/289 275/1036/289 278/1037/289 277/1038/289
f 275/1039/290 276/1040/290 279/1041/290 278/1042/290
f 277/1043/291 280/1044/291 246/1045/291
f 277/1046/292 278/1047/292 281/1048/292 280/1049/292
f 278/1050/293 279/1051/293 282/1052/293 281/1053/293
f 280/1054/294 247/1055/294 246/1056/294
f 280/1057/295 281/1058/295 248/1059/295 247/1060/295
f 281/1061/296 282/1062/296 249/1063/296 248/1064/296
o doorRight
v 0.4375 0.9375 0.01625
v 0.4375 0.9375 -0.01625
v 0.4375 0.6875 0.01625
v 0.4375 0.6875 -0.01625
v 0.3125 1 0.01625
v 0.3125 1 -0.01625
v 0.3125 0.625 0.01625
v 0.3125 0.625 -0.01625
v 0.375 0.9375 0.01625
v 0.375 0.9375 -0.01625
v 0.375 0.6875 -0.01625
v 0.375 0.6875 0.01625
vt 0.7900390625 0.064453125
vt 0.7900390625 0.095703125
vt 0.7861328125 0.095703125
vt 0.7861328125 0.064453125
vt 0.7900390625 0.064453125
vt 0.7900390625 0.095703125
vt 0.7861328125 0.095703125
vt 0.7861328125 0.064453125
vt 0.8037109375 0.08984375
vt 0.7919921875 0.08984375
vt 0.7919921875 0.0859375
vt 0.8037109375 0.0859375
vt 0.8037109375 0.08984375
vt 0.7919921875 0.08984375
vt 0.7919921875 0.0859375
vt 0.8037109375 0.0859375
vt 0.8037109375 0.095703125
vt 0.7919921875 0.095703125
vt 0.7919921875 0.064453125
vt 0.8037109375 0.064453125
vt 0.7802734375 0.064453125
vt 0.7919921875 0.064453125
vt 0.7919921875 0.095703125
vt 0.7802734375 0.095703125
vt 0.7802734375 0.0859375
vt 0.7919921875 0.0859375
vt 0.7919921875 0.08984375
vt 0.7802734375 0.08984375
vt 0.8037109375 0.095703125
vt 0.7919921875 0.095703125
vt 0.7919921875 0.064453125
vt 0.8037109375 0.064453125
vt 0.7802734375 0.0859375
vt 0.7919921875 0.0859375
vt 0.7919921875 0.08984375
vt 0.7802734375 0.08984375
vt 0.7802734375 0.064453125
vt 0.7919921875 0.064453125
vt 0.7919921875 0.095703125
vt 0.7802734375 0.095703125
vn 1 0 0
vn -1 0 0
vn 0 1 0
vn 0 -1 0
vn 0 0 1
vn 0 0 -1
vn 0.7071067811865476 0.7071067811865476 0
vn 0 0 -1
vn 0.7071067811865476 -0.7071067811865476 0
vn 0 0 1
usemtl m_cdc7856a-81b9-2323-aa40-5a8c37e12ffa
f 286/1065/297 284/1066/297 283/1067/297 285/1068/297
f 289/1069/298 287/1070/298 288/1071/298 290/1072/298
f 284/1073/299 292/1074/299 291/1075/299 283/1076/299
f 285/1077/300 294/1078/300 293/1079/300 286/1080/300
f 283/1081/301 291/1082/301 294/1083/301 285/1084/301
f 286/1085/302 293/1086/302 292/1087/302 284/1088/302
f 287/1089/303 291/1090/303 292/1091/303 288/1092/303
f 288/1093/304 292/1094/304 293/1095/304 290/1096/304
f 290/1097/305 293/1098/305 294/1099/305 289/1100/305
f 289/1101/306 294/1102/306 291/1103/306 287/1104/306
o right
v 0.4375 0.375 -8.673617379884035e-19
v 0.4375 1 -8.673617379884035e-19
v 0.4416867061317363 0.375 0.015624999999999998
v 0.4416867061317363 1 0.015624999999999998
v 0.4489382938682637 0.375 0.011438293868263708
v 0.4489382938682637 1 0.011438293868263708
v 0.453125 0.375 0.00418670613173629
v 0.453125 1 0.00418670613173629
v 0.453125 0.375 -0.004186706131736294
v 0.453125 1 -0.004186706131736294
v 0.4489382938682637 0.375 -0.011438293868263708
v 0.4489382938682637 1 -0.011438293868263708
v 0.4416867061317363 0.375 -0.015624999999999998
v 0.4416867061317363 1 -0.015624999999999998
v 0.4333132938682637 0.375 -0.015625
v 0.4333132938682637 1 -0.015625
v 0.4260617061317363 0.375 -0.011438293868263711
v 0.4260617061317363 1 -0.011438293868263711
v 0.421875 0.375 -0.00418670613173629
v 0.421875 1 -0.00418670613173629
v 0.421875 0.375 0.0041867061317362834
v 0.421875 1 0.0041867061317362834
v 0.4260617061317363 0.375 0.011438293868263704
v 0.4260617061317363 1 0.011438293868263704
v 0.4333132938682637 0.375 0.015624999999999998
v 0.4333132938682637 1 0.015624999999999998
vt 0.9288469309462691 0.11059872333699083
vt 0.9258216587704025 0.1123046875
vt 0.90625 0.11059872333699083
vt 0.9062500000000007 0.0595703125
vt 0.9179500621651311 0.0595703125
vt 0.9179500621651311 0.1123046875
vt 0.9062500000000007 0.1123046875
vt 0.90625 0.1088924790098178
vt 0.91754753779678 0.10934979002841572
vt 0.90625 0.1123046875
vt 0.9288487864513271 0.11059886340757119
vt 0.9258200518119084 0.1123046875
vt 0.90625 0.11059886340757119
vt 0.9062500000000007 0.0595703125
vt 0.9179500621651311 0.0595703125
vt 0.9179500621651311 0.1123046875
vt 0.9062500000000007 0.1123046875
vt 0.90625 0.10889275917398167
vt 0.9175484654731345 0.10934954739249236
vt 0.90625 0.1123046875
vt 0.9280784741886763 0.11053808593749992
vt 0.9280784741886763 0.11230468749999989
vt 0.90625 0.1114213867187499
vt 0.9062500000000007 0.0595703125
vt 0.9179500621651311 0.0595703125
vt 0.9179500621651311 0.1123046875
vt 0.9062500000000007 0.1123046875
vt 0.9280784741886763 0.11053808593749992
vt 0.9280784741886763 0.11230468749999989
vt 0.90625 0.1114213867187499
vt 0.90625 0.10889275917398167
vt 0.9175484654731345 0.10934954739249236
vt 0.90625 0.1123046875
vt 0.9062500000000007 0.0595703125
vt 0.9179500621651311 0.0595703125
vt 0.9179500621651311 0.1123046875
vt 0.9062500000000007 0.1123046875
vt 0.9288487864513271 0.11059886340757119
vt 0.9258200518119084 0.1123046875
vt 0.90625 0.11059886340757119
vt 0.90625 0.1088924790098178
vt 0.91754753779678 0.10934979002841572
vt 0.90625 0.1123046875
vt 0.9062500000000007 0.0595703125
vt 0.9179500621651311 0.0595703125
vt 0.9179500621651311 0.1123046875
vt 0.9062500000000007 0.1123046875
vt 0.9288469309462691 0.11059872333699083
vt 0.9258216587704025 0.1123046875
vt 0.90625 0.11059872333699083
vt 0.9062500000000007 0.1090087890625
vt 0.9179500621651311 0.1090087890625
vt 0.9121000310825659 0.1123046875
vt 0.9062500000000007 0.0595703125
vt 0.9179500621651311 0.0595703125
vt 0.9179500621651311 0.1123046875
vt 0.9062500000000007 0.1123046875
vt 0.9179500621651311 0.1123046875
vt 0.9062500000000007 0.1123046875
vt 0.9121000310825659 0.1090087890625
vt 0.90625 0.1123046875
vt 0.9092752721758666 0.11059872333699083
vt 0.9288469309462691 0.1123046875
vt 0.9062500000000007 0.0595703125
vt 0.9179500621651311 0.0595703125
vt 0.9179500621651311 0.1123046875
vt 0.9062500000000007 0.1123046875
vt 0.91754753779678 0.1123046875
vt 0.90625 0.11184737648140208
vt 0.91754753779678 0.1088924790098178
vt 0.90625 0.1123046875
vt 0.9092787346394187 0.11059886340757119
vt 0.9288487864513271 0.1123046875
vt 0.9062500000000007 0.0595703125
vt 0.9179500621651311 0.0595703125
vt 0.9179500621651311 0.1123046875
vt 0.9062500000000007 0.1123046875
vt 0.9175484654731345 0.1123046875
vt 0.90625 0.1118478992814893
vt 0.9175484654731345 0.10889275917398167
vt 0.90625 0.11230468749999989
vt 0.90625 0.11053808593749992
vt 0.9280784741886763 0.1114213867187499
vt 0.9062500000000007 0.0595703125
vt 0.9179500621651311 0.0595703125
vt 0.9179500621651311 0.1123046875
vt 0.9062500000000007 0.1123046875
vt 0.90625 0.11230468749999989
vt 0.90625 0.11053808593749992
vt 0.9280784741886763 0.1114213867187499
vt 0.9175484654731345 0.1123046875
vt 0.90625 0.1118478992814893
vt 0.9175484654731345 0.10889275917398167
vt 0.9062500000000007 0.0595703125
vt 0.9179500621651311 0.0595703125
vt 0.9179500621651311 0.1123046875
vt 0.9062500000000007 0.1123046875
vt 0.90625 0.1123046875
vt 0.9092787346394187 0.11059886340757119
vt 0.9288487864513271 0.1123046875
vt 0.91754753779678 0.1123046875
vt 0.90625 0.11184737648140208
vt 0.91754753779678 0.1088924790098178
vt 0.9062500000000007 0.0595703125
vt 0.9179500621651311 0.0595703125
vt 0.9179500621651311 0.1123046875
vt 0.9062500000000007 0.1123046875
vt 0.90625 0.1123046875
vt 0.9092752721758666 0.11059872333699083
vt 0.9288469309462691 0.1123046875
vt 0.9179500621651311 0.1123046875
vt 0.9062500000000007 0.1123046875
vt 0.9121000310825659 0.1090087890625
vt 0.9062500000000007 0.0595703125
vt 0.9179500621651311 0.0595703125
vt 0.9179500621651311 0.1123046875
vt 0.9062500000000007 0.1123046875
vt 0.9062500000000007 0.1090087890625
vt 0.9179500621651311 0.1090087890625
vt 0.9121000310825659 0.1123046875
vn 0 -1 0
vn 0.49999999999999994 0 0.8660254037844387
vn 0 1 0
vn 0 -1 0
vn 0.8660254037844388 0 0.5000000000000001
vn 0 1 0
vn 0 -1 0
vn 1 0 0
vn 0 1 0
vn 0 -1 0
vn 0.8660254037844387 0 -0.49999999999999994
vn 0 1 0
vn 0 -1 0
vn 0.5 0 -0.8660254037844387
vn 0 1 0
vn 0 -1 0
vn 2.0717043678169394e-16 0 -1
vn 0 1 0
vn 0 -1 0
vn -0.49999999999999933 0 -0.8660254037844392
vn 0 1 0
vn 0 -1 0
vn -0.8660254037844389 0 -0.4999999999999996
vn 0 1 0
vn 0 -1 0
vn -1 0 -2.0717043678169412e-16
vn 0 1 0
vn 0 -1 0
vn -0.8660254037844392 0 0.49999999999999944
vn 0 1 0
vn 0 -1 0
vn -0.49999999999999983 0 0.8660254037844387
vn 0 1 0
vn 0 -1 0
vn 0 0 1
vn 0 1 0
usemtl m_cdc7856a-81b9-2323-aa40-5a8c37e12ffa
f 299/1105/307 297/1106/307 295/1107/307
f 297/1108/308 299/1109/308 300/1110/308 298/1111/308
f 298/1112/309 300/1113/309 296/1114/309
f 301/1115/310 299/1116/310 295/1117/310
f 299/1118/311 301/1119/311 302/1120/311 300/1121/311
f 300/1122/312 302/1123/312 296/1124/312
f 303/1125/313 301/1126/313 295/1127/313
f 301/1128/314 303/1129/314 304/1130/314 302/1131/314
f 302/1132/315 304/1133/315 296/1134/315
f 305/1135/316 303/1136/316 295/1137/316
f 303/1138/317 305/1139/317 306/1140/317 304/1141/317
f 304/1142/318 306/1143/318 296/1144/318
f 307/1145/319 305/1146/319 295/1147/319
f 305/1148/320 307/1149/320 308/1150/320 306/1151/320
f 306/1152/321 308/1153/321 296/1154/321
f 309/1155/322 307/1156/322 295/1157/322
f 307/1158/323 309/1159/323 310/1160/323 308/1161/323
f 308/1162/324 310/1163/324 296/1164/324
f 311/1165/325 309/1166/325 295/1167/325
f 309/1168/326 311/1169/326 312/1170/326 310/1171/326
f 310/1172/327 312/1173/327 296/1174/327
f 313/1175/328 311/1176/328 295/1177/328
f 311/1178/329 313/1179/329 314/1180/329 312/1181/329
f 312/1182/330 314/1183/330 296/1184/330
f 315/1185/331 313/1186/331 295/1187/331
f 313/1188/332 315/1189/332 316/1190/332 314/1191/332
f 314/1192/333 316/1193/333 296/1194/333
f 317/1195/334 315/1196/334 295/1197/334
f 315/1198/335 317/1199/335 318/1200/335 316/1201/335
f 316/1202/336 318/1203/336 296/1204/336
f 319/1205/337 317/1206/337 295/1207/337
f 317/1208/338 319/1209/338 320/1210/338 318/1211/338
f 318/1212/339 320/1213/339 296/1214/339
f 297/1215/340 319/1216/340 295/1217/340
f 319/1218/341 297/1219/341 298/1220/341 320/1221/341
f 320/1222/342 298/1223/342 296/1224/342
o left
v -0.4375 0.375 -8.673617379884035e-19
v -0.4375 1 -8.673617379884035e-19
v -0.4333132938682637 0.375 0.015624999999999998
v -0.4333132938682637 1 0.015624999999999998
v -0.4260617061317363 0.375 0.011438293868263708
v -0.4260617061317363 1 0.011438293868263708
v -0.421875 0.375 0.00418670613173629
v -0.421875 1 0.00418670613173629
v -0.421875 0.375 -0.004186706131736294
v -0.421875 1 -0.004186706131736294
v -0.4260617061317363 0.375 -0.011438293868263708
v -0.4260617061317363 1 -0.011438293868263708
v -0.4333132938682637 0.375 -0.015624999999999998
v -0.4333132938682637 1 -0.015624999999999998
v -0.4416867061317363 0.375 -0.015625
v -0.4416867061317363 1 -0.015625
v -0.4489382938682637 0.375 -0.011438293868263711
v -0.4489382938682637 1 -0.011438293868263711
v -0.453125 0.375 -0.00418670613173629
v -0.453125 1 -0.00418670613173629
v -0.453125 0.375 0.0041867061317362834
v -0.453125 1 0.0041867061317362834
v -0.4489382938682637 0.375 0.011438293868263704
v -0.4489382938682637 1 0.011438293868263704
v -0.4416867061317363 0.375 0.015624999999999998
v -0.4416867061317363 1 0.015624999999999998
vt 0.9288469309462691 0.11059872333699083
vt 0.9258216587704025 0.1123046875
vt 0.90625 0.11059872333699083
vt 0.9062500000000007 0.0595703125
vt 0.9179500621651311 0.0595703125
vt 0.9179500621651311 0.1123046875
vt 0.9062500000000007 0.1123046875
vt 0.90625 0.1088924790098178
vt 0.91754753779678 0.10934979002841572
vt 0.90625 0.1123046875
vt 0.9288487864513271 0.11059886340757119
vt 0.9258200518119084 0.1123046875
vt 0.90625 0.11059886340757119
vt 0.9062500000000007 0.0595703125
vt 0.9179500621651311 0.0595703125
vt 0.9179500621651311 0.1123046875
vt 0.9062500000000007 0.1123046875
vt 0.90625 0.10889275917398167
vt 0.9175484654731345 0.10934954739249236
vt 0.90625 0.1123046875
vt 0.9280784741886763 0.11053808593749992
vt 0.9280784741886763 0.11230468749999989
vt 0.90625 0.1114213867187499
vt 0.9062500000000007 0.0595703125
vt 0.9179500621651311 0.0595703125
vt 0.9179500621651311 0.1123046875
vt 0.9062500000000007 0.1123046875
vt 0.9280784741886763 0.11053808593749992
vt 0.9280784741886763 0.11230468749999989
vt 0.90625 0.1114213867187499
vt 0.90625 0.10889275917398167
vt 0.9175484654731345 0.10934954739249236
vt 0.90625 0.1123046875
vt 0.9062500000000007 0.0595703125
vt 0.9179500621651311 0.0595703125
vt 0.9179500621651311 0.1123046875
vt 0.9062500000000007 0.1123046875
vt 0.9288487864513271 0.11059886340757119
vt 0.9258200518119084 0.1123046875
vt 0.90625 0.11059886340757119
vt 0.90625 0.1088924790098178
vt 0.91754753779678 0.10934979002841572
vt 0.90625 0.1123046875
vt 0.9062500000000007 0.0595703125
vt 0.9179500621651311 0.0595703125
vt 0.9179500621651311 0.1123046875
vt 0.9062500000000007 0.1123046875
vt 0.9288469309462691 0.11059872333699083
vt 0.9258216587704025 0.1123046875
vt 0.90625 0.11059872333699083
vt 0.9062500000000007 0.1090087890625
vt 0.9179500621651311 0.1090087890625
vt 0.9121000310825659 0.1123046875
vt 0.9062500000000007 0.0595703125
vt 0.9179500621651311 0.0595703125
vt 0.9179500621651311 0.1123046875
vt 0.9062500000000007 0.1123046875
vt 0.9179500621651311 0.1123046875
vt 0.9062500000000007 0.1123046875
vt 0.9121000310825659 0.1090087890625
vt 0.90625 0.1123046875
vt 0.9092752721758666 0.11059872333699083
vt 0.9288469309462691 0.1123046875
vt 0.9062500000000007 0.0595703125
vt 0.9179500621651311 0.0595703125
vt 0.9179500621651311 0.1123046875
vt 0.9062500000000007 0.1123046875
vt 0.91754753779678 0.1123046875
vt 0.90625 0.11184737648140208
vt 0.91754753779678 0.1088924790098178
vt 0.90625 0.1123046875
vt 0.9092787346394187 0.11059886340757119
vt 0.9288487864513271 0.1123046875
vt 0.9062500000000007 0.0595703125
vt 0.9179500621651311 0.0595703125
vt 0.9179500621651311 0.1123046875
vt 0.9062500000000007 0.1123046875
vt 0.9175484654731345 0.1123046875
vt 0.90625 0.1118478992814893
vt 0.9175484654731345 0.10889275917398167
vt 0.90625 0.11230468749999989
vt 0.90625 0.11053808593749992
vt 0.9280784741886763 0.1114213867187499
vt 0.9062500000000007 0.0595703125
vt 0.9179500621651311 0.0595703125
vt 0.9179500621651311 0.1123046875
vt 0.9062500000000007 0.1123046875
vt 0.90625 0.11230468749999989
vt 0.90625 0.11053808593749992
vt 0.9280784741886763 0.1114213867187499
vt 0.9175484654731345 0.1123046875
vt 0.90625 0.1118478992814893
vt 0.9175484654731345 0.10889275917398167
vt 0.9062500000000007 0.0595703125
vt 0.9179500621651311 0.0595703125
vt 0.9179500621651311 0.1123046875
vt 0.9062500000000007 0.1123046875
vt 0.90625 0.1123046875
vt 0.9092787346394187 0.11059886340757119
vt 0.9288487864513271 0.1123046875
vt 0.91754753779678 0.1123046875
vt 0.90625 0.11184737648140208
vt 0.91754753779678 0.1088924790098178
vt 0.9062500000000007 0.0595703125
vt 0.9179500621651311 0.0595703125
vt 0.9179500621651311 0.1123046875
vt 0.9062500000000007 0.1123046875
vt 0.90625 0.1123046875
vt 0.9092752721758666 0.11059872333699083
vt 0.9288469309462691 0.1123046875
vt 0.9179500621651311 0.1123046875
vt 0.9062500000000007 0.1123046875
vt 0.9121000310825659 0.1090087890625
vt 0.9062500000000007 0.0595703125
vt 0.9179500621651311 0.0595703125
vt 0.9179500621651311 0.1123046875
vt 0.9062500000000007 0.1123046875
vt 0.9062500000000007 0.1090087890625
vt 0.9179500621651311 0.1090087890625
vt 0.9121000310825659 0.1123046875
vn 0 -1 0
vn 0.49999999999999994 0 0.8660254037844387
vn 0 1 0
vn 0 -1 0
vn 0.8660254037844388 0 0.5000000000000001
vn 0 1 0
vn 0 -1 0
vn 1 0 0
vn 0 1 0
vn 0 -1 0
vn 0.8660254037844387 0 -0.49999999999999994
vn 0 1 0
vn 0 -1 0
vn 0.5 0 -0.8660254037844387
vn 0 1 0
vn 0 -1 0
vn 2.0717043678169394e-16 0 -1
vn 0 1 0
vn 0 -1 0
vn -0.49999999999999933 0 -0.8660254037844392
vn 0 1 0
vn 0 -1 0
vn -0.8660254037844389 0 -0.4999999999999996
vn 0 1 0
vn 0 -1 0
vn -1 0 -2.0717043678169412e-16
vn 0 1 0
vn 0 -1 0
vn -0.8660254037844392 0 0.49999999999999944
vn 0 1 0
vn 0 -1 0
vn -0.49999999999999983 0 0.8660254037844387
vn 0 1 0
vn 0 -1 0
vn 0 0 1
vn 0 1 0
usemtl m_cdc7856a-81b9-2323-aa40-5a8c37e12ffa
f 325/1225/343 323/1226/343 321/1227/343
f 323/1228/344 325/1229/344 326/1230/344 324/1231/344
f 324/1232/345 326/1233/345 322/1234/345
f 327/1235/346 325/1236/346 321/1237/346
f 325/1238/347 327/1239/347 328/1240/347 326/1241/347
f 326/1242/348 328/1243/348 322/1244/348
f 329/1245/349 327/1246/349 321/1247/349
f 327/1248/350 329/1249/350 330/1250/350 328/1251/350
f 328/1252/351 330/1253/351 322/1254/351
f 331/1255/352 329/1256/352 321/1257/352
f 329/1258/353 331/1259/353 332/1260/353 330/1261/353
f 330/1262/354 332/1263/354 322/1264/354
f 333/1265/355 331/1266/355 321/1267/355
f 331/1268/356 333/1269/356 334/1270/356 332/1271/356
f 332/1272/357 334/1273/357 322/1274/357
f 335/1275/358 333/1276/358 321/1277/358
f 333/1278/359 335/1279/359 336/1280/359 334/1281/359
f 334/1282/360 336/1283/360 322/1284/360
f 337/1285/361 335/1286/361 321/1287/361
f 335/1288/362 337/1289/362 338/1290/362 336/1291/362
f 336/1292/363 338/1293/363 322/1294/363
f 339/1295/364 337/1296/364 321/1297/364
f 337/1298/365 339/1299/365 340/1300/365 338/1301/365
f 338/1302/366 340/1303/366 322/1304/366
f 341/1305/367 339/1306/367 321/1307/367
f 339/1308/368 341/1309/368 342/1310/368 340/1311/368
f 340/1312/369 342/1313/369 322/1314/369
f 343/1315/370 341/1316/370 321/1317/370
f 341/1318/371 343/1319/371 344/1320/371 342/1321/371
f 342/1322/372 344/1323/372 322/1324/372
f 345/1325/373 343/1326/373 321/1327/373
f 343/1328/374 345/1329/374 346/1330/374 344/1331/374
f 344/1332/375 346/1333/375 322/1334/375
f 323/1335/376 345/1336/376 321/1337/376
f 345/1338/377 323/1339/377 324/1340/377 346/1341/377
f 346/1342/378 324/1343/378 322/1344/378
o doorLeft
v -0.4375 0.9375 -0.01624999999999995
v -0.4375 0.9375 0.016250000000000053
v -0.4375 0.6875 -0.01624999999999995
v -0.4375 0.6875 0.016250000000000053
v -0.3125 1 -0.016249999999999962
v -0.3125 1 0.01625000000000004
v -0.3125 0.625 -0.016249999999999962
v -0.3125 0.625 0.01625000000000004
v -0.375 0.9375 -0.016249999999999955
v -0.375 0.9375 0.016250000000000046
v -0.375 0.6875 0.016250000000000046
v -0.375 0.6875 -0.016249999999999955
vt 0.7900390625 0.064453125
vt 0.7900390625 0.095703125
vt 0.7861328125 0.095703125
vt 0.7861328125 0.064453125
vt 0.7900390625 0.064453125
vt 0.7900390625 0.095703125
vt 0.7861328125 0.095703125
vt 0.7861328125 0.064453125
vt 0.8037109375 0.08984375
vt 0.7919921875 0.08984375
vt 0.7919921875 0.0859375
vt 0.8037109375 0.0859375
vt 0.8037109375 0.08984375
vt 0.7919921875 0.08984375
vt 0.7919921875 0.0859375
vt 0.8037109375 0.0859375
vt 0.8037109375 0.095703125
vt 0.7919921875 0.095703125
vt 0.7919921875 0.064453125
vt 0.8037109375 0.064453125
vt 0.7802734375 0.064453125
vt 0.7919921875 0.064453125
vt 0.7919921875 0.095703125
vt 0.7802734375 0.095703125
vt 0.7802734375 0.0859375
vt 0.7919921875 0.0859375
vt 0.7919921875 0.08984375
vt 0.7802734375 0.08984375
vt 0.8037109375 0.095703125
vt 0.7919921875 0.095703125
vt 0.7919921875 0.064453125
vt 0.8037109375 0.064453125
vt 0.7802734375 0.0859375
vt 0.7919921875 0.0859375
vt 0.7919921875 0.08984375
vt 0.7802734375 0.08984375
vt 0.7802734375 0.064453125
vt 0.7919921875 0.064453125
vt 0.7919921875 0.095703125
vt 0.7802734375 0.095703125
vn -1 0 1.2246467991473532e-16
vn 1 0 -1.2246467991473532e-16
vn 0 1 0
vn 0 -1 0
vn -1.2246467991473532e-16 0 -1
vn 1.2246467991473532e-16 0 1
vn -0.7071067811865476 0.7071067811865476 8.659560562354934e-17
vn 1.2246467991473532e-16 0 1
vn -0.7071067811865476 -0.7071067811865476 8.659560562354934e-17
vn -1.2246467991473532e-16 0 -1
usemtl m_cdc7856a-81b9-2323-aa40-5a8c37e12ffa
f 350/1345/379 348/1346/379 347/1347/379 349/1348/379
f 353/1349/380 351/1350/380 352/1351/380 354/1352/380
f 348/1353/381 356/1354/381 355/1355/381 347/1356/381
f 349/1357/382 358/1358/382 357/1359/382 350/1360/382
f 347/1361/383 355/1362/383 358/1363/383 349/1364/383
f 350/1365/384 357/1366/384 356/1367/384 348/1368/384
f 351/1369/385 355/1370/385 356/1371/385 352/1372/385
f 352/1373/386 356/1374/386 357/1375/386 354/1376/386
f 354/1377/387 357/1378/387 358/1379/387 353/1380/387
f 353/1381/388 358/1382/388 355/1383/388 351/1384/388
o doorLeft
v -0.03125 1.4375 0
v -0.03125 1.4375 0
v -0.03125 0.4375 0
v -0.03125 0.4375 0
v -0.3125 1.4375 0
v -0.3125 1.4375 0
v -0.3125 0.4375 0
v -0.3125 0.4375 0
vt 0.6025390625 0.125
vt 0.6376953125 0.125
vt 0.6376953125 0
vt 0.6025390625 0
vt 0.6025390625 0.125
vt 0.6376953125 0.125
vt 0.6376953125 0
vt 0.6025390625 0
vn 0 0 -1
vn 0 0 1
usemtl m_cdc7856a-81b9-2323-aa40-5a8c37e12ffa
f 362/1388/389 365/1387/389 363/1386/389 360/1385/389
f 366/1392/390 361/1391/390 359/1390/390 364/1389/390
o doorLeft
v -0.21875 0.46875 0
v -0.125 0.46875 0
v -0.21875 0.4603765877365274 0.031249999999999997
v -0.125 0.46037658773652745 0.031249999999999997
v -0.21875 0.4458734122634726 0.022876587736527416
v -0.125 0.4458734122634726 0.022876587736527416
v -0.21875 0.4375 0.008373412263472583
v -0.125 0.43750000000000006 0.008373412263472583
v -0.21875 0.4375 -0.008373412263472586
v -0.125 0.43750000000000006 -0.008373412263472586
v -0.21875 0.4458734122634726 -0.022876587736527412
v -0.125 0.4458734122634726 -0.022876587736527412
v -0.21875 0.4603765877365274 -0.031249999999999993
v -0.125 0.46037658773652745 -0.031249999999999993
v -0.21875 0.4771234122634726 -0.03125
v -0.125 0.4771234122634726 -0.03125
v -0.21875 0.4916265877365274 -0.02287658773652742
v -0.125 0.49162658773652745 -0.02287658773652742
v -0.21875 0.5 -0.008373412263472579
v -0.125 0.5 -0.008373412263472579
v -0.21875 0.5 0.008373412263472569
v -0.125 0.5 0.008373412263472569
v -0.21875 0.49162658773652745 0.02287658773652741
v -0.125 0.49162658773652745 0.02287658773652741
v -0.21875 0.4771234122634726 0.031249999999999997
v -0.125 0.4771234122634726 0.031249999999999997
vt 0.9052721932636915 0.10624210240172438
vt 0.9032435523456648 0.10791015625
vt 0.8901194876310841 0.10624210240172438
vt 0.8901194876310841 0.091796875
vt 0.897965137037766 0.091796875
vt 0.897965137037766 0.10791015625
vt 0.8901194876310841 0.10791015625
vt 0.8901194876310841 0.10457377461515516
vt 0.8976952183803134 0.10502092316667311
vt 0.8901194876310841 0.10791015625
vt 0.9052734375 0.10624223935962518
vt 0.903242474775924 0.10791015625
vt 0.8901194876310841 0.10624223935962518
vt 0.8901194876310841 0.091796875
vt 0.897965137037766 0.091796875
vt 0.897965137037766 0.10791015625
vt 0.8901194876310841 0.10791015625
vt 0.8901194876310841 0.10457404855344876
vt 0.8976958404473878 0.10502068592265923
vt 0.8901194876310841 0.10791015625
vt 0.9047568932405653 0.10618281249999995
vt 0.9047568932405653 0.10791015625
vt 0.8901194876310841 0.10704648437499997
vt 0.8901194876310841 0.091796875
vt 0.897965137037766 0.091796875
vt 0.897965137037766 0.10791015625
vt 0.8901194876310841 0.10791015625
vt 0.9047568932405653 0.10618281249999995
vt 0.9047568932405653 0.10791015625
vt 0.8901194876310841 0.10704648437499997
vt 0.8901194876310841 0.10457404855344876
vt 0.8976958404473878 0.10502068592265923
vt 0.8901194876310841 0.10791015625
vt 0.8901194876310841 0.091796875
vt 0.897965137037766 0.091796875
vt 0.897965137037766 0.10791015625
vt 0.8901194876310841 0.10791015625
vt 0.9052734375 0.10624223935962518
vt 0.903242474775924 0.10791015625
vt 0.8901194876310841 0.10624223935962518
vt 0.8901194876310841 0.10457377461515516
vt 0.8976952183803134 0.10502092316667311
vt 0.8901194876310841 0.10791015625
vt 0.8901194876310841 0.091796875
vt 0.897965137037766 0.091796875
vt 0.897965137037766 0.10791015625
vt 0.8901194876310841 0.10791015625
vt 0.9052721932636915 0.10624210240172438
vt 0.9032435523456648 0.10791015625
vt 0.8901194876310841 0.10624210240172438
vt 0.8901194876310841 0.10468750000000004
vt 0.897965137037766 0.10468750000000004
vt 0.894042312334425 0.10791015625
vt 0.8901194876310841 0.091796875
vt 0.897965137037766 0.091796875
vt 0.897965137037766 0.10791015625
vt 0.8901194876310841 0.10791015625
vt 0.897965137037766 0.10791015625
vt 0.8901194876310841 0.10791015625
vt 0.894042312334425 0.10468750000000004
vt 0.8901194876310841 0.10791015625
vt 0.8921481285491107 0.10624210240172438
vt 0.9052721932636915 0.10791015625
vt 0.8901194876310841 0.091796875
vt 0.897965137037766 0.091796875
vt 0.897965137037766 0.10791015625
vt 0.8901194876310841 0.10791015625
vt 0.8976952183803134 0.10791015625
vt 0.8901194876310841 0.10746300769848205
vt 0.8976952183803134 0.10457377461515516
vt 0.8901194876310841 0.10791015625
vt 0.89215045035516 0.10624223935962518
vt 0.9052734375 0.10791015625
vt 0.8901194876310841 0.091796875
vt 0.897965137037766 0.091796875
vt 0.897965137037766 0.10791015625
vt 0.8901194876310841 0.10791015625
vt 0.8976958404473878 0.10791015625
vt 0.8901194876310841 0.10746351888078953
vt 0.8976958404473878 0.10457404855344876
vt 0.8901194876310841 0.10791015625
vt 0.8901194876310841 0.10618281249999995
vt 0.9047568932405653 0.10704648437499997
vt 0.8901194876310841 0.091796875
vt 0.897965137037766 0.091796875
vt 0.897965137037766 0.10791015625
vt 0.8901194876310841 0.10791015625
vt 0.8901194876310841 0.10791015625
vt 0.8901194876310841 0.10618281249999995
vt 0.9047568932405653 0.10704648437499997
vt 0.8976958404473878 0.10791015625
vt 0.8901194876310841 0.10746351888078953
vt 0.8976958404473878 0.10457404855344876
vt 0.8901194876310841 0.091796875
vt 0.897965137037766 0.091796875
vt 0.897965137037766 0.10791015625
vt 0.8901194876310841 0.10791015625
vt 0.8901194876310841 0.10791015625
vt 0.89215045035516 0.10624223935962518
vt 0.9052734375 0.10791015625
vt 0.8976952183803134 0.10791015625
vt 0.8901194876310841 0.10746300769848205
vt 0.8976952183803134 0.10457377461515516
vt 0.8901194876310841 0.091796875
vt 0.897965137037766 0.091796875
vt 0.897965137037766 0.10791015625
vt 0.8901194876310841 0.10791015625
vt 0.8901194876310841 0.10791015625
vt 0.8921481285491107 0.10624210240172438
vt 0.9052721932636915 0.10791015625
vt 0.897965137037766 0.10791015625
vt 0.8901194876310841 0.10791015625
vt 0.894042312334425 0.10468750000000004
vt 0.8901194876310841 0.091796875
vt 0.897965137037766 0.091796875
vt 0.897965137037766 0.10791015625
vt 0.8901194876310841 0.10791015625
vt 0.8901194876310841 0.10468750000000004
vt 0.897965137037766 0.10468750000000004
vt 0.894042312334425 0.10791015625
vn -1 -2.220446049250313e-16 0
vn 1.1102230246251563e-16 -0.4999999999999999 0.8660254037844387
vn 1 2.220446049250313e-16 0
vn -1 -2.220446049250313e-16 0
vn 1.922962686383564e-16 -0.8660254037844387 0.49999999999999994
vn 1 2.220446049250313e-16 0
vn -1 -2.220446049250313e-16 0
vn 2.220446049250313e-16 -1 0
vn 1 2.220446049250313e-16 0
vn -1 -2.220446049250313e-16 0
vn 1.922962686383564e-16 -0.8660254037844387 -0.49999999999999994
vn 1 2.220446049250313e-16 0
vn -1 -2.220446049250313e-16 0
vn 1.1102230246251568e-16 -0.5000000000000001 -0.8660254037844386
vn 1 2.220446049250313e-16 0
vn -1 -2.220446049250313e-16 0
vn 9.200215557467481e-32 -4.143408735633879e-16 -1
vn 1 2.220446049250313e-16 0
vn -1 -2.220446049250313e-16 0
vn -1.1102230246251554e-16 0.4999999999999995 -0.8660254037844389
vn 1 2.220446049250313e-16 0
vn -1 -2.220446049250313e-16 0
vn -1.9229626863835643e-16 0.8660254037844388 -0.4999999999999997
vn 1 2.220446049250313e-16 0
vn -1 -2.220446049250313e-16 0
vn -2.220446049250313e-16 1 -2.0717043678169412e-16
vn 1 2.220446049250313e-16 0
vn -1 -2.220446049250313e-16 0
vn -1.9229626863835646e-16 0.8660254037844389 0.4999999999999996
vn 1 2.220446049250313e-16 0
vn -1 -2.220446049250313e-16 0
vn -1.1102230246251564e-16 0.49999999999999994 0.8660254037844387
vn 1 2.220446049250313e-16 0
vn -1 -2.220446049250313e-16 0
vn 0 0 1
vn 1 2.220446049250313e-16 0
usemtl m_cdc7856a-81b9-2323-aa40-5a8c37e12ffa
f 371/1393/391 369/1394/391 367/1395/391
f 369/1396/392 371/1397/392 372/1398/392 370/1399/392
f 370/1400/393 372/1401/393 368/1402/393
f 373/1403/394 371/1404/394 367/1405/394
f 371/1406/395 373/1407/395 374/1408/395 372/1409/395
f 372/1410/396 374/1411/396 368/1412/396
f 375/1413/397 373/1414/397 367/1415/397
f 373/1416/398 375/1417/398 376/1418/398 374/1419/398
f 374/1420/399 376/1421/399 368/1422/399
f 377/1423/400 375/1424/400 367/1425/400
f 375/1426/401 377/1427/401 378/1428/401 376/1429/401
f 376/1430/402 378/1431/402 368/1432/402
f 379/1433/403 377/1434/403 367/1435/403
f 377/1436/404 379/1437/404 380/1438/404 378/1439/404
f 378/1440/405 380/1441/405 368/1442/405
f 381/1443/406 379/1444/406 367/1445/406
f 379/1446/407 381/1447/407 382/1448/407 380/1449/407
f 380/1450/408 382/1451/408 368/1452/408
f 383/1453/409 381/1454/409 367/1455/409
f 381/1456/410 383/1457/410 384/1458/410 382/1459/410
f 382/1460/411 384/1461/411 368/1462/411
f 385/1463/412 383/1464/412 367/1465/412
f 383/1466/413 385/1467/413 386/1468/413 384/1469/413
f 384/1470/414 386/1471/414 368/1472/414
f 387/1473/415 385/1474/415 367/1475/415
f 385/1476/416 387/1477/416 388/1478/416 386/1479/416
f 386/1480/417 388/1481/417 368/1482/417
f 389/1483/418 387/1484/418 367/1485/418
f 387/1486/419 389/1487/419 390/1488/419 388/1489/419
f 388/1490/420 390/1491/420 368/1492/420
f 391/1493/421 389/1494/421 367/1495/421
f 389/1496/422 391/1497/422 392/1498/422 390/1499/422
f 390/1500/423 392/1501/423 368/1502/423
f 369/1503/424 391/1504/424 367/1505/424
f 391/1506/425 369/1507/425 370/1508/425 392/1509/425
f 392/1510/426 370/1511/426 368/1512/426
o doorLeft
v -0.21875 1.40625 0
v -0.125 1.40625 0
v -0.21875 1.3978765877365273 0.03125
v -0.125 1.3978765877365273 0.03125
v -0.21875 1.3833734122634727 0.02287658773652742
v -0.125 1.3833734122634727 0.02287658773652742
v -0.21875 1.375 0.008373412263472583
v -0.125 1.375 0.008373412263472583
v -0.21875 1.375 -0.008373412263472586
v -0.125 1.375 -0.008373412263472586
v -0.21875 1.3833734122634727 -0.022876587736527412
v -0.125 1.3833734122634727 -0.022876587736527412
v -0.21875 1.3978765877365273 -0.031249999999999993
v -0.125 1.3978765877365273 -0.031249999999999993
v -0.21875 1.4146234122634727 -0.03125
v -0.125 1.4146234122634727 -0.03125
v -0.21875 1.4291265877365273 -0.02287658773652742
v -0.125 1.4291265877365273 -0.02287658773652742
v -0.21875 1.4375 -0.008373412263472579
v -0.125 1.4375 -0.008373412263472579
v -0.21875 1.4375 0.008373412263472569
v -0.125 1.4375 0.008373412263472569
v -0.21875 1.4291265877365273 0.022876587736527412
v -0.125 1.4291265877365273 0.022876587736527412
v -0.21875 1.4146234122634727 0.03125
v -0.125 1.4146234122634727 0.03125
vt 0.9052721932636915 0.10624210240172438
vt 0.9032435523456648 0.10791015625
vt 0.8901194876310841 0.10624210240172438
vt 0.8901194876310841 0.091796875
vt 0.897965137037766 0.091796875
vt 0.897965137037766 0.10791015625
vt 0.8901194876310841 0.10791015625
vt 0.8901194876310841 0.10457377461515516
vt 0.8976952183803134 0.10502092316667311
vt 0.8901194876310841 0.10791015625
vt 0.9052734375 0.10624223935962518
vt 0.903242474775924 0.10791015625
vt 0.8901194876310841 0.10624223935962518
vt 0.8901194876310841 0.091796875
vt 0.897965137037766 0.091796875
vt 0.897965137037766 0.10791015625
vt 0.8901194876310841 0.10791015625
vt 0.8901194876310841 0.10457404855344876
vt 0.8976958404473878 0.10502068592265923
vt 0.8901194876310841 0.10791015625
vt 0.9047568932405653 0.10618281249999995
vt 0.9047568932405653 0.10791015625
vt 0.8901194876310841 0.10704648437499997
vt 0.8901194876310841 0.091796875
vt 0.897965137037766 0.091796875
vt 0.897965137037766 0.10791015625
vt 0.8901194876310841 0.10791015625
vt 0.9047568932405653 0.10618281249999995
vt 0.9047568932405653 0.10791015625
vt 0.8901194876310841 0.10704648437499997
vt 0.8901194876310841 0.10457404855344876
vt 0.8976958404473878 0.10502068592265923
vt 0.8901194876310841 0.10791015625
vt 0.8901194876310841 0.091796875
vt 0.897965137037766 0.091796875
vt 0.897965137037766 0.10791015625
vt 0.8901194876310841 0.10791015625
vt 0.9052734375 0.10624223935962518
vt 0.903242474775924 0.10791015625
vt 0.8901194876310841 0.10624223935962518
vt 0.8901194876310841 0.10457377461515516
vt 0.8976952183803134 0.10502092316667311
vt 0.8901194876310841 0.10791015625
vt 0.8901194876310841 0.091796875
vt 0.897965137037766 0.091796875
vt 0.897965137037766 0.10791015625
vt 0.8901194876310841 0.10791015625
vt 0.9052721932636915 0.10624210240172438
vt 0.9032435523456648 0.10791015625
vt 0.8901194876310841 0.10624210240172438
vt 0.8901194876310841 0.10468750000000004
vt 0.897965137037766 0.10468750000000004
vt 0.894042312334425 0.10791015625
vt 0.8901194876310841 0.091796875
vt 0.897965137037766 0.091796875
vt 0.897965137037766 0.10791015625
vt 0.8901194876310841 0.10791015625
vt 0.897965137037766 0.10791015625
vt 0.8901194876310841 0.10791015625
vt 0.894042312334425 0.10468750000000004
vt 0.8901194876310841 0.10791015625
vt 0.8921481285491107 0.10624210240172438
vt 0.9052721932636915 0.10791015625
vt 0.8901194876310841 0.091796875
vt 0.897965137037766 0.091796875
vt 0.897965137037766 0.10791015625
vt 0.8901194876310841 0.10791015625
vt 0.8976952183803134 0.10791015625
vt 0.8901194876310841 0.10746300769848205
vt 0.8976952183803134 0.10457377461515516
vt 0.8901194876310841 0.10791015625
vt 0.89215045035516 0.10624223935962518
vt 0.9052734375 0.10791015625
vt 0.8901194876310841 0.091796875
vt 0.897965137037766 0.091796875
vt 0.897965137037766 0.10791015625
vt 0.8901194876310841 0.10791015625
vt 0.8976958404473878 0.10791015625
vt 0.8901194876310841 0.10746351888078953
vt 0.8976958404473878 0.10457404855344876
vt 0.8901194876310841 0.10791015625
vt 0.8901194876310841 0.10618281249999995
vt 0.9047568932405653 0.10704648437499997
vt 0.8901194876310841 0.091796875
vt 0.897965137037766 0.091796875
vt 0.897965137037766 0.10791015625
vt 0.8901194876310841 0.10791015625
vt 0.8901194876310841 0.10791015625
vt 0.8901194876310841 0.10618281249999995
vt 0.9047568932405653 0.10704648437499997
vt 0.8976958404473878 0.10791015625
vt 0.8901194876310841 0.10746351888078953
vt 0.8976958404473878 0.10457404855344876
vt 0.8901194876310841 0.091796875
vt 0.897965137037766 0.091796875
vt 0.897965137037766 0.10791015625
vt 0.8901194876310841 0.10791015625
vt 0.8901194876310841 0.10791015625
vt 0.89215045035516 0.10624223935962518
vt 0.9052734375 0.10791015625
vt 0.8976952183803134 0.10791015625
vt 0.8901194876310841 0.10746300769848205
vt 0.8976952183803134 0.10457377461515516
vt 0.8901194876310841 0.091796875
vt 0.897965137037766 0.091796875
vt 0.897965137037766 0.10791015625
vt 0.8901194876310841 0.10791015625
vt 0.8901194876310841 0.10791015625
vt 0.8921481285491107 0.10624210240172438
vt 0.9052721932636915 0.10791015625
vt 0.897965137037766 0.10791015625
vt 0.8901194876310841 0.10791015625
vt 0.894042312334425 0.10468750000000004
vt 0.8901194876310841 0.091796875
vt 0.897965137037766 0.091796875
vt 0.897965137037766 0.10791015625
vt 0.8901194876310841 0.10791015625
vt 0.8901194876310841 0.10468750000000004
vt 0.897965137037766 0.10468750000000004
vt 0.894042312334425 0.10791015625
vn -1 -2.220446049250313e-16 0
vn 1.1102230246251563e-16 -0.4999999999999999 0.8660254037844387
vn 1 2.220446049250313e-16 0
vn -1 -2.220446049250313e-16 0
vn 1.922962686383564e-16 -0.8660254037844387 0.4999999999999999
vn 1 2.220446049250313e-16 0
vn -1 -2.220446049250313e-16 0
vn 2.220446049250313e-16 -1 0
vn 1 2.220446049250313e-16 0
vn -1 -2.220446049250313e-16 0
vn 1.922962686383564e-16 -0.8660254037844387 -0.49999999999999994
vn 1 2.220446049250313e-16 0
vn -1 -2.220446049250313e-16 0
vn 1.1102230246251568e-16 -0.5000000000000001 -0.8660254037844386
vn 1 2.220446049250313e-16 0
vn -1 -2.220446049250313e-16 0
vn 9.200215557467481e-32 -4.143408735633879e-16 -1
vn 1 2.220446049250313e-16 0
vn -1 -2.220446049250313e-16 0
vn -1.1102230246251554e-16 0.4999999999999995 -0.8660254037844389
vn 1 2.220446049250313e-16 0
vn -1 -2.220446049250313e-16 0
vn -1.9229626863835643e-16 0.8660254037844388 -0.4999999999999997
vn 1 2.220446049250313e-16 0
vn -1 -2.220446049250313e-16 0
vn -2.220446049250313e-16 1 -2.0717043678169412e-16
vn 1 2.220446049250313e-16 0
vn -1 -2.220446049250313e-16 0
vn -1.9229626863835646e-16 0.8660254037844389 0.4999999999999995
vn 1 2.220446049250313e-16 0
vn -1 -2.220446049250313e-16 0
vn -1.1102230246251564e-16 0.49999999999999994 0.8660254037844387
vn 1 2.220446049250313e-16 0
vn -1 -2.220446049250313e-16 0
vn 0 0 1
vn 1 2.220446049250313e-16 0
usemtl m_cdc7856a-81b9-2323-aa40-5a8c37e12ffa
f 397/1513/427 395/1514/427 393/1515/427
f 395/1516/428 397/1517/428 398/1518/428 396/1519/428
f 396/1520/429 398/1521/429 394/1522/429
f 399/1523/430 397/1524/430 393/1525/430
f 397/1526/431 399/1527/431 400/1528/431 398/1529/431
f 398/1530/432 400/1531/432 394/1532/432
f 401/1533/433 399/1534/433 393/1535/433
f 399/1536/434 401/1537/434 402/1538/434 400/1539/434
f 400/1540/435 402/1541/435 394/1542/435
f 403/1543/436 401/1544/436 393/1545/436
f 401/1546/437 403/1547/437 404/1548/437 402/1549/437
f 402/1550/438 404/1551/438 394/1552/438
f 405/1553/439 403/1554/439 393/1555/439
f 403/1556/440 405/1557/440 406/1558/440 404/1559/440
f 404/1560/441 406/1561/441 394/1562/441
f 407/1563/442 405/1564/442 393/1565/442
f 405/1566/443 407/1567/443 408/1568/443 406/1569/443
f 406/1570/444 408/1571/444 394/1572/444
f 409/1573/445 407/1574/445 393/1575/445
f 407/1576/446 409/1577/446 410/1578/446 408/1579/446
f 408/1580/447 410/1581/447 394/1582/447
f 411/1583/448 409/1584/448 393/1585/448
f 409/1586/449 411/1587/449 412/1588/449 410/1589/449
f 410/1590/450 412/1591/450 394/1592/450
f 413/1593/451 411/1594/451 393/1595/451
f 411/1596/452 413/1597/452 414/1598/452 412/1599/452
f 412/1600/453 414/1601/453 394/1602/453
f 415/1603/454 413/1604/454 393/1605/454
f 413/1606/455 415/1607/455 416/1608/455 414/1609/455
f 414/1610/456 416/1611/456 394/1612/456
f 417/1613/457 415/1614/457 393/1615/457
f 415/1616/458 417/1617/458 418/1618/458 416/1619/458
f 416/1620/459 418/1621/459 394/1622/459
f 395/1623/460 417/1624/460 393/1625/460
f 417/1626/461 395/1627/461 396/1628/461 418/1629/461
f 418/1630/462 396/1631/462 394/1632/462
o doorLeft
v -0.28125 0.53125 0
v -0.28125 1.34375 0
v -0.2728765877365274 0.53125 0.031249999999999997
v -0.2728765877365274 1.34375 0.031249999999999997
v -0.2583734122634726 0.53125 0.022876587736527416
v -0.2583734122634726 1.34375 0.022876587736527416
v -0.25 0.53125 0.008373412263472583
v -0.25 1.34375 0.008373412263472583
v -0.25 0.53125 -0.008373412263472586
v -0.25 1.34375 -0.008373412263472586
v -0.2583734122634726 0.53125 -0.022876587736527412
v -0.2583734122634726 1.34375 -0.022876587736527412
v -0.2728765877365274 0.53125 -0.031249999999999993
v -0.2728765877365274 1.34375 -0.031249999999999993
v -0.28962341226347255 0.53125 -0.03125
v -0.28962341226347255 1.34375 -0.03125
v -0.3041265877365274 0.53125 -0.02287658773652742
v -0.3041265877365274 1.34375 -0.02287658773652742
v -0.3125 0.53125 -0.008373412263472579
v -0.3125 1.34375 -0.008373412263472579
v -0.3125 0.53125 0.008373412263472569
v -0.3125 1.34375 0.008373412263472569
v -0.3041265877365274 0.53125 0.02287658773652741
v -0.3041265877365274 1.34375 0.02287658773652741
v -0.2896234122634726 0.53125 0.031249999999999997
v -0.2896234122634726 1.34375 0.031249999999999997
vt 0.9052721932636915 0.10624210240172438
vt 0.9032435523456648 0.10791015625
vt 0.8901194876310841 0.10624210240172438
vt 0.8901194876310841 0.091796875
vt 0.897965137037766 0.091796875
vt 0.897965137037766 0.10791015625
vt 0.8901194876310841 0.10791015625
vt 0.8901194876310841 0.10457377461515516
vt 0.8976952183803134 0.10502092316667311
vt 0.8901194876310841 0.10791015625
vt 0.9052734375 0.10624223935962518
vt 0.903242474775924 0.10791015625
vt 0.8901194876310841 0.10624223935962518
vt 0.8901194876310841 0.091796875
vt 0.897965137037766 0.091796875
vt 0.897965137037766 0.10791015625
vt 0.8901194876310841 0.10791015625
vt 0.8901194876310841 0.10457404855344876
vt 0.8976958404473878 0.10502068592265923
vt 0.8901194876310841 0.10791015625
vt 0.9047568932405653 0.10618281249999995
vt 0.9047568932405653 0.10791015625
vt 0.8901194876310841 0.10704648437499997
vt 0.8901194876310841 0.091796875
vt 0.897965137037766 0.091796875
vt 0.897965137037766 0.10791015625
vt 0.8901194876310841 0.10791015625
vt 0.9047568932405653 0.10618281249999995
vt 0.9047568932405653 0.10791015625
vt 0.8901194876310841 0.10704648437499997
vt 0.8901194876310841 0.10457404855344876
vt 0.8976958404473878 0.10502068592265923
vt 0.8901194876310841 0.10791015625
vt 0.8901194876310841 0.091796875
vt 0.897965137037766 0.091796875
vt 0.897965137037766 0.10791015625
vt 0.8901194876310841 0.10791015625
vt 0.9052734375 0.10624223935962518
vt 0.903242474775924 0.10791015625
vt 0.8901194876310841 0.10624223935962518
vt 0.8901194876310841 0.10457377461515516
vt 0.8976952183803134 0.10502092316667311
vt 0.8901194876310841 0.10791015625
vt 0.8901194876310841 0.091796875
vt 0.897965137037766 0.091796875
vt 0.897965137037766 0.10791015625
vt 0.8901194876310841 0.10791015625
vt 0.9052721932636915 0.10624210240172438
vt 0.9032435523456648 0.10791015625
vt 0.8901194876310841 0.10624210240172438
vt 0.8901194876310841 0.10468750000000004
vt 0.897965137037766 0.10468750000000004
vt 0.894042312334425 0.10791015625
vt 0.8901194876310841 0.091796875
vt 0.897965137037766 0.091796875
vt 0.897965137037766 0.10791015625
vt 0.8901194876310841 0.10791015625
vt 0.897965137037766 0.10791015625
vt 0.8901194876310841 0.10791015625
vt 0.894042312334425 0.10468750000000004
vt 0.8901194876310841 0.10791015625
vt 0.8921481285491107 0.10624210240172438
vt 0.9052721932636915 0.10791015625
vt 0.8901194876310841 0.091796875
vt 0.897965137037766 0.091796875
vt 0.897965137037766 0.10791015625
vt 0.8901194876310841 0.10791015625
vt 0.8976952183803134 0.10791015625
vt 0.8901194876310841 0.10746300769848205
vt 0.8976952183803134 0.10457377461515516
vt 0.8901194876310841 0.10791015625
vt 0.89215045035516 0.10624223935962518
vt 0.9052734375 0.10791015625
vt 0.8901194876310841 0.091796875
vt 0.897965137037766 0.091796875
vt 0.897965137037766 0.10791015625
vt 0.8901194876310841 0.10791015625
vt 0.8976958404473878 0.10791015625
vt 0.8901194876310841 0.10746351888078953
vt 0.8976958404473878 0.10457404855344876
vt 0.8901194876310841 0.10791015625
vt 0.8901194876310841 0.10618281249999995
vt 0.9047568932405653 0.10704648437499997
vt 0.8901194876310841 0.091796875
vt 0.897965137037766 0.091796875
vt 0.897965137037766 0.10791015625
vt 0.8901194876310841 0.10791015625
vt 0.8901194876310841 0.10791015625
vt 0.8901194876310841 0.10618281249999995
vt 0.9047568932405653 0.10704648437499997
vt 0.8976958404473878 0.10791015625
vt 0.8901194876310841 0.10746351888078953
vt 0.8976958404473878 0.10457404855344876
vt 0.8901194876310841 0.091796875
vt 0.897965137037766 0.091796875
vt 0.897965137037766 0.10791015625
vt 0.8901194876310841 0.10791015625
vt 0.8901194876310841 0.10791015625
vt 0.89215045035516 0.10624223935962518
vt 0.9052734375 0.10791015625
vt 0.8976952183803134 0.10791015625
vt 0.8901194876310841 0.10746300769848205
vt 0.8976952183803134 0.10457377461515516
vt 0.8901194876310841 0.091796875
vt 0.897965137037766 0.091796875
vt 0.897965137037766 0.10791015625
vt 0.8901194876310841 0.10791015625
vt 0.8901194876310841 0.10791015625
vt 0.8921481285491107 0.10624210240172438
vt 0.9052721932636915 0.10791015625
vt 0.897965137037766 0.10791015625
vt 0.8901194876310841 0.10791015625
vt 0.894042312334425 0.10468750000000004
vt 0.8901194876310841 0.091796875
vt 0.897965137037766 0.091796875
vt 0.897965137037766 0.10791015625
vt 0.8901194876310841 0.10791015625
vt 0.8901194876310841 0.10468750000000004
vt 0.897965137037766 0.10468750000000004
vt 0.894042312334425 0.10791015625
vn 0 -1 0
vn 0.4999999999999999 0 0.8660254037844387
vn 0 1 0
vn 0 -1 0
vn 0.8660254037844387 0 0.49999999999999994
vn 0 1 0
vn 0 -1 0
vn 1 0 0
vn 0 1 0
vn 0 -1 0
vn 0.8660254037844387 0 -0.49999999999999994
vn 0 1 0
vn 0 -1 0
vn 0.5000000000000001 0 -0.8660254037844388
vn 0 1 0
vn 0 -1 0
vn 4.1434087356338794e-16 0 -1
vn 0 1 0
vn 0 -1 0
vn -0.49999999999999956 0 -0.8660254037844389
vn 0 1 0
vn 0 -1 0
vn -0.8660254037844389 0 -0.49999999999999983
vn 0 1 0
vn 0 -1 0
vn -1 0 -2.0717043678169412e-16
vn 0 1 0
vn 0 -1 0
vn -0.866025403784439 0 0.49999999999999967
vn 0 1 0
vn 0 -1 0
vn -0.49999999999999994 0 0.8660254037844387
vn 0 1 0
vn 0 -1 0
vn 0 0 1
vn 0 1 0
usemtl m_cdc7856a-81b9-2323-aa40-5a8c37e12ffa
f 423/1633/463 421/1634/463 419/1635/463
f 421/1636/464 423/1637/464 424/1638/464 422/1639/464
f 422/1640/465 424/1641/465 420/1642/465
f 425/1643/466 423/1644/466 419/1645/466
f 423/1646/467 425/1647/467 426/1648/467 424/1649/467
f 424/1650/468 426/1651/468 420/1652/468
f 427/1653/469 425/1654/469 419/1655/469
f 425/1656/470 427/1657/470 428/1658/470 426/1659/470
f 426/1660/471 428/1661/471 420/1662/471
f 429/1663/472 427/1664/472 419/1665/472
f 427/1666/473 429/1667/473 430/1668/473 428/1669/473
f 428/1670/474 430/1671/474 420/1672/474
f 431/1673/475 429/1674/475 419/1675/475
f 429/1676/476 431/1677/476 432/1678/476 430/1679/476
f 430/1680/477 432/1681/477 420/1682/477
f 433/1683/478 431/1684/478 419/1685/478
f 431/1686/479 433/1687/479 434/1688/479 432/1689/479
f 432/1690/480 434/1691/480 420/1692/480
f 435/1693/481 433/1694/481 419/1695/481
f 433/1696/482 435/1697/482 436/1698/482 434/1699/482
f 434/1700/483 436/1701/483 420/1702/483
f 437/1703/484 435/1704/484 419/1705/484
f 435/1706/485 437/1707/485 438/1708/485 436/1709/485
f 436/1710/486 438/1711/486 420/1712/486
f 439/1713/487 437/1714/487 419/1715/487
f 437/1716/488 439/1717/488 440/1718/488 438/1719/488
f 438/1720/489 440/1721/489 420/1722/489
f 441/1723/490 439/1724/490 419/1725/490
f 439/1726/491 441/1727/491 442/1728/491 440/1729/491
f 440/1730/492 442/1731/492 420/1732/492
f 443/1733/493 441/1734/493 419/1735/493
f 441/1736/494 443/1737/494 444/1738/494 442/1739/494
f 442/1740/495 444/1741/495 420/1742/495
f 421/1743/496 443/1744/496 419/1745/496
f 443/1746/497 421/1747/497 422/1748/497 444/1749/497
f 444/1750/498 422/1751/498 420/1752/498
o doorLeft
v -0.0625 0.53125 0
v -0.0625 1.34375 0
v -0.05412658773652742 0.53125 0.031249999999999997
v -0.05412658773652742 1.34375 0.031249999999999997
v -0.03962341226347259 0.53125 0.022876587736527416
v -0.03962341226347259 1.34375 0.022876587736527416
v -0.03125 0.53125 0.008373412263472583
v -0.03125 1.34375 0.008373412263472583
v -0.03125 0.53125 -0.008373412263472586
v -0.03125 1.34375 -0.008373412263472586
v -0.03962341226347259 0.53125 -0.022876587736527412
v -0.03962341226347259 1.34375 -0.022876587736527412
v -0.054126587736527405 0.53125 -0.031249999999999993
v -0.054126587736527405 1.34375 -0.031249999999999993
v -0.07087341226347257 0.53125 -0.03125
v -0.07087341226347257 1.34375 -0.03125
v -0.08537658773652741 0.53125 -0.02287658773652742
v -0.08537658773652741 1.34375 -0.02287658773652742
v -0.09375 0.53125 -0.008373412263472579
v -0.09375 1.34375 -0.008373412263472579
v -0.09375 0.53125 0.008373412263472569
v -0.09375 1.34375 0.008373412263472569
v -0.08537658773652743 0.53125 0.02287658773652741
v -0.08537658773652743 1.34375 0.02287658773652741
v -0.07087341226347257 0.53125 0.031249999999999997
v -0.07087341226347257 1.34375 0.031249999999999997
vt 0.9052721932636915 0.10624210240172438
vt 0.9032435523456648 0.10791015625
vt 0.8901194876310841 0.10624210240172438
vt 0.8901194876310841 0.091796875
vt 0.897965137037766 0.091796875
vt 0.897965137037766 0.10791015625
vt 0.8901194876310841 0.10791015625
vt 0.8901194876310841 0.10457377461515516
vt 0.8976952183803134 0.10502092316667311
vt 0.8901194876310841 0.10791015625
vt 0.9052734375 0.10624223935962518
vt 0.903242474775924 0.10791015625
vt 0.8901194876310841 0.10624223935962518
vt 0.8901194876310841 0.091796875
vt 0.897965137037766 0.091796875
vt 0.897965137037766 0.10791015625
vt 0.8901194876310841 0.10791015625
vt 0.8901194876310841 0.10457404855344876
vt 0.8976958404473878 0.10502068592265923
vt 0.8901194876310841 0.10791015625
vt 0.9047568932405653 0.10618281249999995
vt 0.9047568932405653 0.10791015625
vt 0.8901194876310841 0.10704648437499997
vt 0.8901194876310841 0.091796875
vt 0.897965137037766 0.091796875
vt 0.897965137037766 0.10791015625
vt 0.8901194876310841 0.10791015625
vt 0.9047568932405653 0.10618281249999995
vt 0.9047568932405653 0.10791015625
vt 0.8901194876310841 0.10704648437499997
vt 0.8901194876310841 0.10457404855344876
vt 0.8976958404473878 0.10502068592265923
vt 0.8901194876310841 0.10791015625
vt 0.8901194876310841 0.091796875
vt 0.897965137037766 0.091796875
vt 0.897965137037766 0.10791015625
vt 0.8901194876310841 0.10791015625
vt 0.9052734375 0.10624223935962518
vt 0.903242474775924 0.10791015625
vt 0.8901194876310841 0.10624223935962518
vt 0.8901194876310841 0.10457377461515516
vt 0.8976952183803134 0.10502092316667311
vt 0.8901194876310841 0.10791015625
vt 0.8901194876310841 0.091796875
vt 0.897965137037766 0.091796875
vt 0.897965137037766 0.10791015625
vt 0.8901194876310841 0.10791015625
vt 0.9052721932636915 0.10624210240172438
vt 0.9032435523456648 0.10791015625
vt 0.8901194876310841 0.10624210240172438
vt 0.8901194876310841 0.10468750000000004
vt 0.897965137037766 0.10468750000000004
vt 0.894042312334425 0.10791015625
vt 0.8901194876310841 0.091796875
vt 0.897965137037766 0.091796875
vt 0.897965137037766 0.10791015625
vt 0.8901194876310841 0.10791015625
vt 0.897965137037766 0.10791015625
vt 0.8901194876310841 0.10791015625
vt 0.894042312334425 0.10468750000000004
vt 0.8901194876310841 0.10791015625
vt 0.8921481285491107 0.10624210240172438
vt 0.9052721932636915 0.10791015625
vt 0.8901194876310841 0.091796875
vt 0.897965137037766 0.091796875
vt 0.897965137037766 0.10791015625
vt 0.8901194876310841 0.10791015625
vt 0.8976952183803134 0.10791015625
vt 0.8901194876310841 0.10746300769848205
vt 0.8976952183803134 0.10457377461515516
vt 0.8901194876310841 0.10791015625
vt 0.89215045035516 0.10624223935962518
vt 0.9052734375 0.10791015625
vt 0.8901194876310841 0.091796875
vt 0.897965137037766 0.091796875
vt 0.897965137037766 0.10791015625
vt 0.8901194876310841 0.10791015625
vt 0.8976958404473878 0.10791015625
vt 0.8901194876310841 0.10746351888078953
vt 0.8976958404473878 0.10457404855344876
vt 0.8901194876310841 0.10791015625
vt 0.8901194876310841 0.10618281249999995
vt 0.9047568932405653 0.10704648437499997
vt 0.8901194876310841 0.091796875
vt 0.897965137037766 0.091796875
vt 0.897965137037766 0.10791015625
vt 0.8901194876310841 0.10791015625
vt 0.8901194876310841 0.10791015625
vt 0.8901194876310841 0.10618281249999995
vt 0.9047568932405653 0.10704648437499997
vt 0.8976958404473878 0.10791015625
vt 0.8901194876310841 0.10746351888078953
vt 0.8976958404473878 0.10457404855344876
vt 0.8901194876310841 0.091796875
vt 0.897965137037766 0.091796875
vt 0.897965137037766 0.10791015625
vt 0.8901194876310841 0.10791015625
vt 0.8901194876310841 0.10791015625
vt 0.89215045035516 0.10624223935962518
vt 0.9052734375 0.10791015625
vt 0.8976952183803134 0.10791015625
vt 0.8901194876310841 0.10746300769848205
vt 0.8976952183803134 0.10457377461515516
vt 0.8901194876310841 0.091796875
vt 0.897965137037766 0.091796875
vt 0.897965137037766 0.10791015625
vt 0.8901194876310841 0.10791015625
vt 0.8901194876310841 0.10791015625
vt 0.8921481285491107 0.10624210240172438
vt 0.9052721932636915 0.10791015625
vt 0.897965137037766 0.10791015625
vt 0.8901194876310841 0.10791015625
vt 0.894042312334425 0.10468750000000004
vt 0.8901194876310841 0.091796875
vt 0.897965137037766 0.091796875
vt 0.897965137037766 0.10791015625
vt 0.8901194876310841 0.10791015625
vt 0.8901194876310841 0.10468750000000004
vt 0.897965137037766 0.10468750000000004
vt 0.894042312334425 0.10791015625
vn 0 -1 0
vn 0.4999999999999999 0 0.8660254037844387
vn 0 1 0
vn 0 -1 0
vn 0.8660254037844387 0 0.49999999999999994
vn 0 1 0
vn 0 -1 0
vn 1 0 0
vn 0 1 0
vn 0 -1 0
vn 0.8660254037844387 0 -0.49999999999999994
vn 0 1 0
vn 0 -1 0
vn 0.5000000000000001 0 -0.8660254037844388
vn 0 1 0
vn 0 -1 0
vn 4.1434087356338794e-16 0 -1
vn 0 1 0
vn 0 -1 0
vn -0.49999999999999956 0 -0.8660254037844389
vn 0 1 0
vn 0 -1 0
vn -0.8660254037844389 0 -0.49999999999999983
vn 0 1 0
vn 0 -1 0
vn -1 0 -2.0717043678169412e-16
vn 0 1 0
vn 0 -1 0
vn -0.866025403784439 0 0.49999999999999967
vn 0 1 0
vn 0 -1 0
vn -0.49999999999999994 0 0.8660254037844387
vn 0 1 0
vn 0 -1 0
vn 0 0 1
vn 0 1 0
usemtl m_cdc7856a-81b9-2323-aa40-5a8c37e12ffa
f 449/1753/499 447/1754/499 445/1755/499
f 447/1756/500 449/1757/500 450/1758/500 448/1759/500
f 448/1760/501 450/1761/501 446/1762/501
f 451/1763/502 449/1764/502 445/1765/502
f 449/1766/503 451/1767/503 452/1768/503 450/1769/503
f 450/1770/504 452/1771/504 446/1772/504
f 453/1773/505 451/1774/505 445/1775/505
f 451/1776/506 453/1777/506 454/1778/506 452/1779/506
f 452/1780/507 454/1781/507 446/1782/507
f 455/1783/508 453/1784/508 445/1785/508
f 453/1786/509 455/1787/509 456/1788/509 454/1789/509
f 454/1790/510 456/1791/510 446/1792/510
f 457/1793/511 455/1794/511 445/1795/511
f 455/1796/512 457/1797/512 458/1798/512 456/1799/512
f 456/1800/513 458/1801/513 446/1802/513
f 459/1803/514 457/1804/514 445/1805/514
f 457/1806/515 459/1807/515 460/1808/515 458/1809/515
f 458/1810/516 460/1811/516 446/1812/516
f 461/1813/517 459/1814/517 445/1815/517
f 459/1816/518 461/1817/518 462/1818/518 460/1819/518
f 460/1820/519 462/1821/519 446/1822/519
f 463/1823/520 461/1824/520 445/1825/520
f 461/1826/521 463/1827/521 464/1828/521 462/1829/521
f 462/1830/522 464/1831/522 446/1832/522
f 465/1833/523 463/1834/523 445/1835/523
f 463/1836/524 465/1837/524 466/1838/524 464/1839/524
f 464/1840/525 466/1841/525 446/1842/525
f 467/1843/526 465/1844/526 445/1845/526
f 465/1846/527 467/1847/527 468/1848/527 466/1849/527
f 466/1850/528 468/1851/528 446/1852/528
f 469/1853/529 467/1854/529 445/1855/529
f 467/1856/530 469/1857/530 470/1858/530 468/1859/530
f 468/1860/531 470/1861/531 446/1862/531
f 447/1863/532 469/1864/532 445/1865/532
f 469/1866/533 447/1867/533 448/1868/533 470/1869/533
f 470/1870/534 448/1871/534 446/1872/534
o doorLeft
v -0.28125 0.53125 -7.51112678311022e-33
v -0.21875 0.46875 0
v -0.28962341226347255 0.53125 0.031249999999999865
v -0.21875 0.4603765877365274 0.031249999999999997
v -0.3041265877365273 0.53125 0.022876587736527152
v -0.21875 0.4458734122634726 0.022876587736527416
v -0.31249999999999983 0.53125 0.008373412263472517
v -0.21875 0.4375 0.008373412263472583
v -0.31249999999999983 0.53125 -0.00837341226347252
v -0.21875 0.4375 -0.008373412263472586
v -0.3041265877365273 0.53125 -0.02287658773652715
v -0.21875 0.4458734122634726 -0.022876587736527412
v -0.2896234122634726 0.53125 -0.03124999999999986
v -0.21875 0.4603765877365274 -0.031249999999999993
v -0.2728765877365275 0.53125 -0.031249999999999868
v -0.21875 0.4771234122634726 -0.03125
v -0.25837341226347277 0.53125 -0.022876587736527156
v -0.21875 0.4916265877365274 -0.02287658773652742
v -0.2500000000000002 0.53125 -0.008373412263472513
v -0.21875 0.5 -0.008373412263472579
v -0.2500000000000002 0.53125 0.008373412263472503
v -0.21875 0.5 0.008373412263472569
v -0.2583734122634727 0.53125 0.022876587736527145
v -0.21875 0.49162658773652745 0.02287658773652741
v -0.27287658773652745 0.53125 0.031249999999999865
v -0.21875 0.4771234122634726 0.031249999999999997
v -0.2536257938682637 0.4963742061317363 -0.031249999999999934
v -0.2698117061317363 0.48018829386826367 -0.031249999999999927
v -0.27706329386826367 0.4729367061317363 -0.02287658773652728
v -0.28124999999999994 0.46875 -0.008373412263472553
v -0.28124999999999994 0.46875 0.00837341226347255
v -0.27706329386826367 0.4729367061317363 0.022876587736527284
v -0.2698117061317363 0.48018829386826367 0.03124999999999993
v -0.2536257938682637 0.4963742061317363 0.03124999999999993
v -0.24637420613173636 0.5036257938682637 0.022876587736527277
v -0.2421875000000001 0.5078125 0.008373412263472536
v -0.2421875000000001 0.5078125 -0.008373412263472546
v -0.24637420613173638 0.5036257938682637 -0.022876587736527287
vt 0.9052721932636915 0.10624210240172438
vt 0.9032435523456648 0.10791015625
vt 0.8901194876310841 0.10624210240172438
vt 0.8901194876310841 0.10791015625
vt 0.8901194876310841 0.099853515625
vt 0.897965137037766 0.099853515625
vt 0.897965137037766 0.10791015625
vt 0.8901194876310841 0.10457377461515516
vt 0.8976952183803134 0.10502092316667311
vt 0.8901194876310841 0.10791015625
vt 0.9052734375 0.10624223935962518
vt 0.903242474775924 0.10791015625
vt 0.8901194876310841 0.10624223935962518
vt 0.8901194876310841 0.10791015625
vt 0.8901194876310841 0.099853515625
vt 0.897965137037766 0.099853515625
vt 0.897965137037766 0.10791015625
vt 0.8901194876310841 0.10457404855344876
vt 0.8976958404473878 0.10502068592265923
vt 0.8901194876310841 0.10791015625
vt 0.9047568932405653 0.10618281249999995
vt 0.9047568932405653 0.10791015625
vt 0.8901194876310841 0.10704648437499997
vt 0.8901194876310841 0.10791015625
vt 0.8901194876310841 0.099853515625
vt 0.897965137037766 0.099853515625
vt 0.897965137037766 0.10791015625
vt 0.9047568932405653 0.10618281249999995
vt 0.9047568932405653 0.10791015625
vt 0.8901194876310841 0.10704648437499997
vt 0.8901194876310841 0.10457404855344876
vt 0.8976958404473878 0.10502068592265923
vt 0.8901194876310841 0.10791015625
vt 0.8901194876310841 0.10791015625
vt 0.8901194876310841 0.099853515625
vt 0.897965137037766 0.099853515625
vt 0.897965137037766 0.10791015625
vt 0.9052734375 0.10624223935962518
vt 0.903242474775924 0.10791015625
vt 0.8901194876310841 0.10624223935962518
vt 0.8901194876310841 0.10457377461515516
vt 0.8976952183803134 0.10502092316667311
vt 0.8901194876310841 0.10791015625
vt 0.8901194876310841 0.10791015625
vt 0.8901194876310841 0.099853515625
vt 0.897965137037766 0.099853515625
vt 0.897965137037766 0.10791015625
vt 0.9052721932636915 0.10624210240172438
vt 0.9032435523456648 0.10791015625
vt 0.8901194876310841 0.10624210240172438
vt 0.8901194876310841 0.10468750000000004
vt 0.897965137037766 0.10468750000000004
vt 0.894042312334425 0.10791015625
vt 0.8901194876310841 0.10791015625
vt 0.8901194876310841 0.099853515625
vt 0.897965137037766 0.099853515625
vt 0.897965137037766 0.10791015625
vt 0.897965137037766 0.10791015625
vt 0.8901194876310841 0.10791015625
vt 0.894042312334425 0.10468750000000004
vt 0.8901194876310841 0.10791015625
vt 0.8921481285491107 0.10624210240172438
vt 0.9052721932636915 0.10791015625
vt 0.8901194876310841 0.10791015625
vt 0.8901194876310841 0.099853515625
vt 0.897965137037766 0.099853515625
vt 0.897965137037766 0.10791015625
vt 0.8976952183803134 0.10791015625
vt 0.8901194876310841 0.10746300769848205
vt 0.8976952183803134 0.10457377461515516
vt 0.8901194876310841 0.10791015625
vt 0.89215045035516 0.10624223935962518
vt 0.9052734375 0.10791015625
vt 0.8901194876310841 0.10791015625
vt 0.8901194876310841 0.099853515625
vt 0.897965137037766 0.099853515625
vt 0.897965137037766 0.10791015625
vt 0.8976958404473878 0.10791015625
vt 0.8901194876310841 0.10746351888078953
vt 0.8976958404473878 0.10457404855344876
vt 0.8901194876310841 0.10791015625
vt 0.8901194876310841 0.10618281249999995
vt 0.9047568932405653 0.10704648437499997
vt 0.8901194876310841 0.10791015625
vt 0.8901194876310841 0.099853515625
vt 0.897965137037766 0.099853515625
vt 0.897965137037766 0.10791015625
vt 0.8901194876310841 0.10791015625
vt 0.8901194876310841 0.10618281249999995
vt 0.9047568932405653 0.10704648437499997
vt 0.8976958404473878 0.10791015625
vt 0.8901194876310841 0.10746351888078953
vt 0.8976958404473878 0.10457404855344876
vt 0.8901194876310841 0.10791015625
vt 0.8901194876310841 0.099853515625
vt 0.897965137037766 0.099853515625
vt 0.897965137037766 0.10791015625
vt 0.8901194876310841 0.10791015625
vt 0.89215045035516 0.10624223935962518
vt 0.9052734375 0.10791015625
vt 0.8976952183803134 0.10791015625
vt 0.8901194876310841 0.10746300769848205
vt 0.8976952183803134 0.10457377461515516
vt 0.8901194876310841 0.10791015625
vt 0.8901194876310841 0.099853515625
vt 0.897965137037766 0.099853515625
vt 0.897965137037766 0.10791015625
vt 0.8901194876310841 0.10791015625
vt 0.8921481285491107 0.10624210240172438
vt 0.9052721932636915 0.10791015625
vt 0.897965137037766 0.10791015625
vt 0.8901194876310841 0.10791015625
vt 0.894042312334425 0.10468750000000004
vt 0.8901194876310841 0.10791015625
vt 0.8901194876310841 0.099853515625
vt 0.897965137037766 0.099853515625
vt 0.897965137037766 0.10791015625
vt 0.8901194876310841 0.10468750000000004
vt 0.897965137037766 0.10468750000000004
vt 0.894042312334425 0.10791015625
vt 0.897965137037766 0.099853515625
vt 0.897965137037766 0.10791015625
vt 0.8901194876310841 0.10791015625
vt 0.8901194876310841 0.099853515625
vt 0.897965137037766 0.099853515625
vt 0.897965137037766 0.10791015625
vt 0.8901194876310841 0.10791015625
vt 0.8901194876310841 0.099853515625
vt 0.897965137037766 0.099853515625
vt 0.897965137037766 0.10791015625
vt 0.8901194876310841 0.10791015625
vt 0.8901194876310841 0.099853515625
vt 0.897965137037766 0.099853515625
vt 0.897965137037766 0.10791015625
vt 0.8901194876310841 0.10791015625
vt 0.8901194876310841 0.099853515625
vt 0.897965137037766 0.099853515625
vt 0.897965137037766 0.10791015625
vt 0.8901194876310841 0.10791015625
vt 0.8901194876310841 0.099853515625
vt 0.897965137037766 0.099853515625
vt 0.897965137037766 0.10791015625
vt 0.8901194876310841 0.10791015625
vt 0.8901194876310841 0.099853515625
vt 0.897965137037766 0.099853515625
vt 0.897965137037766 0.10791015625
vt 0.8901194876310841 0.10791015625
vt 0.8901194876310841 0.099853515625
vt 0.897965137037766 0.099853515625
vt 0.897965137037766 0.10791015625
vt 0.8901194876310841 0.10791015625
vt 0.8901194876310841 0.099853515625
vt 0.897965137037766 0.099853515625
vt 0.897965137037766 0.10791015625
vt 0.8901194876310841 0.10791015625
vt 0.8901194876310841 0.099853515625
vt 0.897965137037766 0.099853515625
vt 0.897965137037766 0.10791015625
vt 0.8901194876310841 0.10791015625
vt 0.8901194876310841 0.099853515625
vt 0.897965137037766 0.099853515625
vt 0.897965137037766 0.10791015625
vt 0.8901194876310841 0.10791015625
vt 0.8901194876310841 0.099853515625
vt 0.897965137037766 0.099853515625
vt 0.897965137037766 0.10791015625
vt 0.8901194876310841 0.10791015625
vt 0.8901194876310841 0.099853515625
vn 8.127396617583984e-17 1 3.0331857110087278e-16
vn -0.24083586346838406 -0.6207183775407537 0.7461278594521266
vn 1 2.220446049250313e-16 0
vn -8.286817471267795e-16 1 -6.066371422017514e-16
vn -0.3930774173969649 -0.846964122889964 0.3579691585454903
vn 1 2.220446049250313e-16 0
vn -6.661338147750965e-16 1 0
vn -0.4472135954999581 -0.8944271909999159 0
vn 1 2.220446049250313e-16 0
vn -8.286817471267796e-16 1 6.066371422017517e-16
vn -0.41702882811414954 -0.8340576562282983 -0.3611575592573098
vn 1 2.220446049250313e-16 0
vn -2.220446049250313e-16 1 0
vn -0.27621742157825047 -0.5951658269843811 -0.7546400296874403
vn 1 2.220446049250313e-16 0
vn 1.922962686383581e-16 1 -1.1102230246251647e-16
vn -1.0499390384728113e-15 6.212394513901254e-16 -1
vn 1 2.220446049250313e-16 0
vn 1.1320003182276548e-15 1 1.407706387491906e-16
vn 0.31294121806387004 0.5669414720642549 -0.7620007620011396
vn 1 2.220446049250313e-16 0
vn -3.6281524367422416e-16 1 -1.3540449231526955e-15
vn 0.3724536109569154 0.8574513355822031 -0.35504297598100826
vn 1 2.220446049250313e-16 0
vn 1.1102230246251772e-16 1 4.1434087356339124e-16
vn 0.3162277660168362 0.9486832980505144 -1.3102608881641543e-16
vn 1 2.220446049250313e-16 0
vn 5.1525629889166886e-17 1 6.36385478488427e-16
vn 0.297044262893 0.8911327886790072 0.3429971702850189
vn 1 2.220446049250313e-16 0
vn 4.1434087356339435e-16 1 2.7357023481419745e-16
vn 0.2628102581213012 0.6050337550812009 0.7515749619555967
vn 1 2.220446049250313e-16 0
vn 1.922962686383585e-16 1 3.3306690738754844e-16
vn -1.2178763680429249e-15 1.217876368042922e-15 1
vn 1 2.220446049250313e-16 0
vn -1.494103617085184e-15 1.0654040300024971e-15 -1
vn -0.620718377540756 -0.24083586346838326 -0.7461278594521249
vn -0.8469641228899651 -0.3930774173969627 -0.35796915854548966
vn -0.8944271909999164 -0.4472135954999571 0
vn -0.8340576562282992 -0.4170288281141483 0.361157559257309
vn -0.5951658269843837 -0.2762174215782475 0.7546400296874393
vn -9.301018531753836e-16 9.301018531753808e-16 1
vn 0.5669414720642534 0.312941218063873 0.7620007620011393
vn 0.8574513355822005 0.3724536109569219 0.35504297598100815
vn 0.9486832980505128 0.31622776601684155 -3.930782664492472e-16
vn 0.8911327886790052 0.2970442628930061 -0.3429971702850191
vn 0.6050337550811958 0.26281025812130926 -0.7515749619555981
usemtl m_cdc7856a-81b9-2323-aa40-5a8c37e12ffa
f 475/1873/535 473/1874/535 471/1875/535
f 474/1876/536 503/1877/536 502/1878/536 476/1879/536
f 474/1880/537 476/1881/537 472/1882/537
f 477/1883/538 475/1884/538 471/1885/538
f 476/1886/539 502/1887/539 501/1888/539 478/1889/539
f 476/1890/540 478/1891/540 472/1892/540
f 479/1893/541 477/1894/541 471/1895/541
f 478/1896/542 501/1897/542 500/1898/542 480/1899/542
f 478/1900/543 480/1901/543 472/1902/543
f 481/1903/544 479/1904/544 471/1905/544
f 480/1906/545 500/1907/545 499/1908/545 482/1909/545
f 480/1910/546 482/1911/546 472/1912/546
f 483/1913/547 481/1914/547 471/1915/547
f 482/1916/548 499/1917/548 498/1918/548 484/1919/548
f 482/1920/549 484/1921/549 472/1922/549
f 485/1923/550 483/1924/550 471/1925/550
f 484/1926/551 498/1927/551 497/1928/551 486/1929/551
f 484/1930/552 486/1931/552 472/1932/552
f 487/1933/553 485/1934/553 471/1935/553
f 486/1936/554 497/1937/554 508/1938/554 488/1939/554
f 486/1940/555 488/1941/555 472/1942/555
f 489/1943/556 487/1944/556 471/1945/556
f 488/1946/557 508/1947/557 507/1948/557 490/1949/557
f 488/1950/558 490/1951/558 472/1952/558
f 491/1953/559 489/1954/559 471/1955/559
f 490/1956/560 507/1957/560 506/1958/560 492/1959/560
f 490/1960/561 492/1961/561 472/1962/561
f 493/1963/562 491/1964/562 471/1965/562
f 492/1966/563 506/1967/563 505/1968/563 494/1969/563
f 492/1970/564 494/1971/564 472/1972/564
f 495/1973/565 493/1974/565 471/1975/565
f 494/1976/566 505/1977/566 504/1978/566 496/1979/566
f 494/1980/567 496/1981/567 472/1982/567
f 473/1983/568 495/1984/568 471/1985/568
f 496/1986/569 504/1987/569 503/1988/569 474/1989/569
f 496/1990/570 474/1991/570 472/1992/570
f 485/1993/571 497/1994/571 498/1995/571 483/1996/571
f 483/1997/572 498/1998/572 499/1999/572 481/2000/572
f 481/2001/573 499/2002/573 500/2003/573 479/2004/573
f 479/2005/574 500/2006/574 501/2007/574 477/2008/574
f 477/2009/575 501/2010/575 502/2011/575 475/2012/575
f 475/2013/576 502/2014/576 503/2015/576 473/2016/576
f 473/2017/577 503/2018/577 504/2019/577 495/2020/577
f 495/2021/578 504/2022/578 505/2023/578 493/2024/578
f 493/2025/579 505/2026/579 506/2027/579 491/2028/579
f 491/2029/580 506/2030/580 507/2031/580 489/2032/580
f 489/2033/581 507/2034/581 508/2035/581 487/2036/581
f 487/2037/582 508/2038/582 497/2039/582 485/2040/582
o doorLeft
v -0.0625000009313226 0.5312500016298145 -4.977062031852275e-17
v -0.125 0.46875000069849193 5.7405315091972026e-18
v -0.054126588667850056 0.531250001754588 -0.031249999999999913
v -0.12499999987522643 0.46037658843501933 -0.031249999999999983
v -0.03962341319479534 0.5312500019707023 -0.0228765877365272
v -0.12499999965911228 0.44587341296196453 -0.022876587736527388
v -0.0312500009313228 0.5312500020954758 -0.008373412263472562
v -0.12499999953433871 0.43750000069849193 -0.008373412263472544
v -0.0312500009313228 0.5312500020954758 0.008373412263472475
v -0.12499999953433871 0.437500000698492 0.008373412263472624
v -0.03962341319479534 0.5312500019707023 0.0228765877365271
v -0.12499999965911228 0.4458734129619646 0.02287658773652744
v -0.05412658866785003 0.5312500017545881 0.031249999999999813
v -0.12499999987522645 0.4603765884350194 0.03125000000000001
v -0.07087341319479512 0.531250001505041 0.031249999999999816
v -0.12500000012477358 0.47712341296196453 0.031249999999999997
v -0.08537658866784986 0.5312500012889269 0.022876587736527104
v -0.12500000034088773 0.4916265884350194 0.022876587736527402
v -0.09375000093132241 0.5312500011641532 0.00837341226347246
v -0.1250000004656613 0.5000000006984919 0.008373412263472553
v -0.09375000093132244 0.5312500011641532 -0.008373412263472556
v -0.1250000004656613 0.5000000006984919 -0.008373412263472595
v -0.08537658866784989 0.5312500012889267 -0.022876587736527197
v -0.12500000034088773 0.49162658843501933 -0.022876587736527426
v -0.07087341319479515 0.531250001505041 -0.031249999999999917
v -0.12500000012477358 0.47712341296196453 -0.03125
v -0.09012420654336904 0.4963742073499181 0.031249999999999917
v -0.07393829403870761 0.4801882953276344 0.031249999999999927
v -0.06668670619412316 0.47293670769916407 0.022876587736527287
v -0.0625000000000001 0.46875000162981456 0.008373412263472567
v -0.0625000000000001 0.46875000162981456 -0.008373412263472536
v -0.06668670619412316 0.472936707699164 -0.022876587736527277
v -0.07393829403870761 0.48018829532763435 -0.03124999999999993
v -0.09012420654336904 0.49637420734991805 -0.031249999999999948
v -0.09737579438795349 0.5036257949783883 -0.022876587736527305
v -0.10156250058207655 0.5078125010477379 -0.008373412263472567
v -0.10156250058207654 0.5078125010477379 0.008373412263472515
v -0.09737579438795349 0.5036257949783884 0.02287658773652726
vt 0.9052721932636915 0.10624210240172438
vt 0.9032435523456648 0.10791015625
vt 0.8901194876310841 0.10624210240172438
vt 0.8901194876310841 0.10791015625
vt 0.8901194876310841 0.099853515625
vt 0.897965137037766 0.099853515625
vt 0.897965137037766 0.10791015625
vt 0.8901194876310841 0.10457377461515516
vt 0.8976952183803134 0.10502092316667311
vt 0.8901194876310841 0.10791015625
vt 0.9052734375 0.10624223935962518
vt 0.903242474775924 0.10791015625
vt 0.8901194876310841 0.10624223935962518
vt 0.8901194876310841 0.10791015625
vt 0.8901194876310841 0.099853515625
vt 0.897965137037766 0.099853515625
vt 0.897965137037766 0.10791015625
vt 0.8901194876310841 0.10457404855344876
vt 0.8976958404473878 0.10502068592265923
vt 0.8901194876310841 0.10791015625
vt 0.9047568932405653 0.10618281249999995
vt 0.9047568932405653 0.10791015625
vt 0.8901194876310841 0.10704648437499997
vt 0.8901194876310841 0.10791015625
vt 0.8901194876310841 0.099853515625
vt 0.897965137037766 0.099853515625
vt 0.897965137037766 0.10791015625
vt 0.9047568932405653 0.10618281249999995
vt 0.9047568932405653 0.10791015625
vt 0.8901194876310841 0.10704648437499997
vt 0.8901194876310841 0.10457404855344876
vt 0.8976958404473878 0.10502068592265923
vt 0.8901194876310841 0.10791015625
vt 0.8901194876310841 0.10791015625
vt 0.8901194876310841 0.099853515625
vt 0.897965137037766 0.099853515625
vt 0.897965137037766 0.10791015625
vt 0.9052734375 0.10624223935962518
vt 0.903242474775924 0.10791015625
vt 0.8901194876310841 0.10624223935962518
vt 0.8901194876310841 0.10457377461515516
vt 0.8976952183803134 0.10502092316667311
vt 0.8901194876310841 0.10791015625
vt 0.8901194876310841 0.10791015625
vt 0.8901194876310841 0.099853515625
vt 0.897965137037766 0.099853515625
vt 0.897965137037766 0.10791015625
vt 0.9052721932636915 0.10624210240172438
vt 0.9032435523456648 0.10791015625
vt 0.8901194876310841 0.10624210240172438
vt 0.8901194876310841 0.10468750000000004
vt 0.897965137037766 0.10468750000000004
vt 0.894042312334425 0.10791015625
vt 0.8901194876310841 0.10791015625
vt 0.8901194876310841 0.099853515625
vt 0.897965137037766 0.099853515625
vt 0.897965137037766 0.10791015625
vt 0.897965137037766 0.10791015625
vt 0.8901194876310841 0.10791015625
vt 0.894042312334425 0.10468750000000004
vt 0.8901194876310841 0.10791015625
vt 0.8921481285491107 0.10624210240172438
vt 0.9052721932636915 0.10791015625
vt 0.8901194876310841 0.10791015625
vt 0.8901194876310841 0.099853515625
vt 0.897965137037766 0.099853515625
vt 0.897965137037766 0.10791015625
vt 0.8976952183803134 0.10791015625
vt 0.8901194876310841 0.10746300769848205
vt 0.8976952183803134 0.10457377461515516
vt 0.8901194876310841 0.10791015625
vt 0.89215045035516 0.10624223935962518
vt 0.9052734375 0.10791015625
vt 0.8901194876310841 0.10791015625
vt 0.8901194876310841 0.099853515625
vt 0.897965137037766 0.099853515625
vt 0.897965137037766 0.10791015625
vt 0.8976958404473878 0.10791015625
vt 0.8901194876310841 0.10746351888078953
vt 0.8976958404473878 0.10457404855344876
vt 0.8901194876310841 0.10791015625
vt 0.8901194876310841 0.10618281249999995
vt 0.9047568932405653 0.10704648437499997
vt 0.8901194876310841 0.10791015625
vt 0.8901194876310841 0.099853515625
vt 0.897965137037766 0.099853515625
vt 0.897965137037766 0.10791015625
vt 0.8901194876310841 0.10791015625
vt 0.8901194876310841 0.10618281249999995
vt 0.9047568932405653 0.10704648437499997
vt 0.8976958404473878 0.10791015625
vt 0.8901194876310841 0.10746351888078953
vt 0.8976958404473878 0.10457404855344876
vt 0.8901194876310841 0.10791015625
vt 0.8901194876310841 0.099853515625
vt 0.897965137037766 0.099853515625
vt 0.897965137037766 0.10791015625
vt 0.8901194876310841 0.10791015625
vt 0.89215045035516 0.10624223935962518
vt 0.9052734375 0.10791015625
vt 0.8976952183803134 0.10791015625
vt 0.8901194876310841 0.10746300769848205
vt 0.8976952183803134 0.10457377461515516
vt 0.8901194876310841 0.10791015625
vt 0.8901194876310841 0.099853515625
vt 0.897965137037766 0.099853515625
vt 0.897965137037766 0.10791015625
vt 0.8901194876310841 0.10791015625
vt 0.8921481285491107 0.10624210240172438
vt 0.9052721932636915 0.10791015625
vt 0.897965137037766 0.10791015625
vt 0.8901194876310841 0.10791015625
vt 0.894042312334425 0.10468750000000004
vt 0.8901194876310841 0.10791015625
vt 0.8901194876310841 0.099853515625
vt 0.897965137037766 0.099853515625
vt 0.897965137037766 0.10791015625
vt 0.8901194876310841 0.10468750000000004
vt 0.897965137037766 0.10468750000000004
vt 0.894042312334425 0.10791015625
vt 0.897965137037766 0.099853515625
vt 0.897965137037766 0.10791015625
vt 0.8901194876310841 0.10791015625
vt 0.8901194876310841 0.099853515625
vt 0.897965137037766 0.099853515625
vt 0.897965137037766 0.10791015625
vt 0.8901194876310841 0.10791015625
vt 0.8901194876310841 0.099853515625
vt 0.897965137037766 0.099853515625
vt 0.897965137037766 0.10791015625
vt 0.8901194876310841 0.10791015625
vt 0.8901194876310841 0.099853515625
vt 0.897965137037766 0.099853515625
vt 0.897965137037766 0.10791015625
vt 0.8901194876310841 0.10791015625
vt 0.8901194876310841 0.099853515625
vt 0.897965137037766 0.099853515625
vt 0.897965137037766 0.10791015625
vt 0.8901194876310841 0.10791015625
vt 0.8901194876310841 0.099853515625
vt 0.897965137037766 0.099853515625
vt 0.897965137037766 0.10791015625
vt 0.8901194876310841 0.10791015625
vt 0.8901194876310841 0.099853515625
vt 0.897965137037766 0.099853515625
vt 0.897965137037766 0.10791015625
vt 0.8901194876310841 0.10791015625
vt 0.8901194876310841 0.099853515625
vt 0.897965137037766 0.099853515625
vt 0.897965137037766 0.10791015625
vt 0.8901194876310841 0.10791015625
vt 0.8901194876310841 0.099853515625
vt 0.897965137037766 0.099853515625
vt 0.897965137037766 0.10791015625
vt 0.8901194876310841 0.10791015625
vt 0.8901194876310841 0.099853515625
vt 0.897965137037766 0.099853515625
vt 0.897965137037766 0.10791015625
vt 0.8901194876310841 0.10791015625
vt 0.8901194876310841 0.099853515625
vt 0.897965137037766 0.099853515625
vt 0.897965137037766 0.10791015625
vt 0.8901194876310841 0.10791015625
vt 0.8901194876310841 0.099853515625
vt 0.897965137037766 0.099853515625
vt 0.897965137037766 0.10791015625
vt 0.8901194876310841 0.10791015625
vt 0.8901194876310841 0.099853515625
vn -1.4901162629166545e-8 0.9999999999999999 -2.2239173858432175e-15
vn 0.24083587271780899 -0.6207183739520202 -0.7461278594521259
vn -0.9999999999999999 -1.490116141589226e-8 -1.2246467219620734e-16
vn -1.4901160202617977e-8 0.9999999999999999 2.0263118296377693e-16
vn 0.39307743001771417 -0.8469641170326541 -0.3579691585454894
vn -0.9999999999999999 -1.490116141589226e-8 -1.2246467219620734e-16
vn -1.4901160527713841e-8 0.9999999999999999 -1.0106431014397264e-15
vn 0.4472136088279622 -0.8944271843359136 9.587145366987671e-16
vn -0.9999999999999999 -1.490116141589226e-8 -1.2246467219620734e-16
vn -1.4901160202617977e-8 0.9999999999999999 -2.2239173858432297e-15
vn 0.4170288405425775 -0.8340576500140839 0.36115755925731036
vn -0.9999999999999999 -1.490116141589226e-8 -1.2246467219620734e-16
vn -1.490116141589226e-8 0.9999999999999999 -1.0106431014397266e-15
vn 0.27621743044691244 -0.5951658228684197 0.7546400296874414
vn -0.9999999999999999 -1.490116141589226e-8 -1.2246467219620734e-16
vn -1.4901163073255755e-8 0.9999999999999999 -5.665538915896607e-16
vn 9.274743419596585e-16 1.6318825666502973e-15 1
vn -0.9999999999999999 -1.490116141589226e-8 -1.2246467219620734e-16
vn -1.4901162688663218e-8 0.9999999999999999 -4.635026318113312e-16
vn -0.3129412265119567 0.5669414674010679 0.7620007620011388
vn -0.9999999999999999 -1.490116141589226e-8 -1.2246467219620734e-16
vn -1.490116196303273e-8 0.9999999999999999 2.6212785553712767e-16
vn -0.3724536237339365 0.857451330032212 0.35504297598100726
vn -0.9999999999999999 -1.490116141589226e-8 -1.2246467219620734e-16
vn -1.490116230407068e-8 0.9999999999999999 -1.0106431014397254e-15
vn -0.3162277801533192 0.9486832933383534 -7.354547826976006e-16
vn -0.9999999999999999 -1.490116141589226e-8 -1.2246467219620734e-16
vn -1.490116196303273e-8 0.9999999999999999 -2.283414058416581e-15
vn -0.29704427617191376 0.8911327842527024 -0.3429971702850196
vn -0.9999999999999999 -1.490116141589226e-8 -1.2246467219620734e-16
vn -1.4901162688663218e-8 0.9999999999999999 -1.5577835710681214e-15
vn -0.2628102671370068 0.6050337511650217 -0.7515749619555977
vn -0.9999999999999999 -1.490116141589226e-8 -1.2246467219620734e-16
vn -1.490116141589226e-8 0.9999999999999999 -1.898821521139856e-15
vn 1.3403410371511154e-15 2.072332865758337e-16 -1
vn -0.9999999999999999 -1.490116141589226e-8 -1.2246467219620734e-16
vn 1.371638913953463e-15 2.0760471518812364e-15 1
vn 0.6207183811294894 -0.24083585421895753 0.7461278594521257
vn 0.8469641287472753 -0.3930774047762132 0.35796915854549016
vn 0.8944271976639182 -0.44721358217195306 5.615090679112672e-16
vn 0.8340576624425131 -0.417028815685721 -0.36115755925730814
vn 0.5951658311003442 -0.27621741270958616 -0.7546400296874392
vn 1.0525665265717488e-15 -8.054123257988173e-17 -1
vn -0.566941476727441 0.31294120961578575 -0.7620007620011398
vn -0.8574513411321917 0.3724535981799006 -0.35504297598100865
vn -0.9486833027626737 0.31622775188035795 3.503829335761051e-16
vn -0.8911327931053098 0.29704424961409276 0.3429971702850182
vn -0.6050337589973738 0.2628102491056046 0.7515749619555976
usemtl m_cdc7856a-81b9-2323-aa40-5a8c37e12ffa
f 513/2041/583 511/2042/583 509/2043/583
f 512/2044/584 541/2045/584 540/2046/584 514/2047/584
f 512/2048/585 514/2049/585 510/2050/585
f 515/2051/586 513/2052/586 509/2053/586
f 514/2054/587 540/2055/587 539/2056/587 516/2057/587
f 514/2058/588 516/2059/588 510/2060/588
f 517/2061/589 515/2062/589 509/2063/589
f 516/2064/590 539/2065/590 538/2066/590 518/2067/590
f 516/2068/591 518/2069/591 510/2070/591
f 519/2071/592 517/2072/592 509/2073/592
f 518/2074/593 538/2075/593 537/2076/593 520/2077/593
f 518/2078/594 520/2079/594 510/2080/594
f 521/2081/595 519/2082/595 509/2083/595
f 520/2084/596 537/2085/596 536/2086/596 522/2087/596
f 520/2088/597 522/2089/597 510/2090/597
f 523/2091/598 521/2092/598 509/2093/598
f 522/2094/599 536/2095/599 535/2096/599 524/2097/599
f 522/2098/600 524/2099/600 510/2100/600
f 525/2101/601 523/2102/601 509/2103/601
f 524/2104/602 535/2105/602 546/2106/602 526/2107/602
f 524/2108/603 526/2109/603 510/2110/603
f 527/2111/604 525/2112/604 509/2113/604
f 526/2114/605 546/2115/605 545/2116/605 528/2117/605
f 526/2118/606 528/2119/606 510/2120/606
f 529/2121/607 527/2122/607 509/2123/607
f 528/2124/608 545/2125/608 544/2126/608 530/2127/608
f 528/2128/609 530/2129/609 510/2130/609
f 531/2131/610 529/2132/610 509/2133/610
f 530/2134/611 544/2135/611 543/2136/611 532/2137/611
f 530/2138/612 532/2139/612 510/2140/612
f 533/2141/613 531/2142/613 509/2143/613
f 532/2144/614 543/2145/614 542/2146/614 534/2147/614
f 532/2148/615 534/2149/615 510/2150/615
f 511/2151/616 533/2152/616 509/2153/616
f 534/2154/617 542/2155/617 541/2156/617 512/2157/617
f 534/2158/618 512/2159/618 510/2160/618
f 523/2161/619 535/2162/619 536/2163/619 521/2164/619
f 521/2165/620 536/2166/620 537/2167/620 519/2168/620
f 519/2169/621 537/2170/621 538/2171/621 517/2172/621
f 517/2173/622 538/2174/622 539/2175/622 515/2176/622
f 515/2177/623 539/2178/623 540/2179/623 513/2180/623
f 513/2181/624 540/2182/624 541/2183/624 511/2184/624
f 511/2185/625 541/2186/625 542/2187/625 533/2188/625
f 533/2189/626 542/2190/626 543/2191/626 531/2192/626
f 531/2193/627 543/2194/627 544/2195/627 529/2196/627
f 529/2197/628 544/2198/628 545/2199/628 527/2200/628
f 527/2201/629 545/2202/629 546/2203/629 525/2204/629
f 525/2205/630 546/2206/630 535/2207/630 523/2208/630
o doorLeft
v -0.062499999999999806 1.34375 -7.51112678311022e-33
v -0.1249999999999997 1.40625 0
v -0.05412658773652726 1.34375 0.031249999999999865
v -0.1249999999999997 1.4146234122634724 0.031249999999999997
v -0.039623412263472546 1.34375 0.022876587736527152
v -0.1249999999999997 1.4291265877365273 0.022876587736527416
v -0.03125 1.34375 0.008373412263472517
v -0.1249999999999997 1.4375 0.008373412263472583
v -0.03125 1.34375 -0.00837341226347252
v -0.1249999999999997 1.4375 -0.008373412263472586
v -0.039623412263472546 1.34375 -0.02287658773652715
v -0.1249999999999997 1.4291265877365273 -0.022876587736527412
v -0.05412658773652723 1.34375 -0.03124999999999986
v -0.1249999999999997 1.4146234122634724 -0.031249999999999993
v -0.07087341226347232 1.34375 -0.031249999999999868
v -0.12499999999999971 1.3978765877365273 -0.03125
v -0.08537658773652707 1.34375 -0.022876587736527156
v -0.12499999999999971 1.3833734122634724 -0.02287658773652742
v -0.09374999999999961 1.34375 -0.008373412263472513
v -0.12499999999999972 1.375 -0.008373412263472579
v -0.09374999999999964 1.34375 0.008373412263472503
v -0.12499999999999972 1.375 0.008373412263472569
v -0.0853765877365271 1.34375 0.022876587736527145
v -0.12499999999999971 1.3833734122634724 0.02287658773652741
v -0.07087341226347235 1.34375 0.031249999999999865
v -0.12499999999999971 1.3978765877365273 0.031249999999999997
v -0.09012420613173605 1.3786257938682636 -0.031249999999999934
v -0.0739382938682635 1.3948117061317362 -0.031249999999999927
v -0.06668670613173613 1.4020632938682636 -0.02287658773652728
v -0.06249999999999986 1.40625 -0.008373412263472553
v -0.06249999999999986 1.40625 0.00837341226347255
v -0.06668670613173613 1.4020632938682636 0.022876587736527284
v -0.0739382938682635 1.3948117061317362 0.03124999999999993
v -0.09012420613173605 1.3786257938682636 0.03124999999999993
v -0.09737579386826344 1.3713742061317362 0.022876587736527277
v -0.10156249999999971 1.3671875 0.008373412263472536
v -0.10156249999999968 1.3671875 -0.008373412263472546
v -0.09737579386826344 1.3713742061317362 -0.022876587736527287
vt 0.9052721932636915 0.10624210240172438
vt 0.9032435523456648 0.10791015625
vt 0.8901194876310841 0.10624210240172438
vt 0.8901194876310841 0.10791015625
vt 0.8901194876310841 0.099853515625
vt 0.897965137037766 0.099853515625
vt 0.897965137037766 0.10791015625
vt 0.8901194876310841 0.10457377461515516
vt 0.8976952183803134 0.10502092316667311
vt 0.8901194876310841 0.10791015625
vt 0.9052734375 0.10624223935962518
vt 0.903242474775924 0.10791015625
vt 0.8901194876310841 0.10624223935962518
vt 0.8901194876310841 0.10791015625
vt 0.8901194876310841 0.099853515625
vt 0.897965137037766 0.099853515625
vt 0.897965137037766 0.10791015625
vt 0.8901194876310841 0.10457404855344876
vt 0.8976958404473878 0.10502068592265923
vt 0.8901194876310841 0.10791015625
vt 0.9047568932405653 0.10618281249999995
vt 0.9047568932405653 0.10791015625
vt 0.8901194876310841 0.10704648437499997
vt 0.8901194876310841 0.10791015625
vt 0.8901194876310841 0.099853515625
vt 0.897965137037766 0.099853515625
vt 0.897965137037766 0.10791015625
vt 0.9047568932405653 0.10618281249999995
vt 0.9047568932405653 0.10791015625
vt 0.8901194876310841 0.10704648437499997
vt 0.8901194876310841 0.10457404855344876
vt 0.8976958404473878 0.10502068592265923
vt 0.8901194876310841 0.10791015625
vt 0.8901194876310841 0.10791015625
vt 0.8901194876310841 0.099853515625
vt 0.897965137037766 0.099853515625
vt 0.897965137037766 0.10791015625
vt 0.9052734375 0.10624223935962518
vt 0.903242474775924 0.10791015625
vt 0.8901194876310841 0.10624223935962518
vt 0.8901194876310841 0.10457377461515516
vt 0.8976952183803134 0.10502092316667311
vt 0.8901194876310841 0.10791015625
vt 0.8901194876310841 0.10791015625
vt 0.8901194876310841 0.099853515625
vt 0.897965137037766 0.099853515625
vt 0.897965137037766 0.10791015625
vt 0.9052721932636915 0.10624210240172438
vt 0.9032435523456648 0.10791015625
vt 0.8901194876310841 0.10624210240172438
vt 0.8901194876310841 0.10468750000000004
vt 0.897965137037766 0.10468750000000004
vt 0.894042312334425 0.10791015625
vt 0.8901194876310841 0.10791015625
vt 0.8901194876310841 0.099853515625
vt 0.897965137037766 0.099853515625
vt 0.897965137037766 0.10791015625
vt 0.897965137037766 0.10791015625
vt 0.8901194876310841 0.10791015625
vt 0.894042312334425 0.10468750000000004
vt 0.8901194876310841 0.10791015625
vt 0.8921481285491107 0.10624210240172438
vt 0.9052721932636915 0.10791015625
vt 0.8901194876310841 0.10791015625
vt 0.8901194876310841 0.099853515625
vt 0.897965137037766 0.099853515625
vt 0.897965137037766 0.10791015625
vt 0.8976952183803134 0.10791015625
vt 0.8901194876310841 0.10746300769848205
vt 0.8976952183803134 0.10457377461515516
vt 0.8901194876310841 0.10791015625
vt 0.89215045035516 0.10624223935962518
vt 0.9052734375 0.10791015625
vt 0.8901194876310841 0.10791015625
vt 0.8901194876310841 0.099853515625
vt 0.897965137037766 0.099853515625
vt 0.897965137037766 0.10791015625
vt 0.8976958404473878 0.10791015625
vt 0.8901194876310841 0.10746351888078953
vt 0.8976958404473878 0.10457404855344876
vt 0.8901194876310841 0.10791015625
vt 0.8901194876310841 0.10618281249999995
vt 0.9047568932405653 0.10704648437499997
vt 0.8901194876310841 0.10791015625
vt 0.8901194876310841 0.099853515625
vt 0.897965137037766 0.099853515625
vt 0.897965137037766 0.10791015625
vt 0.8901194876310841 0.10791015625
vt 0.8901194876310841 0.10618281249999995
vt 0.9047568932405653 0.10704648437499997
vt 0.8976958404473878 0.10791015625
vt 0.8901194876310841 0.10746351888078953
vt 0.8976958404473878 0.10457404855344876
vt 0.8901194876310841 0.10791015625
vt 0.8901194876310841 0.099853515625
vt 0.897965137037766 0.099853515625
vt 0.897965137037766 0.10791015625
vt 0.8901194876310841 0.10791015625
vt 0.89215045035516 0.10624223935962518
vt 0.9052734375 0.10791015625
vt 0.8976952183803134 0.10791015625
vt 0.8901194876310841 0.10746300769848205
vt 0.8976952183803134 0.10457377461515516
vt 0.8901194876310841 0.10791015625
vt 0.8901194876310841 0.099853515625
vt 0.897965137037766 0.099853515625
vt 0.897965137037766 0.10791015625
vt 0.8901194876310841 0.10791015625
vt 0.8921481285491107 0.10624210240172438
vt 0.9052721932636915 0.10791015625
vt 0.897965137037766 0.10791015625
vt 0.8901194876310841 0.10791015625
vt 0.894042312334425 0.10468750000000004
vt 0.8901194876310841 0.10791015625
vt 0.8901194876310841 0.099853515625
vt 0.897965137037766 0.099853515625
vt 0.897965137037766 0.10791015625
vt 0.8901194876310841 0.10468750000000004
vt 0.897965137037766 0.10468750000000004
vt 0.894042312334425 0.10791015625
vt 0.897965137037766 0.099853515625
vt 0.897965137037766 0.10791015625
vt 0.8901194876310841 0.10791015625
vt 0.8901194876310841 0.099853515625
vt 0.897965137037766 0.099853515625
vt 0.897965137037766 0.10791015625
vt 0.8901194876310841 0.10791015625
vt 0.8901194876310841 0.099853515625
vt 0.897965137037766 0.099853515625
vt 0.897965137037766 0.10791015625
vt 0.8901194876310841 0.10791015625
vt 0.8901194876310841 0.099853515625
vt 0.897965137037766 0.099853515625
vt 0.897965137037766 0.10791015625
vt 0.8901194876310841 0.10791015625
vt 0.8901194876310841 0.099853515625
vt 0.897965137037766 0.099853515625
vt 0.897965137037766 0.10791015625
vt 0.8901194876310841 0.10791015625
vt 0.8901194876310841 0.099853515625
vt 0.897965137037766 0.099853515625
vt 0.897965137037766 0.10791015625
vt 0.8901194876310841 0.10791015625
vt 0.8901194876310841 0.099853515625
vt 0.897965137037766 0.099853515625
vt 0.897965137037766 0.10791015625
vt 0.8901194876310841 0.10791015625
vt 0.8901194876310841 0.099853515625
vt 0.897965137037766 0.099853515625
vt 0.897965137037766 0.10791015625
vt 0.8901194876310841 0.10791015625
vt 0.8901194876310841 0.099853515625
vt 0.897965137037766 0.099853515625
vt 0.897965137037766 0.10791015625
vt 0.8901194876310841 0.10791015625
vt 0.8901194876310841 0.099853515625
vt 0.897965137037766 0.099853515625
vt 0.897965137037766 0.10791015625
vt 0.8901194876310841 0.10791015625
vt 0.8901194876310841 0.099853515625
vt 0.897965137037766 0.099853515625
vt 0.897965137037766 0.10791015625
vt 0.8901194876310841 0.10791015625
vt 0.8901194876310841 0.099853515625
vt 0.897965137037766 0.099853515625
vt 0.897965137037766 0.10791015625
vt 0.8901194876310841 0.10791015625
vt 0.8901194876310841 0.099853515625
vn -4.440892098500626e-16 -1 0
vn 0.24083586346838456 0.6207183775407514 0.7461278594521283
vn -1 4.440892098500626e-16 0
vn -4.440892098500626e-16 -1 0
vn 0.3930774173969652 0.8469641228899633 0.357969158545492
vn -1 4.440892098500626e-16 0
vn -4.440892098500626e-16 -1 0
vn 0.44721359549995926 0.8944271909999154 0
vn -1 4.440892098500626e-16 0
vn -4.440892098500626e-16 -1 0
vn 0.41702882811415026 0.8340576562282972 -0.36115755925731147
vn -1 4.440892098500626e-16 0
vn -4.440892098500626e-16 -1 0
vn 0.27621742157825163 0.5951658269843825 -0.7546400296874389
vn -1 4.440892098500626e-16 0
vn -4.440892098500626e-16 -1 0
vn 1.0499390384728134e-15 -6.212394513901259e-16 -1
vn -1 4.440892098500626e-16 0
vn -4.440892098500626e-16 -1 0
vn -0.3129412180638715 -0.5669414720642564 -0.7620007620011376
vn -1 4.440892098500626e-16 0
vn -4.440892098500626e-16 -1 0
vn -0.37245361095691537 -0.8574513355822029 -0.35504297598100926
vn -1 4.440892098500626e-16 0
vn -4.440892098500626e-16 -1 0
vn -0.31622776601683783 -0.9486832980505139 -5.241043552656627e-16
vn -1 4.440892098500626e-16 0
vn -4.440892098500626e-16 -1 0
vn -0.29704426289300245 -0.8911327886790079 0.3429971702850151
vn -1 4.440892098500626e-16 0
vn -4.440892098500626e-16 -1 0
vn -0.26281025812130243 -0.6050337550811982 0.7515749619555984
vn -1 4.440892098500626e-16 0
vn -4.440892098500626e-16 -1 0
vn 1.217876368042925e-15 -1.2178763680429263e-15 1
vn -1 4.440892098500626e-16 0
vn 1.4941036170851865e-15 -1.0654040300024967e-15 -1
vn 0.6207183775407563 0.24083586346838298 -0.7461278594521247
vn 0.8469641228899651 0.3930774173969621 -0.3579691585454903
vn 0.8944271909999167 0.4472135954999562 0
vn 0.8340576562282993 0.4170288281141475 0.3611575592573095
vn 0.5951658269843831 0.27621742157824675 0.7546400296874402
vn 9.301018531753824e-16 -9.301018531753832e-16 1
vn -0.5669414720642529 -0.3129412180638725 0.76200076200114
vn -0.8574513355822008 -0.37245361095692225 0.35504297598100665
vn -0.9486832980505131 -0.3162277660168406 -1.572313065796989e-15
vn -0.8911327886790058 -0.2970442628930052 -0.34299717028501825
vn -0.6050337550811968 -0.2628102581213092 -0.751574961955597
usemtl m_cdc7856a-81b9-2323-aa40-5a8c37e12ffa
f 551/2209/631 549/2210/631 547/2211/631
f 550/2212/632 579/2213/632 578/2214/632 552/2215/632
f 550/2216/633 552/2217/633 548/2218/633
f 553/2219/634 551/2220/634 547/2221/634
f 552/2222/635 578/2223/635 577/2224/635 554/2225/635
f 552/2226/636 554/2227/636 548/2228/636
f 555/2229/637 553/2230/637 547/2231/637
f 554/2232/638 577/2233/638 576/2234/638 556/2235/638
f 554/2236/639 556/2237/639 548/2238/639
f 557/2239/640 555/2240/640 547/2241/640
f 556/2242/641 576/2243/641 575/2244/641 558/2245/641
f 556/2246/642 558/2247/642 548/2248/642
f 559/2249/643 557/2250/643 547/2251/643
f 558/2252/644 575/2253/644 574/2254/644 560/2255/644
f 558/2256/645 560/2257/645 548/2258/645
f 561/2259/646 559/2260/646 547/2261/646
f 560/2262/647 574/2263/647 573/2264/647 562/2265/647
f 560/2266/648 562/2267/648 548/2268/648
f 563/2269/649 561/2270/649 547/2271/649
f 562/2272/650 573/2273/650 584/2274/650 564/2275/650
f 562/2276/651 564/2277/651 548/2278/651
f 565/2279/652 563/2280/652 547/2281/652
f 564/2282/653 584/2283/653 583/2284/653 566/2285/653
f 564/2286/654 566/2287/654 548/2288/654
f 567/2289/655 565/2290/655 547/2291/655
f 566/2292/656 583/2293/656 582/2294/656 568/2295/656
f 566/2296/657 568/2297/657 548/2298/657
f 569/2299/658 567/2300/658 547/2301/658
f 568/2302/659 582/2303/659 581/2304/659 570/2305/659
f 568/2306/660 570/2307/660 548/2308/660
f 571/2309/661 569/2310/661 547/2311/661
f 570/2312/662 581/2313/662 580/2314/662 572/2315/662
f 570/2316/663 572/2317/663 548/2318/663
f 549/2319/664 571/2320/664 547/2321/664
f 572/2322/665 580/2323/665 579/2324/665 550/2325/665
f 572/2326/666 550/2327/666 548/2328/666
f 561/2329/667 573/2330/667 574/2331/667 559/2332/667
f 559/2333/668 574/2334/668 575/2335/668 557/2336/668
f 557/2337/669 575/2338/669 576/2339/669 555/2340/669
f 555/2341/670 576/2342/670 577/2343/670 553/2344/670
f 553/2345/671 577/2346/671 578/2347/671 551/2348/671
f 551/2349/672 578/2350/672 579/2351/672 549/2352/672
f 549/2353/673 579/2354/673 580/2355/673 571/2356/673
f 571/2357/674 580/2358/674 581/2359/674 569/2360/674
f 569/2361/675 581/2362/675 582/2363/675 567/2364/675
f 567/2365/676 582/2366/676 583/2367/676 565/2368/676
f 565/2369/677 583/2370/677 584/2371/677 563/2372/677
f 563/2373/678 584/2374/678 573/2375/678 561/2376/678
o doorLeft
v -0.28124999906867787 1.3437499983701853 -1.1941200030411096e-15
v -0.21875000000000056 1.406249999301508 -1.0622052621608208e-15
v -0.2896234113321503 1.3437499982454117 -0.03125000000000111
v -0.21875000012477402 1.4146234115649805 -0.03125000000000109
v -0.3041265868052052 1.3437499980292975 -0.022876587736528422
v -0.21875000034088826 1.4291265870380354 -0.022876587736528505
v -0.3124999990686778 1.343749997904524 -0.008373412263473804
v -0.21875000046566187 1.437499999301508 -0.008373412263473672
v -0.31249999906867787 1.343749997904524 0.008373412263471233
v -0.21875000046566193 1.437499999301508 0.008373412263471497
v -0.3041265868052054 1.3437499980292975 0.02287658773652588
v -0.21875000034088837 1.4291265870380354 0.022876587736526323
v -0.2896234113321505 1.3437499982454117 0.031249999999998637
v -0.21875000012477425 1.4146234115649807 0.031249999999998918
v -0.27287658680520543 1.343749998494959 0.031249999999998695
v -0.21874999987522709 1.3978765870380354 0.03124999999999894
v -0.2583734113321507 1.3437499987110733 0.022876587736526028
v -0.21874999965911288 1.3833734115649805 0.022876587736526375
v -0.2499999990686781 1.3437499988358468 0.008373412263471422
v -0.21874999953433927 1.374999999301508 0.008373412263471554
v -0.24999999906867804 1.3437499988358468 -0.008373412263473594
v -0.2187499995343392 1.374999999301508 -0.008373412263473594
v -0.2583734113321505 1.3437499987110733 -0.022876587736528273
v -0.21874999965911274 1.3833734115649805 -0.022876587736528453
v -0.2728765868052052 1.343749998494959 -0.031250000000001055
v -0.2187499998752269 1.3978765870380354 -0.031250000000001076
v -0.2536257934566316 1.378625792650082 0.03124999999999879
v -0.26981170596129306 1.3948117046723656 0.031249999999998713
v -0.27706329380587746 1.4020632923008358 0.02287658773652604
v -0.2812500000000005 1.4062499983701855 0.0083734122634713
v -0.28125000000000044 1.4062499983701855 -0.008373412263473802
v -0.27706329380587735 1.4020632923008358 -0.022876587736528526
v -0.26981170596129284 1.3948117046723654 -0.03125000000000116
v -0.2536257934566314 1.3786257926500818 -0.031250000000001096
v -0.24637420561204695 1.3713742050216116 -0.022876587736528394
v -0.24218749941792395 1.367187498952262 -0.008373412263473627
v -0.242187499417924 1.367187498952262 0.008373412263471455
v -0.2463742056120471 1.3713742050216116 0.02287658773652617
vt 0.9052721932636915 0.10624210240172438
vt 0.9032435523456648 0.10791015625
vt 0.8901194876310841 0.10624210240172438
vt 0.8901194876310841 0.10791015625
vt 0.8901194876310841 0.099853515625
vt 0.897965137037766 0.099853515625
vt 0.897965137037766 0.10791015625
vt 0.8901194876310841 0.10457377461515516
vt 0.8976952183803134 0.10502092316667311
vt 0.8901194876310841 0.10791015625
vt 0.9052734375 0.10624223935962518
vt 0.903242474775924 0.10791015625
vt 0.8901194876310841 0.10624223935962518
vt 0.8901194876310841 0.10791015625
vt 0.8901194876310841 0.099853515625
vt 0.897965137037766 0.099853515625
vt 0.897965137037766 0.10791015625
vt 0.8901194876310841 0.10457404855344876
vt 0.8976958404473878 0.10502068592265923
vt 0.8901194876310841 0.10791015625
vt 0.9047568932405653 0.10618281249999995
vt 0.9047568932405653 0.10791015625
vt 0.8901194876310841 0.10704648437499997
vt 0.8901194876310841 0.10791015625
vt 0.8901194876310841 0.099853515625
vt 0.897965137037766 0.099853515625
vt 0.897965137037766 0.10791015625
vt 0.9047568932405653 0.10618281249999995
vt 0.9047568932405653 0.10791015625
vt 0.8901194876310841 0.10704648437499997
vt 0.8901194876310841 0.10457404855344876
vt 0.8976958404473878 0.10502068592265923
vt 0.8901194876310841 0.10791015625
vt 0.8901194876310841 0.10791015625
vt 0.8901194876310841 0.099853515625
vt 0.897965137037766 0.099853515625
vt 0.897965137037766 0.10791015625
vt 0.9052734375 0.10624223935962518
vt 0.903242474775924 0.10791015625
vt 0.8901194876310841 0.10624223935962518
vt 0.8901194876310841 0.10457377461515516
vt 0.8976952183803134 0.10502092316667311
vt 0.8901194876310841 0.10791015625
vt 0.8901194876310841 0.10791015625
vt 0.8901194876310841 0.099853515625
vt 0.897965137037766 0.099853515625
vt 0.897965137037766 0.10791015625
vt 0.9052721932636915 0.10624210240172438
vt 0.9032435523456648 0.10791015625
vt 0.8901194876310841 0.10624210240172438
vt 0.8901194876310841 0.10468750000000004
vt 0.897965137037766 0.10468750000000004
vt 0.894042312334425 0.10791015625
vt 0.8901194876310841 0.10791015625
vt 0.8901194876310841 0.099853515625
vt 0.897965137037766 0.099853515625
vt 0.897965137037766 0.10791015625
vt 0.897965137037766 0.10791015625
vt 0.8901194876310841 0.10791015625
vt 0.894042312334425 0.10468750000000004
vt 0.8901194876310841 0.10791015625
vt 0.8921481285491107 0.10624210240172438
vt 0.9052721932636915 0.10791015625
vt 0.8901194876310841 0.10791015625
vt 0.8901194876310841 0.099853515625
vt 0.897965137037766 0.099853515625
vt 0.897965137037766 0.10791015625
vt 0.8976952183803134 0.10791015625
vt 0.8901194876310841 0.10746300769848205
vt 0.8976952183803134 0.10457377461515516
vt 0.8901194876310841 0.10791015625
vt 0.89215045035516 0.10624223935962518
vt 0.9052734375 0.10791015625
vt 0.8901194876310841 0.10791015625
vt 0.8901194876310841 0.099853515625
vt 0.897965137037766 0.099853515625
vt 0.897965137037766 0.10791015625
vt 0.8976958404473878 0.10791015625
vt 0.8901194876310841 0.10746351888078953
vt 0.8976958404473878 0.10457404855344876
vt 0.8901194876310841 0.10791015625
vt 0.8901194876310841 0.10618281249999995
vt 0.9047568932405653 0.10704648437499997
vt 0.8901194876310841 0.10791015625
vt 0.8901194876310841 0.099853515625
vt 0.897965137037766 0.099853515625
vt 0.897965137037766 0.10791015625
vt 0.8901194876310841 0.10791015625
vt 0.8901194876310841 0.10618281249999995
vt 0.9047568932405653 0.10704648437499997
vt 0.8976958404473878 0.10791015625
vt 0.8901194876310841 0.10746351888078953
vt 0.8976958404473878 0.10457404855344876
vt 0.8901194876310841 0.10791015625
vt 0.8901194876310841 0.099853515625
vt 0.897965137037766 0.099853515625
vt 0.897965137037766 0.10791015625
vt 0.8901194876310841 0.10791015625
vt 0.89215045035516 0.10624223935962518
vt 0.9052734375 0.10791015625
vt 0.8976952183803134 0.10791015625
vt 0.8901194876310841 0.10746300769848205
vt 0.8976952183803134 0.10457377461515516
vt 0.8901194876310841 0.10791015625
vt 0.8901194876310841 0.099853515625
vt 0.897965137037766 0.099853515625
vt 0.897965137037766 0.10791015625
vt 0.8901194876310841 0.10791015625
vt 0.8921481285491107 0.10624210240172438
vt 0.9052721932636915 0.10791015625
vt 0.897965137037766 0.10791015625
vt 0.8901194876310841 0.10791015625
vt 0.894042312334425 0.10468750000000004
vt 0.8901194876310841 0.10791015625
vt 0.8901194876310841 0.099853515625
vt 0.897965137037766 0.099853515625
vt 0.897965137037766 0.10791015625
vt 0.8901194876310841 0.10468750000000004
vt 0.897965137037766 0.10468750000000004
vt 0.894042312334425 0.10791015625
vt 0.897965137037766 0.099853515625
vt 0.897965137037766 0.10791015625
vt 0.8901194876310841 0.10791015625
vt 0.8901194876310841 0.099853515625
vt 0.897965137037766 0.099853515625
vt 0.897965137037766 0.10791015625
vt 0.8901194876310841 0.10791015625
vt 0.8901194876310841 0.099853515625
vt 0.897965137037766 0.099853515625
vt 0.897965137037766 0.10791015625
vt 0.8901194876310841 0.10791015625
vt 0.8901194876310841 0.099853515625
vt 0.897965137037766 0.099853515625
vt 0.897965137037766 0.10791015625
vt 0.8901194876310841 0.10791015625
vt 0.8901194876310841 0.099853515625
vt 0.897965137037766 0.099853515625
vt 0.897965137037766 0.10791015625
vt 0.8901194876310841 0.10791015625
vt 0.8901194876310841 0.099853515625
vt 0.897965137037766 0.099853515625
vt 0.897965137037766 0.10791015625
vt 0.8901194876310841 0.10791015625
vt 0.8901194876310841 0.099853515625
vt 0.897965137037766 0.099853515625
vt 0.897965137037766 0.10791015625
vt 0.8901194876310841 0.10791015625
vt 0.8901194876310841 0.099853515625
vt 0.897965137037766 0.099853515625
vt 0.897965137037766 0.10791015625
vt 0.8901194876310841 0.10791015625
vt 0.8901194876310841 0.099853515625
vt 0.897965137037766 0.099853515625
vt 0.897965137037766 0.10791015625
vt 0.8901194876310841 0.10791015625
vt 0.8901194876310841 0.099853515625
vt 0.897965137037766 0.099853515625
vt 0.897965137037766 0.10791015625
vt 0.8901194876310841 0.10791015625
vt 0.8901194876310841 0.099853515625
vt 0.897965137037766 0.099853515625
vt 0.897965137037766 0.10791015625
vt 0.8901194876310841 0.10791015625
vt 0.8901194876310841 0.099853515625
vt 0.897965137037766 0.099853515625
vt 0.897965137037766 0.10791015625
vt 0.8901194876310841 0.10791015625
vt 0.8901194876310841 0.099853515625
vn 1.4901165063686156e-8 -0.9999999999999999 -1.4159054226814195e-15
vn -0.2408358727178075 0.620718373952017 -0.7461278594521291
vn 0.9999999999999999 1.490116274815989e-8 3.121279000210169e-15
vn 1.4901160210589019e-8 -0.9999999999999999 3.43719171493255e-15
vn -0.3930774300177134 0.8469641170326525 -0.35796915854549394
vn 0.9999999999999999 1.490116274815989e-8 3.121279000210169e-15
vn 1.4901160860780749e-8 -0.9999999999999999 1.010643146125541e-15
vn -0.4472136088279634 0.8944271843359133 -2.2998251145348953e-15
vn 0.9999999999999999 1.490116274815989e-8 3.121279000210169e-15
vn 1.4901160210589019e-8 -0.9999999999999999 -1.4159054226814747e-15
vn -0.4170288405425794 0.8340576500140834 0.36115755925730925
vn 0.9999999999999999 1.490116274815989e-8 3.121279000210169e-15
vn 1.4901162637137588e-8 -0.9999999999999999 1.0106431461255466e-15
vn -0.27621743044691627 0.5951658228684229 0.7546400296874374
vn 0.9999999999999999 1.490116274815989e-8 3.121279000210169e-15
vn 1.4901165951864576e-8 -0.9999999999999999 1.898821565825689e-15
vn -4.1712180444855494e-15 3.894036325794232e-16 1
vn 0.9999999999999999 1.490116274815989e-8 3.121279000210169e-15
vn 1.4901163525316008e-8 -0.9999999999999999 2.5490132952324033e-15
vn 0.3129412265119555 -0.5669414674010679 0.7620007620011393
vn 0.9999999999999999 1.490116274815989e-8 3.121279000210169e-15
vn 1.4901164175507736e-8 -0.9999999999999999 1.898821565825689e-15
vn 0.37245362373393487 -0.8574513300322111 0.35504297598101126
vn 0.9999999999999999 1.490116274815989e-8 3.121279000210169e-15
vn 1.4901164413494428e-8 -0.9999999999999999 1.010643146125555e-15
vn 0.31622778015332065 -0.9486832933383529 2.46991971363592e-15
vn 0.9999999999999999 1.490116274815989e-8 3.121279000210169e-15
vn 1.4901164175507736e-8 -0.9999999999999999 1.2246472642541462e-16
vn 0.2970442761719169 -0.8911327842527038 -0.3429971702850129
vn 0.9999999999999999 1.490116274815989e-8 3.121279000210169e-15
vn 1.4901163525316008e-8 -0.9999999999999999 -5.277270029813025e-16
vn 0.26281026713701067 -0.6050337511650218 -0.7515749619555963
vn 0.9999999999999999 1.490116274815989e-8 3.121279000210169e-15
vn 1.4901162637137588e-8 -0.9999999999999999 -7.657136932747102e-16
vn 1.839303910117137e-15 -2.2926182429734898e-15 -1
vn 0.9999999999999999 1.490116274815989e-8 3.121279000210169e-15
vn -4.615382616479355e-15 -5.476095265151686e-17 1
vn -0.620718381129493 0.24083585421895823 0.7461278594521225
vn -0.8469641287472758 0.39307740477621433 0.3579691585454876
vn -0.8944271976639182 0.4472135821719535 -3.2437301636312028e-15
vn -0.8340576624425114 0.41702881568572037 -0.3611575592573125
vn -0.5951658311003413 0.27621741270958483 -0.7546400296874417
vn 2.2401299043391842e-15 -1.8917922368058958e-15 -1
vn 0.5669414767274437 -0.3129412096157867 -0.7620007620011373
vn 0.8574513411321938 -0.3724535981799011 -0.35504297598100343
vn 0.9486833027626742 -0.3162277518803568 4.8530117461916935e-15
vn 0.8911327931053094 -0.2970442496140905 0.3429971702850216
vn 0.6050337589973728 -0.26281024910560224 0.7515749619555994
usemtl m_cdc7856a-81b9-2323-aa40-5a8c37e12ffa
f 589/2377/679 587/2378/679 585/2379/679
f 588/2380/680 617/2381/680 616/2382/680 590/2383/680
f 588/2384/681 590/2385/681 586/2386/681
f 591/2387/682 589/2388/682 585/2389/682
f 590/2390/683 616/2391/683 615/2392/683 592/2393/683
f 590/2394/684 592/2395/684 586/2396/684
f 593/2397/685 591/2398/685 585/2399/685
f 592/2400/686 615/2401/686 614/2402/686 594/2403/686
f 592/2404/687 594/2405/687 586/2406/687
f 595/2407/688 593/2408/688 585/2409/688
f 594/2410/689 614/2411/689 613/2412/689 596/2413/689
f 594/2414/690 596/2415/690 586/2416/690
f 597/2417/691 595/2418/691 585/2419/691
f 596/2420/692 613/2421/692 612/2422/692 598/2423/692
f 596/2424/693 598/2425/693 586/2426/693
f 599/2427/694 597/2428/694 585/2429/694
f 598/2430/695 612/2431/695 611/2432/695 600/2433/695
f 598/2434/696 600/2435/696 586/2436/696
f 601/2437/697 599/2438/697 585/2439/697
f 600/2440/698 611/2441/698 622/2442/698 602/2443/698
f 600/2444/699 602/2445/699 586/2446/699
f 603/2447/700 601/2448/700 585/2449/700
f 602/2450/701 622/2451/701 621/2452/701 604/2453/701
f 602/2454/702 604/2455/702 586/2456/702
f 605/2457/703 603/2458/703 585/2459/703
f 604/2460/704 621/2461/704 620/2462/704 606/2463/704
f 604/2464/705 606/2465/705 586/2466/705
f 607/2467/706 605/2468/706 585/2469/706
f 606/2470/707 620/2471/707 619/2472/707 608/2473/707
f 606/2474/708 608/2475/708 586/2476/708
f 609/2477/709 607/2478/709 585/2479/709
f 608/2480/710 619/2481/710 618/2482/710 610/2483/710
f 608/2484/711 610/2485/711 586/2486/711
f 587/2487/712 609/2488/712 585/2489/712
f 610/2490/713 618/2491/713 617/2492/713 588/2493/713
f 610/2494/714 588/2495/714 586/2496/714
f 599/2497/715 611/2498/715 612/2499/715 597/2500/715
f 597/2501/716 612/2502/716 613/2503/716 595/2504/716
f 595/2505/717 613/2506/717 614/2507/717 593/2508/717
f 593/2509/718 614/2510/718 615/2511/718 591/2512/718
f 591/2513/719 615/2514/719 616/2515/719 589/2516/719
f 589/2517/720 616/2518/720 617/2519/720 587/2520/720
f 587/2521/721 617/2522/721 618/2523/721 609/2524/721
f 609/2525/722 618/2526/722 619/2527/722 607/2528/722
f 607/2529/723 619/2530/723 620/2531/723 605/2532/723
f 605/2533/724 620/2534/724 621/2535/724 603/2536/724
f 603/2537/725 621/2538/725 622/2539/725 601/2540/725
f 601/2541/726 622/2542/726 611/2543/726 599/2544/726
o doorRight
v 0.3125 1.4375 0
v 0.3125 1.4375 0
v 0.3125 0.4375 0
v 0.3125 0.4375 0
v 0.03125 1.4375 0
v 0.03125 1.4375 0
v 0.03125 0.4375 0
v 0.03125 0.4375 0
vt 0.6025390625 0.125
vt 0.6376953125 0.125
vt 0.6376953125 0
vt 0.6025390625 0
vt 0.6025390625 0.125
vt 0.6376953125 0.125
vt 0.6376953125 0
vt 0.6025390625 0
vn 0 0 -1
vn 0 0 1
usemtl m_cdc7856a-81b9-2323-aa40-5a8c37e12ffa
f 626/2548/727 629/2547/727 627/2546/727 624/2545/727
f 630/2552/728 625/2551/728 623/2550/728 628/2549/728
o doorRight
v 0.125 0.46875 0
v 0.21875 0.46875 0
v 0.125 0.4603765877365274 0.031249999999999997
v 0.21875 0.46037658773652745 0.031249999999999997
v 0.125 0.4458734122634726 0.022876587736527416
v 0.21875 0.4458734122634726 0.022876587736527416
v 0.125 0.4375 0.008373412263472583
v 0.21875 0.43750000000000006 0.008373412263472583
v 0.125 0.4375 -0.008373412263472586
v 0.21875 0.43750000000000006 -0.008373412263472586
v 0.125 0.4458734122634726 -0.022876587736527412
v 0.21875 0.4458734122634726 -0.022876587736527412
v 0.125 0.4603765877365274 -0.031249999999999993
v 0.21875 0.46037658773652745 -0.031249999999999993
v 0.125 0.4771234122634726 -0.03125
v 0.21875 0.4771234122634726 -0.03125
v 0.125 0.4916265877365274 -0.02287658773652742
v 0.21875 0.49162658773652745 -0.02287658773652742
v 0.125 0.5 -0.008373412263472579
v 0.21875 0.5 -0.008373412263472579
v 0.125 0.5 0.008373412263472569
v 0.21875 0.5 0.008373412263472569
v 0.125 0.49162658773652745 0.02287658773652741
v 0.21875 0.49162658773652745 0.02287658773652741
v 0.125 0.4771234122634726 0.031249999999999997
v 0.21875 0.4771234122634726 0.031249999999999997
vt 0.9052721932636915 0.10624210240172438
vt 0.9032435523456648 0.10791015625
vt 0.8901194876310841 0.10624210240172438
vt 0.8901194876310841 0.091796875
vt 0.897965137037766 0.091796875
vt 0.897965137037766 0.10791015625
vt 0.8901194876310841 0.10791015625
vt 0.8901194876310841 0.10457377461515516
vt 0.8976952183803134 0.10502092316667311
vt 0.8901194876310841 0.10791015625
vt 0.9052734375 0.10624223935962518
vt 0.903242474775924 0.10791015625
vt 0.8901194876310841 0.10624223935962518
vt 0.8901194876310841 0.091796875
vt 0.897965137037766 0.091796875
vt 0.897965137037766 0.10791015625
vt 0.8901194876310841 0.10791015625
vt 0.8901194876310841 0.10457404855344876
vt 0.8976958404473878 0.10502068592265923
vt 0.8901194876310841 0.10791015625
vt 0.9047568932405653 0.10618281249999995
vt 0.9047568932405653 0.10791015625
vt 0.8901194876310841 0.10704648437499997
vt 0.8901194876310841 0.091796875
vt 0.897965137037766 0.091796875
vt 0.897965137037766 0.10791015625
vt 0.8901194876310841 0.10791015625
vt 0.9047568932405653 0.10618281249999995
vt 0.9047568932405653 0.10791015625
vt 0.8901194876310841 0.10704648437499997
vt 0.8901194876310841 0.10457404855344876
vt 0.8976958404473878 0.10502068592265923
vt 0.8901194876310841 0.10791015625
vt 0.8901194876310841 0.091796875
vt 0.897965137037766 0.091796875
vt 0.897965137037766 0.10791015625
vt 0.8901194876310841 0.10791015625
vt 0.9052734375 0.10624223935962518
vt 0.903242474775924 0.10791015625
vt 0.8901194876310841 0.10624223935962518
vt 0.8901194876310841 0.10457377461515516
vt 0.8976952183803134 0.10502092316667311
vt 0.8901194876310841 0.10791015625
vt 0.8901194876310841 0.091796875
vt 0.897965137037766 0.091796875
vt 0.897965137037766 0.10791015625
vt 0.8901194876310841 0.10791015625
vt 0.9052721932636915 0.10624210240172438
vt 0.9032435523456648 0.10791015625
vt 0.8901194876310841 0.10624210240172438
vt 0.8901194876310841 0.10468750000000004
vt 0.897965137037766 0.10468750000000004
vt 0.894042312334425 0.10791015625
vt 0.8901194876310841 0.091796875
vt 0.897965137037766 0.091796875
vt 0.897965137037766 0.10791015625
vt 0.8901194876310841 0.10791015625
vt 0.897965137037766 0.10791015625
vt 0.8901194876310841 0.10791015625
vt 0.894042312334425 0.10468750000000004
vt 0.8901194876310841 0.10791015625
vt 0.8921481285491107 0.10624210240172438
vt 0.9052721932636915 0.10791015625
vt 0.8901194876310841 0.091796875
vt 0.897965137037766 0.091796875
vt 0.897965137037766 0.10791015625
vt 0.8901194876310841 0.10791015625
vt 0.8976952183803134 0.10791015625
vt 0.8901194876310841 0.10746300769848205
vt 0.8976952183803134 0.10457377461515516
vt 0.8901194876310841 0.10791015625
vt 0.89215045035516 0.10624223935962518
vt 0.9052734375 0.10791015625
vt 0.8901194876310841 0.091796875
vt 0.897965137037766 0.091796875
vt 0.897965137037766 0.10791015625
vt 0.8901194876310841 0.10791015625
vt 0.8976958404473878 0.10791015625
vt 0.8901194876310841 0.10746351888078953
vt 0.8976958404473878 0.10457404855344876
vt 0.8901194876310841 0.10791015625
vt 0.8901194876310841 0.10618281249999995
vt 0.9047568932405653 0.10704648437499997
vt 0.8901194876310841 0.091796875
vt 0.897965137037766 0.091796875
vt 0.897965137037766 0.10791015625
vt 0.8901194876310841 0.10791015625
vt 0.8901194876310841 0.10791015625
vt 0.8901194876310841 0.10618281249999995
vt 0.9047568932405653 0.10704648437499997
vt 0.8976958404473878 0.10791015625
vt 0.8901194876310841 0.10746351888078953
vt 0.8976958404473878 0.10457404855344876
vt 0.8901194876310841 0.091796875
vt 0.897965137037766 0.091796875
vt 0.897965137037766 0.10791015625
vt 0.8901194876310841 0.10791015625
vt 0.8901194876310841 0.10791015625
vt 0.89215045035516 0.10624223935962518
vt 0.9052734375 0.10791015625
vt 0.8976952183803134 0.10791015625
vt 0.8901194876310841 0.10746300769848205
vt 0.8976952183803134 0.10457377461515516
vt 0.8901194876310841 0.091796875
vt 0.897965137037766 0.091796875
vt 0.897965137037766 0.10791015625
vt 0.8901194876310841 0.10791015625
vt 0.8901194876310841 0.10791015625
vt 0.8921481285491107 0.10624210240172438
vt 0.9052721932636915 0.10791015625
vt 0.897965137037766 0.10791015625
vt 0.8901194876310841 0.10791015625
vt 0.894042312334425 0.10468750000000004
vt 0.8901194876310841 0.091796875
vt 0.897965137037766 0.091796875
vt 0.897965137037766 0.10791015625
vt 0.8901194876310841 0.10791015625
vt 0.8901194876310841 0.10468750000000004
vt 0.897965137037766 0.10468750000000004
vt 0.894042312334425 0.10791015625
vn -1 -2.220446049250313e-16 0
vn 1.1102230246251563e-16 -0.4999999999999999 0.8660254037844387
vn 1 2.220446049250313e-16 0
vn -1 -2.220446049250313e-16 0
vn 1.922962686383564e-16 -0.8660254037844387 0.49999999999999994
vn 1 2.220446049250313e-16 0
vn -1 -2.220446049250313e-16 0
vn 2.220446049250313e-16 -1 0
vn 1 2.220446049250313e-16 0
vn -1 -2.220446049250313e-16 0
vn 1.922962686383564e-16 -0.8660254037844387 -0.49999999999999994
vn 1 2.220446049250313e-16 0
vn -1 -2.220446049250313e-16 0
vn 1.1102230246251568e-16 -0.5000000000000001 -0.8660254037844386
vn 1 2.220446049250313e-16 0
vn -1 -2.220446049250313e-16 0
vn 9.200215557467481e-32 -4.143408735633879e-16 -1
vn 1 2.220446049250313e-16 0
vn -1 -2.220446049250313e-16 0
vn -1.1102230246251554e-16 0.4999999999999995 -0.8660254037844389
vn 1 2.220446049250313e-16 0
vn -1 -2.220446049250313e-16 0
vn -1.9229626863835643e-16 0.8660254037844388 -0.4999999999999997
vn 1 2.220446049250313e-16 0
vn -1 -2.220446049250313e-16 0
vn -2.220446049250313e-16 1 -2.0717043678169412e-16
vn 1 2.220446049250313e-16 0
vn -1 -2.220446049250313e-16 0
vn -1.9229626863835646e-16 0.8660254037844389 0.4999999999999996
vn 1 2.220446049250313e-16 0
vn -1 -2.220446049250313e-16 0
vn -1.1102230246251564e-16 0.49999999999999994 0.8660254037844387
vn 1 2.220446049250313e-16 0
vn -1 -2.220446049250313e-16 0
vn 0 0 1
vn 1 2.220446049250313e-16 0
usemtl m_cdc7856a-81b9-2323-aa40-5a8c37e12ffa
f 635/2553/729 633/2554/729 631/2555/729
f 633/2556/730 635/2557/730 636/2558/730 634/2559/730
f 634/2560/731 636/2561/731 632/2562/731
f 637/2563/732 635/2564/732 631/2565/732
f 635/2566/733 637/2567/733 638/2568/733 636/2569/733
f 636/2570/734 638/2571/734 632/2572/734
f 639/2573/735 637/2574/735 631/2575/735
f 637/2576/736 639/2577/736 640/2578/736 638/2579/736
f 638/2580/737 640/2581/737 632/2582/737
f 641/2583/738 639/2584/738 631/2585/738
f 639/2586/739 641/2587/739 642/2588/739 640/2589/739
f 640/2590/740 642/2591/740 632/2592/740
f 643/2593/741 641/2594/741 631/2595/741
f 641/2596/742 643/2597/742 644/2598/742 642/2599/742
f 642/2600/743 644/2601/743 632/2602/743
f 645/2603/744 643/2604/744 631/2605/744
f 643/2606/745 645/2607/745 646/2608/745 644/2609/745
f 644/2610/746 646/2611/746 632/2612/746
f 647/2613/747 645/2614/747 631/2615/747
f 645/2616/748 647/2617/748 648/2618/748 646/2619/748
f 646/2620/749 648/2621/749 632/2622/749
f 649/2623/750 647/2624/750 631/2625/750
f 647/2626/751 649/2627/751 650/2628/751 648/2629/751
f 648/2630/752 650/2631/752 632/2632/752
f 651/2633/753 649/2634/753 631/2635/753
f 649/2636/754 651/2637/754 652/2638/754 650/2639/754
f 650/2640/755 652/2641/755 632/2642/755
f 653/2643/756 651/2644/756 631/2645/756
f 651/2646/757 653/2647/757 654/2648/757 652/2649/757
f 652/2650/758 654/2651/758 632/2652/758
f 655/2653/759 653/2654/759 631/2655/759
f 653/2656/760 655/2657/760 656/2658/760 654/2659/760
f 654/2660/761 656/2661/761 632/2662/761
f 633/2663/762 655/2664/762 631/2665/762
f 655/2666/763 633/2667/763 634/2668/763 656/2669/763
f 656/2670/764 634/2671/764 632/2672/764
o doorRight
v 0.062499999999999986 0.53125 -7.51112678311022e-33
v 0.125 0.46875 0
v 0.05412658773652744 0.53125 0.031249999999999865
v 0.125 0.4603765877365274 0.031249999999999997
v 0.03962341226347271 0.53125 0.022876587736527152
v 0.125 0.4458734122634726 0.022876587736527416
v 0.03125000000000017 0.53125 0.008373412263472517
v 0.125 0.4375 0.008373412263472583
v 0.03125000000000017 0.53125 -0.00837341226347252
v 0.125 0.4375 -0.008373412263472586
v 0.03962341226347271 0.53125 -0.02287658773652715
v 0.125 0.4458734122634726 -0.022876587736527412
v 0.05412658773652741 0.53125 -0.03124999999999986
v 0.125 0.4603765877365274 -0.031249999999999993
v 0.07087341226347252 0.53125 -0.031249999999999868
v 0.125 0.4771234122634726 -0.03125
v 0.08537658773652726 0.53125 -0.022876587736527156
v 0.125 0.4916265877365274 -0.02287658773652742
v 0.09374999999999979 0.53125 -0.008373412263472513
v 0.125 0.5 -0.008373412263472579
v 0.0937499999999998 0.53125 0.008373412263472503
v 0.125 0.5 0.008373412263472569
v 0.08537658773652726 0.53125 0.022876587736527145
v 0.125 0.49162658773652745 0.02287658773652741
v 0.07087341226347252 0.53125 0.031249999999999865
v 0.125 0.4771234122634726 0.031249999999999997
v 0.09012420613173626 0.4963742061317363 -0.031249999999999934
v 0.07393829386826371 0.48018829386826367 -0.031249999999999927
v 0.06668670613173636 0.4729367061317363 -0.02287658773652728
v 0.06250000000000008 0.46875 -0.008373412263472553
v 0.06250000000000008 0.46875 0.00837341226347255
v 0.06668670613173636 0.4729367061317363 0.022876587736527284
v 0.07393829386826373 0.48018829386826367 0.03124999999999993
v 0.09012420613173626 0.4963742061317363 0.03124999999999993
v 0.09737579386826363 0.5036257938682637 0.022876587736527277
v 0.1015624999999999 0.5078125 0.008373412263472536
v 0.10156249999999989 0.5078125 -0.008373412263472546
v 0.09737579386826363 0.5036257938682637 -0.022876587736527287
vt 0.9052721932636915 0.10624210240172438
vt 0.9032435523456648 0.10791015625
vt 0.8901194876310841 0.10624210240172438
vt 0.8901194876310841 0.10791015625
vt 0.8901194876310841 0.099853515625
vt 0.897965137037766 0.099853515625
vt 0.897965137037766 0.10791015625
vt 0.8901194876310841 0.10457377461515516
vt 0.8976952183803134 0.10502092316667311
vt 0.8901194876310841 0.10791015625
vt 0.9052734375 0.10624223935962518
vt 0.903242474775924 0.10791015625
vt 0.8901194876310841 0.10624223935962518
vt 0.8901194876310841 0.10791015625
vt 0.8901194876310841 0.099853515625
vt 0.897965137037766 0.099853515625
vt 0.897965137037766 0.10791015625
vt 0.8901194876310841 0.10457404855344876
vt 0.8976958404473878 0.10502068592265923
vt 0.8901194876310841 0.10791015625
vt 0.9047568932405653 0.10618281249999995
vt 0.9047568932405653 0.10791015625
vt 0.8901194876310841 0.10704648437499997
vt 0.8901194876310841 0.10791015625
vt 0.8901194876310841 0.099853515625
vt 0.897965137037766 0.099853515625
vt 0.897965137037766 0.10791015625
vt 0.9047568932405653 0.10618281249999995
vt 0.9047568932405653 0.10791015625
vt 0.8901194876310841 0.10704648437499997
vt 0.8901194876310841 0.10457404855344876
vt 0.8976958404473878 0.10502068592265923
vt 0.8901194876310841 0.10791015625
vt 0.8901194876310841 0.10791015625
vt 0.8901194876310841 0.099853515625
vt 0.897965137037766 0.099853515625
vt 0.897965137037766 0.10791015625
vt 0.9052734375 0.10624223935962518
vt 0.903242474775924 0.10791015625
vt 0.8901194876310841 0.10624223935962518
vt 0.8901194876310841 0.10457377461515516
vt 0.8976952183803134 0.10502092316667311
vt 0.8901194876310841 0.10791015625
vt 0.8901194876310841 0.10791015625
vt 0.8901194876310841 0.099853515625
vt 0.897965137037766 0.099853515625
vt 0.897965137037766 0.10791015625
vt 0.9052721932636915 0.10624210240172438
vt 0.9032435523456648 0.10791015625
vt 0.8901194876310841 0.10624210240172438
vt 0.8901194876310841 0.10468750000000004
vt 0.897965137037766 0.10468750000000004
vt 0.894042312334425 0.10791015625
vt 0.8901194876310841 0.10791015625
vt 0.8901194876310841 0.099853515625
vt 0.897965137037766 0.099853515625
vt 0.897965137037766 0.10791015625
vt 0.897965137037766 0.10791015625
vt 0.8901194876310841 0.10791015625
vt 0.894042312334425 0.10468750000000004
vt 0.8901194876310841 0.10791015625
vt 0.8921481285491107 0.10624210240172438
vt 0.9052721932636915 0.10791015625
vt 0.8901194876310841 0.10791015625
vt 0.8901194876310841 0.099853515625
vt 0.897965137037766 0.099853515625
vt 0.897965137037766 0.10791015625
vt 0.8976952183803134 0.10791015625
vt 0.8901194876310841 0.10746300769848205
vt 0.8976952183803134 0.10457377461515516
vt 0.8901194876310841 0.10791015625
vt 0.89215045035516 0.10624223935962518
vt 0.9052734375 0.10791015625
vt 0.8901194876310841 0.10791015625
vt 0.8901194876310841 0.099853515625
vt 0.897965137037766 0.099853515625
vt 0.897965137037766 0.10791015625
vt 0.8976958404473878 0.10791015625
vt 0.8901194876310841 0.10746351888078953
vt 0.8976958404473878 0.10457404855344876
vt 0.8901194876310841 0.10791015625
vt 0.8901194876310841 0.10618281249999995
vt 0.9047568932405653 0.10704648437499997
vt 0.8901194876310841 0.10791015625
vt 0.8901194876310841 0.099853515625
vt 0.897965137037766 0.099853515625
vt 0.897965137037766 0.10791015625
vt 0.8901194876310841 0.10791015625
vt 0.8901194876310841 0.10618281249999995
vt 0.9047568932405653 0.10704648437499997
vt 0.8976958404473878 0.10791015625
vt 0.8901194876310841 0.10746351888078953
vt 0.8976958404473878 0.10457404855344876
vt 0.8901194876310841 0.10791015625
vt 0.8901194876310841 0.099853515625
vt 0.897965137037766 0.099853515625
vt 0.897965137037766 0.10791015625
vt 0.8901194876310841 0.10791015625
vt 0.89215045035516 0.10624223935962518
vt 0.9052734375 0.10791015625
vt 0.8976952183803134 0.10791015625
vt 0.8901194876310841 0.10746300769848205
vt 0.8976952183803134 0.10457377461515516
vt 0.8901194876310841 0.10791015625
vt 0.8901194876310841 0.099853515625
vt 0.897965137037766 0.099853515625
vt 0.897965137037766 0.10791015625
vt 0.8901194876310841 0.10791015625
vt 0.8921481285491107 0.10624210240172438
vt 0.9052721932636915 0.10791015625
vt 0.897965137037766 0.10791015625
vt 0.8901194876310841 0.10791015625
vt 0.894042312334425 0.10468750000000004
vt 0.8901194876310841 0.10791015625
vt 0.8901194876310841 0.099853515625
vt 0.897965137037766 0.099853515625
vt 0.897965137037766 0.10791015625
vt 0.8901194876310841 0.10468750000000004
vt 0.897965137037766 0.10468750000000004
vt 0.894042312334425 0.10791015625
vt 0.897965137037766 0.099853515625
vt 0.897965137037766 0.10791015625
vt 0.8901194876310841 0.10791015625
vt 0.8901194876310841 0.099853515625
vt 0.897965137037766 0.099853515625
vt 0.897965137037766 0.10791015625
vt 0.8901194876310841 0.10791015625
vt 0.8901194876310841 0.099853515625
vt 0.897965137037766 0.099853515625
vt 0.897965137037766 0.10791015625
vt 0.8901194876310841 0.10791015625
vt 0.8901194876310841 0.099853515625
vt 0.897965137037766 0.099853515625
vt 0.897965137037766 0.10791015625
vt 0.8901194876310841 0.10791015625
vt 0.8901194876310841 0.099853515625
vt 0.897965137037766 0.099853515625
vt 0.897965137037766 0.10791015625
vt 0.8901194876310841 0.10791015625
vt 0.8901194876310841 0.099853515625
vt 0.897965137037766 0.099853515625
vt 0.897965137037766 0.10791015625
vt 0.8901194876310841 0.10791015625
vt 0.8901194876310841 0.099853515625
vt 0.897965137037766 0.099853515625
vt 0.897965137037766 0.10791015625
vt 0.8901194876310841 0.10791015625
vt 0.8901194876310841 0.099853515625
vt 0.897965137037766 0.099853515625
vt 0.897965137037766 0.10791015625
vt 0.8901194876310841 0.10791015625
vt 0.8901194876310841 0.099853515625
vt 0.897965137037766 0.099853515625
vt 0.897965137037766 0.10791015625
vt 0.8901194876310841 0.10791015625
vt 0.8901194876310841 0.099853515625
vt 0.897965137037766 0.099853515625
vt 0.897965137037766 0.10791015625
vt 0.8901194876310841 0.10791015625
vt 0.8901194876310841 0.099853515625
vt 0.897965137037766 0.099853515625
vt 0.897965137037766 0.10791015625
vt 0.8901194876310841 0.10791015625
vt 0.8901194876310841 0.099853515625
vt 0.897965137037766 0.099853515625
vt 0.897965137037766 0.10791015625
vt 0.8901194876310841 0.10791015625
vt 0.8901194876310841 0.099853515625
vn 8.127396617583984e-17 1 3.0331857110087278e-16
vn -0.24083586346838406 -0.6207183775407537 0.7461278594521266
vn 1 2.220446049250313e-16 0
vn -8.286817471267795e-16 1 -6.066371422017514e-16
vn -0.3930774173969649 -0.846964122889964 0.3579691585454903
vn 1 2.220446049250313e-16 0
vn -6.661338147750965e-16 1 0
vn -0.4472135954999581 -0.8944271909999159 0
vn 1 2.220446049250313e-16 0
vn -8.286817471267796e-16 1 6.066371422017517e-16
vn -0.41702882811414954 -0.8340576562282983 -0.3611575592573098
vn 1 2.220446049250313e-16 0
vn -2.220446049250313e-16 1 0
vn -0.27621742157825047 -0.5951658269843811 -0.7546400296874403
vn 1 2.220446049250313e-16 0
vn 1.922962686383581e-16 1 -1.1102230246251647e-16
vn -1.0499390384728113e-15 6.212394513901254e-16 -1
vn 1 2.220446049250313e-16 0
vn 1.1320003182276548e-15 1 1.407706387491906e-16
vn 0.31294121806387004 0.5669414720642549 -0.7620007620011396
vn 1 2.220446049250313e-16 0
vn -3.6281524367422416e-16 1 -1.3540449231526955e-15
vn 0.3724536109569154 0.8574513355822031 -0.35504297598100826
vn 1 2.220446049250313e-16 0
vn 1.1102230246251772e-16 1 4.1434087356339124e-16
vn 0.3162277660168362 0.9486832980505144 -1.3102608881641543e-16
vn 1 2.220446049250313e-16 0
vn 5.1525629889166886e-17 1 6.36385478488427e-16
vn 0.297044262893 0.8911327886790072 0.3429971702850189
vn 1 2.220446049250313e-16 0
vn 4.1434087356339435e-16 1 2.7357023481419745e-16
vn 0.2628102581213012 0.6050337550812009 0.7515749619555967
vn 1 2.220446049250313e-16 0
vn 1.922962686383585e-16 1 3.3306690738754844e-16
vn -1.2178763680429249e-15 1.217876368042922e-15 1
vn 1 2.220446049250313e-16 0
vn -1.494103617085184e-15 1.0654040300024971e-15 -1
vn -0.620718377540756 -0.24083586346838326 -0.7461278594521249
vn -0.8469641228899651 -0.3930774173969627 -0.35796915854548966
vn -0.8944271909999164 -0.4472135954999571 0
vn -0.8340576562282992 -0.4170288281141483 0.361157559257309
vn -0.5951658269843837 -0.2762174215782475 0.7546400296874393
vn -9.301018531753836e-16 9.301018531753808e-16 1
vn 0.5669414720642534 0.312941218063873 0.7620007620011393
vn 0.8574513355822005 0.3724536109569219 0.35504297598100815
vn 0.9486832980505128 0.31622776601684155 -3.930782664492472e-16
vn 0.8911327886790052 0.2970442628930061 -0.3429971702850191
vn 0.6050337550811958 0.26281025812130926 -0.7515749619555981
usemtl m_cdc7856a-81b9-2323-aa40-5a8c37e12ffa
f 661/2673/765 659/2674/765 657/2675/765
f 660/2676/766 689/2677/766 688/2678/766 662/2679/766
f 660/2680/767 662/2681/767 658/2682/767
f 663/2683/768 661/2684/768 657/2685/768
f 662/2686/769 688/2687/769 687/2688/769 664/2689/769
f 662/2690/770 664/2691/770 658/2692/770
f 665/2693/771 663/2694/771 657/2695/771
f 664/2696/772 687/2697/772 686/2698/772 666/2699/772
f 664/2700/773 666/2701/773 658/2702/773
f 667/2703/774 665/2704/774 657/2705/774
f 666/2706/775 686/2707/775 685/2708/775 668/2709/775
f 666/2710/776 668/2711/776 658/2712/776
f 669/2713/777 667/2714/777 657/2715/777
f 668/2716/778 685/2717/778 684/2718/778 670/2719/778
f 668/2720/779 670/2721/779 658/2722/779
f 671/2723/780 669/2724/780 657/2725/780
f 670/2726/781 684/2727/781 683/2728/781 672/2729/781
f 670/2730/782 672/2731/782 658/2732/782
f 673/2733/783 671/2734/783 657/2735/783
f 672/2736/784 683/2737/784 694/2738/784 674/2739/784
f 672/2740/785 674/2741/785 658/2742/785
f 675/2743/786 673/2744/786 657/2745/786
f 674/2746/787 694/2747/787 693/2748/787 676/2749/787
f 674/2750/788 676/2751/788 658/2752/788
f 677/2753/789 675/2754/789 657/2755/789
f 676/2756/790 693/2757/790 692/2758/790 678/2759/790
f 676/2760/791 678/2761/791 658/2762/791
f 679/2763/792 677/2764/792 657/2765/792
f 678/2766/793 692/2767/793 691/2768/793 680/2769/793
f 678/2770/794 680/2771/794 658/2772/794
f 681/2773/795 679/2774/795 657/2775/795
f 680/2776/796 691/2777/796 690/2778/796 682/2779/796
f 680/2780/797 682/2781/797 658/2782/797
f 659/2783/798 681/2784/798 657/2785/798
f 682/2786/799 690/2787/799 689/2788/799 660/2789/799
f 682/2790/800 660/2791/800 658/2792/800
f 671/2793/801 683/2794/801 684/2795/801 669/2796/801
f 669/2797/802 684/2798/802 685/2799/802 667/2800/802
f 667/2801/803 685/2802/803 686/2803/803 665/2804/803
f 665/2805/804 686/2806/804 687/2807/804 663/2808/804
f 663/2809/805 687/2810/805 688/2811/805 661/2812/805
f 661/2813/806 688/2814/806 689/2815/806 659/2816/806
f 659/2817/807 689/2818/807 690/2819/807 681/2820/807
f 681/2821/808 690/2822/808 691/2823/808 679/2824/808
f 679/2825/809 691/2826/809 692/2827/809 677/2828/809
f 677/2829/810 692/2830/810 693/2831/810 675/2832/810
f 675/2833/811 693/2834/811 694/2835/811 673/2836/811
f 673/2837/812 694/2838/812 683/2839/812 671/2840/812
o doorRight
v 0.06250000093132212 1.3437499983701853 -1.1941200030411096e-15
v 0.12499999999999944 1.406249999301508 -1.0622052621608208e-15
v 0.05412658866784967 1.3437499982454117 -0.03125000000000111
v 0.12499999987522596 1.4146234115649805 -0.03125000000000109
v 0.03962341319479479 1.3437499980292975 -0.022876587736528422
v 0.12499999965911175 1.4291265870380354 -0.022876587736528505
v 0.031250000931322186 1.343749997904524 -0.008373412263473804
v 0.12499999953433813 1.437499999301508 -0.008373412263473672
v 0.03125000093132213 1.343749997904524 0.008373412263471233
v 0.12499999953433807 1.437499999301508 0.008373412263471497
v 0.03962341319479462 1.3437499980292975 0.02287658773652588
v 0.12499999965911161 1.4291265870380354 0.022876587736526323
v 0.054126588667849446 1.3437499982454117 0.031249999999998637
v 0.12499999987522577 1.4146234115649807 0.031249999999998918
v 0.07087341319479454 1.343749998494959 0.031249999999998695
v 0.12500000012477291 1.3978765870380354 0.03124999999999894
v 0.0853765886678493 1.3437499987110733 0.022876587736526028
v 0.12500000034088712 1.3833734115649805 0.022876587736526375
v 0.0937500009313219 1.3437499988358468 0.008373412263471422
v 0.12500000046566073 1.374999999301508 0.008373412263471554
v 0.09375000093132198 1.3437499988358468 -0.008373412263473594
v 0.1250000004656608 1.374999999301508 -0.008373412263473594
v 0.08537658866784947 1.3437499987110733 -0.022876587736528273
v 0.12500000034088726 1.3833734115649805 -0.022876587736528453
v 0.07087341319479476 1.343749998494959 -0.031250000000001055
v 0.1250000001247731 1.3978765870380354 -0.031250000000001076
v 0.09012420654336842 1.378625792650082 0.03124999999999879
v 0.07393829403870696 1.3948117046723656 0.031249999999998713
v 0.06668670619412252 1.4020632923008358 0.02287658773652604
v 0.0624999999999995 1.4062499983701855 0.0083734122634713
v 0.062499999999999556 1.4062499983701855 -0.008373412263473802
v 0.06668670619412266 1.4020632923008358 -0.022876587736528526
v 0.07393829403870715 1.3948117046723654 -0.03125000000000116
v 0.09012420654336861 1.3786257926500818 -0.031250000000001096
v 0.09737579438795305 1.3713742050216116 -0.022876587736528394
v 0.10156250058207607 1.367187498952262 -0.008373412263473627
v 0.10156250058207598 1.367187498952262 0.008373412263471455
v 0.09737579438795291 1.3713742050216116 0.02287658773652617
vt 0.9052721932636915 0.10624210240172438
vt 0.9032435523456648 0.10791015625
vt 0.8901194876310841 0.10624210240172438
vt 0.8901194876310841 0.10791015625
vt 0.8901194876310841 0.099853515625
vt 0.897965137037766 0.099853515625
vt 0.897965137037766 0.10791015625
vt 0.8901194876310841 0.10457377461515516
vt 0.8976952183803134 0.10502092316667311
vt 0.8901194876310841 0.10791015625
vt 0.9052734375 0.10624223935962518
vt 0.903242474775924 0.10791015625
vt 0.8901194876310841 0.10624223935962518
vt 0.8901194876310841 0.10791015625
vt 0.8901194876310841 0.099853515625
vt 0.897965137037766 0.099853515625
vt 0.897965137037766 0.10791015625
vt 0.8901194876310841 0.10457404855344876
vt 0.8976958404473878 0.10502068592265923
vt 0.8901194876310841 0.10791015625
vt 0.9047568932405653 0.10618281249999995
vt 0.9047568932405653 0.10791015625
vt 0.8901194876310841 0.10704648437499997
vt 0.8901194876310841 0.10791015625
vt 0.8901194876310841 0.099853515625
vt 0.897965137037766 0.099853515625
vt 0.897965137037766 0.10791015625
vt 0.9047568932405653 0.10618281249999995
vt 0.9047568932405653 0.10791015625
vt 0.8901194876310841 0.10704648437499997
vt 0.8901194876310841 0.10457404855344876
vt 0.8976958404473878 0.10502068592265923
vt 0.8901194876310841 0.10791015625
vt 0.8901194876310841 0.10791015625
vt 0.8901194876310841 0.099853515625
vt 0.897965137037766 0.099853515625
vt 0.897965137037766 0.10791015625
vt 0.9052734375 0.10624223935962518
vt 0.903242474775924 0.10791015625
vt 0.8901194876310841 0.10624223935962518
vt 0.8901194876310841 0.10457377461515516
vt 0.8976952183803134 0.10502092316667311
vt 0.8901194876310841 0.10791015625
vt 0.8901194876310841 0.10791015625
vt 0.8901194876310841 0.099853515625
vt 0.897965137037766 0.099853515625
vt 0.897965137037766 0.10791015625
vt 0.9052721932636915 0.10624210240172438
vt 0.9032435523456648 0.10791015625
vt 0.8901194876310841 0.10624210240172438
vt 0.8901194876310841 0.10468750000000004
vt 0.897965137037766 0.10468750000000004
vt 0.894042312334425 0.10791015625
vt 0.8901194876310841 0.10791015625
vt 0.8901194876310841 0.099853515625
vt 0.897965137037766 0.099853515625
vt 0.897965137037766 0.10791015625
vt 0.897965137037766 0.10791015625
vt 0.8901194876310841 0.10791015625
vt 0.894042312334425 0.10468750000000004
vt 0.8901194876310841 0.10791015625
vt 0.8921481285491107 0.10624210240172438
vt 0.9052721932636915 0.10791015625
vt 0.8901194876310841 0.10791015625
vt 0.8901194876310841 0.099853515625
vt 0.897965137037766 0.099853515625
vt 0.897965137037766 0.10791015625
vt 0.8976952183803134 0.10791015625
vt 0.8901194876310841 0.10746300769848205
vt 0.8976952183803134 0.10457377461515516
vt 0.8901194876310841 0.10791015625
vt 0.89215045035516 0.10624223935962518
vt 0.9052734375 0.10791015625
vt 0.8901194876310841 0.10791015625
vt 0.8901194876310841 0.099853515625
vt 0.897965137037766 0.099853515625
vt 0.897965137037766 0.10791015625
vt 0.8976958404473878 0.10791015625
vt 0.8901194876310841 0.10746351888078953
vt 0.8976958404473878 0.10457404855344876
vt 0.8901194876310841 0.10791015625
vt 0.8901194876310841 0.10618281249999995
vt 0.9047568932405653 0.10704648437499997
vt 0.8901194876310841 0.10791015625
vt 0.8901194876310841 0.099853515625
vt 0.897965137037766 0.099853515625
vt 0.897965137037766 0.10791015625
vt 0.8901194876310841 0.10791015625
vt 0.8901194876310841 0.10618281249999995
vt 0.9047568932405653 0.10704648437499997
vt 0.8976958404473878 0.10791015625
vt 0.8901194876310841 0.10746351888078953
vt 0.8976958404473878 0.10457404855344876
vt 0.8901194876310841 0.10791015625
vt 0.8901194876310841 0.099853515625
vt 0.897965137037766 0.099853515625
vt 0.897965137037766 0.10791015625
vt 0.8901194876310841 0.10791015625
vt 0.89215045035516 0.10624223935962518
vt 0.9052734375 0.10791015625
vt 0.8976952183803134 0.10791015625
vt 0.8901194876310841 0.10746300769848205
vt 0.8976952183803134 0.10457377461515516
vt 0.8901194876310841 0.10791015625
vt 0.8901194876310841 0.099853515625
vt 0.897965137037766 0.099853515625
vt 0.897965137037766 0.10791015625
vt 0.8901194876310841 0.10791015625
vt 0.8921481285491107 0.10624210240172438
vt 0.9052721932636915 0.10791015625
vt 0.897965137037766 0.10791015625
vt 0.8901194876310841 0.10791015625
vt 0.894042312334425 0.10468750000000004
vt 0.8901194876310841 0.10791015625
vt 0.8901194876310841 0.099853515625
vt 0.897965137037766 0.099853515625
vt 0.897965137037766 0.10791015625
vt 0.8901194876310841 0.10468750000000004
vt 0.897965137037766 0.10468750000000004
vt 0.894042312334425 0.10791015625
vt 0.897965137037766 0.099853515625
vt 0.897965137037766 0.10791015625
vt 0.8901194876310841 0.10791015625
vt 0.8901194876310841 0.099853515625
vt 0.897965137037766 0.099853515625
vt 0.897965137037766 0.10791015625
vt 0.8901194876310841 0.10791015625
vt 0.8901194876310841 0.099853515625
vt 0.897965137037766 0.099853515625
vt 0.897965137037766 0.10791015625
vt 0.8901194876310841 0.10791015625
vt 0.8901194876310841 0.099853515625
vt 0.897965137037766 0.099853515625
vt 0.897965137037766 0.10791015625
vt 0.8901194876310841 0.10791015625
vt 0.8901194876310841 0.099853515625
vt 0.897965137037766 0.099853515625
vt 0.897965137037766 0.10791015625
vt 0.8901194876310841 0.10791015625
vt 0.8901194876310841 0.099853515625
vt 0.897965137037766 0.099853515625
vt 0.897965137037766 0.10791015625
vt 0.8901194876310841 0.10791015625
vt 0.8901194876310841 0.099853515625
vt 0.897965137037766 0.099853515625
vt 0.897965137037766 0.10791015625
vt 0.8901194876310841 0.10791015625
vt 0.8901194876310841 0.099853515625
vt 0.897965137037766 0.099853515625
vt 0.897965137037766 0.10791015625
vt 0.8901194876310841 0.10791015625
vt 0.8901194876310841 0.099853515625
vt 0.897965137037766 0.099853515625
vt 0.897965137037766 0.10791015625
vt 0.8901194876310841 0.10791015625
vt 0.8901194876310841 0.099853515625
vt 0.897965137037766 0.099853515625
vt 0.897965137037766 0.10791015625
vt 0.8901194876310841 0.10791015625
vt 0.8901194876310841 0.099853515625
vt 0.897965137037766 0.099853515625
vt 0.897965137037766 0.10791015625
vt 0.8901194876310841 0.10791015625
vt 0.8901194876310841 0.099853515625
vt 0.897965137037766 0.099853515625
vt 0.897965137037766 0.10791015625
vt 0.8901194876310841 0.10791015625
vt 0.8901194876310841 0.099853515625
vn 1.4901165063686156e-8 -0.9999999999999999 -1.4159054226814195e-15
vn -0.2408358727178075 0.620718373952017 -0.7461278594521291
vn 0.9999999999999999 1.490116274815989e-8 3.121279000210169e-15
vn 1.4901160210589019e-8 -0.9999999999999999 3.43719171493255e-15
vn -0.3930774300177134 0.8469641170326525 -0.35796915854549394
vn 0.9999999999999999 1.490116274815989e-8 3.121279000210169e-15
vn 1.4901160860780749e-8 -0.9999999999999999 1.010643146125541e-15
vn -0.4472136088279634 0.8944271843359133 -2.2998251145348953e-15
vn 0.9999999999999999 1.490116274815989e-8 3.121279000210169e-15
vn 1.4901160210589019e-8 -0.9999999999999999 -1.4159054226814747e-15
vn -0.4170288405425794 0.8340576500140834 0.36115755925730925
vn 0.9999999999999999 1.490116274815989e-8 3.121279000210169e-15
vn 1.4901162637137588e-8 -0.9999999999999999 1.0106431461255466e-15
vn -0.27621743044691627 0.5951658228684229 0.7546400296874374
vn 0.9999999999999999 1.490116274815989e-8 3.121279000210169e-15
vn 1.4901165951864576e-8 -0.9999999999999999 1.898821565825689e-15
vn -4.1712180444855494e-15 3.894036325794232e-16 1
vn 0.9999999999999999 1.490116274815989e-8 3.121279000210169e-15
vn 1.4901163525316008e-8 -0.9999999999999999 2.5490132952324033e-15
vn 0.3129412265119555 -0.5669414674010679 0.7620007620011393
vn 0.9999999999999999 1.490116274815989e-8 3.121279000210169e-15
vn 1.4901164175507736e-8 -0.9999999999999999 1.898821565825689e-15
vn 0.37245362373393487 -0.8574513300322111 0.35504297598101126
vn 0.9999999999999999 1.490116274815989e-8 3.121279000210169e-15
vn 1.4901164413494428e-8 -0.9999999999999999 1.010643146125555e-15
vn 0.31622778015332065 -0.9486832933383529 2.46991971363592e-15
vn 0.9999999999999999 1.490116274815989e-8 3.121279000210169e-15
vn 1.4901164175507736e-8 -0.9999999999999999 1.2246472642541462e-16
vn 0.2970442761719169 -0.8911327842527038 -0.3429971702850129
vn 0.9999999999999999 1.490116274815989e-8 3.121279000210169e-15
vn 1.4901163525316008e-8 -0.9999999999999999 -5.277270029813025e-16
vn 0.26281026713701067 -0.6050337511650218 -0.7515749619555963
vn 0.9999999999999999 1.490116274815989e-8 3.121279000210169e-15
vn 1.4901162637137588e-8 -0.9999999999999999 -7.657136932747102e-16
vn 1.839303910117137e-15 -2.2926182429734898e-15 -1
vn 0.9999999999999999 1.490116274815989e-8 3.121279000210169e-15
vn -4.615382616479355e-15 -5.476095265151686e-17 1
vn -0.620718381129493 0.24083585421895823 0.7461278594521225
vn -0.8469641287472758 0.39307740477621433 0.3579691585454876
vn -0.8944271976639182 0.4472135821719535 -3.2437301636312028e-15
vn -0.8340576624425114 0.41702881568572037 -0.3611575592573125
vn -0.5951658311003413 0.27621741270958483 -0.7546400296874417
vn 2.2401299043391842e-15 -1.8917922368058958e-15 -1
vn 0.5669414767274437 -0.3129412096157867 -0.7620007620011373
vn 0.8574513411321938 -0.3724535981799011 -0.35504297598100343
vn 0.9486833027626742 -0.3162277518803568 4.8530117461916935e-15
vn 0.8911327931053094 -0.2970442496140905 0.3429971702850216
vn 0.6050337589973728 -0.26281024910560224 0.7515749619555994
usemtl m_cdc7856a-81b9-2323-aa40-5a8c37e12ffa
f 699/2841/813 697/2842/813 695/2843/813
f 698/2844/814 727/2845/814 726/2846/814 700/2847/814
f 698/2848/815 700/2849/815 696/2850/815
f 701/2851/816 699/2852/816 695/2853/816
f 700/2854/817 726/2855/817 725/2856/817 702/2857/817
f 700/2858/818 702/2859/818 696/2860/818
f 703/2861/819 701/2862/819 695/2863/819
f 702/2864/820 725/2865/820 724/2866/820 704/2867/820
f 702/2868/821 704/2869/821 696/2870/821
f 705/2871/822 703/2872/822 695/2873/822
f 704/2874/823 724/2875/823 723/2876/823 706/2877/823
f 704/2878/824 706/2879/824 696/2880/824
f 707/2881/825 705/2882/825 695/2883/825
f 706/2884/826 723/2885/826 722/2886/826 708/2887/826
f 706/2888/827 708/2889/827 696/2890/827
f 709/2891/828 707/2892/828 695/2893/828
f 708/2894/829 722/2895/829 721/2896/829 710/2897/829
f 708/2898/830 710/2899/830 696/2900/830
f 711/2901/831 709/2902/831 695/2903/831
f 710/2904/832 721/2905/832 732/2906/832 712/2907/832
f 710/2908/833 712/2909/833 696/2910/833
f 713/2911/834 711/2912/834 695/2913/834
f 712/2914/835 732/2915/835 731/2916/835 714/2917/835
f 712/2918/836 714/2919/836 696/2920/836
f 715/2921/837 713/2922/837 695/2923/837
f 714/2924/838 731/2925/838 730/2926/838 716/2927/838
f 714/2928/839 716/2929/839 696/2930/839
f 717/2931/840 715/2932/840 695/2933/840
f 716/2934/841 730/2935/841 729/2936/841 718/2937/841
f 716/2938/842 718/2939/842 696/2940/842
f 719/2941/843 717/2942/843 695/2943/843
f 718/2944/844 729/2945/844 728/2946/844 720/2947/844
f 718/2948/845 720/2949/845 696/2950/845
f 697/2951/846 719/2952/846 695/2953/846
f 720/2954/847 728/2955/847 727/2956/847 698/2957/847
f 720/2958/848 698/2959/848 696/2960/848
f 709/2961/849 721/2962/849 722/2963/849 707/2964/849
f 707/2965/850 722/2966/850 723/2967/850 705/2968/850
f 705/2969/851 723/2970/851 724/2971/851 703/2972/851
f 703/2973/852 724/2974/852 725/2975/852 701/2976/852
f 701/2977/853 725/2978/853 726/2979/853 699/2980/853
f 699/2981/854 726/2982/854 727/2983/854 697/2984/854
f 697/2985/855 727/2986/855 728/2987/855 719/2988/855
f 719/2989/856 728/2990/856 729/2991/856 717/2992/856
f 717/2993/857 729/2994/857 730/2995/857 715/2996/857
f 715/2997/858 730/2998/858 731/2999/858 713/3000/858
f 713/3001/859 731/3002/859 732/3003/859 711/3004/859
f 711/3005/860 732/3006/860 721/3007/860 709/3008/860
o doorRight
v 0.2812500000000002 1.34375 -7.51112678311022e-33
v 0.2187500000000003 1.40625 0
v 0.28962341226347277 1.34375 0.031249999999999865
v 0.2187500000000003 1.4146234122634724 0.031249999999999997
v 0.30412658773652745 1.34375 0.022876587736527152
v 0.2187500000000003 1.4291265877365273 0.022876587736527416
v 0.3125 1.34375 0.008373412263472517
v 0.2187500000000003 1.4375 0.008373412263472583
v 0.3125 1.34375 -0.00837341226347252
v 0.2187500000000003 1.4375 -0.008373412263472586
v 0.30412658773652745 1.34375 -0.02287658773652715
v 0.2187500000000003 1.4291265877365273 -0.022876587736527412
v 0.28962341226347277 1.34375 -0.03124999999999986
v 0.2187500000000003 1.4146234122634724 -0.031249999999999993
v 0.2728765877365277 1.34375 -0.031249999999999868
v 0.21875000000000028 1.3978765877365273 -0.03125
v 0.25837341226347293 1.34375 -0.022876587736527156
v 0.21875000000000028 1.3833734122634724 -0.02287658773652742
v 0.2500000000000004 1.34375 -0.008373412263472513
v 0.21875000000000028 1.375 -0.008373412263472579
v 0.25000000000000033 1.34375 0.008373412263472503
v 0.21875000000000028 1.375 0.008373412263472569
v 0.2583734122634729 1.34375 0.022876587736527145
v 0.21875000000000028 1.3833734122634724 0.02287658773652741
v 0.2728765877365277 1.34375 0.031249999999999865
v 0.21875000000000028 1.3978765877365273 0.031249999999999997
v 0.25362579386826395 1.3786257938682636 -0.031249999999999934
v 0.2698117061317365 1.3948117061317362 -0.031249999999999927
v 0.2770632938682639 1.4020632938682636 -0.02287658773652728
v 0.2812500000000001 1.40625 -0.008373412263472553
v 0.2812500000000001 1.40625 0.00837341226347255
v 0.2770632938682639 1.4020632938682636 0.022876587736527284
v 0.2698117061317365 1.3948117061317362 0.03124999999999993
v 0.25362579386826395 1.3786257938682636 0.03124999999999993
v 0.24637420613173655 1.3713742061317362 0.022876587736527277
v 0.24218750000000028 1.3671875 0.008373412263472536
v 0.24218750000000033 1.3671875 -0.008373412263472546
v 0.24637420613173655 1.3713742061317362 -0.022876587736527287
vt 0.9052721932636915 0.10624210240172438
vt 0.9032435523456648 0.10791015625
vt 0.8901194876310841 0.10624210240172438
vt 0.8901194876310841 0.10791015625
vt 0.8901194876310841 0.099853515625
vt 0.897965137037766 0.099853515625
vt 0.897965137037766 0.10791015625
vt 0.8901194876310841 0.10457377461515516
vt 0.8976952183803134 0.10502092316667311
vt 0.8901194876310841 0.10791015625
vt 0.9052734375 0.10624223935962518
vt 0.903242474775924 0.10791015625
vt 0.8901194876310841 0.10624223935962518
vt 0.8901194876310841 0.10791015625
vt 0.8901194876310841 0.099853515625
vt 0.897965137037766 0.099853515625
vt 0.897965137037766 0.10791015625
vt 0.8901194876310841 0.10457404855344876
vt 0.8976958404473878 0.10502068592265923
vt 0.8901194876310841 0.10791015625
vt 0.9047568932405653 0.10618281249999995
vt 0.9047568932405653 0.10791015625
vt 0.8901194876310841 0.10704648437499997
vt 0.8901194876310841 0.10791015625
vt 0.8901194876310841 0.099853515625
vt 0.897965137037766 0.099853515625
vt 0.897965137037766 0.10791015625
vt 0.9047568932405653 0.10618281249999995
vt 0.9047568932405653 0.10791015625
vt 0.8901194876310841 0.10704648437499997
vt 0.8901194876310841 0.10457404855344876
vt 0.8976958404473878 0.10502068592265923
vt 0.8901194876310841 0.10791015625
vt 0.8901194876310841 0.10791015625
vt 0.8901194876310841 0.099853515625
vt 0.897965137037766 0.099853515625
vt 0.897965137037766 0.10791015625
vt 0.9052734375 0.10624223935962518
vt 0.903242474775924 0.10791015625
vt 0.8901194876310841 0.10624223935962518
vt 0.8901194876310841 0.10457377461515516
vt 0.8976952183803134 0.10502092316667311
vt 0.8901194876310841 0.10791015625
vt 0.8901194876310841 0.10791015625
vt 0.8901194876310841 0.099853515625
vt 0.897965137037766 0.099853515625
vt 0.897965137037766 0.10791015625
vt 0.9052721932636915 0.10624210240172438
vt 0.9032435523456648 0.10791015625
vt 0.8901194876310841 0.10624210240172438
vt 0.8901194876310841 0.10468750000000004
vt 0.897965137037766 0.10468750000000004
vt 0.894042312334425 0.10791015625
vt 0.8901194876310841 0.10791015625
vt 0.8901194876310841 0.099853515625
vt 0.897965137037766 0.099853515625
vt 0.897965137037766 0.10791015625
vt 0.897965137037766 0.10791015625
vt 0.8901194876310841 0.10791015625
vt 0.894042312334425 0.10468750000000004
vt 0.8901194876310841 0.10791015625
vt 0.8921481285491107 0.10624210240172438
vt 0.9052721932636915 0.10791015625
vt 0.8901194876310841 0.10791015625
vt 0.8901194876310841 0.099853515625
vt 0.897965137037766 0.099853515625
vt 0.897965137037766 0.10791015625
vt 0.8976952183803134 0.10791015625
vt 0.8901194876310841 0.10746300769848205
vt 0.8976952183803134 0.10457377461515516
vt 0.8901194876310841 0.10791015625
vt 0.89215045035516 0.10624223935962518
vt 0.9052734375 0.10791015625
vt 0.8901194876310841 0.10791015625
vt 0.8901194876310841 0.099853515625
vt 0.897965137037766 0.099853515625
vt 0.897965137037766 0.10791015625
vt 0.8976958404473878 0.10791015625
vt 0.8901194876310841 0.10746351888078953
vt 0.8976958404473878 0.10457404855344876
vt 0.8901194876310841 0.10791015625
vt 0.8901194876310841 0.10618281249999995
vt 0.9047568932405653 0.10704648437499997
vt 0.8901194876310841 0.10791015625
vt 0.8901194876310841 0.099853515625
vt 0.897965137037766 0.099853515625
vt 0.897965137037766 0.10791015625
vt 0.8901194876310841 0.10791015625
vt 0.8901194876310841 0.10618281249999995
vt 0.9047568932405653 0.10704648437499997
vt 0.8976958404473878 0.10791015625
vt 0.8901194876310841 0.10746351888078953
vt 0.8976958404473878 0.10457404855344876
vt 0.8901194876310841 0.10791015625
vt 0.8901194876310841 0.099853515625
vt 0.897965137037766 0.099853515625
vt 0.897965137037766 0.10791015625
vt 0.8901194876310841 0.10791015625
vt 0.89215045035516 0.10624223935962518
vt 0.9052734375 0.10791015625
vt 0.8976952183803134 0.10791015625
vt 0.8901194876310841 0.10746300769848205
vt 0.8976952183803134 0.10457377461515516
vt 0.8901194876310841 0.10791015625
vt 0.8901194876310841 0.099853515625
vt 0.897965137037766 0.099853515625
vt 0.897965137037766 0.10791015625
vt 0.8901194876310841 0.10791015625
vt 0.8921481285491107 0.10624210240172438
vt 0.9052721932636915 0.10791015625
vt 0.897965137037766 0.10791015625
vt 0.8901194876310841 0.10791015625
vt 0.894042312334425 0.10468750000000004
vt 0.8901194876310841 0.10791015625
vt 0.8901194876310841 0.099853515625
vt 0.897965137037766 0.099853515625
vt 0.897965137037766 0.10791015625
vt 0.8901194876310841 0.10468750000000004
vt 0.897965137037766 0.10468750000000004
vt 0.894042312334425 0.10791015625
vt 0.897965137037766 0.099853515625
vt 0.897965137037766 0.10791015625
vt 0.8901194876310841 0.10791015625
vt 0.8901194876310841 0.099853515625
vt 0.897965137037766 0.099853515625
vt 0.897965137037766 0.10791015625
vt 0.8901194876310841 0.10791015625
vt 0.8901194876310841 0.099853515625
vt 0.897965137037766 0.099853515625
vt 0.897965137037766 0.10791015625
vt 0.8901194876310841 0.10791015625
vt 0.8901194876310841 0.099853515625
vt 0.897965137037766 0.099853515625
vt 0.897965137037766 0.10791015625
vt 0.8901194876310841 0.10791015625
vt 0.8901194876310841 0.099853515625
vt 0.897965137037766 0.099853515625
vt 0.897965137037766 0.10791015625
vt 0.8901194876310841 0.10791015625
vt 0.8901194876310841 0.099853515625
vt 0.897965137037766 0.099853515625
vt 0.897965137037766 0.10791015625
vt 0.8901194876310841 0.10791015625
vt 0.8901194876310841 0.099853515625
vt 0.897965137037766 0.099853515625
vt 0.897965137037766 0.10791015625
vt 0.8901194876310841 0.10791015625
vt 0.8901194876310841 0.099853515625
vt 0.897965137037766 0.099853515625
vt 0.897965137037766 0.10791015625
vt 0.8901194876310841 0.10791015625
vt 0.8901194876310841 0.099853515625
vt 0.897965137037766 0.099853515625
vt 0.897965137037766 0.10791015625
vt 0.8901194876310841 0.10791015625
vt 0.8901194876310841 0.099853515625
vt 0.897965137037766 0.099853515625
vt 0.897965137037766 0.10791015625
vt 0.8901194876310841 0.10791015625
vt 0.8901194876310841 0.099853515625
vt 0.897965137037766 0.099853515625
vt 0.897965137037766 0.10791015625
vt 0.8901194876310841 0.10791015625
vt 0.8901194876310841 0.099853515625
vt 0.897965137037766 0.099853515625
vt 0.897965137037766 0.10791015625
vt 0.8901194876310841 0.10791015625
vt 0.8901194876310841 0.099853515625
vn -4.440892098500626e-16 -1 0
vn 0.24083586346838456 0.6207183775407514 0.7461278594521283
vn -1 4.440892098500626e-16 0
vn -4.440892098500626e-16 -1 0
vn 0.3930774173969652 0.8469641228899633 0.357969158545492
vn -1 4.440892098500626e-16 0
vn -4.440892098500626e-16 -1 0
vn 0.44721359549995926 0.8944271909999154 0
vn -1 4.440892098500626e-16 0
vn -4.440892098500626e-16 -1 0
vn 0.41702882811415026 0.8340576562282972 -0.36115755925731147
vn -1 4.440892098500626e-16 0
vn -4.440892098500626e-16 -1 0
vn 0.27621742157825163 0.5951658269843825 -0.7546400296874389
vn -1 4.440892098500626e-16 0
vn -4.440892098500626e-16 -1 0
vn 1.0499390384728134e-15 -6.212394513901259e-16 -1
vn -1 4.440892098500626e-16 0
vn -4.440892098500626e-16 -1 0
vn -0.3129412180638715 -0.5669414720642564 -0.7620007620011376
vn -1 4.440892098500626e-16 0
vn -4.440892098500626e-16 -1 0
vn -0.37245361095691537 -0.8574513355822029 -0.35504297598100926
vn -1 4.440892098500626e-16 0
vn -4.440892098500626e-16 -1 0
vn -0.31622776601683783 -0.9486832980505139 -5.241043552656627e-16
vn -1 4.440892098500626e-16 0
vn -4.440892098500626e-16 -1 0
vn -0.29704426289300245 -0.8911327886790079 0.3429971702850151
vn -1 4.440892098500626e-16 0
vn -4.440892098500626e-16 -1 0
vn -0.26281025812130243 -0.6050337550811982 0.7515749619555984
vn -1 4.440892098500626e-16 0
vn -4.440892098500626e-16 -1 0
vn 1.217876368042925e-15 -1.2178763680429263e-15 1
vn -1 4.440892098500626e-16 0
vn 1.4941036170851865e-15 -1.0654040300024967e-15 -1
vn 0.6207183775407563 0.24083586346838298 -0.7461278594521247
vn 0.8469641228899651 0.3930774173969621 -0.3579691585454903
vn 0.8944271909999167 0.4472135954999562 0
vn 0.8340576562282993 0.4170288281141475 0.3611575592573095
vn 0.5951658269843831 0.27621742157824675 0.7546400296874402
vn 9.301018531753824e-16 -9.301018531753832e-16 1
vn -0.5669414720642529 -0.3129412180638725 0.76200076200114
vn -0.8574513355822008 -0.37245361095692225 0.35504297598100665
vn -0.9486832980505131 -0.3162277660168406 -1.572313065796989e-15
vn -0.8911327886790058 -0.2970442628930052 -0.34299717028501825
vn -0.6050337550811968 -0.2628102581213092 -0.751574961955597
usemtl m_cdc7856a-81b9-2323-aa40-5a8c37e12ffa
f 737/3009/861 735/3010/861 733/3011/861
f 736/3012/862 765/3013/862 764/3014/862 738/3015/862
f 736/3016/863 738/3017/863 734/3018/863
f 739/3019/864 737/3020/864 733/3021/864
f 738/3022/865 764/3023/865 763/3024/865 740/3025/865
f 738/3026/866 740/3027/866 734/3028/866
f 741/3029/867 739/3030/867 733/3031/867
f 740/3032/868 763/3033/868 762/3034/868 742/3035/868
f 740/3036/869 742/3037/869 734/3038/869
f 743/3039/870 741/3040/870 733/3041/870
f 742/3042/871 762/3043/871 761/3044/871 744/3045/871
f 742/3046/872 744/3047/872 734/3048/872
f 745/3049/873 743/3050/873 733/3051/873
f 744/3052/874 761/3053/874 760/3054/874 746/3055/874
f 744/3056/875 746/3057/875 734/3058/875
f 747/3059/876 745/3060/876 733/3061/876
f 746/3062/877 760/3063/877 759/3064/877 748/3065/877
f 746/3066/878 748/3067/878 734/3068/878
f 749/3069/879 747/3070/879 733/3071/879
f 748/3072/880 759/3073/880 770/3074/880 750/3075/880
f 748/3076/881 750/3077/881 734/3078/881
f 751/3079/882 749/3080/882 733/3081/882
f 750/3082/883 770/3083/883 769/3084/883 752/3085/883
f 750/3086/884 752/3087/884 734/3088/884
f 753/3089/885 751/3090/885 733/3091/885
f 752/3092/886 769/3093/886 768/3094/886 754/3095/886
f 752/3096/887 754/3097/887 734/3098/887
f 755/3099/888 753/3100/888 733/3101/888
f 754/3102/889 768/3103/889 767/3104/889 756/3105/889
f 754/3106/890 756/3107/890 734/3108/890
f 757/3109/891 755/3110/891 733/3111/891
f 756/3112/892 767/3113/892 766/3114/892 758/3115/892
f 756/3116/893 758/3117/893 734/3118/893
f 735/3119/894 757/3120/894 733/3121/894
f 758/3122/895 766/3123/895 765/3124/895 736/3125/895
f 758/3126/896 736/3127/896 734/3128/896
f 747/3129/897 759/3130/897 760/3131/897 745/3132/897
f 745/3133/898 760/3134/898 761/3135/898 743/3136/898
f 743/3137/899 761/3138/899 762/3139/899 741/3140/899
f 741/3141/900 762/3142/900 763/3143/900 739/3144/900
f 739/3145/901 763/3146/901 764/3147/901 737/3148/901
f 737/3149/902 764/3150/902 765/3151/902 735/3152/902
f 735/3153/903 765/3154/903 766/3155/903 757/3156/903
f 757/3157/904 766/3158/904 767/3159/904 755/3160/904
f 755/3161/905 767/3162/905 768/3163/905 753/3164/905
f 753/3165/906 768/3166/906 769/3167/906 751/3168/906
f 751/3169/907 769/3170/907 770/3171/907 749/3172/907
f 749/3173/908 770/3174/908 759/3175/908 747/3176/908
o doorRight
v 0.2812499990686774 0.5312500016298145 -4.977062031852275e-17
v 0.21875 0.46875000069849193 5.7405315091972026e-18
v 0.28962341133214997 0.531250001754588 -0.031249999999999913
v 0.21875000012477358 0.46037658843501933 -0.031249999999999983
v 0.30412658680520466 0.5312500019707023 -0.0228765877365272
v 0.2187500003408877 0.44587341296196453 -0.022876587736527388
v 0.3124999990686772 0.5312500020954758 -0.008373412263472562
v 0.2187500004656613 0.43750000069849193 -0.008373412263472544
v 0.3124999990686772 0.5312500020954758 0.008373412263472475
v 0.2187500004656613 0.437500000698492 0.008373412263472624
v 0.30412658680520466 0.5312500019707023 0.0228765877365271
v 0.2187500003408877 0.4458734129619646 0.02287658773652744
v 0.28962341133214997 0.5312500017545881 0.031249999999999813
v 0.21875000012477355 0.4603765884350194 0.03125000000000001
v 0.2728765868052049 0.531250001505041 0.031249999999999816
v 0.21874999987522642 0.47712341296196453 0.031249999999999997
v 0.25837341133215014 0.5312500012889269 0.022876587736527104
v 0.21874999965911227 0.4916265884350194 0.022876587736527402
v 0.2499999990686776 0.5312500011641532 0.00837341226347246
v 0.2187499995343387 0.5000000006984919 0.008373412263472553
v 0.24999999906867756 0.5312500011641532 -0.008373412263472556
v 0.2187499995343387 0.5000000006984919 -0.008373412263472595
v 0.2583734113321501 0.5312500012889267 -0.022876587736527197
v 0.21874999965911227 0.49162658843501933 -0.022876587736527426
v 0.2728765868052049 0.531250001505041 -0.031249999999999917
v 0.21874999987522642 0.47712341296196453 -0.03125
v 0.25362579345663094 0.4963742073499181 0.031249999999999917
v 0.2698117059612924 0.4801882953276344 0.031249999999999927
v 0.27706329380587685 0.47293670769916407 0.022876587736527287
v 0.2812499999999999 0.46875000162981456 0.008373412263472567
v 0.2812499999999999 0.46875000162981456 -0.008373412263472536
v 0.27706329380587685 0.472936707699164 -0.022876587736527277
v 0.2698117059612924 0.48018829532763435 -0.03124999999999993
v 0.25362579345663094 0.49637420734991805 -0.031249999999999948
v 0.2463742056120465 0.5036257949783883 -0.022876587736527305
v 0.24218749941792345 0.5078125010477379 -0.008373412263472567
v 0.24218749941792345 0.5078125010477379 0.008373412263472515
v 0.2463742056120465 0.5036257949783884 0.02287658773652726
vt 0.9052721932636915 0.10624210240172438
vt 0.9032435523456648 0.10791015625
vt 0.8901194876310841 0.10624210240172438
vt 0.8901194876310841 0.10791015625
vt 0.8901194876310841 0.099853515625
vt 0.897965137037766 0.099853515625
vt 0.897965137037766 0.10791015625
vt 0.8901194876310841 0.10457377461515516
vt 0.8976952183803134 0.10502092316667311
vt 0.8901194876310841 0.10791015625
vt 0.9052734375 0.10624223935962518
vt 0.903242474775924 0.10791015625
vt 0.8901194876310841 0.10624223935962518
vt 0.8901194876310841 0.10791015625
vt 0.8901194876310841 0.099853515625
vt 0.897965137037766 0.099853515625
vt 0.897965137037766 0.10791015625
vt 0.8901194876310841 0.10457404855344876
vt 0.8976958404473878 0.10502068592265923
vt 0.8901194876310841 0.10791015625
vt 0.9047568932405653 0.10618281249999995
vt 0.9047568932405653 0.10791015625
vt 0.8901194876310841 0.10704648437499997
vt 0.8901194876310841 0.10791015625
vt 0.8901194876310841 0.099853515625
vt 0.897965137037766 0.099853515625
vt 0.897965137037766 0.10791015625
vt 0.9047568932405653 0.10618281249999995
vt 0.9047568932405653 0.10791015625
vt 0.8901194876310841 0.10704648437499997
vt 0.8901194876310841 0.10457404855344876
vt 0.8976958404473878 0.10502068592265923
vt 0.8901194876310841 0.10791015625
vt 0.8901194876310841 0.10791015625
vt 0.8901194876310841 0.099853515625
vt 0.897965137037766 0.099853515625
vt 0.897965137037766 0.10791015625
vt 0.9052734375 0.10624223935962518
vt 0.903242474775924 0.10791015625
vt 0.8901194876310841 0.10624223935962518
vt 0.8901194876310841 0.10457377461515516
vt 0.8976952183803134 0.10502092316667311
vt 0.8901194876310841 0.10791015625
vt 0.8901194876310841 0.10791015625
vt 0.8901194876310841 0.099853515625
vt 0.897965137037766 0.099853515625
vt 0.897965137037766 0.10791015625
vt 0.9052721932636915 0.10624210240172438
vt 0.9032435523456648 0.10791015625
vt 0.8901194876310841 0.10624210240172438
vt 0.8901194876310841 0.10468750000000004
vt 0.897965137037766 0.10468750000000004
vt 0.894042312334425 0.10791015625
vt 0.8901194876310841 0.10791015625
vt 0.8901194876310841 0.099853515625
vt 0.897965137037766 0.099853515625
vt 0.897965137037766 0.10791015625
vt 0.897965137037766 0.10791015625
vt 0.8901194876310841 0.10791015625
vt 0.894042312334425 0.10468750000000004
vt 0.8901194876310841 0.10791015625
vt 0.8921481285491107 0.10624210240172438
vt 0.9052721932636915 0.10791015625
vt 0.8901194876310841 0.10791015625
vt 0.8901194876310841 0.099853515625
vt 0.897965137037766 0.099853515625
vt 0.897965137037766 0.10791015625
vt 0.8976952183803134 0.10791015625
vt 0.8901194876310841 0.10746300769848205
vt 0.8976952183803134 0.10457377461515516
vt 0.8901194876310841 0.10791015625
vt 0.89215045035516 0.10624223935962518
vt 0.9052734375 0.10791015625
vt 0.8901194876310841 0.10791015625
vt 0.8901194876310841 0.099853515625
vt 0.897965137037766 0.099853515625
vt 0.897965137037766 0.10791015625
vt 0.8976958404473878 0.10791015625
vt 0.8901194876310841 0.10746351888078953
vt 0.8976958404473878 0.10457404855344876
vt 0.8901194876310841 0.10791015625
vt 0.8901194876310841 0.10618281249999995
vt 0.9047568932405653 0.10704648437499997
vt 0.8901194876310841 0.10791015625
vt 0.8901194876310841 0.099853515625
vt 0.897965137037766 0.099853515625
vt 0.897965137037766 0.10791015625
vt 0.8901194876310841 0.10791015625
vt 0.8901194876310841 0.10618281249999995
vt 0.9047568932405653 0.10704648437499997
vt 0.8976958404473878 0.10791015625
vt 0.8901194876310841 0.10746351888078953
vt 0.8976958404473878 0.10457404855344876
vt 0.8901194876310841 0.10791015625
vt 0.8901194876310841 0.099853515625
vt 0.897965137037766 0.099853515625
vt 0.897965137037766 0.10791015625
vt 0.8901194876310841 0.10791015625
vt 0.89215045035516 0.10624223935962518
vt 0.9052734375 0.10791015625
vt 0.8976952183803134 0.10791015625
vt 0.8901194876310841 0.10746300769848205
vt 0.8976952183803134 0.10457377461515516
vt 0.8901194876310841 0.10791015625
vt 0.8901194876310841 0.099853515625
vt 0.897965137037766 0.099853515625
vt 0.897965137037766 0.10791015625
vt 0.8901194876310841 0.10791015625
vt 0.8921481285491107 0.10624210240172438
vt 0.9052721932636915 0.10791015625
vt 0.897965137037766 0.10791015625
vt 0.8901194876310841 0.10791015625
vt 0.894042312334425 0.10468750000000004
vt 0.8901194876310841 0.10791015625
vt 0.8901194876310841 0.099853515625
vt 0.897965137037766 0.099853515625
vt 0.897965137037766 0.10791015625
vt 0.8901194876310841 0.10468750000000004
vt 0.897965137037766 0.10468750000000004
vt 0.894042312334425 0.10791015625
vt 0.897965137037766 0.099853515625
vt 0.897965137037766 0.10791015625
vt 0.8901194876310841 0.10791015625
vt 0.8901194876310841 0.099853515625
vt 0.897965137037766 0.099853515625
vt 0.897965137037766 0.10791015625
vt 0.8901194876310841 0.10791015625
vt 0.8901194876310841 0.099853515625
vt 0.897965137037766 0.099853515625
vt 0.897965137037766 0.10791015625
vt 0.8901194876310841 0.10791015625
vt 0.8901194876310841 0.099853515625
vt 0.897965137037766 0.099853515625
vt 0.897965137037766 0.10791015625
vt 0.8901194876310841 0.10791015625
vt 0.8901194876310841 0.099853515625
vt 0.897965137037766 0.099853515625
vt 0.897965137037766 0.10791015625
vt 0.8901194876310841 0.10791015625
vt 0.8901194876310841 0.099853515625
vt 0.897965137037766 0.099853515625
vt 0.897965137037766 0.10791015625
vt 0.8901194876310841 0.10791015625
vt 0.8901194876310841 0.099853515625
vt 0.897965137037766 0.099853515625
vt 0.897965137037766 0.10791015625
vt 0.8901194876310841 0.10791015625
vt 0.8901194876310841 0.099853515625
vt 0.897965137037766 0.099853515625
vt 0.897965137037766 0.10791015625
vt 0.8901194876310841 0.10791015625
vt 0.8901194876310841 0.099853515625
vt 0.897965137037766 0.099853515625
vt 0.897965137037766 0.10791015625
vt 0.8901194876310841 0.10791015625
vt 0.8901194876310841 0.099853515625
vt 0.897965137037766 0.099853515625
vt 0.897965137037766 0.10791015625
vt 0.8901194876310841 0.10791015625
vt 0.8901194876310841 0.099853515625
vt 0.897965137037766 0.099853515625
vt 0.897965137037766 0.10791015625
vt 0.8901194876310841 0.10791015625
vt 0.8901194876310841 0.099853515625
vt 0.897965137037766 0.099853515625
vt 0.897965137037766 0.10791015625
vt 0.8901194876310841 0.10791015625
vt 0.8901194876310841 0.099853515625
vn -1.4901162629166545e-8 0.9999999999999999 -2.2239173858432175e-15
vn 0.24083587271780899 -0.6207183739520202 -0.7461278594521259
vn -0.9999999999999999 -1.490116141589226e-8 -1.2246467219620734e-16
vn -1.4901160202617977e-8 0.9999999999999999 2.0263118296377693e-16
vn 0.39307743001771417 -0.8469641170326541 -0.3579691585454894
vn -0.9999999999999999 -1.490116141589226e-8 -1.2246467219620734e-16
vn -1.4901160527713841e-8 0.9999999999999999 -1.0106431014397264e-15
vn 0.4472136088279622 -0.8944271843359136 9.587145366987671e-16
vn -0.9999999999999999 -1.490116141589226e-8 -1.2246467219620734e-16
vn -1.4901160202617977e-8 0.9999999999999999 -2.2239173858432297e-15
vn 0.4170288405425775 -0.8340576500140839 0.36115755925731036
vn -0.9999999999999999 -1.490116141589226e-8 -1.2246467219620734e-16
vn -1.490116141589226e-8 0.9999999999999999 -1.0106431014397266e-15
vn 0.27621743044691244 -0.5951658228684197 0.7546400296874414
vn -0.9999999999999999 -1.490116141589226e-8 -1.2246467219620734e-16
vn -1.4901163073255755e-8 0.9999999999999999 -5.665538915896607e-16
vn 9.274743419596585e-16 1.6318825666502973e-15 1
vn -0.9999999999999999 -1.490116141589226e-8 -1.2246467219620734e-16
vn -1.4901162688663218e-8 0.9999999999999999 -4.635026318113312e-16
vn -0.3129412265119567 0.5669414674010679 0.7620007620011388
vn -0.9999999999999999 -1.490116141589226e-8 -1.2246467219620734e-16
vn -1.490116196303273e-8 0.9999999999999999 2.6212785553712767e-16
vn -0.3724536237339365 0.857451330032212 0.35504297598100726
vn -0.9999999999999999 -1.490116141589226e-8 -1.2246467219620734e-16
vn -1.490116230407068e-8 0.9999999999999999 -1.0106431014397254e-15
vn -0.3162277801533192 0.9486832933383534 -7.354547826976006e-16
vn -0.9999999999999999 -1.490116141589226e-8 -1.2246467219620734e-16
vn -1.490116196303273e-8 0.9999999999999999 -2.283414058416581e-15
vn -0.29704427617191376 0.8911327842527024 -0.3429971702850196
vn -0.9999999999999999 -1.490116141589226e-8 -1.2246467219620734e-16
vn -1.4901162688663218e-8 0.9999999999999999 -1.5577835710681214e-15
vn -0.2628102671370068 0.6050337511650217 -0.7515749619555977
vn -0.9999999999999999 -1.490116141589226e-8 -1.2246467219620734e-16
vn -1.490116141589226e-8 0.9999999999999999 -1.898821521139856e-15
vn 1.3403410371511154e-15 2.072332865758337e-16 -1
vn -0.9999999999999999 -1.490116141589226e-8 -1.2246467219620734e-16
vn 1.371638913953463e-15 2.0760471518812364e-15 1
vn 0.6207183811294894 -0.24083585421895753 0.7461278594521257
vn 0.8469641287472753 -0.3930774047762132 0.35796915854549016
vn 0.8944271976639182 -0.44721358217195306 5.615090679112672e-16
vn 0.8340576624425131 -0.417028815685721 -0.36115755925730814
vn 0.5951658311003442 -0.27621741270958616 -0.7546400296874392
vn 1.0525665265717488e-15 -8.054123257988173e-17 -1
vn -0.566941476727441 0.31294120961578575 -0.7620007620011398
vn -0.8574513411321917 0.3724535981799006 -0.35504297598100865
vn -0.9486833027626737 0.31622775188035795 3.503829335761051e-16
vn -0.8911327931053098 0.29704424961409276 0.3429971702850182
vn -0.6050337589973738 0.2628102491056046 0.7515749619555976
usemtl m_cdc7856a-81b9-2323-aa40-5a8c37e12ffa
f 775/3177/909 773/3178/909 771/3179/909
f 774/3180/910 803/3181/910 802/3182/910 776/3183/910
f 774/3184/911 776/3185/911 772/3186/911
f 777/3187/912 775/3188/912 771/3189/912
f 776/3190/913 802/3191/913 801/3192/913 778/3193/913
f 776/3194/914 778/3195/914 772/3196/914
f 779/3197/915 777/3198/915 771/3199/915
f 778/3200/916 801/3201/916 800/3202/916 780/3203/916
f 778/3204/917 780/3205/917 772/3206/917
f 781/3207/918 779/3208/918 771/3209/918
f 780/3210/919 800/3211/919 799/3212/919 782/3213/919
f 780/3214/920 782/3215/920 772/3216/920
f 783/3217/921 781/3218/921 771/3219/921
f 782/3220/922 799/3221/922 798/3222/922 784/3223/922
f 782/3224/923 784/3225/923 772/3226/923
f 785/3227/924 783/3228/924 771/3229/924
f 784/3230/925 798/3231/925 797/3232/925 786/3233/925
f 784/3234/926 786/3235/926 772/3236/926
f 787/3237/927 785/3238/927 771/3239/927
f 786/3240/928 797/3241/928 808/3242/928 788/3243/928
f 786/3244/929 788/3245/929 772/3246/929
f 789/3247/930 787/3248/930 771/3249/930
f 788/3250/931 808/3251/931 807/3252/931 790/3253/931
f 788/3254/932 790/3255/932 772/3256/932
f 791/3257/933 789/3258/933 771/3259/933
f 790/3260/934 807/3261/934 806/3262/934 792/3263/934
f 790/3264/935 792/3265/935 772/3266/935
f 793/3267/936 791/3268/936 771/3269/936
f 792/3270/937 806/3271/937 805/3272/937 794/3273/937
f 792/3274/938 794/3275/938 772/3276/938
f 795/3277/939 793/3278/939 771/3279/939
f 794/3280/940 805/3281/940 804/3282/940 796/3283/940
f 794/3284/941 796/3285/941 772/3286/941
f 773/3287/942 795/3288/942 771/3289/942
f 796/3290/943 804/3291/943 803/3292/943 774/3293/943
f 796/3294/944 774/3295/944 772/3296/944
f 785/3297/945 797/3298/945 798/3299/945 783/3300/945
f 783/3301/946 798/3302/946 799/3303/946 781/3304/946
f 781/3305/947 799/3306/947 800/3307/947 779/3308/947
f 779/3309/948 800/3310/948 801/3311/948 777/3312/948
f 777/3313/949 801/3314/949 802/3315/949 775/3316/949
f 775/3317/950 802/3318/950 803/3319/950 773/3320/950
f 773/3321/951 803/3322/951 804/3323/951 795/3324/951
f 795/3325/952 804/3326/952 805/3327/952 793/3328/952
f 793/3329/953 805/3330/953 806/3331/953 791/3332/953
f 791/3333/954 806/3334/954 807/3335/954 789/3336/954
f 789/3337/955 807/3338/955 808/3339/955 787/3340/955
f 787/3341/956 808/3342/956 797/3343/956 785/3344/956
o doorRight
v 0.125 1.40625 0
v 0.21875 1.40625 0
v 0.125 1.3978765877365273 0.03125
v 0.21875 1.3978765877365273 0.03125
v 0.125 1.3833734122634727 0.02287658773652742
v 0.21875 1.3833734122634727 0.02287658773652742
v 0.125 1.375 0.008373412263472583
v 0.21875 1.375 0.008373412263472583
v 0.125 1.375 -0.008373412263472586
v 0.21875 1.375 -0.008373412263472586
v 0.125 1.3833734122634727 -0.022876587736527412
v 0.21875 1.3833734122634727 -0.022876587736527412
v 0.125 1.3978765877365273 -0.031249999999999993
v 0.21875 1.3978765877365273 -0.031249999999999993
v 0.125 1.4146234122634727 -0.03125
v 0.21875 1.4146234122634727 -0.03125
v 0.125 1.4291265877365273 -0.02287658773652742
v 0.21875 1.4291265877365273 -0.02287658773652742
v 0.125 1.4375 -0.008373412263472579
v 0.21875 1.4375 -0.008373412263472579
v 0.125 1.4375 0.008373412263472569
v 0.21875 1.4375 0.008373412263472569
v 0.125 1.4291265877365273 0.022876587736527412
v 0.21875 1.4291265877365273 0.022876587736527412
v 0.125 1.4146234122634727 0.03125
v 0.21875 1.4146234122634727 0.03125
vt 0.9052721932636915 0.10624210240172438
vt 0.9032435523456648 0.10791015625
vt 0.8901194876310841 0.10624210240172438
vt 0.8901194876310841 0.091796875
vt 0.897965137037766 0.091796875
vt 0.897965137037766 0.10791015625
vt 0.8901194876310841 0.10791015625
vt 0.8901194876310841 0.10457377461515516
vt 0.8976952183803134 0.10502092316667311
vt 0.8901194876310841 0.10791015625
vt 0.9052734375 0.10624223935962518
vt 0.903242474775924 0.10791015625
vt 0.8901194876310841 0.10624223935962518
vt 0.8901194876310841 0.091796875
vt 0.897965137037766 0.091796875
vt 0.897965137037766 0.10791015625
vt 0.8901194876310841 0.10791015625
vt 0.8901194876310841 0.10457404855344876
vt 0.8976958404473878 0.10502068592265923
vt 0.8901194876310841 0.10791015625
vt 0.9047568932405653 0.10618281249999995
vt 0.9047568932405653 0.10791015625
vt 0.8901194876310841 0.10704648437499997
vt 0.8901194876310841 0.091796875
vt 0.897965137037766 0.091796875
vt 0.897965137037766 0.10791015625
vt 0.8901194876310841 0.10791015625
vt 0.9047568932405653 0.10618281249999995
vt 0.9047568932405653 0.10791015625
vt 0.8901194876310841 0.10704648437499997
vt 0.8901194876310841 0.10457404855344876
vt 0.8976958404473878 0.10502068592265923
vt 0.8901194876310841 0.10791015625
vt 0.8901194876310841 0.091796875
vt 0.897965137037766 0.091796875
vt 0.897965137037766 0.10791015625
vt 0.8901194876310841 0.10791015625
vt 0.9052734375 0.10624223935962518
vt 0.903242474775924 0.10791015625
vt 0.8901194876310841 0.10624223935962518
vt 0.8901194876310841 0.10457377461515516
vt 0.8976952183803134 0.10502092316667311
vt 0.8901194876310841 0.10791015625
vt 0.8901194876310841 0.091796875
vt 0.897965137037766 0.091796875
vt 0.897965137037766 0.10791015625
vt 0.8901194876310841 0.10791015625
vt 0.9052721932636915 0.10624210240172438
vt 0.9032435523456648 0.10791015625
vt 0.8901194876310841 0.10624210240172438
vt 0.8901194876310841 0.10468750000000004
vt 0.897965137037766 0.10468750000000004
vt 0.894042312334425 0.10791015625
vt 0.8901194876310841 0.091796875
vt 0.897965137037766 0.091796875
vt 0.897965137037766 0.10791015625
vt 0.8901194876310841 0.10791015625
vt 0.897965137037766 0.10791015625
vt 0.8901194876310841 0.10791015625
vt 0.894042312334425 0.10468750000000004
vt 0.8901194876310841 0.10791015625
vt 0.8921481285491107 0.10624210240172438
vt 0.9052721932636915 0.10791015625
vt 0.8901194876310841 0.091796875
vt 0.897965137037766 0.091796875
vt 0.897965137037766 0.10791015625
vt 0.8901194876310841 0.10791015625
vt 0.8976952183803134 0.10791015625
vt 0.8901194876310841 0.10746300769848205
vt 0.8976952183803134 0.10457377461515516
vt 0.8901194876310841 0.10791015625
vt 0.89215045035516 0.10624223935962518
vt 0.9052734375 0.10791015625
vt 0.8901194876310841 0.091796875
vt 0.897965137037766 0.091796875
vt 0.897965137037766 0.10791015625
vt 0.8901194876310841 0.10791015625
vt 0.8976958404473878 0.10791015625
vt 0.8901194876310841 0.10746351888078953
vt 0.8976958404473878 0.10457404855344876
vt 0.8901194876310841 0.10791015625
vt 0.8901194876310841 0.10618281249999995
vt 0.9047568932405653 0.10704648437499997
vt 0.8901194876310841 0.091796875
vt 0.897965137037766 0.091796875
vt 0.897965137037766 0.10791015625
vt 0.8901194876310841 0.10791015625
vt 0.8901194876310841 0.10791015625
vt 0.8901194876310841 0.10618281249999995
vt 0.9047568932405653 0.10704648437499997
vt 0.8976958404473878 0.10791015625
vt 0.8901194876310841 0.10746351888078953
vt 0.8976958404473878 0.10457404855344876
vt 0.8901194876310841 0.091796875
vt 0.897965137037766 0.091796875
vt 0.897965137037766 0.10791015625
vt 0.8901194876310841 0.10791015625
vt 0.8901194876310841 0.10791015625
vt 0.89215045035516 0.10624223935962518
vt 0.9052734375 0.10791015625
vt 0.8976952183803134 0.10791015625
vt 0.8901194876310841 0.10746300769848205
vt 0.8976952183803134 0.10457377461515516
vt 0.8901194876310841 0.091796875
vt 0.897965137037766 0.091796875
vt 0.897965137037766 0.10791015625
vt 0.8901194876310841 0.10791015625
vt 0.8901194876310841 0.10791015625
vt 0.8921481285491107 0.10624210240172438
vt 0.9052721932636915 0.10791015625
vt 0.897965137037766 0.10791015625
vt 0.8901194876310841 0.10791015625
vt 0.894042312334425 0.10468750000000004
vt 0.8901194876310841 0.091796875
vt 0.897965137037766 0.091796875
vt 0.897965137037766 0.10791015625
vt 0.8901194876310841 0.10791015625
vt 0.8901194876310841 0.10468750000000004
vt 0.897965137037766 0.10468750000000004
vt 0.894042312334425 0.10791015625
vn -1 -2.220446049250313e-16 0
vn 1.1102230246251563e-16 -0.4999999999999999 0.8660254037844387
vn 1 2.220446049250313e-16 0
vn -1 -2.220446049250313e-16 0
vn 1.922962686383564e-16 -0.8660254037844387 0.4999999999999999
vn 1 2.220446049250313e-16 0
vn -1 -2.220446049250313e-16 0
vn 2.220446049250313e-16 -1 0
vn 1 2.220446049250313e-16 0
vn -1 -2.220446049250313e-16 0
vn 1.922962686383564e-16 -0.8660254037844387 -0.49999999999999994
vn 1 2.220446049250313e-16 0
vn -1 -2.220446049250313e-16 0
vn 1.1102230246251568e-16 -0.5000000000000001 -0.8660254037844386
vn 1 2.220446049250313e-16 0
vn -1 -2.220446049250313e-16 0
vn 9.200215557467481e-32 -4.143408735633879e-16 -1
vn 1 2.220446049250313e-16 0
vn -1 -2.220446049250313e-16 0
vn -1.1102230246251554e-16 0.4999999999999995 -0.8660254037844389
vn 1 2.220446049250313e-16 0
vn -1 -2.220446049250313e-16 0
vn -1.9229626863835643e-16 0.8660254037844388 -0.4999999999999997
vn 1 2.220446049250313e-16 0
vn -1 -2.220446049250313e-16 0
vn -2.220446049250313e-16 1 -2.0717043678169412e-16
vn 1 2.220446049250313e-16 0
vn -1 -2.220446049250313e-16 0
vn -1.9229626863835646e-16 0.8660254037844389 0.4999999999999995
vn 1 2.220446049250313e-16 0
vn -1 -2.220446049250313e-16 0
vn -1.1102230246251564e-16 0.49999999999999994 0.8660254037844387
vn 1 2.220446049250313e-16 0
vn -1 -2.220446049250313e-16 0
vn 0 0 1
vn 1 2.220446049250313e-16 0
usemtl m_cdc7856a-81b9-2323-aa40-5a8c37e12ffa
f 813/3345/957 811/3346/957 809/3347/957
f 811/3348/958 813/3349/958 814/3350/958 812/3351/958
f 812/3352/959 814/3353/959 810/3354/959
f 815/3355/960 813/3356/960 809/3357/960
f 813/3358/961 815/3359/961 816/3360/961 814/3361/961
f 814/3362/962 816/3363/962 810/3364/962
f 817/3365/963 815/3366/963 809/3367/963
f 815/3368/964 817/3369/964 818/3370/964 816/3371/964
f 816/3372/965 818/3373/965 810/3374/965
f 819/3375/966 817/3376/966 809/3377/966
f 817/3378/967 819/3379/967 820/3380/967 818/3381/967
f 818/3382/968 820/3383/968 810/3384/968
f 821/3385/969 819/3386/969 809/3387/969
f 819/3388/970 821/3389/970 822/3390/970 820/3391/970
f 820/3392/971 822/3393/971 810/3394/971
f 823/3395/972 821/3396/972 809/3397/972
f 821/3398/973 823/3399/973 824/3400/973 822/3401/973
f 822/3402/974 824/3403/974 810/3404/974
f 825/3405/975 823/3406/975 809/3407/975
f 823/3408/976 825/3409/976 826/3410/976 824/3411/976
f 824/3412/977 826/3413/977 810/3414/977
f 827/3415/978 825/3416/978 809/3417/978
f 825/3418/979 827/3419/979 828/3420/979 826/3421/979
f 826/3422/980 828/3423/980 810/3424/980
f 829/3425/981 827/3426/981 809/3427/981
f 827/3428/982 829/3429/982 830/3430/982 828/3431/982
f 828/3432/983 830/3433/983 810/3434/983
f 831/3435/984 829/3436/984 809/3437/984
f 829/3438/985 831/3439/985 832/3440/985 830/3441/985
f 830/3442/986 832/3443/986 810/3444/986
f 833/3445/987 831/3446/987 809/3447/987
f 831/3448/988 833/3449/988 834/3450/988 832/3451/988
f 832/3452/989 834/3453/989 810/3454/989
f 811/3455/990 833/3456/990 809/3457/990
f 833/3458/991 811/3459/991 812/3460/991 834/3461/991
f 834/3462/992 812/3463/992 810/3464/992
o doorRight
v 0.0625 0.53125 0
v 0.0625 1.34375 0
v 0.07087341226347259 0.53125 0.031249999999999997
v 0.07087341226347259 1.34375 0.031249999999999997
v 0.08537658773652741 0.53125 0.022876587736527416
v 0.08537658773652741 1.34375 0.022876587736527416
v 0.09375 0.53125 0.008373412263472583
v 0.09375 1.34375 0.008373412263472583
v 0.09375 0.53125 -0.008373412263472586
v 0.09375 1.34375 -0.008373412263472586
v 0.08537658773652741 0.53125 -0.022876587736527412
v 0.08537658773652741 1.34375 -0.022876587736527412
v 0.07087341226347259 0.53125 -0.031249999999999993
v 0.07087341226347259 1.34375 -0.031249999999999993
v 0.054126587736527426 0.53125 -0.03125
v 0.054126587736527426 1.34375 -0.03125
v 0.03962341226347259 0.53125 -0.02287658773652742
v 0.03962341226347259 1.34375 -0.02287658773652742
v 0.03125 0.53125 -0.008373412263472579
v 0.03125 1.34375 -0.008373412263472579
v 0.03125 0.53125 0.008373412263472569
v 0.03125 1.34375 0.008373412263472569
v 0.03962341226347258 0.53125 0.02287658773652741
v 0.03962341226347258 1.34375 0.02287658773652741
v 0.05412658773652742 0.53125 0.031249999999999997
v 0.05412658773652742 1.34375 0.031249999999999997
vt 0.9052721932636915 0.10624210240172438
vt 0.9032435523456648 0.10791015625
vt 0.8901194876310841 0.10624210240172438
vt 0.8901194876310841 0.091796875
vt 0.897965137037766 0.091796875
vt 0.897965137037766 0.10791015625
vt 0.8901194876310841 0.10791015625
vt 0.8901194876310841 0.10457377461515516
vt 0.8976952183803134 0.10502092316667311
vt 0.8901194876310841 0.10791015625
vt 0.9052734375 0.10624223935962518
vt 0.903242474775924 0.10791015625
vt 0.8901194876310841 0.10624223935962518
vt 0.8901194876310841 0.091796875
vt 0.897965137037766 0.091796875
vt 0.897965137037766 0.10791015625
vt 0.8901194876310841 0.10791015625
vt 0.8901194876310841 0.10457404855344876
vt 0.8976958404473878 0.10502068592265923
vt 0.8901194876310841 0.10791015625
vt 0.9047568932405653 0.10618281249999995
vt 0.9047568932405653 0.10791015625
vt 0.8901194876310841 0.10704648437499997
vt 0.8901194876310841 0.091796875
vt 0.897965137037766 0.091796875
vt 0.897965137037766 0.10791015625
vt 0.8901194876310841 0.10791015625
vt 0.9047568932405653 0.10618281249999995
vt 0.9047568932405653 0.10791015625
vt 0.8901194876310841 0.10704648437499997
vt 0.8901194876310841 0.10457404855344876
vt 0.8976958404473878 0.10502068592265923
vt 0.8901194876310841 0.10791015625
vt 0.8901194876310841 0.091796875
vt 0.897965137037766 0.091796875
vt 0.897965137037766 0.10791015625
vt 0.8901194876310841 0.10791015625
vt 0.9052734375 0.10624223935962518
vt 0.903242474775924 0.10791015625
vt 0.8901194876310841 0.10624223935962518
vt 0.8901194876310841 0.10457377461515516
vt 0.8976952183803134 0.10502092316667311
vt 0.8901194876310841 0.10791015625
vt 0.8901194876310841 0.091796875
vt 0.897965137037766 0.091796875
vt 0.897965137037766 0.10791015625
vt 0.8901194876310841 0.10791015625
vt 0.9052721932636915 0.10624210240172438
vt 0.9032435523456648 0.10791015625
vt 0.8901194876310841 0.10624210240172438
vt 0.8901194876310841 0.10468750000000004
vt 0.897965137037766 0.10468750000000004
vt 0.894042312334425 0.10791015625
vt 0.8901194876310841 0.091796875
vt 0.897965137037766 0.091796875
vt 0.897965137037766 0.10791015625
vt 0.8901194876310841 0.10791015625
vt 0.897965137037766 0.10791015625
vt 0.8901194876310841 0.10791015625
vt 0.894042312334425 0.10468750000000004
vt 0.8901194876310841 0.10791015625
vt 0.8921481285491107 0.10624210240172438
vt 0.9052721932636915 0.10791015625
vt 0.8901194876310841 0.091796875
vt 0.897965137037766 0.091796875
vt 0.897965137037766 0.10791015625
vt 0.8901194876310841 0.10791015625
vt 0.8976952183803134 0.10791015625
vt 0.8901194876310841 0.10746300769848205
vt 0.8976952183803134 0.10457377461515516
vt 0.8901194876310841 0.10791015625
vt 0.89215045035516 0.10624223935962518
vt 0.9052734375 0.10791015625
vt 0.8901194876310841 0.091796875
vt 0.897965137037766 0.091796875
vt 0.897965137037766 0.10791015625
vt 0.8901194876310841 0.10791015625
vt 0.8976958404473878 0.10791015625
vt 0.8901194876310841 0.10746351888078953
vt 0.8976958404473878 0.10457404855344876
vt 0.8901194876310841 0.10791015625
vt 0.8901194876310841 0.10618281249999995
vt 0.9047568932405653 0.10704648437499997
vt 0.8901194876310841 0.091796875
vt 0.897965137037766 0.091796875
vt 0.897965137037766 0.10791015625
vt 0.8901194876310841 0.10791015625
vt 0.8901194876310841 0.10791015625
vt 0.8901194876310841 0.10618281249999995
vt 0.9047568932405653 0.10704648437499997
vt 0.8976958404473878 0.10791015625
vt 0.8901194876310841 0.10746351888078953
vt 0.8976958404473878 0.10457404855344876
vt 0.8901194876310841 0.091796875
vt 0.897965137037766 0.091796875
vt 0.897965137037766 0.10791015625
vt 0.8901194876310841 0.10791015625
vt 0.8901194876310841 0.10791015625
vt 0.89215045035516 0.10624223935962518
vt 0.9052734375 0.10791015625
vt 0.8976952183803134 0.10791015625
vt 0.8901194876310841 0.10746300769848205
vt 0.8976952183803134 0.10457377461515516
vt 0.8901194876310841 0.091796875
vt 0.897965137037766 0.091796875
vt 0.897965137037766 0.10791015625
vt 0.8901194876310841 0.10791015625
vt 0.8901194876310841 0.10791015625
vt 0.8921481285491107 0.10624210240172438
vt 0.9052721932636915 0.10791015625
vt 0.897965137037766 0.10791015625
vt 0.8901194876310841 0.10791015625
vt 0.894042312334425 0.10468750000000004
vt 0.8901194876310841 0.091796875
vt 0.897965137037766 0.091796875
vt 0.897965137037766 0.10791015625
vt 0.8901194876310841 0.10791015625
vt 0.8901194876310841 0.10468750000000004
vt 0.897965137037766 0.10468750000000004
vt 0.894042312334425 0.10791015625
vn 0 -1 0
vn 0.4999999999999999 0 0.8660254037844387
vn 0 1 0
vn 0 -1 0
vn 0.8660254037844387 0 0.49999999999999994
vn 0 1 0
vn 0 -1 0
vn 1 0 0
vn 0 1 0
vn 0 -1 0
vn 0.8660254037844387 0 -0.49999999999999994
vn 0 1 0
vn 0 -1 0
vn 0.5000000000000001 0 -0.8660254037844388
vn 0 1 0
vn 0 -1 0
vn 4.1434087356338794e-16 0 -1
vn 0 1 0
vn 0 -1 0
vn -0.49999999999999956 0 -0.8660254037844389
vn 0 1 0
vn 0 -1 0
vn -0.8660254037844389 0 -0.49999999999999983
vn 0 1 0
vn 0 -1 0
vn -1 0 -2.0717043678169412e-16
vn 0 1 0
vn 0 -1 0
vn -0.866025403784439 0 0.49999999999999967
vn 0 1 0
vn 0 -1 0
vn -0.49999999999999994 0 0.8660254037844387
vn 0 1 0
vn 0 -1 0
vn 0 0 1
vn 0 1 0
usemtl m_cdc7856a-81b9-2323-aa40-5a8c37e12ffa
f 839/3465/993 837/3466/993 835/3467/993
f 837/3468/994 839/3469/994 840/3470/994 838/3471/994
f 838/3472/995 840/3473/995 836/3474/995
f 841/3475/996 839/3476/996 835/3477/996
f 839/3478/997 841/3479/997 842/3480/997 840/3481/997
f 840/3482/998 842/3483/998 836/3484/998
f 843/3485/999 841/3486/999 835/3487/999
f 841/3488/1000 843/3489/1000 844/3490/1000 842/3491/1000
f 842/3492/1001 844/3493/1001 836/3494/1001
f 845/3495/1002 843/3496/1002 835/3497/1002
f 843/3498/1003 845/3499/1003 846/3500/1003 844/3501/1003
f 844/3502/1004 846/3503/1004 836/3504/1004
f 847/3505/1005 845/3506/1005 835/3507/1005
f 845/3508/1006 847/3509/1006 848/3510/1006 846/3511/1006
f 846/3512/1007 848/3513/1007 836/3514/1007
f 849/3515/1008 847/3516/1008 835/3517/1008
f 847/3518/1009 849/3519/1009 850/3520/1009 848/3521/1009
f 848/3522/1010 850/3523/1010 836/3524/1010
f 851/3525/1011 849/3526/1011 835/3527/1011
f 849/3528/1012 851/3529/1012 852/3530/1012 850/3531/1012
f 850/3532/1013 852/3533/1013 836/3534/1013
f 853/3535/1014 851/3536/1014 835/3537/1014
f 851/3538/1015 853/3539/1015 854/3540/1015 852/3541/1015
f 852/3542/1016 854/3543/1016 836/3544/1016
f 855/3545/1017 853/3546/1017 835/3547/1017
f 853/3548/1018 855/3549/1018 856/3550/1018 854/3551/1018
f 854/3552/1019 856/3553/1019 836/3554/1019
f 857/3555/1020 855/3556/1020 835/3557/1020
f 855/3558/1021 857/3559/1021 858/3560/1021 856/3561/1021
f 856/3562/1022 858/3563/1022 836/3564/1022
f 859/3565/1023 857/3566/1023 835/3567/1023
f 857/3568/1024 859/3569/1024 860/3570/1024 858/3571/1024
f 858/3572/1025 860/3573/1025 836/3574/1025
f 837/3575/1026 859/3576/1026 835/3577/1026
f 859/3578/1027 837/3579/1027 838/3580/1027 860/3581/1027
f 860/3582/1028 838/3583/1028 836/3584/1028
o doorRight
v 0.28125 0.53125 0
v 0.28125 1.34375 0
v 0.2896234122634726 0.53125 0.031249999999999997
v 0.2896234122634726 1.34375 0.031249999999999997
v 0.3041265877365274 0.53125 0.022876587736527416
v 0.3041265877365274 1.34375 0.022876587736527416
v 0.3125 0.53125 0.008373412263472583
v 0.3125 1.34375 0.008373412263472583
v 0.3125 0.53125 -0.008373412263472586
v 0.3125 1.34375 -0.008373412263472586
v 0.3041265877365274 0.53125 -0.022876587736527412
v 0.3041265877365274 1.34375 -0.022876587736527412
v 0.2896234122634726 0.53125 -0.031249999999999993
v 0.2896234122634726 1.34375 -0.031249999999999993
v 0.27287658773652745 0.53125 -0.03125
v 0.27287658773652745 1.34375 -0.03125
v 0.2583734122634726 0.53125 -0.02287658773652742
v 0.2583734122634726 1.34375 -0.02287658773652742
v 0.25 0.53125 -0.008373412263472579
v 0.25 1.34375 -0.008373412263472579
v 0.25 0.53125 0.008373412263472569
v 0.25 1.34375 0.008373412263472569
v 0.2583734122634726 0.53125 0.02287658773652741
v 0.2583734122634726 1.34375 0.02287658773652741
v 0.2728765877365274 0.53125 0.031249999999999997
v 0.2728765877365274 1.34375 0.031249999999999997
vt 0.9052721932636915 0.10624210240172438
vt 0.9032435523456648 0.10791015625
vt 0.8901194876310841 0.10624210240172438
vt 0.8901194876310841 0.091796875
vt 0.897965137037766 0.091796875
vt 0.897965137037766 0.10791015625
vt 0.8901194876310841 0.10791015625
vt 0.8901194876310841 0.10457377461515516
vt 0.8976952183803134 0.10502092316667311
vt 0.8901194876310841 0.10791015625
vt 0.9052734375 0.10624223935962518
vt 0.903242474775924 0.10791015625
vt 0.8901194876310841 0.10624223935962518
vt 0.8901194876310841 0.091796875
vt 0.897965137037766 0.091796875
vt 0.897965137037766 0.10791015625
vt 0.8901194876310841 0.10791015625
vt 0.8901194876310841 0.10457404855344876
vt 0.8976958404473878 0.10502068592265923
vt 0.8901194876310841 0.10791015625
vt 0.9047568932405653 0.10618281249999995
vt 0.9047568932405653 0.10791015625
vt 0.8901194876310841 0.10704648437499997
vt 0.8901194876310841 0.091796875
vt 0.897965137037766 0.091796875
vt 0.897965137037766 0.10791015625
vt 0.8901194876310841 0.10791015625
vt 0.9047568932405653 0.10618281249999995
vt 0.9047568932405653 0.10791015625
vt 0.8901194876310841 0.10704648437499997
vt 0.8901194876310841 0.10457404855344876
vt 0.8976958404473878 0.10502068592265923
vt 0.8901194876310841 0.10791015625
vt 0.8901194876310841 0.091796875
vt 0.897965137037766 0.091796875
vt 0.897965137037766 0.10791015625
vt 0.8901194876310841 0.10791015625
vt 0.9052734375 0.10624223935962518
vt 0.903242474775924 0.10791015625
vt 0.8901194876310841 0.10624223935962518
vt 0.8901194876310841 0.10457377461515516
vt 0.8976952183803134 0.10502092316667311
vt 0.8901194876310841 0.10791015625
vt 0.8901194876310841 0.091796875
vt 0.897965137037766 0.091796875
vt 0.897965137037766 0.10791015625
vt 0.8901194876310841 0.10791015625
vt 0.9052721932636915 0.10624210240172438
vt 0.9032435523456648 0.10791015625
vt 0.8901194876310841 0.10624210240172438
vt 0.8901194876310841 0.10468750000000004
vt 0.897965137037766 0.10468750000000004
vt 0.894042312334425 0.10791015625
vt 0.8901194876310841 0.091796875
vt 0.897965137037766 0.091796875
vt 0.897965137037766 0.10791015625
vt 0.8901194876310841 0.10791015625
vt 0.897965137037766 0.10791015625
vt 0.8901194876310841 0.10791015625
vt 0.894042312334425 0.10468750000000004
vt 0.8901194876310841 0.10791015625
vt 0.8921481285491107 0.10624210240172438
vt 0.9052721932636915 0.10791015625
vt 0.8901194876310841 0.091796875
vt 0.897965137037766 0.091796875
vt 0.897965137037766 0.10791015625
vt 0.8901194876310841 0.10791015625
vt 0.8976952183803134 0.10791015625
vt 0.8901194876310841 0.10746300769848205
vt 0.8976952183803134 0.10457377461515516
vt 0.8901194876310841 0.10791015625
vt 0.89215045035516 0.10624223935962518
vt 0.9052734375 0.10791015625
vt 0.8901194876310841 0.091796875
vt 0.897965137037766 0.091796875
vt 0.897965137037766 0.10791015625
vt 0.8901194876310841 0.10791015625
vt 0.8976958404473878 0.10791015625
vt 0.8901194876310841 0.10746351888078953
vt 0.8976958404473878 0.10457404855344876
vt 0.8901194876310841 0.10791015625
vt 0.8901194876310841 0.10618281249999995
vt 0.9047568932405653 0.10704648437499997
vt 0.8901194876310841 0.091796875
vt 0.897965137037766 0.091796875
vt 0.897965137037766 0.10791015625
vt 0.8901194876310841 0.10791015625
vt 0.8901194876310841 0.10791015625
vt 0.8901194876310841 0.10618281249999995
vt 0.9047568932405653 0.10704648437499997
vt 0.8976958404473878 0.10791015625
vt 0.8901194876310841 0.10746351888078953
vt 0.8976958404473878 0.10457404855344876
vt 0.8901194876310841 0.091796875
vt 0.897965137037766 0.091796875
vt 0.897965137037766 0.10791015625
vt 0.8901194876310841 0.10791015625
vt 0.8901194876310841 0.10791015625
vt 0.89215045035516 0.10624223935962518
vt 0.9052734375 0.10791015625
vt 0.8976952183803134 0.10791015625
vt 0.8901194876310841 0.10746300769848205
vt 0.8976952183803134 0.10457377461515516
vt 0.8901194876310841 0.091796875
vt 0.897965137037766 0.091796875
vt 0.897965137037766 0.10791015625
vt 0.8901194876310841 0.10791015625
vt 0.8901194876310841 0.10791015625
vt 0.8921481285491107 0.10624210240172438
vt 0.9052721932636915 0.10791015625
vt 0.897965137037766 0.10791015625
vt 0.8901194876310841 0.10791015625
vt 0.894042312334425 0.10468750000000004
vt 0.8901194876310841 0.091796875
vt 0.897965137037766 0.091796875
vt 0.897965137037766 0.10791015625
vt 0.8901194876310841 0.10791015625
vt 0.8901194876310841 0.10468750000000004
vt 0.897965137037766 0.10468750000000004
vt 0.894042312334425 0.10791015625
vn 0 -1 0
vn 0.4999999999999999 0 0.8660254037844387
vn 0 1 0
vn 0 -1 0
vn 0.8660254037844387 0 0.49999999999999994
vn 0 1 0
vn 0 -1 0
vn 1 0 0
vn 0 1 0
vn 0 -1 0
vn 0.8660254037844387 0 -0.49999999999999994
vn 0 1 0
vn 0 -1 0
vn 0.5000000000000001 0 -0.8660254037844388
vn 0 1 0
vn 0 -1 0
vn 4.1434087356338794e-16 0 -1
vn 0 1 0
vn 0 -1 0
vn -0.49999999999999956 0 -0.8660254037844389
vn 0 1 0
vn 0 -1 0
vn -0.8660254037844389 0 -0.49999999999999983
vn 0 1 0
vn 0 -1 0
vn -1 0 -2.0717043678169412e-16
vn 0 1 0
vn 0 -1 0
vn -0.866025403784439 0 0.49999999999999967
vn 0 1 0
vn 0 -1 0
vn -0.49999999999999994 0 0.8660254037844387
vn 0 1 0
vn 0 -1 0
vn 0 0 1
vn 0 1 0
usemtl m_cdc7856a-81b9-2323-aa40-5a8c37e12ffa
f 865/3585/1029 863/3586/1029 861/3587/1029
f 863/3588/1030 865/3589/1030 866/3590/1030 864/3591/1030
f 864/3592/1031 866/3593/1031 862/3594/1031
f 867/3595/1032 865/3596/1032 861/3597/1032
f 865/3598/1033 867/3599/1033 868/3600/1033 866/3601/1033
f 866/3602/1034 868/3603/1034 862/3604/1034
f 869/3605/1035 867/3606/1035 861/3607/1035
f 867/3608/1036 869/3609/1036 870/3610/1036 868/3611/1036
f 868/3612/1037 870/3613/1037 862/3614/1037
f 871/3615/1038 869/3616/1038 861/3617/1038
f 869/3618/1039 871/3619/1039 872/3620/1039 870/3621/1039
f 870/3622/1040 872/3623/1040 862/3624/1040
f 873/3625/1041 871/3626/1041 861/3627/1041
f 871/3628/1042 873/3629/1042 874/3630/1042 872/3631/1042
f 872/3632/1043 874/3633/1043 862/3634/1043
f 875/3635/1044 873/3636/1044 861/3637/1044
f 873/3638/1045 875/3639/1045 876/3640/1045 874/3641/1045
f 874/3642/1046 876/3643/1046 862/3644/1046
f 877/3645/1047 875/3646/1047 861/3647/1047
f 875/3648/1048 877/3649/1048 878/3650/1048 876/3651/1048
f 876/3652/1049 878/3653/1049 862/3654/1049
f 879/3655/1050 877/3656/1050 861/3657/1050
f 877/3658/1051 879/3659/1051 880/3660/1051 878/3661/1051
f 878/3662/1052 880/3663/1052 862/3664/1052
f 881/3665/1053 879/3666/1053 861/3667/1053
f 879/3668/1054 881/3669/1054 882/3670/1054 880/3671/1054
f 880/3672/1055 882/3673/1055 862/3674/1055
f 883/3675/1056 881/3676/1056 861/3677/1056
f 881/3678/1057 883/3679/1057 884/3680/1057 882/3681/1057
f 882/3682/1058 884/3683/1058 862/3684/1058
f 885/3685/1059 883/3686/1059 861/3687/1059
f 883/3688/1060 885/3689/1060 886/3690/1060 884/3691/1060
f 884/3692/1061 886/3693/1061 862/3694/1061
f 863/3695/1062 885/3696/1062 861/3697/1062
f 885/3698/1063 863/3699/1063 864/3700/1063 886/3701/1063
f 886/3702/1064 864/3703/1064 862/3704/1064
o right
v 0.625 0.875 0.75
v 0.625 0.875 0.375
v 0.625 0 0.6875
v 0.625 0 0.375
v 0.375 0.875 0.75
v 0.375 0.875 0.375
v 0.375 0 0.6875
v 0.375 0 0.375
vt 0.9150390625 0.013671875
vt 0.9150390625 0.0999755859375
vt 0.8828125 0.0999755859375
vt 0.8828125 0.013671875
vt 0.96875 0.013671875
vt 0.96875 0.0999755859375
vt 0.9365234375 0.0999755859375
vt 0.9365234375 0.013671875
vt 0.904296875 0.013671875
vt 0.904296875 0.0506591796875
vt 0.8828125 0.0506591796875
vt 0.8828125 0.013671875
vt 0.904296875 0.0753173828125
vt 0.904296875 0.1123046875
vt 0.8828125 0.1123046875
vt 0.8828125 0.0753173828125
vt 0.904296875 0.013671875
vt 0.904296875 0.0999755859375
vt 0.8828125 0.0999755859375
vt 0.8828125 0.013671875
vt 0.904296875 0.013671875
vt 0.904296875 0.0999755859375
vt 0.8828125 0.0999755859375
vt 0.8828125 0.013671875
vn 1 0 0
vn -1 0 0
vn 0 1 0
vn 0 -1 0
vn 0 -0.07124704998790965 0.9974586998307351
vn 0 0 -1
usemtl m_cdc7856a-81b9-2323-aa40-5a8c37e12ffa
f 890/3705/1065 888/3706/1065 887/3707/1065 889/3708/1065
f 893/3709/1066 891/3710/1066 892/3711/1066 894/3712/1066
f 887/3713/1067 888/3714/1067 892/3715/1067 891/3716/1067
f 890/3717/1068 889/3718/1068 893/3719/1068 894/3720/1068
f 889/3721/1069 887/3722/1069 891/3723/1069 893/3724/1069
f 894/3725/1070 892/3726/1070 888/3727/1070 890/3728/1070
o left
v -0.375 0.875 0.75
v -0.375 0.875 0.375
v -0.375 0 0.6875
v -0.375 0 0.375
v -0.625 0.875 0.75
v -0.625 0.875 0.375
v -0.625 0 0.6875
v -0.625 0 0.375
vt 0.9150390625 0.01983642578125
vt 0.9150390625 0.10614013671875
vt 0.8828125 0.10614013671875
vt 0.8828125 0.01983642578125
vt 0.96875 0.01983642578125
vt 0.96875 0.10614013671875
vt 0.9365234375 0.10614013671875
vt 0.9365234375 0.01983642578125
vt 0.904296875 0.013671875
vt 0.904296875 0.0506591796875
vt 0.8828125 0.0506591796875
vt 0.8828125 0.013671875
vt 0.904296875 0.0753173828125
vt 0.904296875 0.1123046875
vt 0.8828125 0.1123046875
vt 0.8828125 0.0753173828125
vt 0.904296875 0.01983642578125
vt 0.904296875 0.10614013671875
vt 0.8828125 0.10614013671875
vt 0.8828125 0.01983642578125
vt 0.904296875 0.01983642578125
vt 0.904296875 0.10614013671875
vt 0.8828125 0.10614013671875
vt 0.8828125 0.01983642578125
vn 1 0 0
vn -1 0 0
vn 0 1 0
vn 0 -1 0
vn 0 -0.07124704998790965 0.9974586998307351
vn 0 0 -1
usemtl m_cdc7856a-81b9-2323-aa40-5a8c37e12ffa
f 898/3729/1071 896/3730/1071 895/3731/1071 897/3732/1071
f 901/3733/1072 899/3734/1072 900/3735/1072 902/3736/1072
f 895/3737/1073 896/3738/1073 900/3739/1073 899/3740/1073
f 898/3741/1074 897/3742/1074 901/3743/1074 902/3744/1074
f 897/3745/1075 895/3746/1075 899/3747/1075 901/3748/1075
f 902/3749/1076 900/3750/1076 896/3751/1076 898/3752/1076
o left
v -0.375 0.875 -0.375
v -0.375 0.875 -0.75
v -0.375 0 -0.375
v -0.375 0 -0.6875
v -0.625 0.875 -0.375
v -0.625 0.875 -0.75
v -0.625 0 -0.375
v -0.625 0 -0.6875
vt 0.9150390625 0.013671875
vt 0.9150390625 0.0999755859375
vt 0.8828125 0.0999755859375
vt 0.8828125 0.013671875
vt 0.96875 0.013671875
vt 0.96875 0.0999755859375
vt 0.9365234375 0.0999755859375
vt 0.9365234375 0.013671875
vt 0.904296875 0.013671875
vt 0.904296875 0.0506591796875
vt 0.8828125 0.0506591796875
vt 0.8828125 0.013671875
vt 0.904296875 0.0753173828125
vt 0.904296875 0.1123046875
vt 0.8828125 0.1123046875
vt 0.8828125 0.0753173828125
vt 0.904296875 0.013671875
vt 0.904296875 0.0999755859375
vt 0.8828125 0.0999755859375
vt 0.8828125 0.013671875
vt 0.904296875 0.013671875
vt 0.904296875 0.0999755859375
vt 0.8828125 0.0999755859375
vt 0.8828125 0.013671875
vn 1 0 0
vn -1 0 0
vn 0 1 0
vn 0 -1 0
vn 0 0 1
vn 0 -0.07124704998790965 -0.9974586998307351
usemtl m_cdc7856a-81b9-2323-aa40-5a8c37e12ffa
f 906/3753/1077 904/3754/1077 903/3755/1077 905/3756/1077
f 909/3757/1078 907/3758/1078 908/3759/1078 910/3760/1078
f 903/3761/1079 904/3762/1079 908/3763/1079 907/3764/1079
f 906/3765/1080 905/3766/1080 909/3767/1080 910/3768/1080
f 905/3769/1081 903/3770/1081 907/3771/1081 909/3772/1081
f 910/3773/1082 908/3774/1082 904/3775/1082 906/3776/1082
o right
v 0.625 0.875 -0.375
v 0.625 0.875 -0.75
v 0.625 0 -0.375
v 0.625 0 -0.6875
v 0.375 0.875 -0.375
v 0.375 0.875 -0.75
v 0.375 0 -0.375
v 0.375 0 -0.6875
vt 0.9150390625 0.013671875
vt 0.9150390625 0.0999755859375
vt 0.8828125 0.0999755859375
vt 0.8828125 0.013671875
vt 0.96875 0.013671875
vt 0.96875 0.0999755859375
vt 0.9365234375 0.0999755859375
vt 0.9365234375 0.013671875
vt 0.904296875 0.013671875
vt 0.904296875 0.0506591796875
vt 0.8828125 0.0506591796875
vt 0.8828125 0.013671875
vt 0.904296875 0.0753173828125
vt 0.904296875 0.1123046875
vt 0.8828125 0.1123046875
vt 0.8828125 0.0753173828125
vt 0.904296875 0.013671875
vt 0.904296875 0.0999755859375
vt 0.8828125 0.0999755859375
vt 0.8828125 0.013671875
vt 0.904296875 0.013671875
vt 0.904296875 0.0999755859375
vt 0.8828125 0.0999755859375
vt 0.8828125 0.013671875
vn 1 0 0
vn -1 0 0
vn 0 1 0
vn 0 -1 0
vn 0 0 1
vn 0 -0.07124704998790965 -0.9974586998307351
usemtl m_cdc7856a-81b9-2323-aa40-5a8c37e12ffa
f 914/3777/1083 912/3778/1083 911/3779/1083 913/3780/1083
f 917/3781/1084 915/3782/1084 916/3783/1084 918/3784/1084
f 911/3785/1085 912/3786/1085 916/3787/1085 915/3788/1085
f 914/3789/1086 913/3790/1086 917/3791/1086 918/3792/1086
f 913/3793/1087 911/3794/1087 915/3795/1087 917/3796/1087
f 918/3797/1088 916/3798/1088 912/3799/1088 914/3800/1088
o cube
v 0.59375 0.6875000000000007 0.7374999999999987
v 0.59375 0.6875000000000007 0.7374999999999987
v 0.59375 0.5005035355204148 0.7237678380385684
v 0.59375 0.5005035355204148 0.7237678380385684
v 0.40625 0.6875000000000007 0.7374999999999987
v 0.40625 0.6875000000000007 0.7374999999999987
v 0.40625 0.5005035355204148 0.7237678380385684
v 0.40625 0.5005035355204148 0.7237678380385684
vt 0 0.03125
vt 0.03125 0.03125
vt 0.03125 0
vt 0 0
vn 0 -0.07323819712762851 0.9973144772244583
usemtl m_cdc7856a-81b9-2323-aa40-5a8c37e12ffa
f 926/3804/1089 921/3803/1089 919/3802/1089 924/3801/1089
o cube
v -0.5937500109600934 0.6875000006479803 -0.7374999911761958
v -0.5937500109600934 0.6875000006479803 -0.7374999911761958
v -0.5937500109600935 0.5005035361683944 -0.7237678292147653
v -0.5937500109600935 0.5005035361683944 -0.7237678292147653
v -0.4062500109600933 0.687500000443355 -0.7374999939626602
v -0.4062500109600933 0.687500000443355 -0.7374999939626602
v -0.4062500109600934 0.5005035359637691 -0.7237678320012297
v -0.4062500109600934 0.5005035359637691 -0.7237678320012297
vt 0.0341796875 0.03125
vt 0.0654296875 0.03125
vt 0.0654296875 0
vt 0.0341796875 0
vn -1.4901160940869228e-8 -0.07323819712762902 -0.9973144772244583
usemtl m_cdc7856a-81b9-2323-aa40-5a8c37e12ffa
f 934/3808/1090 929/3807/1090 927/3806/1090 932/3805/1090
o cube
v 0.59375 1.2111786389571106 0.5085135960121553
v 0.59375 1.2111786389571106 0.5085135960121553
v 0.59375 1.0344019436604737 0.6852902913087922
v 0.59375 1.0344019436604737 0.6852902913087922
v 0.40625 1.2111786389571106 0.5085135960121553
v 0.40625 1.2111786389571106 0.5085135960121553
v 0.40625 1.0344019436604737 0.6852902913087922
v 0.40625 1.0344019436604737 0.6852902913087922
vt 0.1728515625 0.0595703125
vt 0.2138671875 0.0595703125
vt 0.2138671875 0.0048828125
vt 0.1728515625 0.0048828125
vn 0 0.7071067811865475 0.7071067811865477
usemtl m_cdc7856a-81b9-2323-aa40-5a8c37e12ffa
f 942/3812/1091 937/3811/1091 935/3810/1091 940/3809/1091