# Made in Blockbench 5.1.6
mtllib nyc_subway_fare_gate_3_exit_closed.mtl

o left
v 0.625 0 -0.375
v 0.375 0 -0.375
v 0.375 0.375 -0.375
v 0.625 0.375 -0.375
v 0.625 0 0.375
v 0.625 0.375 0.375
v 0.375 0 0.375
v 0.375 0.375 0.375
vt 0.8828125 0.013671875
vt 0.904296875 0.013671875
vt 0.904296875 0.0506591796875
vt 0.8828125 0.0506591796875
vt 0.8828125 0.013671875
vt 0.947265625 0.013671875
vt 0.947265625 0.0506591796875
vt 0.8828125 0.0506591796875
vt 0.8828125 0.013671875
vt 0.904296875 0.013671875
vt 0.904296875 0.0506591796875
vt 0.8828125 0.0506591796875
vt 0.904296875 0.013671875
vt 0.96875 0.013671875
vt 0.96875 0.0506591796875
vt 0.904296875 0.0506591796875
vt 0.904296875 0.1123046875
vt 0.8828125 0.1123046875
vt 0.8828125 0.038330078125
vt 0.904296875 0.038330078125
vt 0.904296875 0.087646484375
vt 0.8828125 0.087646484375
vt 0.8828125 0.013671875
vt 0.904296875 0.013671875
vn 0 0 -1
vn 1 0 0
vn 0 0 1
vn -1 0 0
vn 0 1 0
vn 0 -1 0
usemtl m_1cd5f309-bd15-e7d6-9f47-afccc33b66ea
f 1/1/1 2/2/1 3/3/1 4/4/1
f 5/5/2 1/6/2 4/7/2 6/8/2
f 7/9/3 5/10/3 6/11/3 8/12/3
f 2/13/4 7/14/4 8/15/4 3/16/4
f 8/17/5 6/18/5 4/19/5 3/20/5
f 2/21/6 1/22/6 5/23/6 7/24/6
o left
v 0.375 1.25 -0.46875
v 0.375 0.96875 -0.75
v 0.375 0.96875 -0.375
v 0.375 1.25 -0.375
v 0.625 1.25 -0.375
v 0.625 0.96875 -0.375
v 0.625 0.96875 -0.75
v 0.625 1.25 -0.46875
v 0.375 0.875 -0.375
v 0.375 0.875 -0.75
v 0.625 0.875 -0.75
v 0.625 0.875 -0.375
vt 0.96484375 0.17578125
vt 1 0.140625
vt 0.953125 0.140625
vt 0.953125 0.17578125
vt 0.953125 0.17578125
vt 0.953125 0.140625
vt 1 0.140625
vt 0.96484375 0.17578125
vt 0.8173828125 0.03125
vt 0.8173828125 0.078125
vt 0.7861328125 0.078125
vt 0.7861328125 0.03125
vt 0.953125 0.0638427734375
vt 0.953125 0.095703125
vt 0.9140625 0.095703125
vt 0.9140625 0.0638427734375
vt 0.7861328125 0.09375
vt 0.7861328125 0.0625
vt 0.8173828125 0.0625
vt 0.8173828125 0.09375
vt 0.919921875 0.17578125
vt 0.919921875 0.140625
vt 0.951171875 0.140625
vt 0.951171875 0.17578125
vt 0.8173828125 0.03125
vt 0.8173828125 0.0625
vt 0.7861328125 0.0625
vt 0.7861328125 0.03125
vt 1 0.12890625
vt 1 0.140625
vt 0.953125 0.140625
vt 0.953125 0.12890625
vt 0.953125 0.0107421875
vt 0.953125 0.031982421875
vt 0.9140625 0.031982421875
vt 0.9140625 0.0107421875
vt 0.953125 0.12890625
vt 0.953125 0.140625
vt 1 0.140625
vt 1 0.12890625
vn -1 0 0
vn 1 0 0
vn 0 1 0
vn 0 -1 0
vn 0 0.7071067811865476 -0.7071067811865476
vn 0 0 1
vn 0 0 -1
vn 1 0 0
vn 0 0 1
vn -1 0 0
usemtl m_1cd5f309-bd15-e7d6-9f47-afccc33b66ea
f 9/25/7 10/26/7 11/27/7 12/28/7
f 13/29/8 14/30/8 15/31/8 16/32/8
f 9/33/9 12/34/9 13/35/9 16/36/9
f 17/37/10 18/38/10 19/39/10 20/40/10
f 16/41/11 15/42/11 10/43/11 9/44/11
f 12/45/12 11/46/12 14/47/12 13/48/12
f 18/49/13 10/50/13 15/51/13 19/52/13
f 19/53/14 15/54/14 14/55/14 20/56/14
f 20/57/15 14/58/15 11/59/15 17/60/15
f 17/61/16 11/62/16 10/63/16 18/64/16
o left
v 0.375 1.25 0.375
v 0.375 0.96875 0.375
v 0.375 0.96875 0.75
v 0.375 1.25 0.46875
v 0.625 1.25 0.46875
v 0.625 0.96875 0.75
v 0.625 0.96875 0.375
v 0.625 1.25 0.375
v 0.375 0.875 0.75
v 0.375 0.875 0.375
v 0.625 0.875 0.375
v 0.625 0.875 0.75
vt 0.953125 0.17578125
vt 0.953125 0.140625
vt 1 0.140625
vt 0.96484375 0.17578125
vt 0.96484375 0.17578125
vt 1 0.140625
vt 0.953125 0.140625
vt 0.953125 0.17578125
vt 0.7978515625 0.0341796875
vt 0.7978515625 0.0810546875
vt 0.7666015625 0.0810546875
vt 0.7666015625 0.0341796875
vt 0.953125 0.0638427734375
vt 0.953125 0.095703125
vt 0.9140625 0.095703125
vt 0.9140625 0.0638427734375
vt 0.919921875 0.17578125
vt 0.919921875 0.140625
vt 0.951171875 0.140625
vt 0.951171875 0.17578125
vt 0.791015625 0.064453125
vt 0.791015625 0.033203125
vt 0.822265625 0.033203125
vt 0.822265625 0.064453125
vt 0.953125 0.0107421875
vt 0.953125 0.031982421875
vt 0.9140625 0.031982421875
vt 0.9140625 0.0107421875
vt 0.953125 0.12890625
vt 0.953125 0.140625
vt 1 0.140625
vt 1 0.12890625
vt 0.7978515625 0.0341796875
vt 0.7978515625 0.0654296875
vt 0.7666015625 0.0654296875
vt 0.7666015625 0.0341796875
vt 1 0.12890625
vt 1 0.140625
vt 0.953125 0.140625
vt 0.953125 0.12890625
vn -1 0 0
vn 1 0 0
vn 0 1 0
vn 0 -1 0
vn 0 0 -1
vn 0 0.7071067811865476 0.7071067811865476
vn 0 0 -1
vn 1 0 0
vn 0 0 1
vn -1 0 0
usemtl m_1cd5f309-bd15-e7d6-9f47-afccc33b66ea
f 21/65/17 22/66/17 23/67/17 24/68/17
f 25/69/18 26/70/18 27/71/18 28/72/18
f 21/73/19 24/74/19 25/75/19 28/76/19
f 29/77/20 30/78/20 31/79/20 32/80/20
f 28/81/21 27/82/21 22/83/21 21/84/21
f 24/85/22 23/86/22 26/87/22 25/88/22
f 30/89/23 22/90/23 27/91/23 31/92/23
f 31/93/24 27/94/24 26/95/24 32/96/24
f 32/97/25 26/98/25 23/99/25 29/100/25
f 29/101/26 23/102/26 22/103/26 30/104/26
o left
v 0.5 0.375 0.375
v 0.5 0.375 -0.375
v 0.5 1.21875 -0.375
v 0.5 1.21875 0.375
v 0.5 0.375 -0.375
v 0.5 0.375 0.375
v 0.5 1.21875 0.375
v 0.5 1.21875 -0.375
vt 0.6455078125 0
vt 0.7392578125 0
vt 0.7392578125 0.10546875
vt 0.6455078125 0.10546875
vt 0.6455078125 0
vt 0.7392578125 0
vt 0.7392578125 0.10546875
vt 0.6455078125 0.10546875
vn 1 0 0
vn -1 0 0
usemtl m_1cd5f309-bd15-e7d6-9f47-afccc33b66ea
f 33/105/27 34/106/27 35/107/27 36/108/27
f 37/109/28 38/110/28 39/111/28 40/112/28
o left
v 0.4771234122634726 0.375 -0.022876587736527416
v 0.4916265877365274 0.375 -0.031249999999999997
v 0.5 0.375 0
v 0.4771234122634726 1 -0.022876587736527416
v 0.4916265877365274 1 -0.031249999999999997
v 0.5 1 0
v 0.46875 0.375 -0.008373412263472583
v 0.46875 1 -0.008373412263472583
v 0.46875 0.375 0.008373412263472586
v 0.46875 1 0.008373412263472586
v 0.4771234122634726 0.375 0.022876587736527412
v 0.4771234122634726 1 0.022876587736527412
v 0.4916265877365274 0.375 0.031249999999999993
v 0.4916265877365274 1 0.031249999999999993
v 0.5083734122634725 0.375 0.03125
v 0.5083734122634725 1 0.03125
v 0.5228765877365275 0.375 0.02287658773652742
v 0.5228765877365275 1 0.02287658773652742
v 0.53125 0.375 0.008373412263472579
v 0.53125 1 0.008373412263472579
v 0.53125 0.375 -0.008373412263472569
v 0.53125 1 -0.008373412263472569
v 0.5228765877365275 0.375 -0.02287658773652741
v 0.5228765877365275 1 -0.02287658773652741
v 0.5083734122634725 0.375 -0.031249999999999997
v 0.5083734122634725 1 -0.031249999999999997
vt 0.7843172044049106 0.09368124154754476
vt 0.7837758257755646 0.095703125
vt 0.7802734375 0.09368124154754476
vt 0.7802734375000001 0.033203125
vt 0.7823671875000001 0.033203125
vt 0.7823671875000001 0.095703125
vt 0.7802734375000001 0.095703125
vt 0.7802734375 0.09165902604867293
vt 0.7822951549428786 0.09220102429293708
vt 0.7802734375 0.095703125
vt 0.7843175364513271 0.0936814075571214
vt 0.7837755382070629 0.095703125
vt 0.7802734375 0.0936814075571214
vt 0.7802734375000001 0.033203125
vt 0.7823671875000001 0.033203125
vt 0.7823671875000001 0.095703125
vt 0.7802734375000001 0.095703125
vt 0.7802734375 0.0916593580950894
vt 0.7822953209524552 0.0922007367244354
vt 0.7802734375 0.095703125
vt 0.7841796875 0.09360937499999988
vt 0.7841796875 0.09570312499999989
vt 0.7802734375 0.09465624999999989
vt 0.7802734375000001 0.033203125
vt 0.7823671875000001 0.033203125
vt 0.7823671875000001 0.095703125
vt 0.7802734375000001 0.095703125
vt 0.7841796875 0.09360937499999988
vt 0.7841796875 0.09570312499999989
vt 0.7802734375 0.09465624999999989
vt 0.7802734375 0.0916593580950894
vt 0.7822953209524552 0.0922007367244354
vt 0.7802734375 0.095703125
vt 0.7802734375000001 0.033203125
vt 0.7823671875000001 0.033203125
vt 0.7823671875000001 0.095703125
vt 0.7802734375000001 0.095703125
vt 0.7843175364513271 0.0936814075571214
vt 0.7837755382070629 0.095703125
vt 0.7802734375 0.0936814075571214
vt 0.7802734375 0.09165902604867293
vt 0.7822951549428786 0.09220102429293708
vt 0.7802734375 0.095703125
vt 0.7802734375000001 0.033203125
vt 0.7823671875000001 0.033203125
vt 0.7823671875000001 0.095703125
vt 0.7802734375000001 0.095703125
vt 0.7843172044049106 0.09368124154754476
vt 0.7837758257755646 0.095703125
vt 0.7802734375 0.09368124154754476
vt 0.7802734375000001 0.091796875
vt 0.7823671875000001 0.091796875
vt 0.7813203125000001 0.095703125
vt 0.7802734375000001 0.033203125
vt 0.7823671875000001 0.033203125
vt 0.7823671875000001 0.095703125
vt 0.7802734375000001 0.095703125
vt 0.7823671875000001 0.095703125
vt 0.7802734375000001 0.095703125
vt 0.7813203125000001 0.091796875
vt 0.7802734375 0.095703125
vt 0.780814816129346 0.09368124154754476
vt 0.7843172044049106 0.095703125
vt 0.7802734375000001 0.033203125
vt 0.7823671875000001 0.033203125
vt 0.7823671875000001 0.095703125
vt 0.7802734375000001 0.095703125
vt 0.7822951549428786 0.095703125
vt 0.7802734375 0.09516112675573574
vt 0.7822951549428786 0.09165902604867293
vt 0.7802734375 0.095703125
vt 0.7808154357442643 0.0936814075571214
vt 0.7843175364513271 0.095703125
vt 0.7802734375000001 0.033203125
vt 0.7823671875000001 0.033203125
vt 0.7823671875000001 0.095703125
vt 0.7802734375000001 0.095703125
vt 0.7822953209524552 0.095703125
vt 0.7802734375 0.095161746370654
vt 0.7822953209524552 0.0916593580950894
vt 0.7802734375 0.09570312499999989
vt 0.7802734375 0.09360937499999988
vt 0.7841796875 0.09465624999999989
vt 0.7802734375000001 0.033203125
vt 0.7823671875000001 0.033203125
vt 0.7823671875000001 0.095703125
vt 0.7802734375000001 0.095703125
vt 0.7802734375 0.09570312499999989
vt 0.7802734375 0.09360937499999988
vt 0.7841796875 0.09465624999999989
vt 0.7822953209524552 0.095703125
vt 0.7802734375 0.095161746370654
vt 0.7822953209524552 0.0916593580950894
vt 0.7802734375000001 0.033203125
vt 0.7823671875000001 0.033203125
vt 0.7823671875000001 0.095703125
vt 0.7802734375000001 0.095703125
vt 0.7802734375 0.095703125
vt 0.7808154357442643 0.0936814075571214
vt 0.7843175364513271 0.095703125
vt 0.7822951549428786 0.095703125
vt 0.7802734375 0.09516112675573574
vt 0.7822951549428786 0.09165902604867293
vt 0.7802734375000001 0.033203125
vt 0.7823671875000001 0.033203125
vt 0.7823671875000001 0.095703125
vt 0.7802734375000001 0.095703125
vt 0.7802734375 0.095703125
vt 0.780814816129346 0.09368124154754476
vt 0.7843172044049106 0.095703125
vt 0.7823671875000001 0.095703125
vt 0.7802734375000001 0.095703125
vt 0.7813203125000001 0.091796875
vt 0.7802734375000001 0.033203125
vt 0.7823671875000001 0.033203125
vt 0.7823671875000001 0.095703125
vt 0.7802734375000001 0.095703125
vt 0.7802734375000001 0.091796875
vt 0.7823671875000001 0.091796875
vt 0.7813203125000001 0.095703125
vn 0 -1 0
vn -0.5000000000000008 0 -0.8660254037844384
vn 0 1 0
vn 0 -1 0
vn -0.8660254037844384 0 -0.5000000000000008
vn 0 1 0
vn 0 -1 0
vn -1 0 0
vn 0 1 0
vn 0 -1 0
vn -0.8660254037844384 0 0.5000000000000009
vn 0 1 0
vn 0 -1 0
vn -0.5000000000000008 0 0.8660254037844384
vn 0 1 0
vn 0 -1 0
vn -4.1434087356338823e-16 0 1
vn 0 1 0
vn 0 -1 0
vn 0.49999999999999784 0 0.8660254037844399
vn 0 1 0
vn 0 -1 0
vn 0.8660254037844398 0 0.499999999999998
vn 0 1 0
vn 0 -1 0
vn 1 0 0
vn 0 1 0
vn 0 -1 0
vn 0.8660254037844398 0 -0.499999999999998
vn 0 1 0
vn 0 -1 0
vn 0.49999999999999817 0 -0.8660254037844397
vn 0 1 0
vn 0 -1 0
vn 0 0 -1
vn 0 1 0
usemtl m_1cd5f309-bd15-e7d6-9f47-afccc33b66ea
f 41/113/29 42/114/29 43/115/29
f 42/116/30 41/117/30 44/118/30 45/119/30
f 45/120/31 44/121/31 46/122/31
f 47/123/32 41/124/32 43/125/32
f 41/126/33 47/127/33 48/128/33 44/129/33
f 44/130/34 48/131/34 46/132/34
f 49/133/35 47/134/35 43/135/35
f 47/136/36 49/137/36 50/138/36 48/139/36
f 48/140/37 50/141/37 46/142/37
f 51/143/38 49/144/38 43/145/38
f 49/146/39 51/147/39 52/148/39 50/149/39
f 50/150/40 52/151/40 46/152/40
f 53/153/41 51/154/41 43/155/41
f 51/156/42 53/157/42 54/158/42 52/159/42
f 52/160/43 54/161/43 46/162/43
f 55/163/44 53/164/44 43/165/44
f 53/166/45 55/167/45 56/168/45 54/169/45
f 54/170/46 56/171/46 46/172/46
f 57/173/47 55/174/47 43/175/47
f 55/176/48 57/177/48 58/178/48 56/179/48
f 56/180/49 58/181/49 46/182/49
f 59/183/50 57/184/50 43/185/50
f 57/186/51 59/187/51 60/188/51 58/189/51
f 58/190/52 60/191/52 46/192/52
f 61/193/53 59/194/53 43/195/53
f 59/196/54 61/197/54 62/198/54 60/199/54
f 60/200/55 62/201/55 46/202/55
f 63/203/56 61/204/56 43/205/56
f 61/206/57 63/207/57 64/208/57 62/209/57
f 62/210/58 64/211/58 46/212/58
f 65/213/59 63/214/59 43/215/59
f 63/216/60 65/217/60 66/218/60 64/219/60
f 64/220/61 66/221/61 46/222/61
f 42/223/62 65/224/62 43/225/62
f 65/226/63 42/227/63 45/228/63 66/229/63
f 66/230/64 45/231/64 46/232/64
o left
v 0.43137023679041775 1 -0.06862976320958225
v 0.47487976320958225 1 -0.09375
v 0.5 1 2.7755575615628907e-18
v 0.46650635094610965 1.21875 -0.12499999999999999
v 0.46650635094610965 1.046875 -0.12499999999999999
v 0.40849364905389035 1.046875 -0.09150635094610966
v 0.40849364905389035 1.21875 -0.09150635094610966
v 0.5 1.21875 2.7755575615628907e-18
v 0.40625 1 -0.025120236790417746
v 0.375 1.046875 -0.03349364905389033
v 0.375 1.21875 -0.03349364905389033
v 0.40625 1 0.025120236790417763
v 0.375 1.046875 0.03349364905389035
v 0.375 1.21875 0.03349364905389035
v 0.43137023679041775 1 0.06862976320958225
v 0.40849364905389035 1.046875 0.09150635094610966
v 0.40849364905389035 1.21875 0.09150635094610966
v 0.47487976320958225 1 0.09374999999999997
v 0.46650635094610965 1.046875 0.12499999999999997
v 0.46650635094610965 1.21875 0.12499999999999997
v 0.5251202367904177 1 0.09375
v 0.5334936490538903 1.046875 0.125
v 0.5334936490538903 1.21875 0.125
v 0.5686297632095823 1 0.06862976320958225
v 0.5915063509461097 1.046875 0.09150635094610969
v 0.5915063509461097 1.21875 0.09150635094610969
v 0.59375 1 0.02512023679041775
v 0.625 1.046875 0.03349364905389033
v 0.625 1.21875 0.03349364905389033
v 0.59375 1 -0.025120236790417704
v 0.625 1.046875 -0.033493649053890275
v 0.625 1.21875 -0.033493649053890275
v 0.5686297632095823 1 -0.06862976320958222
v 0.5915063509461097 1.046875 -0.09150635094610964
v 0.5915063509461097 1.21875 -0.09150635094610964
v 0.5251202367904177 1 -0.09375
v 0.5334936490538903 1.046875 -0.12499999999999999
v 0.5334936490538903 1.21875 -0.12499999999999999
vt 0.8004933768788984 0.08559315531055078
vt 0.7977848264506503 0.095703125
vt 0.7802734375 0.08559315531055078
vt 0.7802734375 0.095703125
vt 0.7802734375 0.072265625
vt 0.790740625 0.072265625
vt 0.790740625 0.095703125
vt 0.7802734375 0.07548283246743415
vt 0.7903832306156995 0.07819204189117768
vt 0.7802734375 0.095703125
vt 0.8004937300325659 0.08559333188430052
vt 0.7977845206088223 0.095703125
vt 0.7802734375 0.08559333188430052
vt 0.7802734375 0.095703125
vt 0.7802734375 0.072265625
vt 0.790740625 0.072265625
vt 0.790740625 0.095703125
vt 0.7802734375 0.07548318562110157
vt 0.7903834071894492 0.0781917360493497
vt 0.7802734375 0.095703125
vt 0.7998046875 0.08523593750000003
vt 0.7998046875 0.095703125
vt 0.7802734375 0.09046953125000001
vt 0.7802734375 0.095703125
vt 0.7802734375 0.072265625
vt 0.790740625 0.072265625
vt 0.790740625 0.095703125
vt 0.7998046875 0.08523593750000003
vt 0.7998046875 0.095703125
vt 0.7802734375 0.09046953125000001
vt 0.7802734375 0.07548318562110157
vt 0.7903834071894492 0.0781917360493497
vt 0.7802734375 0.095703125
vt 0.7802734375 0.095703125
vt 0.7802734375 0.072265625
vt 0.790740625 0.072265625
vt 0.790740625 0.095703125
vt 0.8004937300325659 0.08559333188430052
vt 0.7977845206088223 0.095703125
vt 0.7802734375 0.08559333188430052
vt 0.7802734375 0.07548283246743415
vt 0.7903832306156995 0.07819204189117768
vt 0.7802734375 0.095703125
vt 0.7802734375 0.095703125
vt 0.7802734375 0.072265625
vt 0.790740625 0.072265625
vt 0.790740625 0.095703125
vt 0.8004933768788984 0.08559315531055078
vt 0.7977848264506503 0.095703125
vt 0.7802734375 0.08559315531055078
vt 0.7802734375 0.076171875
vt 0.790740625 0.076171875
vt 0.78550703125 0.095703125
vt 0.7802734375 0.095703125
vt 0.7802734375 0.072265625
vt 0.790740625 0.072265625
vt 0.790740625 0.095703125
vt 0.790740625 0.095703125
vt 0.7802734375 0.095703125
vt 0.78550703125 0.076171875
vt 0.7802734375 0.095703125
vt 0.7829819879282481 0.08559315531055078
vt 0.8004933768788984 0.095703125
vt 0.7802734375 0.095703125
vt 0.7802734375 0.072265625
vt 0.790740625 0.072265625
vt 0.790740625 0.095703125
vt 0.7903832306156995 0.095703125
vt 0.7802734375 0.09299391557625647
vt 0.7903832306156995 0.07548283246743415
vt 0.7802734375 0.095703125
vt 0.7829826469237435 0.08559333188430052
vt 0.8004937300325659 0.095703125
vt 0.7802734375 0.095703125
vt 0.7802734375 0.072265625
vt 0.790740625 0.072265625
vt 0.790740625 0.095703125
vt 0.7903834071894492 0.095703125
vt 0.7802734375 0.09299457457175186
vt 0.7903834071894492 0.07548318562110157
vt 0.7802734375 0.095703125
vt 0.7802734375 0.08523593750000003
vt 0.7998046875 0.09046953125000001
vt 0.7802734375 0.095703125
vt 0.7802734375 0.072265625
vt 0.790740625 0.072265625
vt 0.790740625 0.095703125
vt 0.7802734375 0.095703125
vt 0.7802734375 0.08523593750000003
vt 0.7998046875 0.09046953125000001
vt 0.7903834071894492 0.095703125
vt 0.7802734375 0.09299457457175186
vt 0.7903834071894492 0.07548318562110157
vt 0.7802734375 0.095703125
vt 0.7802734375 0.072265625
vt 0.790740625 0.072265625
vt 0.790740625 0.095703125
vt 0.7802734375 0.095703125
vt 0.7829826469237435 0.08559333188430052
vt 0.8004937300325659 0.095703125
vt 0.7903832306156995 0.095703125
vt 0.7802734375 0.09299391557625647
vt 0.7903832306156995 0.07548283246743415
vt 0.7802734375 0.095703125
vt 0.7802734375 0.072265625
vt 0.790740625 0.072265625
vt 0.790740625 0.095703125
vt 0.7802734375 0.095703125
vt 0.7829819879282481 0.08559315531055078
vt 0.8004933768788984 0.095703125
vt 0.790740625 0.095703125
vt 0.7802734375 0.095703125
vt 0.78550703125 0.076171875
vt 0.7802734375 0.095703125
vt 0.7802734375 0.072265625
vt 0.790740625 0.072265625
vt 0.790740625 0.095703125
vt 0.7802734375 0.076171875
vt 0.790740625 0.076171875
vt 0.78550703125 0.095703125
vt 0.790740625 0.048828125
vt 0.790740625 0.072265625
vt 0.7802734375 0.072265625
vt 0.7802734375 0.048828125
vt 0.790740625 0.048828125
vt 0.790740625 0.072265625
vt 0.7802734375 0.072265625
vt 0.7802734375 0.048828125
vt 0.790740625 0.048828125
vt 0.790740625 0.072265625
vt 0.7802734375 0.072265625
vt 0.7802734375 0.048828125
vt 0.790740625 0.048828125
vt 0.790740625 0.072265625
vt 0.7802734375 0.072265625
vt 0.7802734375 0.048828125
vt 0.790740625 0.048828125
vt 0.790740625 0.072265625
vt 0.7802734375 0.072265625
vt 0.7802734375 0.048828125
vt 0.790740625 0.048828125
vt 0.790740625 0.072265625
vt 0.7802734375 0.072265625
vt 0.7802734375 0.048828125
vt 0.790740625 0.048828125
vt 0.790740625 0.072265625
vt 0.7802734375 0.072265625
vt 0.7802734375 0.048828125
vt 0.790740625 0.048828125
vt 0.790740625 0.072265625
vt 0.7802734375 0.072265625
vt 0.7802734375 0.048828125
vt 0.790740625 0.048828125
vt 0.790740625 0.072265625
vt 0.7802734375 0.072265625
vt 0.7802734375 0.048828125
vt 0.790740625 0.048828125
vt 0.790740625 0.072265625
vt 0.7802734375 0.072265625
vt 0.7802734375 0.048828125
vt 0.790740625 0.048828125
vt 0.790740625 0.072265625
vt 0.7802734375 0.072265625
vt 0.7802734375 0.048828125
vt 0.790740625 0.048828125
vt 0.790740625 0.072265625
vt 0.7802734375 0.072265625
vt 0.7802734375 0.048828125
vn 0 -1 0
vn -0.5000000000000001 0 -0.8660254037844388
vn 0 1 0
vn 0 -1 0
vn -0.8660254037844387 0 -0.5000000000000001
vn 0 1 0
vn 0 -1 0
vn -1 0 0
vn 0 1 0
vn 0 -1 0
vn -0.8660254037844387 0 0.5000000000000003
vn 0 1 0
vn 0 -1 0
vn -0.49999999999999983 0 0.8660254037844387
vn 0 1 0
vn 0 -1 0
vn -4.1434087356338784e-16 0 1
vn 0 1 0
vn 0 -1 0
vn 0.49999999999999917 0 0.8660254037844393
vn 0 1 0
vn 0 -1 0
vn 0.8660254037844392 0 0.49999999999999933
vn 0 1 0
vn 0 -1 0
vn 1 0 0
vn 0 1 0
vn 0 -1 0
vn 0.8660254037844392 0 -0.49999999999999933
vn 0 1 0
vn 0 -1 0
vn 0.4999999999999996 0 -0.8660254037844389
vn 0 1 0
vn 0 -1 0
vn 0 0 -1
vn 0 1 0
vn -0.8320502943378437 -0.5547001962252291 0
vn -0.7205766921228921 -0.554700196225229 -0.4160251471689219
vn -0.4160251471689219 -0.554700196225229 -0.7205766921228923
vn 0 -0.5547001962252289 -0.8320502943378438
vn 0.41602514716892164 -0.5547001962252288 -0.7205766921228925
vn 0.7205766921228922 -0.5547001962252295 -0.41602514716892114
vn 0.8320502943378437 -0.5547001962252291 0
vn 0.7205766921228924 -0.5547001962252293 0.4160251471689213
vn 0.416025147168921 -0.5547001962252296 0.7205766921228922
vn -3.4475244580461617e-16 -0.5547001962252291 0.8320502943378437
vn -0.4160251471689217 -0.5547001962252293 0.7205766921228921
vn -0.7205766921228921 -0.5547001962252289 0.416025147168922
usemtl m_1cd5f309-bd15-e7d6-9f47-afccc33b66ea
f 67/233/65 68/234/65 69/235/65
f 70/236/66 71/237/66 72/238/66 73/239/66
f 70/240/67 73/241/67 74/242/67
f 75/243/68 67/244/68 69/245/68
f 73/246/69 72/247/69 76/248/69 77/249/69
f 73/250/70 77/251/70 74/252/70
f 78/253/71 75/254/71 69/255/71
f 77/256/72 76/257/72 79/258/72 80/259/72
f 77/260/73 80/261/73 74/262/73
f 81/263/74 78/264/74 69/265/74
f 80/266/75 79/267/75 82/268/75 83/269/75
f 80/270/76 83/271/76 74/272/76
f 84/273/77 81/274/77 69/275/77
f 83/276/78 82/277/78 85/278/78 86/279/78
f 83/280/79 86/281/79 74/282/79
f 87/283/80 84/284/80 69/285/80
f 86/286/81 85/287/81 88/288/81 89/289/81
f 86/290/82 89/291/82 74/292/82
f 90/293/83 87/294/83 69/295/83
f 89/296/84 88/297/84 91/298/84 92/299/84
f 89/300/85 92/301/85 74/302/85
f 93/303/86 90/304/86 69/305/86
f 92/306/87 91/307/87 94/308/87 95/309/87
f 92/310/88 95/311/88 74/312/88
f 96/313/89 93/314/89 69/315/89
f 95/316/90 94/317/90 97/318/90 98/319/90
f 95/320/91 98/321/91 74/322/91
f 99/323/92 96/324/92 69/325/92
f 98/326/93 97/327/93 100/328/93 101/329/93
f 98/330/94 101/331/94 74/332/94
f 102/333/95 99/334/95 69/335/95
f 101/336/96 100/337/96 103/338/96 104/339/96
f 101/340/97 104/341/97 74/342/97
f 68/343/98 102/344/98 69/345/98
f 104/346/99 103/347/99 71/348/99 70/349/99
f 104/350/100 70/351/100 74/352/100
f 78/353/101 79/354/101 76/355/101 75/356/101
f 75/357/102 76/358/102 72/359/102 67/360/102
f 67/361/103 72/362/103 71/363/103 68/364/103
f 68/365/104 71/366/104 103/367/104 102/368/104
f 102/369/105 103/370/105 100/371/105 99/372/105
f 99/373/106 100/374/106 97/375/106 96/376/106
f 96/377/107 97/378/107 94/379/107 93/380/107
f 93/381/108 94/382/108 91/383/108 90/384/108
f 90/385/109 91/386/109 88/387/109 87/388/109
f 87/389/110 88/390/110 85/391/110 84/392/110
f 84/393/111 85/394/111 82/395/111 81/396/111
f 81/397/112 82/398/112 79/399/112 78/400/112
o left
v 0.48325317547305485 1.2458132938682638 -0.062499999999999986
v 0.4542468245269452 1.2458132938682638 -0.04575317547305482
v 0.5 1.25 0
v 0.47099364905389035 1.234375 -0.10825317547305482
v 0.42075317547305485 1.234375 -0.07924682452694516
v 0.46650635094610965 1.21875 -0.12499999999999999
v 0.40849364905389035 1.21875 -0.09150635094610966
v 0.4375 1.2458132938682638 -0.01674682452694516
v 0.3917468245269452 1.234375 -0.029006350946109656
v 0.375 1.21875 -0.03349364905389033
v 0.4375 1.2458132938682638 0.01674682452694517
v 0.3917468245269452 1.234375 0.02900635094610967
v 0.375 1.21875 0.033493649053890344
v 0.4542468245269452 1.2458132938682638 0.04575317547305481
v 0.42075317547305485 1.234375 0.07924682452694516
v 0.40849364905389035 1.21875 0.09150635094610965
v 0.4832531754730548 1.2458132938682638 0.06249999999999997
v 0.4709936490538903 1.234375 0.10825317547305481
v 0.46650635094610965 1.21875 0.12499999999999997
v 0.5167468245269451 1.2458132938682638 0.06249999999999999
v 0.5290063509461096 1.234375 0.10825317547305484
v 0.5334936490538903 1.21875 0.125
v 0.5457531754730548 1.2458132938682638 0.045753175473054825
v 0.5792468245269452 1.234375 0.07924682452694518
v 0.5915063509461096 1.21875 0.09150635094610968
v 0.5625 1.2458132938682638 0.016746824526945155
v 0.6082531754730548 1.234375 0.029006350946109646
v 0.625 1.21875 0.033493649053890316
v 0.5625 1.2458132938682638 -0.016746824526945134
v 0.6082531754730548 1.234375 -0.029006350946109608
v 0.625 1.21875 -0.033493649053890275
v 0.5457531754730548 1.2458132938682638 -0.045753175473054804
v 0.5792468245269452 1.234375 -0.07924682452694515
v 0.5915063509461097 1.21875 -0.09150635094610964
v 0.5167468245269452 1.2458132938682638 -0.062499999999999986
v 0.5290063509461096 1.234375 -0.10825317547305482
v 0.5334936490538903 1.21875 -0.12499999999999999
vt 0.7802734375000004 0.08761562499999997
vt 0.7844593750000004 0.08761562499999997
vt 0.7823664062500004 0.095703125
vt 0.7818062500000003 0.095703125
vt 0.7802734375000002 0.08761562499999997
vt 0.7875250000000003 0.08761562499999997
vt 0.7859921875000002 0.095703125
vt 0.780834375 0.095703125
vt 0.7802734375 0.08761562499999997
vt 0.788646875 0.08761562499999997
vt 0.7880859375 0.095703125
vt 0.7802734375000004 0.08761562499999997
vt 0.7844593750000004 0.08761562499999997
vt 0.7823664062500004 0.095703125
vt 0.7818062500000003 0.095703125
vt 0.7802734375000002 0.08761562499999997
vt 0.7875250000000003 0.08761562499999997
vt 0.7859921875000002 0.095703125
vt 0.780834375 0.095703125
vt 0.7802734375 0.08761562499999997
vt 0.788646875 0.08761562499999997
vt 0.7880859375 0.095703125
vt 0.7802734375000004 0.08761562499999997
vt 0.7844593750000004 0.08761562499999997
vt 0.7823664062500004 0.095703125
vt 0.7818062500000003 0.095703125
vt 0.7802734375000002 0.08761562499999997
vt 0.7875250000000003 0.08761562499999997
vt 0.7859921875000002 0.095703125
vt 0.780834375 0.095703125
vt 0.7802734375 0.08761562499999997
vt 0.788646875 0.08761562499999997
vt 0.7880859375 0.095703125
vt 0.7802734375000004 0.08761562499999997
vt 0.7844593750000004 0.08761562499999997
vt 0.7823664062500004 0.095703125
vt 0.7818062500000003 0.095703125
vt 0.7802734375000002 0.08761562499999997
vt 0.7875250000000003 0.08761562499999997
vt 0.7859921875000002 0.095703125
vt 0.780834375 0.095703125
vt 0.7802734375 0.08761562499999997
vt 0.788646875 0.08761562499999997
vt 0.7880859375 0.095703125
vt 0.7802734375000004 0.08761562499999997
vt 0.7844593750000004 0.08761562499999997
vt 0.7823664062500004 0.095703125
vt 0.7818062500000003 0.095703125
vt 0.7802734375000002 0.08761562499999997
vt 0.7875250000000003 0.08761562499999997
vt 0.7859921875000002 0.095703125
vt 0.780834375 0.095703125
vt 0.7802734375 0.08761562499999997
vt 0.788646875 0.08761562499999997
vt 0.7880859375 0.095703125
vt 0.7802734375000004 0.08761562499999997
vt 0.7844593750000004 0.08761562499999997
vt 0.7823664062500004 0.095703125
vt 0.7818062500000003 0.095703125
vt 0.7802734375000002 0.08761562499999997
vt 0.7875250000000003 0.08761562499999997
vt 0.7859921875000002 0.095703125
vt 0.780834375 0.095703125
vt 0.7802734375 0.08761562499999997
vt 0.788646875 0.08761562499999997
vt 0.7880859375 0.095703125
vt 0.7802734375000004 0.08761562499999997
vt 0.7844593750000004 0.08761562499999997
vt 0.7823664062500004 0.095703125
vt 0.7818062500000003 0.095703125
vt 0.7802734375000002 0.08761562499999997
vt 0.7875250000000003 0.08761562499999997
vt 0.7859921875000002 0.095703125
vt 0.780834375 0.095703125
vt 0.7802734375 0.08761562499999997
vt 0.788646875 0.08761562499999997
vt 0.7880859375 0.095703125
vt 0.7802734375000004 0.08761562499999997
vt 0.7844593750000004 0.08761562499999997
vt 0.7823664062500004 0.095703125
vt 0.7818062500000003 0.095703125
vt 0.7802734375000002 0.08761562499999997
vt 0.7875250000000003 0.08761562499999997
vt 0.7859921875000002 0.095703125
vt 0.780834375 0.095703125
vt 0.7802734375 0.08761562499999997
vt 0.788646875 0.08761562499999997
vt 0.7880859375 0.095703125
vt 0.7802734375000004 0.08761562499999997
vt 0.7844593750000004 0.08761562499999997
vt 0.7823664062500004 0.095703125
vt 0.7818062500000003 0.095703125
vt 0.7802734375000002 0.08761562499999997
vt 0.7875250000000003 0.08761562499999997
vt 0.7859921875000002 0.095703125
vt 0.780834375 0.095703125
vt 0.7802734375 0.08761562499999997
vt 0.788646875 0.08761562499999997
vt 0.7880859375 0.095703125
vt 0.7802734375000004 0.08761562499999997
vt 0.7844593750000004 0.08761562499999997
vt 0.7823664062500004 0.095703125
vt 0.7818062500000003 0.095703125
vt 0.7802734375000002 0.08761562499999997
vt 0.7875250000000003 0.08761562499999997
vt 0.7859921875000002 0.095703125
vt 0.780834375 0.095703125
vt 0.7802734375 0.08761562499999997
vt 0.788646875 0.08761562499999997
vt 0.7880859375 0.095703125
vt 0.7802734375000004 0.08761562499999997
vt 0.7844593750000004 0.08761562499999997
vt 0.7823664062500004 0.095703125
vt 0.7818062500000003 0.095703125
vt 0.7802734375000002 0.08761562499999997
vt 0.7875250000000003 0.08761562499999997
vt 0.7859921875000002 0.095703125
vt 0.780834375 0.095703125
vt 0.7802734375 0.08761562499999997
vt 0.788646875 0.08761562499999997
vt 0.7880859375 0.095703125
vt 0.7802734375000004 0.08761562499999997
vt 0.7844593750000004 0.08761562499999997
vt 0.7823664062500004 0.095703125
vt 0.7818062500000003 0.095703125
vt 0.7802734375000002 0.08761562499999997
vt 0.7875250000000003 0.08761562499999997
vt 0.7859921875000002 0.095703125
vt 0.780834375 0.095703125
vt 0.7802734375 0.08761562499999997
vt 0.788646875 0.08761562499999997
vt 0.7880859375 0.095703125
vn -0.03341875302643535 0.9977638737620403 -0.05788297816738219
vn -0.12126781251816725 0.9701425001453317 -0.21004201260420274
vn -0.34109647375746277 0.7311721974753267 -0.5907964228305098
vn -0.05788297816738216 0.9977638737620403 -0.03341875302643539
vn -0.21004201260420274 0.9701425001453317 -0.12126781251816718
vn -0.5907964228305097 0.7311721974753268 -0.34109647375746277
vn -0.06683750605287064 0.9977638737620403 0
vn -0.2425356250363347 0.9701425001453317 0
vn -0.682192947514925 0.7311721974753271 0
vn -0.057882978167382144 0.9977638737620403 0.0334187530264354
vn -0.2100420126042029 0.9701425001453315 0.1212678125181673
vn -0.5907964228305094 0.731172197475327 0.34109647375746277
vn -0.03341875302643538 0.9977638737620403 0.05788297816738216
vn -0.12126781251816726 0.9701425001453317 0.21004201260420266
vn -0.3410964737574628 0.7311721974753265 0.5907964228305099
vn -4.154026596711702e-17 0.9977638737620403 0.06683750605287066
vn -7.92558750363772e-17 0.9701425001453317 0.24253562503633444
vn -2.826604218121168e-16 0.7311721974753264 0.6821929475149259
vn 0.0334187530264353 0.9977638737620403 0.05788297816738222
vn 0.12126781251816696 0.9701425001453315 0.21004201260420277
vn 0.34109647375746277 0.7311721974753267 0.5907964228305098
vn 0.05788297816738216 0.9977638737620403 0.03341875302643538
vn 0.21004201260420272 0.9701425001453317 0.12126781251816687
vn 0.5907964228305113 0.7311721974753249 0.3410964737574641
vn 0.06683750605287066 0.9977638737620403 0
vn 0.24253562503633466 0.9701425001453317 0
vn 0.682192947514925 0.7311721974753272 0
vn 0.05788297816738217 0.9977638737620403 -0.033418753026435384
vn 0.21004201260420308 0.9701425001453317 -0.12126781251816704
vn 0.5907964228305097 0.7311721974753271 -0.3410964737574621
vn 0.03341875302643542 0.9977638737620403 -0.057882978167382144
vn 0.12126781251816704 0.9701425001453315 -0.21004201260420266
vn 0.3410964737574626 0.7311721974753265 -0.5907964228305101
vn 0 0.9977638737620403 -0.06683750605287067
vn 0 0.9701425001453317 -0.24253562503633447
vn 0 0.7311721974753264 -0.6821929475149259
usemtl m_1cd5f309-bd15-e7d6-9f47-afccc33b66ea
f 105/401/113 106/402/113 107/403/113
f 105/404/114 108/405/114 109/406/114 106/407/114
f 108/408/115 110/409/115 111/410/115 109/411/115
f 106/412/116 112/413/116 107/414/116
f 106/415/117 109/416/117 113/417/117 112/418/117
f 109/419/118 111/420/118 114/421/118 113/422/118
f 112/423/119 115/424/119 107/425/119
f 112/426/120 113/427/120 116/428/120 115/429/120
f 113/430/121 114/431/121 117/432/121 116/433/121
f 115/434/122 118/435/122 107/436/122
f 115/437/123 116/438/123 119/439/123 118/440/123
f 116/441/124 117/442/124 120/443/124 119/444/124
f 118/445/125 121/446/125 107/447/125
f 118/448/126 119/449/126 122/450/126 121/451/126
f 119/452/127 120/453/127 123/454/127 122/455/127
f 121/456/128 124/457/128 107/458/128
f 121/459/129 122/460/129 125/461/129 124/462/129
f 122/463/130 123/464/130 126/465/130 125/466/130
f 124/467/131 127/468/131 107/469/131
f 124/470/132 125/471/132 128/472/132 127/473/132
f 125/474/133 126/475/133 129/476/133 128/477/133
f 127/478/134 130/479/134 107/480/134
f 127/481/135 128/482/135 131/483/135 130/484/135
f 128/485/136 129/486/136 132/487/136 131/488/136
f 130/489/137 133/490/137 107/491/137
f 130/492/138 131/493/138 134/494/138 133/495/138
f 131/496/139 132/497/139 135/498/139 134/499/139
f 133/500/140 136/501/140 107/502/140
f 133/503/141 134/504/141 137/505/141 136/506/141
f 134/507/142 135/508/142 138/509/142 137/510/142
f 136/511/143 139/512/143 107/513/143
f 136/514/144 137/515/144 140/516/144 139/517/144
f 137/518/145 138/519/145 141/520/145 140/521/145
f 139/522/146 105/523/146 107/524/146
f 139/525/147 140/526/147 108/527/147 105/528/147
f 140/529/148 141/530/148 110/531/148 108/532/148
o right
v -0.375 0 -0.375
v -0.625 0 -0.375
v -0.625 0.375 -0.375
v -0.375 0.375 -0.375
v -0.375 0 0.375
v -0.375 0.375 0.375
v -0.625 0 0.375
v -0.625 0.375 0.375
vt 0.8828125 0.013671875
vt 0.904296875 0.013671875
vt 0.904296875 0.0506591796875
vt 0.8828125 0.0506591796875
vt 0.904296875 0.013671875
vt 0.96875 0.013671875
vt 0.96875 0.0506591796875
vt 0.904296875 0.0506591796875
vt 0.8828125 0.013671875
vt 0.904296875 0.013671875
vt 0.904296875 0.0506591796875
vt 0.8828125 0.0506591796875
vt 0.8828125 0.013671875
vt 0.947265625 0.013671875
vt 0.947265625 0.0506591796875
vt 0.8828125 0.0506591796875
vt 0.904296875 0.087646484375
vt 0.8828125 0.087646484375
vt 0.8828125 0.013671875
vt 0.904296875 0.013671875
vt 0.904296875 0.1123046875
vt 0.8828125 0.1123046875
vt 0.8828125 0.038330078125
vt 0.904296875 0.038330078125
vn 0 0 -1
vn 1 0 0
vn 0 0 1
vn -1 0 0
vn 0 1 0
vn 0 -1 0
usemtl m_1cd5f309-bd15-e7d6-9f47-afccc33b66ea
f 142/533/149 143/534/149 144/535/149 145/536/149
f 146/537/150 142/538/150 145/539/150 147/540/150
f 148/541/151 146/542/151 147/543/151 149/544/151
f 143/545/152 148/546/152 149/547/152 144/548/152
f 149/549/153 147/550/153 145/551/153 144/552/153
f 143/553/154 142/554/154 146/555/154 148/556/154
o right
v -0.625 1.25 -0.46875
v -0.625 0.96875 -0.75
v -0.625 0.96875 -0.375
v -0.625 1.25 -0.375
v -0.375 1.25 -0.375
v -0.375 0.96875 -0.375
v -0.375 0.96875 -0.75
v -0.375 1.25 -0.46875
v -0.625 0.875 -0.375
v -0.625 0.875 -0.75
v -0.375 0.875 -0.75
v -0.375 0.875 -0.375
vt 0.96484375 0.17578125
vt 1 0.140625
vt 0.953125 0.140625
vt 0.953125 0.17578125
vt 0.953125 0.17578125
vt 0.953125 0.140625
vt 1 0.140625
vt 0.96484375 0.17578125
vt 0.83203125 0.0361328125
vt 0.83203125 0.0830078125
vt 0.80078125 0.0830078125
vt 0.80078125 0.0361328125
vt 0.953125 0.0638427734375
vt 0.953125 0.095703125
vt 0.9140625 0.095703125
vt 0.9140625 0.0638427734375
vt 0.80078125 0.0986328125
vt 0.80078125 0.0673828125
vt 0.83203125 0.0673828125
vt 0.83203125 0.0986328125
vt 0.919921875 0.17578125
vt 0.919921875 0.140625
vt 0.951171875 0.140625
vt 0.951171875 0.17578125
vt 0.83203125 0.0361328125
vt 0.83203125 0.0673828125
vt 0.80078125 0.0673828125
vt 0.80078125 0.0361328125
vt 1 0.12890625
vt 1 0.140625
vt 0.953125 0.140625
vt 0.953125 0.12890625
vt 0.953125 0.0107421875
vt 0.953125 0.031982421875
vt 0.9140625 0.031982421875
vt 0.9140625 0.0107421875
vt 0.953125 0.12890625
vt 0.953125 0.140625
vt 1 0.140625
vt 1 0.12890625
vn -1 0 0
vn 1 0 0
vn 0 1 0
vn 0 -1 0
vn 0 0.7071067811865476 -0.7071067811865476
vn 0 0 1
vn 0 0 -1
vn 1 0 0
vn 0 0 1
vn -1 0 0
usemtl m_1cd5f309-bd15-e7d6-9f47-afccc33b66ea
f 150/557/155 151/558/155 152/559/155 153/560/155
f 154/561/156 155/562/156 156/563/156 157/564/156
f 150/565/157 153/566/157 154/567/157 157/568/157
f 158/569/158 159/570/158 160/571/158 161/572/158
f 157/573/159 156/574/159 151/575/159 150/576/159
f 153/577/160 152/578/160 155/579/160 154/580/160
f 159/581/161 151/582/161 156/583/161 160/584/161
f 160/585/162 156/586/162 155/587/162 161/588/162
f 161/589/163 155/590/163 152/591/163 158/592/163
f 158/593/164 152/594/164 151/595/164 159/596/164
o right
v -0.625 1.25 0.375
v -0.625 0.96875 0.375
v -0.625 0.96875 0.75
v -0.625 1.25 0.46875
v -0.375 1.25 0.46875
v -0.375 0.96875 0.75
v -0.375 0.96875 0.375
v -0.375 1.25 0.375
v -0.625 0.875 0.75
v -0.625 0.875 0.375
v -0.375 0.875 0.375
v -0.375 0.875 0.75
vt 0.953125 0.17578125
vt 0.953125 0.140625
vt 1 0.140625
vt 0.96484375 0.17578125
vt 0.96484375 0.17578125
vt 1 0.140625
vt 0.953125 0.140625
vt 0.953125 0.17578125
vt 0.8505859375 0.02734375
vt 0.8505859375 0.07421875
vt 0.8193359375 0.07421875
vt 0.8193359375 0.02734375
vt 0.953125 0.0638427734375
vt 0.953125 0.095703125
vt 0.9140625 0.095703125
vt 0.9140625 0.0638427734375
vt 0.919921875 0.17578125
vt 0.919921875 0.140625
vt 0.951171875 0.140625
vt 0.951171875 0.17578125
vt 0.8193359375 0.08984375
vt 0.8193359375 0.05859375
vt 0.8505859375 0.05859375
vt 0.8505859375 0.08984375
vt 0.953125 0.0107421875
vt 0.953125 0.031982421875
vt 0.9140625 0.031982421875
vt 0.9140625 0.0107421875
vt 0.953125 0.12890625
vt 0.953125 0.140625
vt 1 0.140625
vt 1 0.12890625
vt 0.8505859375 0.02734375
vt 0.8505859375 0.05859375
vt 0.8193359375 0.05859375
vt 0.8193359375 0.02734375
vt 1 0.12890625
vt 1 0.140625
vt 0.953125 0.140625
vt 0.953125 0.12890625
vn -1 0 0
vn 1 0 0
vn 0 1 0
vn 0 -1 0
vn 0 0 -1
vn 0 0.7071067811865476 0.7071067811865476
vn 0 0 -1
vn 1 0 0
vn 0 0 1
vn -1 0 0
usemtl m_1cd5f309-bd15-e7d6-9f47-afccc33b66ea
f 162/597/165 163/598/165 164/599/165 165/600/165
f 166/601/166 167/602/166 168/603/166 169/604/166
f 162/605/167 165/606/167 166/607/167 169/608/167
f 170/609/168 171/610/168 172/611/168 173/612/168
f 169/613/169 168/614/169 163/615/169 162/616/169
f 165/617/170 164/618/170 167/619/170 166/620/170
f 171/621/171 163/622/171 168/623/171 172/624/171
f 172/625/172 168/626/172 167/627/172 173/628/172
f 173/629/173 167/630/173 164/631/173 170/632/173
f 170/633/174 164/634/174 163/635/174 171/636/174
o right
v -0.5 0.375 0.375
v -0.5 0.375 -0.375
v -0.5 1.21875 -0.375
v -0.5 1.21875 0.375
v -0.5 0.375 -0.375
v -0.5 0.375 0.375
v -0.5 1.21875 0.375
v -0.5 1.21875 -0.375
vt 0.6455078125 0
vt 0.7392578125 0
vt 0.7392578125 0.10546875
vt 0.6455078125 0.10546875
vt 0.6455078125 0
vt 0.7392578125 0
vt 0.7392578125 0.10546875
vt 0.6455078125 0.10546875
vn 1 0 0
vn -1 0 0
usemtl m_1cd5f309-bd15-e7d6-9f47-afccc33b66ea
f 174/637/175 175/638/175 176/639/175 177/640/175
f 178/641/176 179/642/176 180/643/176 181/644/176
o right
v -0.5228765877365275 0.375 -0.022876587736527416
v -0.5083734122634725 0.375 -0.031249999999999997
v -0.5 0.375 0
v -0.5228765877365275 1 -0.022876587736527416
v -0.5083734122634725 1 -0.031249999999999997
v -0.5 1 0
v -0.53125 0.375 -0.008373412263472583
v -0.53125 1 -0.008373412263472583
v -0.53125 0.375 0.008373412263472586
v -0.53125 1 0.008373412263472586
v -0.5228765877365275 0.375 0.022876587736527412
v -0.5228765877365275 1 0.022876587736527412
v -0.5083734122634725 0.375 0.031249999999999993
v -0.5083734122634725 1 0.031249999999999993
v -0.49162658773652745 0.375 0.03125
v -0.49162658773652745 1 0.03125
v -0.4771234122634726 0.375 0.02287658773652742
v -0.4771234122634726 1 0.02287658773652742
v -0.46875 0.375 0.008373412263472579
v -0.46875 1 0.008373412263472579
v -0.46875 0.375 -0.008373412263472569
v -0.46875 1 -0.008373412263472569
v -0.4771234122634726 0.375 -0.02287658773652741
v -0.4771234122634726 1 -0.02287658773652741
v -0.4916265877365274 0.375 -0.031249999999999997
v -0.4916265877365274 1 -0.031249999999999997
vt 0.7843172044049106 0.09368124154754476
vt 0.7837758257755646 0.095703125
vt 0.7802734375 0.09368124154754476
vt 0.7802734375000001 0.033203125
vt 0.7823671875000001 0.033203125
vt 0.7823671875000001 0.095703125
vt 0.7802734375000001 0.095703125
vt 0.7802734375 0.09165902604867293
vt 0.7822951549428786 0.09220102429293708
vt 0.7802734375 0.095703125
vt 0.7843175364513271 0.0936814075571214
vt 0.7837755382070629 0.095703125
vt 0.7802734375 0.0936814075571214
vt 0.7802734375000001 0.033203125
vt 0.7823671875000001 0.033203125
vt 0.7823671875000001 0.095703125
vt 0.7802734375000001 0.095703125
vt 0.7802734375 0.0916593580950894
vt 0.7822953209524552 0.0922007367244354
vt 0.7802734375 0.095703125
vt 0.7841796875 0.09360937499999988
vt 0.7841796875 0.09570312499999989
vt 0.7802734375 0.09465624999999989
vt 0.7802734375000001 0.033203125
vt 0.7823671875000001 0.033203125
vt 0.7823671875000001 0.095703125
vt 0.7802734375000001 0.095703125
vt 0.7841796875 0.09360937499999988
vt 0.7841796875 0.09570312499999989
vt 0.7802734375 0.09465624999999989
vt 0.7802734375 0.0916593580950894
vt 0.7822953209524552 0.0922007367244354
vt 0.7802734375 0.095703125
vt 0.7802734375000001 0.033203125
vt 0.7823671875000001 0.033203125
vt 0.7823671875000001 0.095703125
vt 0.7802734375000001 0.095703125
vt 0.7843175364513271 0.0936814075571214
vt 0.7837755382070629 0.095703125
vt 0.7802734375 0.0936814075571214
vt 0.7802734375 0.09165902604867293
vt 0.7822951549428786 0.09220102429293708
vt 0.7802734375 0.095703125
vt 0.7802734375000001 0.033203125
vt 0.7823671875000001 0.033203125
vt 0.7823671875000001 0.095703125
vt 0.7802734375000001 0.095703125
vt 0.7843172044049106 0.09368124154754476
vt 0.7837758257755646 0.095703125
vt 0.7802734375 0.09368124154754476
vt 0.7802734375000001 0.091796875
vt 0.7823671875000001 0.091796875
vt 0.7813203125000001 0.095703125
vt 0.7802734375000001 0.033203125
vt 0.7823671875000001 0.033203125
vt 0.7823671875000001 0.095703125
vt 0.7802734375000001 0.095703125
vt 0.7823671875000001 0.095703125
vt 0.7802734375000001 0.095703125
vt 0.7813203125000001 0.091796875
vt 0.7802734375 0.095703125
vt 0.780814816129346 0.09368124154754476
vt 0.7843172044049106 0.095703125
vt 0.7802734375000001 0.033203125
vt 0.7823671875000001 0.033203125
vt 0.7823671875000001 0.095703125
vt 0.7802734375000001 0.095703125
vt 0.7822951549428786 0.095703125
vt 0.7802734375 0.09516112675573574
vt 0.7822951549428786 0.09165902604867293
vt 0.7802734375 0.095703125
vt 0.7808154357442643 0.0936814075571214
vt 0.7843175364513271 0.095703125
vt 0.7802734375000001 0.033203125
vt 0.7823671875000001 0.033203125
vt 0.7823671875000001 0.095703125
vt 0.7802734375000001 0.095703125
vt 0.7822953209524552 0.095703125
vt 0.7802734375 0.095161746370654
vt 0.7822953209524552 0.0916593580950894
vt 0.7802734375 0.09570312499999989
vt 0.7802734375 0.09360937499999988
vt 0.7841796875 0.09465624999999989
vt 0.7802734375000001 0.033203125
vt 0.7823671875000001 0.033203125
vt 0.7823671875000001 0.095703125
vt 0.7802734375000001 0.095703125
vt 0.7802734375 0.09570312499999989
vt 0.7802734375 0.09360937499999988
vt 0.7841796875 0.09465624999999989
vt 0.7822953209524552 0.095703125
vt 0.7802734375 0.095161746370654
vt 0.7822953209524552 0.0916593580950894
vt 0.7802734375000001 0.033203125
vt 0.7823671875000001 0.033203125
vt 0.7823671875000001 0.095703125
vt 0.7802734375000001 0.095703125
vt 0.7802734375 0.095703125
vt 0.7808154357442643 0.0936814075571214
vt 0.7843175364513271 0.095703125
vt 0.7822951549428786 0.095703125
vt 0.7802734375 0.09516112675573574
vt 0.7822951549428786 0.09165902604867293
vt 0.7802734375000001 0.033203125
vt 0.7823671875000001 0.033203125
vt 0.7823671875000001 0.095703125
vt 0.7802734375000001 0.095703125
vt 0.7802734375 0.095703125
vt 0.780814816129346 0.09368124154754476
vt 0.7843172044049106 0.095703125
vt 0.7823671875000001 0.095703125
vt 0.7802734375000001 0.095703125
vt 0.7813203125000001 0.091796875
vt 0.7802734375000001 0.033203125
vt 0.7823671875000001 0.033203125
vt 0.7823671875000001 0.095703125
vt 0.7802734375000001 0.095703125
vt 0.7802734375000001 0.091796875
vt 0.7823671875000001 0.091796875
vt 0.7813203125000001 0.095703125
vn 0 -1 0
vn -0.49999999999999784 0 -0.8660254037844399
vn 0 1 0
vn 0 -1 0
vn -0.8660254037844397 0 -0.4999999999999983
vn 0 1 0
vn 0 -1 0
vn -1 0 0
vn 0 1 0
vn 0 -1 0
vn -0.8660254037844396 0 0.49999999999999833
vn 0 1 0
vn 0 -1 0
vn -0.49999999999999784 0 0.8660254037844399
vn 0 1 0
vn 0 -1 0
vn -4.143408735633896e-16 0 1
vn 0 1 0
vn 0 -1 0
vn 0.4999999999999993 0 0.866025403784439
vn 0 1 0
vn 0 -1 0
vn 0.8660254037844384 0 0.5000000000000004
vn 0 1 0
vn 0 -1 0
vn 1 0 0
vn 0 1 0
vn 0 -1 0
vn 0.8660254037844384 0 -0.5000000000000004
vn 0 1 0
vn 0 -1 0
vn 0.500000000000001 0 -0.866025403784438
vn 0 1 0
vn 0 -1 0
vn 0 0 -1
vn 0 1 0
usemtl m_1cd5f309-bd15-e7d6-9f47-afccc33b66ea
f 182/645/177 183/646/177 184/647/177
f 183/648/178 182/649/178 185/650/178 186/651/178
f 186/652/179 185/653/179 187/654/179
f 188/655/180 182/656/180 184/657/180
f 182/658/181 188/659/181 189/660/181 185/661/181
f 185/662/182 189/663/182 187/664/182
f 190/665/183 188/666/183 184/667/183
f 188/668/184 190/669/184 191/670/184 189/671/184
f 189/672/185 191/673/185 187/674/185
f 192/675/186 190/676/186 184/677/186
f 190/678/187 192/679/187 193/680/187 191/681/187
f 191/682/188 193/683/188 187/684/188
f 194/685/189 192/686/189 184/687/189
f 192/688/190 194/689/190 195/690/190 193/691/190
f 193/692/191 195/693/191 187/694/191
f 196/695/192 194/696/192 184/697/192
f 194/698/193 196/699/193 197/700/193 195/701/193
f 195/702/194 197/703/194 187/704/194
f 198/705/195 196/706/195 184/707/195
f 196/708/196 198/709/196 199/710/196 197/711/196
f 197/712/197 199/713/197 187/714/197
f 200/715/198 198/716/198 184/717/198
f 198/718/199 200/719/199 201/720/199 199/721/199
f 199/722/200 201/723/200 187/724/200
f 202/725/201 200/726/201 184/727/201
f 200/728/202 202/729/202 203/730/202 201/731/202
f 201/732/203 203/733/203 187/734/203
f 204/735/204 202/736/204 184/737/204
f 202/738/205 204/739/205 205/740/205 203/741/205
f 203/742/206 205/743/206 187/744/206
f 206/745/207 204/746/207 184/747/207
f 204/748/208 206/749/208 207/750/208 205/751/208
f 205/752/209 207/753/209 187/754/209
f 183/755/210 206/756/210 184/757/210
f 206/758/211 183/759/211 186/760/211 207/761/211
f 207/762/212 186/763/212 187/764/212
o right
v -0.5686297632095823 1 -0.06862976320958225
v -0.5251202367904177 1 -0.09375
v -0.5 1 2.7755575615628907e-18
v -0.5334936490538903 1.21875 -0.12499999999999999
v -0.5334936490538903 1.046875 -0.12499999999999999
v -0.5915063509461096 1.046875 -0.09150635094610966
v -0.5915063509461096 1.21875 -0.09150635094610966
v -0.5 1.21875 2.7755575615628907e-18
v -0.59375 1 -0.025120236790417746
v -0.625 1.046875 -0.03349364905389033
v -0.625 1.21875 -0.03349364905389033
v -0.59375 1 0.025120236790417763
v -0.625 1.046875 0.03349364905389035
v -0.625 1.21875 0.03349364905389035
v -0.5686297632095823 1 0.06862976320958225
v -0.5915063509461097 1.046875 0.09150635094610966
v -0.5915063509461097 1.21875 0.09150635094610966
v -0.5251202367904177 1 0.09374999999999997
v -0.5334936490538904 1.046875 0.12499999999999997
v -0.5334936490538904 1.21875 0.12499999999999997
v -0.4748797632095823 1 0.09375
v -0.4665063509461097 1.046875 0.125
v -0.4665063509461097 1.21875 0.125
v -0.43137023679041775 1 0.06862976320958225
v -0.40849364905389035 1.046875 0.09150635094610969
v -0.40849364905389035 1.21875 0.09150635094610969
v -0.40625 1 0.02512023679041775
v -0.375 1.046875 0.03349364905389033
v -0.375 1.21875 0.03349364905389033
v -0.40625 1 -0.025120236790417704
v -0.375 1.046875 -0.033493649053890275
v -0.375 1.21875 -0.033493649053890275
v -0.43137023679041775 1 -0.06862976320958222
v -0.4084936490538903 1.046875 -0.09150635094610964
v -0.4084936490538903 1.21875 -0.09150635094610964
v -0.47487976320958225 1 -0.09375
v -0.46650635094610965 1.046875 -0.12499999999999999
v -0.46650635094610965 1.21875 -0.12499999999999999
vt 0.8004933768788984 0.08559315531055078
vt 0.7977848264506503 0.095703125
vt 0.7802734375 0.08559315531055078
vt 0.7802734375 0.095703125
vt 0.7802734375 0.072265625
vt 0.790740625 0.072265625
vt 0.790740625 0.095703125
vt 0.7802734375 0.07548283246743415
vt 0.7903832306156995 0.07819204189117768
vt 0.7802734375 0.095703125
vt 0.8004937300325659 0.08559333188430052
vt 0.7977845206088223 0.095703125
vt 0.7802734375 0.08559333188430052
vt 0.7802734375 0.095703125
vt 0.7802734375 0.072265625
vt 0.790740625 0.072265625
vt 0.790740625 0.095703125
vt 0.7802734375 0.07548318562110157
vt 0.7903834071894492 0.0781917360493497
vt 0.7802734375 0.095703125
vt 0.7998046875 0.08523593750000003
vt 0.7998046875 0.095703125
vt 0.7802734375 0.09046953125000001
vt 0.7802734375 0.095703125
vt 0.7802734375 0.072265625
vt 0.790740625 0.072265625
vt 0.790740625 0.095703125
vt 0.7998046875 0.08523593750000003
vt 0.7998046875 0.095703125
vt 0.7802734375 0.09046953125000001
vt 0.7802734375 0.07548318562110157
vt 0.7903834071894492 0.0781917360493497
vt 0.7802734375 0.095703125
vt 0.7802734375 0.095703125
vt 0.7802734375 0.072265625
vt 0.790740625 0.072265625
vt 0.790740625 0.095703125
vt 0.8004937300325659 0.08559333188430052
vt 0.7977845206088223 0.095703125
vt 0.7802734375 0.08559333188430052
vt 0.7802734375 0.07548283246743415
vt 0.7903832306156995 0.07819204189117768
vt 0.7802734375 0.095703125
vt 0.7802734375 0.095703125
vt 0.7802734375 0.072265625
vt 0.790740625 0.072265625
vt 0.790740625 0.095703125
vt 0.8004933768788984 0.08559315531055078
vt 0.7977848264506503 0.095703125
vt 0.7802734375 0.08559315531055078
vt 0.7802734375 0.076171875
vt 0.790740625 0.076171875
vt 0.78550703125 0.095703125
vt 0.7802734375 0.095703125
vt 0.7802734375 0.072265625
vt 0.790740625 0.072265625
vt 0.790740625 0.095703125
vt 0.790740625 0.095703125
vt 0.7802734375 0.095703125
vt 0.78550703125 0.076171875
vt 0.7802734375 0.095703125
vt 0.7829819879282481 0.08559315531055078
vt 0.8004933768788984 0.095703125
vt 0.7802734375 0.095703125
vt 0.7802734375 0.072265625
vt 0.790740625 0.072265625
vt 0.790740625 0.095703125
vt 0.7903832306156995 0.095703125
vt 0.7802734375 0.09299391557625647
vt 0.7903832306156995 0.07548283246743415
vt 0.7802734375 0.095703125
vt 0.7829826469237435 0.08559333188430052
vt 0.8004937300325659 0.095703125
vt 0.7802734375 0.095703125
vt 0.7802734375 0.072265625
vt 0.790740625 0.072265625
vt 0.790740625 0.095703125
vt 0.7903834071894492 0.095703125
vt 0.7802734375 0.09299457457175186
vt 0.7903834071894492 0.07548318562110157
vt 0.7802734375 0.095703125
vt 0.7802734375 0.08523593750000003
vt 0.7998046875 0.09046953125000001
vt 0.7802734375 0.095703125
vt 0.7802734375 0.072265625
vt 0.790740625 0.072265625
vt 0.790740625 0.095703125
vt 0.7802734375 0.095703125
vt 0.7802734375 0.08523593750000003
vt 0.7998046875 0.09046953125000001
vt 0.7903834071894492 0.095703125
vt 0.7802734375 0.09299457457175186
vt 0.7903834071894492 0.07548318562110157
vt 0.7802734375 0.095703125
vt 0.7802734375 0.072265625
vt 0.790740625 0.072265625
vt 0.790740625 0.095703125
vt 0.7802734375 0.095703125
vt 0.7829826469237435 0.08559333188430052
vt 0.8004937300325659 0.095703125
vt 0.7903832306156995 0.095703125
vt 0.7802734375 0.09299391557625647
vt 0.7903832306156995 0.07548283246743415
vt 0.7802734375 0.095703125
vt 0.7802734375 0.072265625
vt 0.790740625 0.072265625
vt 0.790740625 0.095703125
vt 0.7802734375 0.095703125
vt 0.7829819879282481 0.08559315531055078
vt 0.8004933768788984 0.095703125
vt 0.790740625 0.095703125
vt 0.7802734375 0.095703125
vt 0.78550703125 0.076171875
vt 0.7802734375 0.095703125
vt 0.7802734375 0.072265625
vt 0.790740625 0.072265625
vt 0.790740625 0.095703125
vt 0.7802734375 0.076171875
vt 0.790740625 0.076171875
vt 0.78550703125 0.095703125
vt 0.790740625 0.048828125
vt 0.790740625 0.072265625
vt 0.7802734375 0.072265625
vt 0.7802734375 0.048828125
vt 0.790740625 0.048828125
vt 0.790740625 0.072265625
vt 0.7802734375 0.072265625
vt 0.7802734375 0.048828125
vt 0.790740625 0.048828125
vt 0.790740625 0.072265625
vt 0.7802734375 0.072265625
vt 0.7802734375 0.048828125
vt 0.790740625 0.048828125
vt 0.790740625 0.072265625
vt 0.7802734375 0.072265625
vt 0.7802734375 0.048828125
vt 0.790740625 0.048828125
vt 0.790740625 0.072265625
vt 0.7802734375 0.072265625
vt 0.7802734375 0.048828125
vt 0.790740625 0.048828125
vt 0.790740625 0.072265625
vt 0.7802734375 0.072265625
vt 0.7802734375 0.048828125
vt 0.790740625 0.048828125
vt 0.790740625 0.072265625
vt 0.7802734375 0.072265625
vt 0.7802734375 0.048828125
vt 0.790740625 0.048828125
vt 0.790740625 0.072265625
vt 0.7802734375 0.072265625
vt 0.7802734375 0.048828125
vt 0.790740625 0.048828125
vt 0.790740625 0.072265625
vt 0.7802734375 0.072265625
vt 0.7802734375 0.048828125
vt 0.790740625 0.048828125
vt 0.790740625 0.072265625
vt 0.7802734375 0.072265625
vt 0.7802734375 0.048828125
vt 0.790740625 0.048828125
vt 0.790740625 0.072265625
vt 0.7802734375 0.072265625
vt 0.7802734375 0.048828125
vt 0.790740625 0.048828125
vt 0.790740625 0.072265625
vt 0.7802734375 0.072265625
vt 0.7802734375 0.048828125
vn 0 -1 0
vn -0.5000000000000001 0 -0.8660254037844388
vn 0 1 0
vn 0 -1 0
vn -0.8660254037844384 0 -0.5000000000000008
vn 0 1 0
vn 0 -1 0
vn -1 0 0
vn 0 1 0
vn 0 -1 0
vn -0.8660254037844389 0 0.4999999999999996
vn 0 1 0
vn 0 -1 0
vn -0.49999999999999983 0 0.8660254037844387
vn 0 1 0
vn 0 -1 0
vn -4.1434087356338754e-16 0 1
vn 0 1 0
vn 0 -1 0
vn 0.49999999999999956 0 0.8660254037844389
vn 0 1 0
vn 0 -1 0
vn 0.8660254037844387 0 0.49999999999999994
vn 0 1 0
vn 0 -1 0
vn 1 0 0
vn 0 1 0
vn 0 -1 0
vn 0.8660254037844392 0 -0.49999999999999933
vn 0 1 0
vn 0 -1 0
vn 0.5 0 -0.8660254037844387
vn 0 1 0
vn 0 -1 0
vn 0 0 -1
vn 0 1 0
vn -0.8320502943378437 -0.5547001962252291 0
vn -0.7205766921228919 -0.554700196225229 -0.41602514716892247
vn -0.416025147168922 -0.5547001962252287 -0.7205766921228924
vn 0 -0.5547001962252289 -0.8320502943378438
vn 0.4160251471689219 -0.5547001962252291 -0.7205766921228922
vn 0.7205766921228922 -0.5547001962252295 -0.41602514716892114
vn 0.8320502943378437 -0.5547001962252291 0
vn 0.7205766921228921 -0.5547001962252291 0.4160251471689218
vn 0.41602514716892136 -0.5547001962252291 0.7205766921228923
vn -3.4475244580461597e-16 -0.5547001962252291 0.8320502943378438
vn -0.4160251471689216 -0.5547001962252296 0.720576692122892
vn -0.7205766921228922 -0.5547001962252295 0.4160251471689214
usemtl m_1cd5f309-bd15-e7d6-9f47-afccc33b66ea
f 208/765/213 209/766/213 210/767/213
f 211/768/214 212/769/214 213/770/214 214/771/214
f 211/772/215 214/773/215 215/774/215
f 216/775/216 208/776/216 210/777/216
f 214/778/217 213/779/217 217/780/217 218/781/217
f 214/782/218 218/783/218 215/784/218
f 219/785/219 216/786/219 210/787/219
f 218/788/220 217/789/220 220/790/220 221/791/220
f 218/792/221 221/793/221 215/794/221
f 222/795/222 219/796/222 210/797/222
f 221/798/223 220/799/223 223/800/223 224/801/223
f 221/802/224 224/803/224 215/804/224
f 225/805/225 222/806/225 210/807/225
f 224/808/226 223/809/226 226/810/226 227/811/226
f 224/812/227 227/813/227 215/814/227
f 228/815/228 225/816/228 210/817/228
f 227/818/229 226/819/229 229/820/229 230/821/229
f 227/822/230 230/823/230 215/824/230
f 231/825/231 228/826/231 210/827/231
f 230/828/232 229/829/232 232/830/232 233/831/232
f 230/832/233 233/833/233 215/834/233
f 234/835/234 231/836/234 210/837/234
f 233/838/235 232/839/235 235/840/235 236/841/235
f 233/842/236 236/843/236 215/844/236
f 237/845/237 234/846/237 210/847/237
f 236/848/238 235/849/238 238/850/238 239/851/238
f 236/852/239 239/853/239 215/854/239
f 240/855/240 237/856/240 210/857/240
f 239/858/241 238/859/241 241/860/241 242/861/241
f 239/862/242 242/863/242 215/864/242
f 243/865/243 240/866/243 210/867/243
f 242/868/244 241/869/244 244/870/244 245/871/244
f 242/872/245 245/873/245 215/874/245
f 209/875/246 243/876/246 210/877/246
f 245/878/247 244/879/247 212/880/247 211/881/247
f 245/882/248 211/883/248 215/884/248
f 219/885/249 220/886/249 217/887/249 216/888/249
f 216/889/250 217/890/250 213/891/250 208/892/250
f 208/893/251 213/894/251 212/895/251 209/896/251
f 209/897/252 212/898/252 244/899/252 243/900/252
f 243/901/253 244/902/253 241/903/253 240/904/253
f 240/905/254 241/906/254 238/907/254 237/908/254
f 237/909/255 238/910/255 235/911/255 234/912/255
f 234/913/256 235/914/256 232/915/256 231/916/256
f 231/917/257 232/918/257 229/919/257 228/920/257
f 228/921/258 229/922/258 226/923/258 225/924/258
f 225/925/259 226/926/259 223/927/259 222/928/259
f 222/929/260 223/930/260 220/931/260 219/932/260
o right
v -0.5167468245269452 1.2458132938682638 -0.062499999999999986
v -0.5457531754730548 1.2458132938682638 -0.04575317547305482
v -0.5 1.25 0
v -0.5290063509461097 1.234375 -0.10825317547305482
v -0.5792468245269452 1.234375 -0.07924682452694516
v -0.5334936490538903 1.21875 -0.12499999999999999
v -0.5915063509461096 1.21875 -0.09150635094610966
v -0.5625 1.2458132938682638 -0.01674682452694516
v -0.6082531754730548 1.234375 -0.029006350946109656
v -0.625 1.21875 -0.03349364905389033
v -0.5625 1.2458132938682638 0.01674682452694517
v -0.6082531754730548 1.234375 0.02900635094610967
v -0.625 1.21875 0.033493649053890344
v -0.5457531754730548 1.2458132938682638 0.04575317547305481
v -0.5792468245269452 1.234375 0.07924682452694516
v -0.5915063509461097 1.21875 0.09150635094610965
v -0.5167468245269452 1.2458132938682638 0.06249999999999997
v -0.5290063509461097 1.234375 0.10825317547305481
v -0.5334936490538904 1.21875 0.12499999999999997
v -0.48325317547305485 1.2458132938682638 0.06249999999999999
v -0.4709936490538904 1.234375 0.10825317547305484
v -0.4665063509461097 1.21875 0.125
v -0.4542468245269452 1.2458132938682638 0.045753175473054825
v -0.42075317547305485 1.234375 0.07924682452694518
v -0.40849364905389035 1.21875 0.09150635094610968
v -0.4375 1.2458132938682638 0.016746824526945155
v -0.3917468245269452 1.234375 0.029006350946109646
v -0.375 1.21875 0.033493649053890316
v -0.4375 1.2458132938682638 -0.016746824526945134
v -0.39174682452694515 1.234375 -0.029006350946109608
v -0.375 1.21875 -0.033493649053890275
v -0.4542468245269452 1.2458132938682638 -0.045753175473054804
v -0.4207531754730548 1.234375 -0.07924682452694515
v -0.4084936490538903 1.21875 -0.09150635094610964
v -0.48325317547305485 1.2458132938682638 -0.062499999999999986
v -0.47099364905389035 1.234375 -0.10825317547305482
v -0.4665063509461097 1.21875 -0.12499999999999999
vt 0.7802734375000004 0.08761562499999997
vt 0.7844593750000004 0.08761562499999997
vt 0.7823664062500004 0.095703125
vt 0.7818062500000003 0.095703125
vt 0.7802734375000002 0.08761562499999997
vt 0.7875250000000003 0.08761562499999997
vt 0.7859921875000002 0.095703125
vt 0.780834375 0.095703125
vt 0.7802734375 0.08761562499999997
vt 0.788646875 0.08761562499999997
vt 0.7880859375 0.095703125
vt 0.7802734375000004 0.08761562499999997
vt 0.7844593750000004 0.08761562499999997
vt 0.7823664062500004 0.095703125
vt 0.7818062500000003 0.095703125
vt 0.7802734375000002 0.08761562499999997
vt 0.7875250000000003 0.08761562499999997
vt 0.7859921875000002 0.095703125
vt 0.780834375 0.095703125
vt 0.7802734375 0.08761562499999997
vt 0.788646875 0.08761562499999997
vt 0.7880859375 0.095703125
vt 0.7802734375000004 0.08761562499999997
vt 0.7844593750000004 0.08761562499999997
vt 0.7823664062500004 0.095703125
vt 0.7818062500000003 0.095703125
vt 0.7802734375000002 0.08761562499999997
vt 0.7875250000000003 0.08761562499999997
vt 0.7859921875000002 0.095703125
vt 0.780834375 0.095703125
vt 0.7802734375 0.08761562499999997
vt 0.788646875 0.08761562499999997
vt 0.7880859375 0.095703125
vt 0.7802734375000004 0.08761562499999997
vt 0.7844593750000004 0.08761562499999997
vt 0.7823664062500004 0.095703125
vt 0.7818062500000003 0.095703125
vt 0.7802734375000002 0.08761562499999997
vt 0.7875250000000003 0.08761562499999997
vt 0.7859921875000002 0.095703125
vt 0.780834375 0.095703125
vt 0.7802734375 0.08761562499999997
vt 0.788646875 0.08761562499999997
vt 0.7880859375 0.095703125
vt 0.7802734375000004 0.08761562499999997
vt 0.7844593750000004 0.08761562499999997
vt 0.7823664062500004 0.095703125
vt 0.7818062500000003 0.095703125
vt 0.7802734375000002 0.08761562499999997
vt 0.7875250000000003 0.08761562499999997
vt 0.7859921875000002 0.095703125
vt 0.780834375 0.095703125
vt 0.7802734375 0.08761562499999997
vt 0.788646875 0.08761562499999997
vt 0.7880859375 0.095703125
vt 0.7802734375000004 0.08761562499999997
vt 0.7844593750000004 0.08761562499999997
vt 0.7823664062500004 0.095703125
vt 0.7818062500000003 0.095703125
vt 0.7802734375000002 0.08761562499999997
vt 0.7875250000000003 0.08761562499999997
vt 0.7859921875000002 0.095703125
vt 0.780834375 0.095703125
vt 0.7802734375 0.08761562499999997
vt 0.788646875 0.08761562499999997
vt 0.7880859375 0.095703125
vt 0.7802734375000004 0.08761562499999997
vt 0.7844593750000004 0.08761562499999997
vt 0.7823664062500004 0.095703125
vt 0.7818062500000003 0.095703125
vt 0.7802734375000002 0.08761562499999997
vt 0.7875250000000003 0.08761562499999997
vt 0.7859921875000002 0.095703125
vt 0.780834375 0.095703125
vt 0.7802734375 0.08761562499999997
vt 0.788646875 0.08761562499999997
vt 0.7880859375 0.095703125
vt 0.7802734375000004 0.08761562499999997
vt 0.7844593750000004 0.08761562499999997
vt 0.7823664062500004 0.095703125
vt 0.7818062500000003 0.095703125
vt 0.7802734375000002 0.08761562499999997
vt 0.7875250000000003 0.08761562499999997
vt 0.7859921875000002 0.095703125
vt 0.780834375 0.095703125
vt 0.7802734375 0.08761562499999997
vt 0.788646875 0.08761562499999997
vt 0.7880859375 0.095703125
vt 0.7802734375000004 0.08761562499999997
vt 0.7844593750000004 0.08761562499999997
vt 0.7823664062500004 0.095703125
vt 0.7818062500000003 0.095703125
vt 0.7802734375000002 0.08761562499999997
vt 0.7875250000000003 0.08761562499999997
vt 0.7859921875000002 0.095703125
vt 0.780834375 0.095703125
vt 0.7802734375 0.08761562499999997
vt 0.788646875 0.08761562499999997
vt 0.7880859375 0.095703125
vt 0.7802734375000004 0.08761562499999997
vt 0.7844593750000004 0.08761562499999997
vt 0.7823664062500004 0.095703125
vt 0.7818062500000003 0.095703125
vt 0.7802734375000002 0.08761562499999997
vt 0.7875250000000003 0.08761562499999997
vt 0.7859921875000002 0.095703125
vt 0.780834375 0.095703125
vt 0.7802734375 0.08761562499999997
vt 0.788646875 0.08761562499999997
vt 0.7880859375 0.095703125
vt 0.7802734375000004 0.08761562499999997
vt 0.7844593750000004 0.08761562499999997
vt 0.7823664062500004 0.095703125
vt 0.7818062500000003 0.095703125
vt 0.7802734375000002 0.08761562499999997
vt 0.7875250000000003 0.08761562499999997
vt 0.7859921875000002 0.095703125
vt 0.780834375 0.095703125
vt 0.7802734375 0.08761562499999997
vt 0.788646875 0.08761562499999997
vt 0.7880859375 0.095703125
vt 0.7802734375000004 0.08761562499999997
vt 0.7844593750000004 0.08761562499999997
vt 0.7823664062500004 0.095703125
vt 0.7818062500000003 0.095703125
vt 0.7802734375000002 0.08761562499999997
vt 0.7875250000000003 0.08761562499999997
vt 0.7859921875000002 0.095703125
vt 0.780834375 0.095703125
vt 0.7802734375 0.08761562499999997
vt 0.788646875 0.08761562499999997
vt 0.7880859375 0.095703125
vn -0.033418753026435384 0.9977638737620403 -0.057882978167382144
vn -0.12126781251816725 0.9701425001453317 -0.21004201260420274
vn -0.34109647375746344 0.7311721974753255 -0.5907964228305109
vn -0.05788297816738216 0.9977638737620403 -0.03341875302643539
vn -0.21004201260420266 0.9701425001453317 -0.12126781251816691
vn -0.5907964228305111 0.7311721974753249 -0.3410964737574642
vn -0.06683750605287064 0.9977638737620403 0
vn -0.2425356250363347 0.9701425001453317 0
vn -0.682192947514925 0.7311721974753271 0
vn -0.057882978167382144 0.9977638737620403 0.0334187530264354
vn -0.21004201260420294 0.9701425001453315 0.12126781251816708
vn -0.5907964228305096 0.7311721974753271 0.3410964737574623
vn -0.03341875302643538 0.9977638737620403 0.05788297816738216
vn -0.12126781251816711 0.9701425001453317 0.21004201260420263
vn -0.3410964737574628 0.7311721974753265 0.5907964228305099
vn -4.1540265967116945e-17 0.9977638737620403 0.06683750605287067
vn -7.92558750363772e-17 0.9701425001453317 0.24253562503633444
vn -2.8266042181211656e-16 0.7311721974753264 0.6821929475149259
vn 0.03341875302643534 0.9977638737620403 0.05788297816738218
vn 0.12126781251816716 0.9701425001453317 0.21004201260420288
vn 0.34109647375746255 0.7311721974753267 0.5907964228305099
vn 0.05788297816738216 0.9977638737620403 0.03341875302643538
vn 0.21004201260420277 0.9701425001453317 0.12126781251816712
vn 0.5907964228305098 0.7311721974753268 0.3410964737574627
vn 0.06683750605287066 0.9977638737620403 0
vn 0.2425356250363346 0.9701425001453315 2.3776762510913195e-16
vn 0.682192947514925 0.7311721974753272 0
vn 0.05788297816738217 0.9977638737620403 -0.033418753026435384
vn 0.21004201260420277 0.9701425001453317 -0.12126781251816711
vn 0.5907964228305106 0.7311721974753261 -0.3410964737574626
vn 0.03341875302643538 0.9977638737620403 -0.05788297816738218
vn 0.12126781251816715 0.9701425001453317 -0.21004201260420266
vn 0.3410964737574626 0.7311721974753265 -0.5907964228305101
vn 0 0.9977638737620403 -0.06683750605287067
vn 0 0.9701425001453317 -0.24253562503633447
vn 0 0.7311721974753264 -0.6821929475149259
usemtl m_1cd5f309-bd15-e7d6-9f47-afccc33b66ea
f 246/933/261 247/934/261 248/935/261
f 246/936/262 249/937/262 250/938/262 247/939/262
f 249/940/263 251/941/263 252/942/263 250/943/263
f 247/944/264 253/945/264 248/946/264
f 247/947/265 250/948/265 254/949/265 253/950/265
f 250/951/266 252/952/266 255/953/266 254/954/266
f 253/955/267 256/956/267 248/957/267
f 253/958/268 254/959/268 257/960/268 256/961/268
f 254/962/269 255/963/269 258/964/269 257/965/269
f 256/966/270 259/967/270 248/968/270
f 256/969/271 257/970/271 260/971/271 259/972/271
f 257/973/272 258/974/272 261/975/272 260/976/272
f 259/977/273 262/978/273 248/979/273
f 259/980/274 260/981/274 263/982/274 262/983/274
f 260/984/275 261/985/275 264/986/275 263/987/275
f 262/988/276 265/989/276 248/990/276
f 262/991/277 263/992/277 266/993/277 265/994/277
f 263/995/278 264/996/278 267/997/278 266/998/278
f 265/999/279 268/1000/279 248/1001/279
f 265/1002/280 266/1003/280 269/1004/280 268/1005/280
f 266/1006/281 267/1007/281 270/1008/281 269/1009/281
f 268/1010/282 271/1011/282 248/1012/282
f 268/1013/283 269/1014/283 272/1015/283 271/1016/283
f 269/1017/284 270/1018/284 273/1019/284 272/1020/284
f 271/1021/285 274/1022/285 248/1023/285
f 271/1024/286 272/1025/286 275/1026/286 274/1027/286
f 272/1028/287 273/1029/287 276/1030/287 275/1031/287
f 274/1032/288 277/1033/288 248/1034/288
f 274/1035/289 275/1036/289 278/1037/289 277/1038/289
f 275/1039/290 276/1040/290 279/1041/290 278/1042/290
f 277/1043/291 280/1044/291 248/1045/291
f 277/1046/292 278/1047/292 281/1048/292 280/1049/292
f 278/1050/293 279/1051/293 282/1052/293 281/1053/293
f 280/1054/294 246/1055/294 248/1056/294
f 280/1057/295 281/1058/295 249/1059/295 246/1060/295
f 281/1061/296 282/1062/296 251/1063/296 249/1064/296
o doorRight
v -0.4375 0.6875 0.01625
v -0.4375 0.9375 0.01625
v -0.4375 0.9375 -0.01625
v -0.4375 0.6875 -0.01625
v -0.3125 0.625 -0.01625
v -0.3125 1 -0.01625
v -0.3125 1 0.01625
v -0.3125 0.625 0.01625
v -0.375 0.9375 0.01625
v -0.375 0.9375 -0.01625
v -0.375 0.6875 -0.01625
v -0.375 0.6875 0.01625
vt 0.7900390625 0.064453125
vt 0.7900390625 0.095703125
vt 0.7861328125 0.095703125
vt 0.7861328125 0.064453125
vt 0.7900390625 0.064453125
vt 0.7900390625 0.095703125
vt 0.7861328125 0.095703125
vt 0.7861328125 0.064453125
vt 0.8037109375 0.08984375
vt 0.7919921875 0.08984375
vt 0.7919921875 0.0859375
vt 0.8037109375 0.0859375
vt 0.8037109375 0.08984375
vt 0.7919921875 0.08984375
vt 0.7919921875 0.0859375
vt 0.8037109375 0.0859375
vt 0.8037109375 0.095703125
vt 0.7919921875 0.095703125
vt 0.7919921875 0.064453125
vt 0.8037109375 0.064453125
vt 0.7802734375 0.064453125
vt 0.7919921875 0.064453125
vt 0.7919921875 0.095703125
vt 0.7802734375 0.095703125
vt 0.7802734375 0.0859375
vt 0.7919921875 0.0859375
vt 0.7919921875 0.08984375
vt 0.7802734375 0.08984375
vt 0.8037109375 0.095703125
vt 0.7919921875 0.095703125
vt 0.7919921875 0.064453125
vt 0.8037109375 0.064453125
vt 0.7802734375 0.0859375
vt 0.7919921875 0.0859375
vt 0.7919921875 0.08984375
vt 0.7802734375 0.08984375
vt 0.7802734375 0.064453125
vt 0.7919921875 0.064453125
vt 0.7919921875 0.095703125
vt 0.7802734375 0.095703125
vn -1 0 0
vn 1 0 0
vn 0 1 0
vn 0 -1 0
vn 0 0 -1
vn 0 0 1
vn -0.7071067811865476 0.7071067811865476 0
vn 0 0 1
vn -0.7071067811865476 -0.7071067811865476 0
vn 0 0 -1
usemtl m_1cd5f309-bd15-e7d6-9f47-afccc33b66ea
f 283/1065/297 284/1066/297 285/1067/297 286/1068/297
f 287/1069/298 288/1070/298 289/1071/298 290/1072/298
f 284/1073/299 291/1074/299 292/1075/299 285/1076/299
f 286/1077/300 293/1078/300 294/1079/300 283/1080/300
f 285/1081/301 292/1082/301 293/1083/301 286/1084/301
f 283/1085/302 294/1086/302 291/1087/302 284/1088/302
f 288/1089/303 292/1090/303 291/1091/303 289/1092/303
f 289/1093/304 291/1094/304 294/1095/304 290/1096/304
f 290/1097/305 294/1098/305 293/1099/305 287/1100/305
f 287/1101/306 293/1102/306 292/1103/306 288/1104/306
o right
v -0.4489382938682637 0.375 -0.011438293868263708
v -0.4416867061317363 0.375 -0.015624999999999998
v -0.4375 0.375 8.673617379884035e-19
v -0.4489382938682637 1 -0.011438293868263708
v -0.4416867061317363 1 -0.015624999999999998
v -0.4375 1 8.673617379884035e-19
v -0.453125 0.375 -0.00418670613173629
v -0.453125 1 -0.00418670613173629
v -0.453125 0.375 0.004186706131736294
v -0.453125 1 0.004186706131736294
v -0.4489382938682637 0.375 0.011438293868263708
v -0.4489382938682637 1 0.011438293868263708
v -0.4416867061317363 0.375 0.015624999999999998
v -0.4416867061317363 1 0.015624999999999998
v -0.4333132938682637 0.375 0.015625
v -0.4333132938682637 1 0.015625
v -0.4260617061317363 0.375 0.011438293868263711
v -0.4260617061317363 1 0.011438293868263711
v -0.421875 0.375 0.00418670613173629
v -0.421875 1 0.00418670613173629
v -0.421875 0.375 -0.0041867061317362834
v -0.421875 1 -0.0041867061317362834
v -0.4260617061317363 0.375 -0.011438293868263704
v -0.4260617061317363 1 -0.011438293868263704
v -0.4333132938682637 0.375 -0.015624999999999998
v -0.4333132938682637 1 -0.015624999999999998
vt 0.9288469309462691 0.11059872333699083
vt 0.9258216587704025 0.1123046875
vt 0.90625 0.11059872333699083
vt 0.9062500000000007 0.0595703125
vt 0.9179500621651311 0.0595703125
vt 0.9179500621651311 0.1123046875
vt 0.9062500000000007 0.1123046875
vt 0.90625 0.1088924790098178
vt 0.91754753779678 0.10934979002841572
vt 0.90625 0.1123046875
vt 0.9288487864513271 0.11059886340757119
vt 0.9258200518119084 0.1123046875
vt 0.90625 0.11059886340757119
vt 0.9062500000000007 0.0595703125
vt 0.9179500621651311 0.0595703125
vt 0.9179500621651311 0.1123046875
vt 0.9062500000000007 0.1123046875
vt 0.90625 0.10889275917398167
vt 0.9175484654731345 0.10934954739249236
vt 0.90625 0.1123046875
vt 0.9280784741886763 0.11053808593749992
vt 0.9280784741886763 0.11230468749999989
vt 0.90625 0.1114213867187499
vt 0.9062500000000007 0.0595703125
vt 0.9179500621651311 0.0595703125
vt 0.9179500621651311 0.1123046875
vt 0.9062500000000007 0.1123046875
vt 0.9280784741886763 0.11053808593749992
vt 0.9280784741886763 0.11230468749999989
vt 0.90625 0.1114213867187499
vt 0.90625 0.10889275917398167
vt 0.9175484654731345 0.10934954739249236
vt 0.90625 0.1123046875
vt 0.9062500000000007 0.0595703125
vt 0.9179500621651311 0.0595703125
vt 0.9179500621651311 0.1123046875
vt 0.9062500000000007 0.1123046875
vt 0.9288487864513271 0.11059886340757119
vt 0.9258200518119084 0.1123046875
vt 0.90625 0.11059886340757119
vt 0.90625 0.1088924790098178
vt 0.91754753779678 0.10934979002841572
vt 0.90625 0.1123046875
vt 0.9062500000000007 0.0595703125
vt 0.9179500621651311 0.0595703125
vt 0.9179500621651311 0.1123046875
vt 0.9062500000000007 0.1123046875
vt 0.9288469309462691 0.11059872333699083
vt 0.9258216587704025 0.1123046875
vt 0.90625 0.11059872333699083
vt 0.9062500000000007 0.1090087890625
vt 0.9179500621651311 0.1090087890625
vt 0.9121000310825659 0.1123046875
vt 0.9062500000000007 0.0595703125
vt 0.9179500621651311 0.0595703125
vt 0.9179500621651311 0.1123046875
vt 0.9062500000000007 0.1123046875
vt 0.9179500621651311 0.1123046875
vt 0.9062500000000007 0.1123046875
vt 0.9121000310825659 0.1090087890625
vt 0.90625 0.1123046875
vt 0.9092752721758666 0.11059872333699083
vt 0.9288469309462691 0.1123046875
vt 0.9062500000000007 0.0595703125
vt 0.9179500621651311 0.0595703125
vt 0.9179500621651311 0.1123046875
vt 0.9062500000000007 0.1123046875
vt 0.91754753779678 0.1123046875
vt 0.90625 0.11184737648140208
vt 0.91754753779678 0.1088924790098178
vt 0.90625 0.1123046875
vt 0.9092787346394187 0.11059886340757119
vt 0.9288487864513271 0.1123046875
vt 0.9062500000000007 0.0595703125
vt 0.9179500621651311 0.0595703125
vt 0.9179500621651311 0.1123046875
vt 0.9062500000000007 0.1123046875
vt 0.9175484654731345 0.1123046875
vt 0.90625 0.1118478992814893
vt 0.9175484654731345 0.10889275917398167
vt 0.90625 0.11230468749999989
vt 0.90625 0.11053808593749992
vt 0.9280784741886763 0.1114213867187499
vt 0.9062500000000007 0.0595703125
vt 0.9179500621651311 0.0595703125
vt 0.9179500621651311 0.1123046875
vt 0.9062500000000007 0.1123046875
vt 0.90625 0.11230468749999989
vt 0.90625 0.11053808593749992
vt 0.9280784741886763 0.1114213867187499
vt 0.9175484654731345 0.1123046875
vt 0.90625 0.1118478992814893
vt 0.9175484654731345 0.10889275917398167
vt 0.9062500000000007 0.0595703125
vt 0.9179500621651311 0.0595703125
vt 0.9179500621651311 0.1123046875
vt 0.9062500000000007 0.1123046875
vt 0.90625 0.1123046875
vt 0.9092787346394187 0.11059886340757119
vt 0.9288487864513271 0.1123046875
vt 0.91754753779678 0.1123046875
vt 0.90625 0.11184737648140208
vt 0.91754753779678 0.1088924790098178
vt 0.9062500000000007 0.0595703125
vt 0.9179500621651311 0.0595703125
vt 0.9179500621651311 0.1123046875
vt 0.9062500000000007 0.1123046875
vt 0.90625 0.1123046875
vt 0.9092752721758666 0.11059872333699083
vt 0.9288469309462691 0.1123046875
vt 0.9179500621651311 0.1123046875
vt 0.9062500000000007 0.1123046875
vt 0.9121000310825659 0.1090087890625
vt 0.9062500000000007 0.0595703125
vt 0.9179500621651311 0.0595703125
vt 0.9179500621651311 0.1123046875
vt 0.9062500000000007 0.1123046875
vt 0.9062500000000007 0.1090087890625
vt 0.9179500621651311 0.1090087890625
vt 0.9121000310825659 0.1123046875
vn 0 -1 0
vn -0.49999999999999784 0 -0.8660254037844399
vn 0 1 0
vn 0 -1 0
vn -0.8660254037844397 0 -0.49999999999999817
vn 0 1 0
vn 0 -1 0
vn -1 0 0
vn 0 1 0
vn 0 -1 0
vn -0.8660254037844396 0 0.49999999999999833
vn 0 1 0
vn 0 -1 0
vn -0.49999999999999784 0 0.8660254037844399
vn 0 1 0
vn 0 -1 0
vn -2.071704367816948e-16 0 1
vn 0 1 0
vn 0 -1 0
vn 0.49999999999999767 0 0.86602540378444
vn 0 1 0
vn 0 -1 0
vn 0.8660254037844398 0 0.499999999999998
vn 0 1 0
vn 0 -1 0
vn 1 0 0
vn 0 1 0
vn 0 -1 0
vn 0.8660254037844398 0 -0.499999999999998
vn 0 1 0
vn 0 -1 0
vn 0.49999999999999817 0 -0.8660254037844397
vn 0 1 0
vn 0 -1 0
vn 0 0 -1
vn 0 1 0
usemtl m_1cd5f309-bd15-e7d6-9f47-afccc33b66ea
f 295/1105/307 296/1106/307 297/1107/307
f 296/1108/308 295/1109/308 298/1110/308 299/1111/308
f 299/1112/309 298/1113/309 300/1114/309
f 301/1115/310 295/1116/310 297/1117/310
f 295/1118/311 301/1119/311 302/1120/311 298/1121/311
f 298/1122/312 302/1123/312 300/1124/312
f 303/1125/313 301/1126/313 297/1127/313
f 301/1128/314 303/1129/314 304/1130/314 302/1131/314
f 302/1132/315 304/1133/315 300/1134/315
f 305/1135/316 303/1136/316 297/1137/316
f 303/1138/317 305/1139/317 306/1140/317 304/1141/317
f 304/1142/318 306/1143/318 300/1144/318
f 307/1145/319 305/1146/319 297/1147/319
f 305/1148/320 307/1149/320 308/1150/320 306/1151/320
f 306/1152/321 308/1153/321 300/1154/321
f 309/1155/322 307/1156/322 297/1157/322
f 307/1158/323 309/1159/323 310/1160/323 308/1161/323
f 308/1162/324 310/1163/324 300/1164/324
f 311/1165/325 309/1166/325 297/1167/325
f 309/1168/326 311/1169/326 312/1170/326 310/1171/326
f 310/1172/327 312/1173/327 300/1174/327
f 313/1175/328 311/1176/328 297/1177/328
f 311/1178/329 313/1179/329 314/1180/329 312/1181/329
f 312/1182/330 314/1183/330 300/1184/330
f 315/1185/331 313/1186/331 297/1187/331
f 313/1188/332 315/1189/332 316/1190/332 314/1191/332
f 314/1192/333 316/1193/333 300/1194/333
f 317/1195/334 315/1196/334 297/1197/334
f 315/1198/335 317/1199/335 318/1200/335 316/1201/335
f 316/1202/336 318/1203/336 300/1204/336
f 319/1205/337 317/1206/337 297/1207/337
f 317/1208/338 319/1209/338 320/1210/338 318/1211/338
f 318/1212/339 320/1213/339 300/1214/339
f 296/1215/340 319/1216/340 297/1217/340
f 319/1218/341 296/1219/341 299/1220/341 320/1221/341
f 320/1222/342 299/1223/342 300/1224/342
o left
v 0.4260617061317363 0.375 -0.011438293868263706
v 0.4333132938682637 0.375 -0.015625
v 0.4375 0.375 0
v 0.4260617061317363 1 -0.011438293868263706
v 0.4333132938682637 1 -0.015625
v 0.4375 1 0
v 0.421875 0.375 -0.004186706131736287
v 0.421875 1 -0.004186706131736287
v 0.421875 0.375 0.004186706131736294
v 0.421875 1 0.004186706131736294
v 0.4260617061317363 0.375 0.011438293868263706
v 0.4260617061317363 1 0.011438293868263706
v 0.4333132938682637 0.375 0.015625
v 0.4333132938682637 1 0.015625
v 0.4416867061317363 0.375 0.015625
v 0.4416867061317363 1 0.015625
v 0.4489382938682637 0.375 0.011438293868263713
v 0.4489382938682637 1 0.011438293868263713
v 0.453125 0.375 0.00418670613173629
v 0.453125 1 0.00418670613173629
v 0.453125 0.375 -0.004186706131736287
v 0.453125 1 -0.004186706131736287
v 0.4489382938682637 0.375 -0.011438293868263706
v 0.4489382938682637 1 -0.011438293868263706
v 0.4416867061317363 0.375 -0.015625
v 0.4416867061317363 1 -0.015625
vt 0.9288469309462691 0.11059872333699083
vt 0.9258216587704025 0.1123046875
vt 0.90625 0.11059872333699083
vt 0.9062500000000007 0.0595703125
vt 0.9179500621651311 0.0595703125
vt 0.9179500621651311 0.1123046875
vt 0.9062500000000007 0.1123046875
vt 0.90625 0.1088924790098178
vt 0.91754753779678 0.10934979002841572
vt 0.90625 0.1123046875
vt 0.9288487864513271 0.11059886340757119
vt 0.9258200518119084 0.1123046875
vt 0.90625 0.11059886340757119
vt 0.9062500000000007 0.0595703125
vt 0.9179500621651311 0.0595703125
vt 0.9179500621651311 0.1123046875
vt 0.9062500000000007 0.1123046875
vt 0.90625 0.10889275917398167
vt 0.9175484654731345 0.10934954739249236
vt 0.90625 0.1123046875
vt 0.9280784741886763 0.11053808593749992
vt 0.9280784741886763 0.11230468749999989
vt 0.90625 0.1114213867187499
vt 0.9062500000000007 0.0595703125
vt 0.9179500621651311 0.0595703125
vt 0.9179500621651311 0.1123046875
vt 0.9062500000000007 0.1123046875
vt 0.9280784741886763 0.11053808593749992
vt 0.9280784741886763 0.11230468749999989
vt 0.90625 0.1114213867187499
vt 0.90625 0.10889275917398167
vt 0.9175484654731345 0.10934954739249236
vt 0.90625 0.1123046875
vt 0.9062500000000007 0.0595703125
vt 0.9179500621651311 0.0595703125
vt 0.9179500621651311 0.1123046875
vt 0.9062500000000007 0.1123046875
vt 0.9288487864513271 0.11059886340757119
vt 0.9258200518119084 0.1123046875
vt 0.90625 0.11059886340757119
vt 0.90625 0.1088924790098178
vt 0.91754753779678 0.10934979002841572
vt 0.90625 0.1123046875
vt 0.9062500000000007 0.0595703125
vt 0.9179500621651311 0.0595703125
vt 0.9179500621651311 0.1123046875
vt 0.9062500000000007 0.1123046875
vt 0.9288469309462691 0.11059872333699083
vt 0.9258216587704025 0.1123046875
vt 0.90625 0.11059872333699083
vt 0.9062500000000007 0.1090087890625
vt 0.9179500621651311 0.1090087890625
vt 0.9121000310825659 0.1123046875
vt 0.9062500000000007 0.0595703125
vt 0.9179500621651311 0.0595703125
vt 0.9179500621651311 0.1123046875
vt 0.9062500000000007 0.1123046875
vt 0.9179500621651311 0.1123046875
vt 0.9062500000000007 0.1123046875
vt 0.9121000310825659 0.1090087890625
vt 0.90625 0.1123046875
vt 0.9092752721758666 0.11059872333699083
vt 0.9288469309462691 0.1123046875
vt 0.9062500000000007 0.0595703125
vt 0.9179500621651311 0.0595703125
vt 0.9179500621651311 0.1123046875
vt 0.9062500000000007 0.1123046875
vt 0.91754753779678 0.1123046875
vt 0.90625 0.11184737648140208
vt 0.91754753779678 0.1088924790098178
vt 0.90625 0.1123046875
vt 0.9092787346394187 0.11059886340757119
vt 0.9288487864513271 0.1123046875
vt 0.9062500000000007 0.0595703125
vt 0.9179500621651311 0.0595703125
vt 0.9179500621651311 0.1123046875
vt 0.9062500000000007 0.1123046875
vt 0.9175484654731345 0.1123046875
vt 0.90625 0.1118478992814893
vt 0.9175484654731345 0.10889275917398167
vt 0.90625 0.11230468749999989
vt 0.90625 0.11053808593749992
vt 0.9280784741886763 0.1114213867187499
vt 0.9062500000000007 0.0595703125
vt 0.9179500621651311 0.0595703125
vt 0.9179500621651311 0.1123046875
vt 0.9062500000000007 0.1123046875
vt 0.90625 0.11230468749999989
vt 0.90625 0.11053808593749992
vt 0.9280784741886763 0.1114213867187499
vt 0.9175484654731345 0.1123046875
vt 0.90625 0.1118478992814893
vt 0.9175484654731345 0.10889275917398167
vt 0.9062500000000007 0.0595703125
vt 0.9179500621651311 0.0595703125
vt 0.9179500621651311 0.1123046875
vt 0.9062500000000007 0.1123046875
vt 0.90625 0.1123046875
vt 0.9092787346394187 0.11059886340757119
vt 0.9288487864513271 0.1123046875
vt 0.91754753779678 0.1123046875
vt 0.90625 0.11184737648140208
vt 0.91754753779678 0.1088924790098178
vt 0.9062500000000007 0.0595703125
vt 0.9179500621651311 0.0595703125
vt 0.9179500621651311 0.1123046875
vt 0.9062500000000007 0.1123046875
vt 0.90625 0.1123046875
vt 0.9092752721758666 0.11059872333699083
vt 0.9288469309462691 0.1123046875
vt 0.9179500621651311 0.1123046875
vt 0.9062500000000007 0.1123046875
vt 0.9121000310825659 0.1090087890625
vt 0.9062500000000007 0.0595703125
vt 0.9179500621651311 0.0595703125
vt 0.9179500621651311 0.1123046875
vt 0.9062500000000007 0.1123046875
vt 0.9062500000000007 0.1090087890625
vt 0.9179500621651311 0.1090087890625
vt 0.9121000310825659 0.1123046875
vn 0 -1 0
vn -0.49999999999999817 0 -0.8660254037844397
vn 0 1 0
vn 0 -1 0
vn -0.8660254037844398 0 -0.4999999999999981
vn 0 1 0
vn 0 -1 0
vn -1 0 0
vn 0 1 0
vn 0 -1 0
vn -0.8660254037844397 0 0.49999999999999856
vn 0 1 0
vn 0 -1 0
vn -0.49999999999999817 0 0.8660254037844397
vn 0 1 0
vn 0 -1 0
vn 0 0 1
vn 0 1 0
vn 0 -1 0
vn 0.4999999999999975 0 0.86602540378444
vn 0 1 0
vn 0 -1 0
vn 0.86602540378444 0 0.49999999999999795
vn 0 1 0
vn 0 -1 0
vn 1 0 0
vn 0 1 0
vn 0 -1 0
vn 0.8660254037844398 0 -0.4999999999999981
vn 0 1 0
vn 0 -1 0
vn 0.49999999999999817 0 -0.8660254037844397
vn 0 1 0
vn 0 -1 0
vn 0 0 -1
vn 0 1 0
usemtl m_1cd5f309-bd15-e7d6-9f47-afccc33b66ea
f 321/1225/343 322/1226/343 323/1227/343
f 322/1228/344 321/1229/344 324/1230/344 325/1231/344
f 325/1232/345 324/1233/345 326/1234/345
f 327/1235/346 321/1236/346 323/1237/346
f 321/1238/347 327/1239/347 328/1240/347 324/1241/347
f 324/1242/348 328/1243/348 326/1244/348
f 329/1245/349 327/1246/349 323/1247/349
f 327/1248/350 329/1249/350 330/1250/350 328/1251/350
f 328/1252/351 330/1253/351 326/1254/351
f 331/1255/352 329/1256/352 323/1257/352
f 329/1258/353 331/1259/353 332/1260/353 330/1261/353
f 330/1262/354 332/1263/354 326/1264/354
f 333/1265/355 331/1266/355 323/1267/355
f 331/1268/356 333/1269/356 334/1270/356 332/1271/356
f 332/1272/357 334/1273/357 326/1274/357
f 335/1275/358 333/1276/358 323/1277/358
f 333/1278/359 335/1279/359 336/1280/359 334/1281/359
f 334/1282/360 336/1283/360 326/1284/360
f 337/1285/361 335/1286/361 323/1287/361
f 335/1288/362 337/1289/362 338/1290/362 336/1291/362
f 336/1292/363 338/1293/363 326/1294/363
f 339/1295/364 337/1296/364 323/1297/364
f 337/1298/365 339/1299/365 340/1300/365 338/1301/365
f 338/1302/366 340/1303/366 326/1304/366
f 341/1305/367 339/1306/367 323/1307/367
f 339/1308/368 341/1309/368 342/1310/368 340/1311/368
f 340/1312/369 342/1313/369 326/1314/369
f 343/1315/370 341/1316/370 323/1317/370
f 341/1318/371 343/1319/371 344/1320/371 342/1321/371
f 342/1322/372 344/1323/372 326/1324/372
f 345/1325/373 343/1326/373 323/1327/373
f 343/1328/374 345/1329/374 346/1330/374 344/1331/374
f 344/1332/375 346/1333/375 326/1334/375
f 322/1335/376 345/1336/376 323/1337/376
f 345/1338/377 322/1339/377 325/1340/377 346/1341/377
f 346/1342/378 325/1343/378 326/1344/378
o doorLeft
v 0.4375 0.6875 -0.016250000000000042
v 0.4375 0.9375 -0.016250000000000042
v 0.4375 0.9375 0.016249999999999955
v 0.4375 0.6875 0.016249999999999955
v 0.3125 0.625 0.01624999999999997
v 0.3125 1 0.01624999999999997
v 0.3125 1 -0.01625000000000003
v 0.3125 0.625 -0.01625000000000003
v 0.375 0.9375 -0.016250000000000035
v 0.375 0.9375 0.016249999999999962
v 0.375 0.6875 0.016249999999999962
v 0.375 0.6875 -0.016250000000000035
vt 0.7900390625 0.064453125
vt 0.7900390625 0.095703125
vt 0.7861328125 0.095703125
vt 0.7861328125 0.064453125
vt 0.7900390625 0.064453125
vt 0.7900390625 0.095703125
vt 0.7861328125 0.095703125
vt 0.7861328125 0.064453125
vt 0.8037109375 0.08984375
vt 0.7919921875 0.08984375
vt 0.7919921875 0.0859375
vt 0.8037109375 0.0859375
vt 0.8037109375 0.08984375
vt 0.7919921875 0.08984375
vt 0.7919921875 0.0859375
vt 0.8037109375 0.0859375
vt 0.8037109375 0.095703125
vt 0.7919921875 0.095703125
vt 0.7919921875 0.064453125
vt 0.8037109375 0.064453125
vt 0.7802734375 0.064453125
vt 0.7919921875 0.064453125
vt 0.7919921875 0.095703125
vt 0.7802734375 0.095703125
vt 0.7802734375 0.0859375
vt 0.7919921875 0.0859375
vt 0.7919921875 0.08984375
vt 0.7802734375 0.08984375
vt 0.8037109375 0.095703125
vt 0.7919921875 0.095703125
vt 0.7919921875 0.064453125
vt 0.8037109375 0.064453125
vt 0.7802734375 0.0859375
vt 0.7919921875 0.0859375
vt 0.7919921875 0.08984375
vt 0.7802734375 0.08984375
vt 0.7802734375 0.064453125
vt 0.7919921875 0.064453125
vt 0.7919921875 0.095703125
vt 0.7802734375 0.095703125
vn 1 0 0
vn -1 0 0
vn 0 1 0
vn 0 -1 0
vn 1.1102230246251565e-16 0 1
vn -1.1102230246251565e-16 0 -1
vn 0.7071067811865476 0.7071067811865476 0
vn -1.1102230246251565e-16 0 -1
vn 0.7071067811865476 -0.7071067811865476 0
vn 1.1102230246251565e-16 0 1
usemtl m_1cd5f309-bd15-e7d6-9f47-afccc33b66ea
f 347/1345/379 348/1346/379 349/1347/379 350/1348/379
f 351/1349/380 352/1350/380 353/1351/380 354/1352/380
f 348/1353/381 355/1354/381 356/1355/381 349/1356/381
f 350/1357/382 357/1358/382 358/1359/382 347/1360/382
f 349/1361/383 356/1362/383 357/1363/383 350/1364/383
f 347/1365/384 358/1366/384 355/1367/384 348/1368/384
f 352/1369/385 356/1370/385 355/1371/385 353/1372/385
f 353/1373/386 355/1374/386 358/1375/386 354/1376/386
f 354/1377/387 358/1378/387 357/1379/387 351/1380/387
f 351/1381/388 357/1382/388 356/1383/388 352/1384/388
o doorLeft
v 0.3125 0.4375 0
v 0.03125 0.4375 0
v 0.03125 1.4375 0
v 0.3125 1.4375 0
v 0.03125 0.4375 0
v 0.3125 0.4375 0
v 0.3125 1.4375 0
v 0.03125 1.4375 0
vt 0.6025390625 0
vt 0.6376953125 0
vt 0.6376953125 0.125
vt 0.6025390625 0.125
vt 0.6025390625 0
vt 0.6376953125 0
vt 0.6376953125 0.125
vt 0.6025390625 0.125
vn 0 0 -1
vn 0 0 1
usemtl m_1cd5f309-bd15-e7d6-9f47-afccc33b66ea
f 359/1385/389 360/1386/389 361/1387/389 362/1388/389
f 363/1389/390 364/1390/390 365/1391/390 366/1392/390
o doorLeft
v 0.21875000000000003 0.4458734122634726 -0.022876587736527412
v 0.21875000000000003 0.4603765877365274 -0.03125
v 0.21875000000000003 0.46875000000000006 0
v 0.125 0.4458734122634726 -0.022876587736527412
v 0.125 0.4603765877365274 -0.03125
v 0.125 0.46875000000000006 0
v 0.21875 0.43750000000000006 -0.00837341226347258
v 0.125 0.43750000000000006 -0.00837341226347258
v 0.21875 0.43750000000000006 0.008373412263472588
v 0.125 0.43750000000000006 0.008373412263472588
v 0.21875000000000003 0.4458734122634726 0.022876587736527412
v 0.125 0.4458734122634726 0.022876587736527412
v 0.21875000000000003 0.4603765877365274 0.031249999999999993
v 0.125 0.4603765877365274 0.031249999999999993
v 0.21875000000000003 0.4771234122634726 0.03125
v 0.125 0.4771234122634726 0.03125
v 0.21875000000000003 0.4916265877365274 0.02287658773652742
v 0.125 0.4916265877365274 0.02287658773652742
v 0.21875000000000003 0.5 0.00837341226347258
v 0.125 0.5 0.00837341226347258
v 0.21875000000000003 0.5 -0.008373412263472567
v 0.125 0.5 -0.008373412263472567
v 0.21875000000000003 0.4916265877365274 -0.022876587736527412
v 0.125 0.4916265877365274 -0.022876587736527412
v 0.21875000000000003 0.4771234122634726 -0.03125
v 0.125 0.4771234122634726 -0.03125
vt 0.9052721932636915 0.10624210240172438
vt 0.9032435523456648 0.10791015625
vt 0.8901194876310841 0.10624210240172438
vt 0.8901194876310841 0.091796875
vt 0.897965137037766 0.091796875
vt 0.897965137037766 0.10791015625
vt 0.8901194876310841 0.10791015625
vt 0.8901194876310841 0.10457377461515516
vt 0.8976952183803134 0.10502092316667311
vt 0.8901194876310841 0.10791015625
vt 0.9052734375 0.10624223935962518
vt 0.903242474775924 0.10791015625
vt 0.8901194876310841 0.10624223935962518
vt 0.8901194876310841 0.091796875
vt 0.897965137037766 0.091796875
vt 0.897965137037766 0.10791015625
vt 0.8901194876310841 0.10791015625
vt 0.8901194876310841 0.10457404855344876
vt 0.8976958404473878 0.10502068592265923
vt 0.8901194876310841 0.10791015625
vt 0.9047568932405653 0.10618281249999995
vt 0.9047568932405653 0.10791015625
vt 0.8901194876310841 0.10704648437499997
vt 0.8901194876310841 0.091796875
vt 0.897965137037766 0.091796875
vt 0.897965137037766 0.10791015625
vt 0.8901194876310841 0.10791015625
vt 0.9047568932405653 0.10618281249999995
vt 0.9047568932405653 0.10791015625
vt 0.8901194876310841 0.10704648437499997
vt 0.8901194876310841 0.10457404855344876
vt 0.8976958404473878 0.10502068592265923
vt 0.8901194876310841 0.10791015625
vt 0.8901194876310841 0.091796875
vt 0.897965137037766 0.091796875
vt 0.897965137037766 0.10791015625
vt 0.8901194876310841 0.10791015625
vt 0.9052734375 0.10624223935962518
vt 0.903242474775924 0.10791015625
vt 0.8901194876310841 0.10624223935962518
vt 0.8901194876310841 0.10457377461515516
vt 0.8976952183803134 0.10502092316667311
vt 0.8901194876310841 0.10791015625
vt 0.8901194876310841 0.091796875
vt 0.897965137037766 0.091796875
vt 0.897965137037766 0.10791015625
vt 0.8901194876310841 0.10791015625
vt 0.9052721932636915 0.10624210240172438
vt 0.9032435523456648 0.10791015625
vt 0.8901194876310841 0.10624210240172438
vt 0.8901194876310841 0.10468750000000004
vt 0.897965137037766 0.10468750000000004
vt 0.894042312334425 0.10791015625
vt 0.8901194876310841 0.091796875
vt 0.897965137037766 0.091796875
vt 0.897965137037766 0.10791015625
vt 0.8901194876310841 0.10791015625
vt 0.897965137037766 0.10791015625
vt 0.8901194876310841 0.10791015625
vt 0.894042312334425 0.10468750000000004
vt 0.8901194876310841 0.10791015625
vt 0.8921481285491107 0.10624210240172438
vt 0.9052721932636915 0.10791015625
vt 0.8901194876310841 0.091796875
vt 0.897965137037766 0.091796875
vt 0.897965137037766 0.10791015625
vt 0.8901194876310841 0.10791015625
vt 0.8976952183803134 0.10791015625
vt 0.8901194876310841 0.10746300769848205
vt 0.8976952183803134 0.10457377461515516
vt 0.8901194876310841 0.10791015625
vt 0.89215045035516 0.10624223935962518
vt 0.9052734375 0.10791015625
vt 0.8901194876310841 0.091796875
vt 0.897965137037766 0.091796875
vt 0.897965137037766 0.10791015625
vt 0.8901194876310841 0.10791015625
vt 0.8976958404473878 0.10791015625
vt 0.8901194876310841 0.10746351888078953
vt 0.8976958404473878 0.10457404855344876
vt 0.8901194876310841 0.10791015625
vt 0.8901194876310841 0.10618281249999995
vt 0.9047568932405653 0.10704648437499997
vt 0.8901194876310841 0.091796875
vt 0.897965137037766 0.091796875
vt 0.897965137037766 0.10791015625
vt 0.8901194876310841 0.10791015625
vt 0.8901194876310841 0.10791015625
vt 0.8901194876310841 0.10618281249999995
vt 0.9047568932405653 0.10704648437499997
vt 0.8976958404473878 0.10791015625
vt 0.8901194876310841 0.10746351888078953
vt 0.8976958404473878 0.10457404855344876
vt 0.8901194876310841 0.091796875
vt 0.897965137037766 0.091796875
vt 0.897965137037766 0.10791015625
vt 0.8901194876310841 0.10791015625
vt 0.8901194876310841 0.10791015625
vt 0.89215045035516 0.10624223935962518
vt 0.9052734375 0.10791015625
vt 0.8976952183803134 0.10791015625
vt 0.8901194876310841 0.10746300769848205
vt 0.8976952183803134 0.10457377461515516
vt 0.8901194876310841 0.091796875
vt 0.897965137037766 0.091796875
vt 0.897965137037766 0.10791015625
vt 0.8901194876310841 0.10791015625
vt 0.8901194876310841 0.10791015625
vt 0.8921481285491107 0.10624210240172438
vt 0.9052721932636915 0.10791015625
vt 0.897965137037766 0.10791015625
vt 0.8901194876310841 0.10791015625
vt 0.894042312334425 0.10468750000000004
vt 0.8901194876310841 0.091796875
vt 0.897965137037766 0.091796875
vt 0.897965137037766 0.10791015625
vt 0.8901194876310841 0.10791015625
vt 0.8901194876310841 0.10468750000000004
vt 0.897965137037766 0.10468750000000004
vt 0.894042312334425 0.10791015625
vn 1 0 0
vn 0 -0.500000000000001 -0.866025403784438
vn -1 0 0
vn 1 -1.2132742844034887e-15 1.2132742844034911e-15
vn 0 -0.8660254037844397 -0.4999999999999983
vn -1 0 0
vn 1 -8.881784197001252e-16 0
vn 0 -1 0
vn -1 0 0
vn 1 -1.2132742844034891e-15 -1.2132742844034913e-15
vn 0 -0.8660254037844397 0.4999999999999985
vn -1 0 0
vn 1 0 0
vn 0 -0.5000000000000007 0.8660254037844383
vn -1 0 0
vn 1 0 0
vn 0 -4.1434087356338685e-16 1
vn -1 0 0
vn 1 0 0
vn 0 0.5000000000000007 0.8660254037844383
vn -1 0 0
vn 1 0 0
vn 0 0.8660254037844384 0.5000000000000006
vn -1 0 0
vn 1 0 0
vn 0 1 0
vn -1 0 0
vn 1 0 0
vn 0 0.8660254037844386 -0.5000000000000004
vn -1 0 0
vn 1 0 0
vn 0 0.500000000000001 -0.866025403784438
vn -1 0 0
vn 1 0 0
vn 0 0 -1
vn -1 0 0
usemtl m_1cd5f309-bd15-e7d6-9f47-afccc33b66ea
f 367/1393/391 368/1394/391 369/1395/391
f 368/1396/392 367/1397/392 370/1398/392 371/1399/392
f 371/1400/393 370/1401/393 372/1402/393
f 373/1403/394 367/1404/394 369/1405/394
f 367/1406/395 373/1407/395 374/1408/395 370/1409/395
f 370/1410/396 374/1411/396 372/1412/396
f 375/1413/397 373/1414/397 369/1415/397
f 373/1416/398 375/1417/398 376/1418/398 374/1419/398
f 374/1420/399 376/1421/399 372/1422/399
f 377/1423/400 375/1424/400 369/1425/400
f 375/1426/401 377/1427/401 378/1428/401 376/1429/401
f 376/1430/402 378/1431/402 372/1432/402
f 379/1433/403 377/1434/403 369/1435/403
f 377/1436/404 379/1437/404 380/1438/404 378/1439/404
f 378/1440/405 380/1441/405 372/1442/405
f 381/1443/406 379/1444/406 369/1445/406
f 379/1446/407 381/1447/407 382/1448/407 380/1449/407
f 380/1450/408 382/1451/408 372/1452/408
f 383/1453/409 381/1454/409 369/1455/409
f 381/1456/410 383/1457/410 384/1458/410 382/1459/410
f 382/1460/411 384/1461/411 372/1462/411
f 385/1463/412 383/1464/412 369/1465/412
f 383/1466/413 385/1467/413 386/1468/413 384/1469/413
f 384/1470/414 386/1471/414 372/1472/414
f 387/1473/415 385/1474/415 369/1475/415
f 385/1476/416 387/1477/416 388/1478/416 386/1479/416
f 386/1480/417 388/1481/417 372/1482/417
f 389/1483/418 387/1484/418 369/1485/418
f 387/1486/419 389/1487/419 390/1488/419 388/1489/419
f 388/1490/420 390/1491/420 372/1492/420
f 391/1493/421 389/1494/421 369/1495/421
f 389/1496/422 391/1497/422 392/1498/422 390/1499/422
f 390/1500/423 392/1501/423 372/1502/423
f 368/1503/424 391/1504/424 369/1505/424
f 391/1506/425 368/1507/425 371/1508/425 392/1509/425
f 392/1510/426 371/1511/426 372/1512/426
o doorLeft
v 0.2187500000000001 1.3833734122634724 -0.02287658773652742
v 0.2187500000000001 1.3978765877365276 -0.03125
v 0.2187500000000001 1.40625 0
v 0.1250000000000001 1.3833734122634724 -0.02287658773652742
v 0.1250000000000001 1.3978765877365276 -0.03125
v 0.1250000000000001 1.40625 0
v 0.2187500000000001 1.375 -0.00837341226347258
v 0.1250000000000001 1.375 -0.00837341226347258
v 0.2187500000000001 1.375 0.008373412263472588
v 0.1250000000000001 1.375 0.008373412263472588
v 0.2187500000000001 1.3833734122634724 0.022876587736527412
v 0.1250000000000001 1.3833734122634724 0.022876587736527412
v 0.2187500000000001 1.3978765877365276 0.031249999999999993
v 0.1250000000000001 1.3978765877365276 0.031249999999999993
v 0.2187500000000001 1.4146234122634724 0.03125
v 0.1250000000000001 1.4146234122634724 0.03125
v 0.2187500000000001 1.4291265877365276 0.02287658773652742
v 0.1250000000000001 1.4291265877365276 0.02287658773652742
v 0.2187500000000001 1.4375 0.00837341226347258
v 0.1250000000000001 1.4375 0.00837341226347258
v 0.2187500000000001 1.4375 -0.008373412263472567
v 0.1250000000000001 1.4375 -0.008373412263472567
v 0.2187500000000001 1.4291265877365276 -0.022876587736527412
v 0.1250000000000001 1.4291265877365276 -0.022876587736527412
v 0.2187500000000001 1.4146234122634724 -0.03125
v 0.1250000000000001 1.4146234122634724 -0.03125
vt 0.9052721932636915 0.10624210240172438
vt 0.9032435523456648 0.10791015625
vt 0.8901194876310841 0.10624210240172438
vt 0.8901194876310841 0.091796875
vt 0.897965137037766 0.091796875
vt 0.897965137037766 0.10791015625
vt 0.8901194876310841 0.10791015625
vt 0.8901194876310841 0.10457377461515516
vt 0.8976952183803134 0.10502092316667311
vt 0.8901194876310841 0.10791015625
vt 0.9052734375 0.10624223935962518
vt 0.903242474775924 0.10791015625
vt 0.8901194876310841 0.10624223935962518
vt 0.8901194876310841 0.091796875
vt 0.897965137037766 0.091796875
vt 0.897965137037766 0.10791015625
vt 0.8901194876310841 0.10791015625
vt 0.8901194876310841 0.10457404855344876
vt 0.8976958404473878 0.10502068592265923
vt 0.8901194876310841 0.10791015625
vt 0.9047568932405653 0.10618281249999995
vt 0.9047568932405653 0.10791015625
vt 0.8901194876310841 0.10704648437499997
vt 0.8901194876310841 0.091796875
vt 0.897965137037766 0.091796875
vt 0.897965137037766 0.10791015625
vt 0.8901194876310841 0.10791015625
vt 0.9047568932405653 0.10618281249999995
vt 0.9047568932405653 0.10791015625
vt 0.8901194876310841 0.10704648437499997
vt 0.8901194876310841 0.10457404855344876
vt 0.8976958404473878 0.10502068592265923
vt 0.8901194876310841 0.10791015625
vt 0.8901194876310841 0.091796875
vt 0.897965137037766 0.091796875
vt 0.897965137037766 0.10791015625
vt 0.8901194876310841 0.10791015625
vt 0.9052734375 0.10624223935962518
vt 0.903242474775924 0.10791015625
vt 0.8901194876310841 0.10624223935962518
vt 0.8901194876310841 0.10457377461515516
vt 0.8976952183803134 0.10502092316667311
vt 0.8901194876310841 0.10791015625
vt 0.8901194876310841 0.091796875
vt 0.897965137037766 0.091796875
vt 0.897965137037766 0.10791015625
vt 0.8901194876310841 0.10791015625
vt 0.9052721932636915 0.10624210240172438
vt 0.9032435523456648 0.10791015625
vt 0.8901194876310841 0.10624210240172438
vt 0.8901194876310841 0.10468750000000004
vt 0.897965137037766 0.10468750000000004
vt 0.894042312334425 0.10791015625
vt 0.8901194876310841 0.091796875
vt 0.897965137037766 0.091796875
vt 0.897965137037766 0.10791015625
vt 0.8901194876310841 0.10791015625
vt 0.897965137037766 0.10791015625
vt 0.8901194876310841 0.10791015625
vt 0.894042312334425 0.10468750000000004
vt 0.8901194876310841 0.10791015625
vt 0.8921481285491107 0.10624210240172438
vt 0.9052721932636915 0.10791015625
vt 0.8901194876310841 0.091796875
vt 0.897965137037766 0.091796875
vt 0.897965137037766 0.10791015625
vt 0.8901194876310841 0.10791015625
vt 0.8976952183803134 0.10791015625
vt 0.8901194876310841 0.10746300769848205
vt 0.8976952183803134 0.10457377461515516
vt 0.8901194876310841 0.10791015625
vt 0.89215045035516 0.10624223935962518
vt 0.9052734375 0.10791015625
vt 0.8901194876310841 0.091796875
vt 0.897965137037766 0.091796875
vt 0.897965137037766 0.10791015625
vt 0.8901194876310841 0.10791015625
vt 0.8976958404473878 0.10791015625
vt 0.8901194876310841 0.10746351888078953
vt 0.8976958404473878 0.10457404855344876
vt 0.8901194876310841 0.10791015625
vt 0.8901194876310841 0.10618281249999995
vt 0.9047568932405653 0.10704648437499997
vt 0.8901194876310841 0.091796875
vt 0.897965137037766 0.091796875
vt 0.897965137037766 0.10791015625
vt 0.8901194876310841 0.10791015625
vt 0.8901194876310841 0.10791015625
vt 0.8901194876310841 0.10618281249999995
vt 0.9047568932405653 0.10704648437499997
vt 0.8976958404473878 0.10791015625
vt 0.8901194876310841 0.10746351888078953
vt 0.8976958404473878 0.10457404855344876
vt 0.8901194876310841 0.091796875
vt 0.897965137037766 0.091796875
vt 0.897965137037766 0.10791015625
vt 0.8901194876310841 0.10791015625
vt 0.8901194876310841 0.10791015625
vt 0.89215045035516 0.10624223935962518
vt 0.9052734375 0.10791015625
vt 0.8976952183803134 0.10791015625
vt 0.8901194876310841 0.10746300769848205
vt 0.8976952183803134 0.10457377461515516
vt 0.8901194876310841 0.091796875
vt 0.897965137037766 0.091796875
vt 0.897965137037766 0.10791015625
vt 0.8901194876310841 0.10791015625
vt 0.8901194876310841 0.10791015625
vt 0.8921481285491107 0.10624210240172438
vt 0.9052721932636915 0.10791015625
vt 0.897965137037766 0.10791015625
vt 0.8901194876310841 0.10791015625
vt 0.894042312334425 0.10468750000000004
vt 0.8901194876310841 0.091796875
vt 0.897965137037766 0.091796875
vt 0.897965137037766 0.10791015625
vt 0.8901194876310841 0.10791015625
vt 0.8901194876310841 0.10468750000000004
vt 0.897965137037766 0.10468750000000004
vt 0.894042312334425 0.10791015625
vn 1 0 0
vn 0 -0.4999999999999921 -0.8660254037844433
vn -1 0 0
vn 1 0 0
vn 0 -0.8660254037844426 -0.4999999999999931
vn -1 0 0
vn 1 0 0
vn 0 -1 0
vn -1 0 0
vn 1 0 0
vn 0 -0.8660254037844426 0.49999999999999356
vn -1 0 0
vn 1 0 0
vn 0 -0.4999999999999921 0.8660254037844433
vn -1 0 0
vn 1 0 0
vn 0 -4.143408735633951e-16 1
vn -1 0 0
vn 1 0 0
vn 0 0.4999999999999921 0.8660254037844433
vn -1 0 0
vn 1 0 0
vn 0 0.8660254037844426 0.4999999999999931
vn -1 0 0
vn 1 0 0
vn 0 1 0
vn -1 0 0
vn 1 0 0
vn 0 0.8660254037844428 -0.49999999999999295
vn -1 0 0
vn 1 0 0
vn 0 0.4999999999999924 -0.866025403784443
vn -1 0 0
vn 1 0 0
vn 0 0 -1
vn -1 0 0
usemtl m_1cd5f309-bd15-e7d6-9f47-afccc33b66ea
f 393/1513/427 394/1514/427 395/1515/427
f 394/1516/428 393/1517/428 396/1518/428 397/1519/428
f 397/1520/429 396/1521/429 398/1522/429
f 399/1523/430 393/1524/430 395/1525/430
f 393/1526/431 399/1527/431 400/1528/431 396/1529/431
f 396/1530/432 400/1531/432 398/1532/432
f 401/1533/433 399/1534/433 395/1535/433
f 399/1536/434 401/1537/434 402/1538/434 400/1539/434
f 400/1540/435 402/1541/435 398/1542/435
f 403/1543/436 401/1544/436 395/1545/436
f 401/1546/437 403/1547/437 404/1548/437 402/1549/437
f 402/1550/438 404/1551/438 398/1552/438
f 405/1553/439 403/1554/439 395/1555/439
f 403/1556/440 405/1557/440 406/1558/440 404/1559/440
f 404/1560/441 406/1561/441 398/1562/441
f 407/1563/442 405/1564/442 395/1565/442
f 405/1566/443 407/1567/443 408/1568/443 406/1569/443
f 406/1570/444 408/1571/444 398/1572/444
f 409/1573/445 407/1574/445 395/1575/445
f 407/1576/446 409/1577/446 410/1578/446 408/1579/446
f 408/1580/447 410/1581/447 398/1582/447
f 411/1583/448 409/1584/448 395/1585/448
f 409/1586/449 411/1587/449 412/1588/449 410/1589/449
f 410/1590/450 412/1591/450 398/1592/450
f 413/1593/451 411/1594/451 395/1595/451
f 411/1596/452 413/1597/452 414/1598/452 412/1599/452
f 412/1600/453 414/1601/453 398/1602/453
f 415/1603/454 413/1604/454 395/1605/454
f 413/1606/455 415/1607/455 416/1608/455 414/1609/455
f 414/1610/456 416/1611/456 398/1612/456
f 417/1613/457 415/1614/457 395/1615/457
f 415/1616/458 417/1617/458 418/1618/458 416/1619/458
f 416/1620/459 418/1621/459 398/1622/459
f 394/1623/460 417/1624/460 395/1625/460
f 417/1626/461 394/1627/461 397/1628/461 418/1629/461
f 418/1630/462 397/1631/462 398/1632/462
o doorLeft
v 0.2583734122634726 0.53125 -0.022876587736527412
v 0.27287658773652745 0.53125 -0.03125
v 0.28125 0.53125 0
v 0.2583734122634726 1.34375 -0.022876587736527412
v 0.27287658773652745 1.34375 -0.03125
v 0.28125 1.34375 0
v 0.25 0.53125 -0.00837341226347258
v 0.25 1.34375 -0.00837341226347258
v 0.25 0.53125 0.008373412263472588
v 0.25 1.34375 0.008373412263472588
v 0.25837341226347255 0.53125 0.022876587736527412
v 0.25837341226347255 1.34375 0.022876587736527412
v 0.2728765877365274 0.53125 0.031249999999999993
v 0.2728765877365274 1.34375 0.031249999999999993
v 0.28962341226347255 0.53125 0.03125
v 0.28962341226347255 1.34375 0.03125
v 0.3041265877365274 0.53125 0.02287658773652742
v 0.3041265877365274 1.34375 0.02287658773652742
v 0.3125 0.53125 0.00837341226347258
v 0.3125 1.34375 0.00837341226347258
v 0.3125 0.53125 -0.008373412263472567
v 0.3125 1.34375 -0.008373412263472567
v 0.30412658773652745 0.53125 -0.022876587736527412
v 0.30412658773652745 1.34375 -0.022876587736527412
v 0.28962341226347255 0.53125 -0.03125
v 0.28962341226347255 1.34375 -0.03125
vt 0.9052721932636915 0.10624210240172438
vt 0.9032435523456648 0.10791015625
vt 0.8901194876310841 0.10624210240172438
vt 0.8901194876310841 0.091796875
vt 0.897965137037766 0.091796875
vt 0.897965137037766 0.10791015625
vt 0.8901194876310841 0.10791015625
vt 0.8901194876310841 0.10457377461515516
vt 0.8976952183803134 0.10502092316667311
vt 0.8901194876310841 0.10791015625
vt 0.9052734375 0.10624223935962518
vt 0.903242474775924 0.10791015625
vt 0.8901194876310841 0.10624223935962518
vt 0.8901194876310841 0.091796875
vt 0.897965137037766 0.091796875
vt 0.897965137037766 0.10791015625
vt 0.8901194876310841 0.10791015625
vt 0.8901194876310841 0.10457404855344876
vt 0.8976958404473878 0.10502068592265923
vt 0.8901194876310841 0.10791015625
vt 0.9047568932405653 0.10618281249999995
vt 0.9047568932405653 0.10791015625
vt 0.8901194876310841 0.10704648437499997
vt 0.8901194876310841 0.091796875
vt 0.897965137037766 0.091796875
vt 0.897965137037766 0.10791015625
vt 0.8901194876310841 0.10791015625
vt 0.9047568932405653 0.10618281249999995
vt 0.9047568932405653 0.10791015625
vt 0.8901194876310841 0.10704648437499997
vt 0.8901194876310841 0.10457404855344876
vt 0.8976958404473878 0.10502068592265923
vt 0.8901194876310841 0.10791015625
vt 0.8901194876310841 0.091796875
vt 0.897965137037766 0.091796875
vt 0.897965137037766 0.10791015625
vt 0.8901194876310841 0.10791015625
vt 0.9052734375 0.10624223935962518
vt 0.903242474775924 0.10791015625
vt 0.8901194876310841 0.10624223935962518
vt 0.8901194876310841 0.10457377461515516
vt 0.8976952183803134 0.10502092316667311
vt 0.8901194876310841 0.10791015625
vt 0.8901194876310841 0.091796875
vt 0.897965137037766 0.091796875
vt 0.897965137037766 0.10791015625
vt 0.8901194876310841 0.10791015625
vt 0.9052721932636915 0.10624210240172438
vt 0.9032435523456648 0.10791015625
vt 0.8901194876310841 0.10624210240172438
vt 0.8901194876310841 0.10468750000000004
vt 0.897965137037766 0.10468750000000004
vt 0.894042312334425 0.10791015625
vt 0.8901194876310841 0.091796875
vt 0.897965137037766 0.091796875
vt 0.897965137037766 0.10791015625
vt 0.8901194876310841 0.10791015625
vt 0.897965137037766 0.10791015625
vt 0.8901194876310841 0.10791015625
vt 0.894042312334425 0.10468750000000004
vt 0.8901194876310841 0.10791015625
vt 0.8921481285491107 0.10624210240172438
vt 0.9052721932636915 0.10791015625
vt 0.8901194876310841 0.091796875
vt 0.897965137037766 0.091796875
vt 0.897965137037766 0.10791015625
vt 0.8901194876310841 0.10791015625
vt 0.8976952183803134 0.10791015625
vt 0.8901194876310841 0.10746300769848205
vt 0.8976952183803134 0.10457377461515516
vt 0.8901194876310841 0.10791015625
vt 0.89215045035516 0.10624223935962518
vt 0.9052734375 0.10791015625
vt 0.8901194876310841 0.091796875
vt 0.897965137037766 0.091796875
vt 0.897965137037766 0.10791015625
vt 0.8901194876310841 0.10791015625
vt 0.8976958404473878 0.10791015625
vt 0.8901194876310841 0.10746351888078953
vt 0.8976958404473878 0.10457404855344876
vt 0.8901194876310841 0.10791015625
vt 0.8901194876310841 0.10618281249999995
vt 0.9047568932405653 0.10704648437499997
vt 0.8901194876310841 0.091796875
vt 0.897965137037766 0.091796875
vt 0.897965137037766 0.10791015625
vt 0.8901194876310841 0.10791015625
vt 0.8901194876310841 0.10791015625
vt 0.8901194876310841 0.10618281249999995
vt 0.9047568932405653 0.10704648437499997
vt 0.8976958404473878 0.10791015625
vt 0.8901194876310841 0.10746351888078953
vt 0.8976958404473878 0.10457404855344876
vt 0.8901194876310841 0.091796875
vt 0.897965137037766 0.091796875
vt 0.897965137037766 0.10791015625
vt 0.8901194876310841 0.10791015625
vt 0.8901194876310841 0.10791015625
vt 0.89215045035516 0.10624223935962518
vt 0.9052734375 0.10791015625
vt 0.8976952183803134 0.10791015625
vt 0.8901194876310841 0.10746300769848205
vt 0.8976952183803134 0.10457377461515516
vt 0.8901194876310841 0.091796875
vt 0.897965137037766 0.091796875
vt 0.897965137037766 0.10791015625
vt 0.8901194876310841 0.10791015625
vt 0.8901194876310841 0.10791015625
vt 0.8921481285491107 0.10624210240172438
vt 0.9052721932636915 0.10791015625
vt 0.897965137037766 0.10791015625
vt 0.8901194876310841 0.10791015625
vt 0.894042312334425 0.10468750000000004
vt 0.8901194876310841 0.091796875
vt 0.897965137037766 0.091796875
vt 0.897965137037766 0.10791015625
vt 0.8901194876310841 0.10791015625
vt 0.8901194876310841 0.10468750000000004
vt 0.897965137037766 0.10468750000000004
vt 0.894042312334425 0.10791015625
vn 0 -1 0
vn -0.49999999999999967 0 -0.866025403784439
vn 0 1 0
vn 0 -1 0
vn -0.8660254037844383 0 -0.5000000000000008
vn 0 1 0
vn 0 -1 0
vn -1 0 0
vn 0 1 0
vn 0 -1 0
vn -0.8660254037844396 0 0.49999999999999845
vn 0 1 0
vn 0 -1 0
vn -0.49999999999999933 0 0.8660254037844393
vn 0 1 0
vn 0 -1 0
vn -4.1434087356338823e-16 0 1
vn 0 1 0
vn 0 -1 0
vn 0.49999999999999933 0 0.8660254037844393
vn 0 1 0
vn 0 -1 0
vn 0.8660254037844385 0 0.5000000000000007
vn 0 1 0
vn 0 -1 0
vn 1 0 0
vn 0 1 0
vn 0 -1 0
vn 0.8660254037844399 0 -0.4999999999999979
vn 0 1 0
vn 0 -1 0
vn 0.49999999999999817 0 -0.8660254037844397
vn 0 1 0
vn 0 -1 0
vn 0 0 -1
vn 0 1 0
usemtl m_1cd5f309-bd15-e7d6-9f47-afccc33b66ea
f 419/1633/463 420/1634/463 421/1635/463
f 420/1636/464 419/1637/464 422/1638/464 423/1639/464
f 423/1640/465 422/1641/465 424/1642/465
f 425/1643/466 419/1644/466 421/1645/466
f 419/1646/467 425/1647/467 426/1648/467 422/1649/467
f 422/1650/468 426/1651/468 424/1652/468
f 427/1653/469 425/1654/469 421/1655/469
f 425/1656/470 427/1657/470 428/1658/470 426/1659/470
f 426/1660/471 428/1661/471 424/1662/471
f 429/1663/472 427/1664/472 421/1665/472
f 427/1666/473 429/1667/473 430/1668/473 428/1669/473
f 428/1670/474 430/1671/474 424/1672/474
f 431/1673/475 429/1674/475 421/1675/475
f 429/1676/476 431/1677/476 432/1678/476 430/1679/476
f 430/1680/477 432/1681/477 424/1682/477
f 433/1683/478 431/1684/478 421/1685/478
f 431/1686/479 433/1687/479 434/1688/479 432/1689/479
f 432/1690/480 434/1691/480 424/1692/480
f 435/1693/481 433/1694/481 421/1695/481
f 433/1696/482 435/1697/482 436/1698/482 434/1699/482
f 434/1700/483 436/1701/483 424/1702/483
f 437/1703/484 435/1704/484 421/1705/484
f 435/1706/485 437/1707/485 438/1708/485 436/1709/485
f 436/1710/486 438/1711/486 424/1712/486
f 439/1713/487 437/1714/487 421/1715/487
f 437/1716/488 439/1717/488 440/1718/488 438/1719/488
f 438/1720/489 440/1721/489 424/1722/489
f 441/1723/490 439/1724/490 421/1725/490
f 439/1726/491 441/1727/491 442/1728/491 440/1729/491
f 440/1730/492 442/1731/492 424/1732/492
f 443/1733/493 441/1734/493 421/1735/493
f 441/1736/494 443/1737/494 444/1738/494 442/1739/494
f 442/1740/495 444/1741/495 424/1742/495
f 420/1743/496 443/1744/496 421/1745/496
f 443/1746/497 420/1747/497 423/1748/497 444/1749/497
f 444/1750/498 423/1751/498 424/1752/498
o doorLeft
v 0.0396234122634726 0.53125 -0.022876587736527412
v 0.0541265877365274 0.53125 -0.03125
v 0.0625 0.53125 0
v 0.0396234122634726 1.34375 -0.022876587736527412
v 0.0541265877365274 1.34375 -0.03125
v 0.0625 1.34375 0
v 0.03125 0.53125 -0.00837341226347258
v 0.03125 1.34375 -0.00837341226347258
v 0.03125 0.53125 0.008373412263472588
v 0.03125 1.34375 0.008373412263472588
v 0.0396234122634726 0.53125 0.022876587736527412
v 0.0396234122634726 1.34375 0.022876587736527412
v 0.0541265877365274 0.53125 0.031249999999999993
v 0.0541265877365274 1.34375 0.031249999999999993
v 0.07087341226347255 0.53125 0.03125
v 0.07087341226347255 1.34375 0.03125
v 0.0853765877365274 0.53125 0.02287658773652742
v 0.0853765877365274 1.34375 0.02287658773652742
v 0.09375 0.53125 0.00837341226347258
v 0.09375 1.34375 0.00837341226347258
v 0.09375 0.53125 -0.008373412263472567
v 0.09375 1.34375 -0.008373412263472567
v 0.08537658773652745 0.53125 -0.022876587736527412
v 0.08537658773652745 1.34375 -0.022876587736527412
v 0.07087341226347255 0.53125 -0.03125
v 0.07087341226347255 1.34375 -0.03125
vt 0.9052721932636915 0.10624210240172438
vt 0.9032435523456648 0.10791015625
vt 0.8901194876310841 0.10624210240172438
vt 0.8901194876310841 0.091796875
vt 0.897965137037766 0.091796875
vt 0.897965137037766 0.10791015625
vt 0.8901194876310841 0.10791015625
vt 0.8901194876310841 0.10457377461515516
vt 0.8976952183803134 0.10502092316667311
vt 0.8901194876310841 0.10791015625
vt 0.9052734375 0.10624223935962518
vt 0.903242474775924 0.10791015625
vt 0.8901194876310841 0.10624223935962518
vt 0.8901194876310841 0.091796875
vt 0.897965137037766 0.091796875
vt 0.897965137037766 0.10791015625
vt 0.8901194876310841 0.10791015625
vt 0.8901194876310841 0.10457404855344876
vt 0.8976958404473878 0.10502068592265923
vt 0.8901194876310841 0.10791015625
vt 0.9047568932405653 0.10618281249999995
vt 0.9047568932405653 0.10791015625
vt 0.8901194876310841 0.10704648437499997
vt 0.8901194876310841 0.091796875
vt 0.897965137037766 0.091796875
vt 0.897965137037766 0.10791015625
vt 0.8901194876310841 0.10791015625
vt 0.9047568932405653 0.10618281249999995
vt 0.9047568932405653 0.10791015625
vt 0.8901194876310841 0.10704648437499997
vt 0.8901194876310841 0.10457404855344876
vt 0.8976958404473878 0.10502068592265923
vt 0.8901194876310841 0.10791015625
vt 0.8901194876310841 0.091796875
vt 0.897965137037766 0.091796875
vt 0.897965137037766 0.10791015625
vt 0.8901194876310841 0.10791015625
vt 0.9052734375 0.10624223935962518
vt 0.903242474775924 0.10791015625
vt 0.8901194876310841 0.10624223935962518
vt 0.8901194876310841 0.10457377461515516
vt 0.8976952183803134 0.10502092316667311
vt 0.8901194876310841 0.10791015625
vt 0.8901194876310841 0.091796875
vt 0.897965137037766 0.091796875
vt 0.897965137037766 0.10791015625
vt 0.8901194876310841 0.10791015625
vt 0.9052721932636915 0.10624210240172438
vt 0.9032435523456648 0.10791015625
vt 0.8901194876310841 0.10624210240172438
vt 0.8901194876310841 0.10468750000000004
vt 0.897965137037766 0.10468750000000004
vt 0.894042312334425 0.10791015625
vt 0.8901194876310841 0.091796875
vt 0.897965137037766 0.091796875
vt 0.897965137037766 0.10791015625
vt 0.8901194876310841 0.10791015625
vt 0.897965137037766 0.10791015625
vt 0.8901194876310841 0.10791015625
vt 0.894042312334425 0.10468750000000004
vt 0.8901194876310841 0.10791015625
vt 0.8921481285491107 0.10624210240172438
vt 0.9052721932636915 0.10791015625
vt 0.8901194876310841 0.091796875
vt 0.897965137037766 0.091796875
vt 0.897965137037766 0.10791015625
vt 0.8901194876310841 0.10791015625
vt 0.8976952183803134 0.10791015625
vt 0.8901194876310841 0.10746300769848205
vt 0.8976952183803134 0.10457377461515516
vt 0.8901194876310841 0.10791015625
vt 0.89215045035516 0.10624223935962518
vt 0.9052734375 0.10791015625
vt 0.8901194876310841 0.091796875
vt 0.897965137037766 0.091796875
vt 0.897965137037766 0.10791015625
vt 0.8901194876310841 0.10791015625
vt 0.8976958404473878 0.10791015625
vt 0.8901194876310841 0.10746351888078953
vt 0.8976958404473878 0.10457404855344876
vt 0.8901194876310841 0.10791015625
vt 0.8901194876310841 0.10618281249999995
vt 0.9047568932405653 0.10704648437499997
vt 0.8901194876310841 0.091796875
vt 0.897965137037766 0.091796875
vt 0.897965137037766 0.10791015625
vt 0.8901194876310841 0.10791015625
vt 0.8901194876310841 0.10791015625
vt 0.8901194876310841 0.10618281249999995
vt 0.9047568932405653 0.10704648437499997
vt 0.8976958404473878 0.10791015625
vt 0.8901194876310841 0.10746351888078953
vt 0.8976958404473878 0.10457404855344876
vt 0.8901194876310841 0.091796875
vt 0.897965137037766 0.091796875
vt 0.897965137037766 0.10791015625
vt 0.8901194876310841 0.10791015625
vt 0.8901194876310841 0.10791015625
vt 0.89215045035516 0.10624223935962518
vt 0.9052734375 0.10791015625
vt 0.8976952183803134 0.10791015625
vt 0.8901194876310841 0.10746300769848205
vt 0.8976952183803134 0.10457377461515516
vt 0.8901194876310841 0.091796875
vt 0.897965137037766 0.091796875
vt 0.897965137037766 0.10791015625
vt 0.8901194876310841 0.10791015625
vt 0.8901194876310841 0.10791015625
vt 0.8921481285491107 0.10624210240172438
vt 0.9052721932636915 0.10791015625
vt 0.897965137037766 0.10791015625
vt 0.8901194876310841 0.10791015625
vt 0.894042312334425 0.10468750000000004
vt 0.8901194876310841 0.091796875
vt 0.897965137037766 0.091796875
vt 0.897965137037766 0.10791015625
vt 0.8901194876310841 0.10791015625
vt 0.8901194876310841 0.10468750000000004
vt 0.897965137037766 0.10468750000000004
vt 0.894042312334425 0.10791015625
vn 0 -1 0
vn -0.500000000000001 0 -0.866025403784438
vn 0 1 0
vn 0 -1 0
vn -0.8660254037844383 0 -0.5000000000000008
vn 0 1 0
vn 0 -1 0
vn -1 0 0
vn 0 1 0
vn 0 -1 0
vn -0.8660254037844382 0 0.500000000000001
vn 0 1 0
vn 0 -1 0
vn -0.5000000000000008 0 0.8660254037844384
vn 0 1 0
vn 0 -1 0
vn -4.1434087356338823e-16 0 1
vn 0 1 0
vn 0 -1 0
vn 0.49999999999999933 0 0.8660254037844393
vn 0 1 0
vn 0 -1 0
vn 0.8660254037844385 0 0.5000000000000007
vn 0 1 0
vn 0 -1 0
vn 1 0 0
vn 0 1 0
vn 0 -1 0
vn 0.8660254037844399 0 -0.4999999999999979
vn 0 1 0
vn 0 -1 0
vn 0.49999999999999817 0 -0.8660254037844397
vn 0 1 0
vn 0 -1 0
vn 0 0 -1
vn 0 1 0
usemtl m_1cd5f309-bd15-e7d6-9f47-afccc33b66ea
f 445/1753/499 446/1754/499 447/1755/499
f 446/1756/500 445/1757/500 448/1758/500 449/1759/500
f 449/1760/501 448/1761/501 450/1762/501
f 451/1763/502 445/1764/502 447/1765/502
f 445/1766/503 451/1767/503 452/1768/503 448/1769/503
f 448/1770/504 452/1771/504 450/1772/504
f 453/1773/505 451/1774/505 447/1775/505
f 451/1776/506 453/1777/506 454/1778/506 452/1779/506
f 452/1780/507 454/1781/507 450/1782/507
f 455/1783/508 453/1784/508 447/1785/508
f 453/1786/509 455/1787/509 456/1788/509 454/1789/509
f 454/1790/510 456/1791/510 450/1792/510
f 457/1793/511 455/1794/511 447/1795/511
f 455/1796/512 457/1797/512 458/1798/512 456/1799/512
f 456/1800/513 458/1801/513 450/1802/513
f 459/1803/514 457/1804/514 447/1805/514
f 457/1806/515 459/1807/515 460/1808/515 458/1809/515
f 458/1810/516 460/1811/516 450/1812/516
f 461/1813/517 459/1814/517 447/1815/517
f 459/1816/518 461/1817/518 462/1818/518 460/1819/518
f 460/1820/519 462/1821/519 450/1822/519
f 463/1823/520 461/1824/520 447/1825/520
f 461/1826/521 463/1827/521 464/1828/521 462/1829/521
f 462/1830/522 464/1831/522 450/1832/522
f 465/1833/523 463/1834/523 447/1835/523
f 463/1836/524 465/1837/524 466/1838/524 464/1839/524
f 464/1840/525 466/1841/525 450/1842/525
f 467/1843/526 465/1844/526 447/1845/526
f 465/1846/527 467/1847/527 468/1848/527 466/1849/527
f 466/1850/528 468/1851/528 450/1852/528
f 469/1853/529 467/1854/529 447/1855/529
f 467/1856/530 469/1857/530 470/1858/530 468/1859/530
f 468/1860/531 470/1861/531 450/1862/531
f 446/1863/532 469/1864/532 447/1865/532
f 469/1866/533 446/1867/533 449/1868/533 470/1869/533
f 470/1870/534 449/1871/534 450/1872/534
o doorLeft
v 0.30412658773652723 0.53125 -0.02287658773652715
v 0.28962341226347255 0.53125 -0.03124999999999986
v 0.28125 0.53125 0
v 0.21875000000000003 0.4603765877365274 -0.03125
v 0.2698117061317362 0.4801882938682637 -0.03124999999999993
v 0.27706329386826367 0.4729367061317363 -0.022876587736527287
v 0.21875000000000003 0.4458734122634726 -0.022876587736527412
v 0.21875000000000003 0.46875000000000006 0
v 0.3124999999999998 0.53125 -0.008373412263472518
v 0.2812499999999999 0.46875000000000006 -0.008373412263472546
v 0.21875 0.43750000000000006 -0.00837341226347258
v 0.3124999999999998 0.53125 0.008373412263472518
v 0.2812499999999999 0.46875000000000006 0.008373412263472553
v 0.21875 0.43750000000000006 0.008373412263472588
v 0.30412658773652723 0.53125 0.02287658773652715
v 0.27706329386826367 0.4729367061317363 0.02287658773652728
v 0.21875000000000003 0.4458734122634726 0.022876587736527412
v 0.28962341226347255 0.53125 0.03124999999999986
v 0.26981170613173633 0.4801882938682637 0.03124999999999993
v 0.21875000000000003 0.4603765877365274 0.031249999999999993
v 0.27287658773652745 0.53125 0.031249999999999868
v 0.25362579386826367 0.4963742061317363 0.03124999999999993
v 0.21875000000000003 0.4771234122634726 0.03125
v 0.25837341226347277 0.53125 0.022876587736527156
v 0.24637420613173636 0.5036257938682638 0.022876587736527287
v 0.21875000000000003 0.4916265877365274 0.02287658773652742
v 0.2500000000000002 0.53125 0.008373412263472511
v 0.24218750000000014 0.5078125 0.008373412263472546
v 0.21875000000000003 0.5 0.00837341226347258
v 0.2500000000000002 0.53125 -0.008373412263472504
v 0.24218750000000014 0.5078125 -0.008373412263472532
v 0.21875000000000003 0.5 -0.008373412263472567
v 0.25837341226347266 0.53125 -0.02287658773652715
v 0.24637420613173636 0.5036257938682638 -0.022876587736527274
v 0.21875000000000003 0.4916265877365274 -0.022876587736527412
v 0.27287658773652745 0.53125 -0.03124999999999986
v 0.25362579386826367 0.4963742061317363 -0.03124999999999993
v 0.21875000000000003 0.4771234122634726 -0.03125
vt 0.9052721932636915 0.10624210240172438
vt 0.9032435523456648 0.10791015625
vt 0.8901194876310841 0.10624210240172438
vt 0.8901194876310841 0.10791015625
vt 0.8901194876310841 0.099853515625
vt 0.897965137037766 0.099853515625
vt 0.897965137037766 0.10791015625
vt 0.8901194876310841 0.10457377461515516
vt 0.8976952183803134 0.10502092316667311
vt 0.8901194876310841 0.10791015625
vt 0.9052734375 0.10624223935962518
vt 0.903242474775924 0.10791015625
vt 0.8901194876310841 0.10624223935962518
vt 0.8901194876310841 0.10791015625
vt 0.8901194876310841 0.099853515625
vt 0.897965137037766 0.099853515625
vt 0.897965137037766 0.10791015625
vt 0.8901194876310841 0.10457404855344876
vt 0.8976958404473878 0.10502068592265923
vt 0.8901194876310841 0.10791015625
vt 0.9047568932405653 0.10618281249999995
vt 0.9047568932405653 0.10791015625
vt 0.8901194876310841 0.10704648437499997
vt 0.8901194876310841 0.10791015625
vt 0.8901194876310841 0.099853515625
vt 0.897965137037766 0.099853515625
vt 0.897965137037766 0.10791015625
vt 0.9047568932405653 0.10618281249999995
vt 0.9047568932405653 0.10791015625
vt 0.8901194876310841 0.10704648437499997
vt 0.8901194876310841 0.10457404855344876
vt 0.8976958404473878 0.10502068592265923
vt 0.8901194876310841 0.10791015625
vt 0.8901194876310841 0.10791015625
vt 0.8901194876310841 0.099853515625
vt 0.897965137037766 0.099853515625
vt 0.897965137037766 0.10791015625
vt 0.9052734375 0.10624223935962518
vt 0.903242474775924 0.10791015625
vt 0.8901194876310841 0.10624223935962518
vt 0.8901194876310841 0.10457377461515516
vt 0.8976952183803134 0.10502092316667311
vt 0.8901194876310841 0.10791015625
vt 0.8901194876310841 0.10791015625
vt 0.8901194876310841 0.099853515625
vt 0.897965137037766 0.099853515625
vt 0.897965137037766 0.10791015625
vt 0.9052721932636915 0.10624210240172438
vt 0.9032435523456648 0.10791015625
vt 0.8901194876310841 0.10624210240172438
vt 0.8901194876310841 0.10468750000000004
vt 0.897965137037766 0.10468750000000004
vt 0.894042312334425 0.10791015625
vt 0.8901194876310841 0.10791015625
vt 0.8901194876310841 0.099853515625
vt 0.897965137037766 0.099853515625
vt 0.897965137037766 0.10791015625
vt 0.897965137037766 0.10791015625
vt 0.8901194876310841 0.10791015625
vt 0.894042312334425 0.10468750000000004
vt 0.8901194876310841 0.10791015625
vt 0.8921481285491107 0.10624210240172438
vt 0.9052721932636915 0.10791015625
vt 0.8901194876310841 0.10791015625
vt 0.8901194876310841 0.099853515625
vt 0.897965137037766 0.099853515625
vt 0.897965137037766 0.10791015625
vt 0.8976952183803134 0.10791015625
vt 0.8901194876310841 0.10746300769848205
vt 0.8976952183803134 0.10457377461515516
vt 0.8901194876310841 0.10791015625
vt 0.89215045035516 0.10624223935962518
vt 0.9052734375 0.10791015625
vt 0.8901194876310841 0.10791015625
vt 0.8901194876310841 0.099853515625
vt 0.897965137037766 0.099853515625
vt 0.897965137037766 0.10791015625
vt 0.8976958404473878 0.10791015625
vt 0.8901194876310841 0.10746351888078953
vt 0.8976958404473878 0.10457404855344876
vt 0.8901194876310841 0.10791015625
vt 0.8901194876310841 0.10618281249999995
vt 0.9047568932405653 0.10704648437499997
vt 0.8901194876310841 0.10791015625
vt 0.8901194876310841 0.099853515625
vt 0.897965137037766 0.099853515625
vt 0.897965137037766 0.10791015625
vt 0.8901194876310841 0.10791015625
vt 0.8901194876310841 0.10618281249999995
vt 0.9047568932405653 0.10704648437499997
vt 0.8976958404473878 0.10791015625
vt 0.8901194876310841 0.10746351888078953
vt 0.8976958404473878 0.10457404855344876
vt 0.8901194876310841 0.10791015625
vt 0.8901194876310841 0.099853515625
vt 0.897965137037766 0.099853515625
vt 0.897965137037766 0.10791015625
vt 0.8901194876310841 0.10791015625
vt 0.89215045035516 0.10624223935962518
vt 0.9052734375 0.10791015625
vt 0.8976952183803134 0.10791015625
vt 0.8901194876310841 0.10746300769848205
vt 0.8976952183803134 0.10457377461515516
vt 0.8901194876310841 0.10791015625
vt 0.8901194876310841 0.099853515625
vt 0.897965137037766 0.099853515625
vt 0.897965137037766 0.10791015625
vt 0.8901194876310841 0.10791015625
vt 0.8921481285491107 0.10624210240172438
vt 0.9052721932636915 0.10791015625
vt 0.897965137037766 0.10791015625
vt 0.8901194876310841 0.10791015625
vt 0.894042312334425 0.10468750000000004
vt 0.8901194876310841 0.10791015625
vt 0.8901194876310841 0.099853515625
vt 0.897965137037766 0.099853515625
vt 0.897965137037766 0.10791015625
vt 0.8901194876310841 0.10468750000000004
vt 0.897965137037766 0.10468750000000004
vt 0.894042312334425 0.10791015625
vt 0.897965137037766 0.099853515625
vt 0.897965137037766 0.10791015625
vt 0.8901194876310841 0.10791015625
vt 0.8901194876310841 0.099853515625
vt 0.897965137037766 0.099853515625
vt 0.897965137037766 0.10791015625
vt 0.8901194876310841 0.10791015625
vt 0.8901194876310841 0.099853515625
vt 0.897965137037766 0.099853515625
vt 0.897965137037766 0.10791015625
vt 0.8901194876310841 0.10791015625
vt 0.8901194876310841 0.099853515625
vt 0.897965137037766 0.099853515625
vt 0.897965137037766 0.10791015625
vt 0.8901194876310841 0.10791015625
vt 0.8901194876310841 0.099853515625
vt 0.897965137037766 0.099853515625
vt 0.897965137037766 0.10791015625
vt 0.8901194876310841 0.10791015625
vt 0.8901194876310841 0.099853515625
vt 0.897965137037766 0.099853515625
vt 0.897965137037766 0.10791015625
vt 0.8901194876310841 0.10791015625
vt 0.8901194876310841 0.099853515625
vt 0.897965137037766 0.099853515625
vt 0.897965137037766 0.10791015625
vt 0.8901194876310841 0.10791015625
vt 0.8901194876310841 0.099853515625
vt 0.897965137037766 0.099853515625
vt 0.897965137037766 0.10791015625
vt 0.8901194876310841 0.10791015625
vt 0.8901194876310841 0.099853515625
vt 0.897965137037766 0.099853515625
vt 0.897965137037766 0.10791015625
vt 0.8901194876310841 0.10791015625
vt 0.8901194876310841 0.099853515625
vt 0.897965137037766 0.099853515625
vt 0.897965137037766 0.10791015625
vt 0.8901194876310841 0.10791015625
vt 0.8901194876310841 0.099853515625
vt 0.897965137037766 0.099853515625
vt 0.897965137037766 0.10791015625
vt 0.8901194876310841 0.10791015625
vt 0.8901194876310841 0.099853515625
vt 0.897965137037766 0.099853515625
vt 0.897965137037766 0.10791015625
vt 0.8901194876310841 0.10791015625
vt 0.8901194876310841 0.099853515625
vn 0 1 0
vn 0.24083586346838387 -0.62071837754075 -0.7461278594521297
vn -1 0 0
vn 0 1 0
vn 0.3930774173969655 -0.8469641228899659 -0.3579691585454849
vn -1 1.2132742844034887e-15 -1.2132742844034911e-15
vn 0 1 0
vn 0.44721359549995865 -0.8944271909999156 0
vn -1 8.881784197001252e-16 0
vn 0 1 0
vn 0.4170288281141509 -0.8340576562282999 0.36115755925730436
vn -1 1.2132742844034891e-15 1.2132742844034913e-15
vn 0 1 0
vn 0.27621742157824974 -0.59516582698438 0.7546400296874415
vn -1 0 0
vn 0 1 0
vn 8.811491240608855e-16 8.811491240608916e-16 1
vn -1 0 0
vn 0 1 0
vn -0.312941218063869 0.5669414720642525 0.7620007620011416
vn -1 0 0
vn 0 1 0
vn -0.37245361095691976 0.8574513355822034 0.3550429759810033
vn -1 0 0
vn 0 1 0
vn -0.3162277660168366 0.9486832980505142 0
vn -1 0 0
vn 0 1 0
vn -0.297044262893001 0.8911327886790089 -0.34299717028501386
vn -1 0 0
vn 0 1 0
vn -0.2628102581213023 0.6050337550811972 -0.7515749619555995
vn -1 0 0
vn 0 1 0
vn 1.2819751242557116e-15 1.2819751242557122e-15 -1
vn -1 0 0
vn 1.1537776118301313e-15 1.1537776118301392e-15 1
vn 0.6207183775407563 -0.24083586346838248 0.7461278594521248
vn 0.8469641228899676 -0.39307741739696256 0.3579691585454847
vn 0.8944271909999164 -0.447213595499957 0
vn 0.834057656228301 -0.4170288281141492 -0.3611575592573037
vn 0.5951658269843807 -0.276217421578245 -0.7546400296874426
vn 9.790545822898752e-16 9.790545822898752e-16 -1
vn -0.5669414720642533 0.3129412180638736 -0.7620007620011394
vn -0.8574513355822025 0.3724536109569216 -0.35504297598100365
vn -0.948683298050513 0.316227766016841 0
vn -0.891132788679007 0.297044262893006 0.34299717028501475
vn -0.6050337550811951 0.2628102581213104 0.751574961955598
usemtl m_1cd5f309-bd15-e7d6-9f47-afccc33b66ea
f 471/1873/535 472/1874/535 473/1875/535
f 474/1876/536 475/1877/536 476/1878/536 477/1879/536
f 474/1880/537 477/1881/537 478/1882/537
f 479/1883/538 471/1884/538 473/1885/538
f 477/1886/539 476/1887/539 480/1888/539 481/1889/539
f 477/1890/540 481/1891/540 478/1892/540
f 482/1893/541 479/1894/541 473/1895/541
f 481/1896/542 480/1897/542 483/1898/542 484/1899/542
f 481/1900/543 484/1901/543 478/1902/543
f 485/1903/544 482/1904/544 473/1905/544
f 484/1906/545 483/1907/545 486/1908/545 487/1909/545
f 484/1910/546 487/1911/546 478/1912/546
f 488/1913/547 485/1914/547 473/1915/547
f 487/1916/548 486/1917/548 489/1918/548 490/1919/548
f 487/1920/549 490/1921/549 478/1922/549
f 491/1923/550 488/1924/550 473/1925/550
f 490/1926/551 489/1927/551 492/1928/551 493/1929/551
f 490/1930/552 493/1931/552 478/1932/552
f 494/1933/553 491/1934/553 473/1935/553
f 493/1936/554 492/1937/554 495/1938/554 496/1939/554
f 493/1940/555 496/1941/555 478/1942/555
f 497/1943/556 494/1944/556 473/1945/556
f 496/1946/557 495/1947/557 498/1948/557 499/1949/557
f 496/1950/558 499/1951/558 478/1952/558
f 500/1953/559 497/1954/559 473/1955/559
f 499/1956/560 498/1957/560 501/1958/560 502/1959/560
f 499/1960/561 502/1961/561 478/1962/561
f 503/1963/562 500/1964/562 473/1965/562
f 502/1966/563 501/1967/563 504/1968/563 505/1969/563
f 502/1970/564 505/1971/564 478/1972/564
f 506/1973/565 503/1974/565 473/1975/565
f 505/1976/566 504/1977/566 507/1978/566 508/1979/566
f 505/1980/567 508/1981/567 478/1982/567
f 472/1983/568 506/1984/568 473/1985/568
f 508/1986/569 507/1987/569 475/1988/569 474/1989/569
f 508/1990/570 474/1991/570 478/1992/570
f 491/1993/571 492/1994/571 489/1995/571 488/1996/571
f 488/1997/572 489/1998/572 486/1999/572 485/2000/572
f 485/2001/573 486/2002/573 483/2003/573 482/2004/573
f 482/2005/574 483/2006/574 480/2007/574 479/2008/574
f 479/2009/575 480/2010/575 476/2011/575 471/2012/575
f 471/2013/576 476/2014/576 475/2015/576 472/2016/576
f 472/2017/577 475/2018/577 507/2019/577 506/2020/577
f 506/2021/578 507/2022/578 504/2023/578 503/2024/578
f 503/2025/579 504/2026/579 501/2027/579 500/2028/579
f 500/2029/580 501/2030/580 498/2031/580 497/2032/580
f 497/2033/581 498/2034/581 495/2035/581 494/2036/581
f 494/2037/582 495/2038/582 492/2039/582 491/2040/582
o doorLeft
v 0.0396234131947954 0.5312500019707024 0.022876587736527197
v 0.054126588667850195 0.531250001754588 0.03124999999999992
v 0.06250000093132274 0.5312500016298147 4.9538683219885746e-17
v 0.12499999987522659 0.4603765884350194 0.031249999999999983
v 0.07393829403870766 0.48018829532763446 0.031249999999999927
v 0.06668670619412326 0.47293670769916407 0.022876587736527274
v 0.1249999996591124 0.4458734129619646 0.022876587736527388
v 0.1250000000000001 0.468750000698492 -5.9724686078342986e-18
v 0.03125000093132285 0.5312500020954758 0.00837341226347256
v 0.06250000000000011 0.46875000162981456 0.008373412263472532
v 0.12499999953433882 0.437500000698492 0.00837341226347254
v 0.03125000093132285 0.5312500020954758 -0.008373412263472473
v 0.06250000000000011 0.46875000162981456 -0.00837341226347256
v 0.12499999953433882 0.437500000698492 -0.008373412263472619
v 0.0396234131947954 0.5312500019707024 -0.02287658773652711
v 0.06668670619412326 0.4729367076991641 -0.022876587736527298
v 0.1249999996591124 0.44587341296196464 -0.022876587736527447
v 0.054126588667850084 0.5312500017545883 -0.03124999999999982
v 0.07393829403870766 0.4801882953276345 -0.031249999999999924
v 0.12499999987522659 0.46037658843501944 -0.03125000000000001
v 0.07087341319479518 0.531250001505041 -0.031249999999999823
v 0.09012420654336911 0.49637420734991816 -0.03124999999999992
v 0.1250000001247737 0.47712341296196464 -0.03125000000000001
v 0.08537658866784997 0.5312500012889269 -0.02287658773652711
v 0.09737579438795352 0.5036257949783886 -0.02287658773652727
v 0.12500000034088787 0.49162658843501944 -0.02287658773652741
v 0.09375000093132252 0.5312500011641532 -0.008373412263472458
v 0.10156250058207661 0.5078125010477379 -0.008373412263472515
v 0.1250000004656614 0.5000000006984919 -0.008373412263472548
v 0.09375000093132252 0.5312500011641532 0.008373412263472555
v 0.10156250058207661 0.5078125010477379 0.008373412263472563
v 0.1250000004656614 0.5000000006984919 0.00837341226347259
v 0.08537658866784997 0.5312500012889267 0.022876587736527197
v 0.09737579438795352 0.5036257949783884 0.0228765877365273
v 0.12500000034088787 0.4916265884350194 0.022876587736527426
v 0.07087341319479529 0.531250001505041 0.031249999999999924
v 0.09012420654336911 0.4963742073499181 0.031249999999999944
v 0.1250000001247737 0.4771234129619646 0.03125
vt 0.9052721932636915 0.10624210240172438
vt 0.9032435523456648 0.10791015625
vt 0.8901194876310841 0.10624210240172438
vt 0.8901194876310841 0.10791015625
vt 0.8901194876310841 0.099853515625
vt 0.897965137037766 0.099853515625
vt 0.897965137037766 0.10791015625
vt 0.8901194876310841 0.10457377461515516
vt 0.8976952183803134 0.10502092316667311
vt 0.8901194876310841 0.10791015625
vt 0.9052734375 0.10624223935962518
vt 0.903242474775924 0.10791015625
vt 0.8901194876310841 0.10624223935962518
vt 0.8901194876310841 0.10791015625
vt 0.8901194876310841 0.099853515625
vt 0.897965137037766 0.099853515625
vt 0.897965137037766 0.10791015625
vt 0.8901194876310841 0.10457404855344876
vt 0.8976958404473878 0.10502068592265923
vt 0.8901194876310841 0.10791015625
vt 0.9047568932405653 0.10618281249999995
vt 0.9047568932405653 0.10791015625
vt 0.8901194876310841 0.10704648437499997
vt 0.8901194876310841 0.10791015625
vt 0.8901194876310841 0.099853515625
vt 0.897965137037766 0.099853515625
vt 0.897965137037766 0.10791015625
vt 0.9047568932405653 0.10618281249999995
vt 0.9047568932405653 0.10791015625
vt 0.8901194876310841 0.10704648437499997
vt 0.8901194876310841 0.10457404855344876
vt 0.8976958404473878 0.10502068592265923
vt 0.8901194876310841 0.10791015625
vt 0.8901194876310841 0.10791015625
vt 0.8901194876310841 0.099853515625
vt 0.897965137037766 0.099853515625
vt 0.897965137037766 0.10791015625
vt 0.9052734375 0.10624223935962518
vt 0.903242474775924 0.10791015625
vt 0.8901194876310841 0.10624223935962518
vt 0.8901194876310841 0.10457377461515516
vt 0.8976952183803134 0.10502092316667311
vt 0.8901194876310841 0.10791015625
vt 0.8901194876310841 0.10791015625
vt 0.8901194876310841 0.099853515625
vt 0.897965137037766 0.099853515625
vt 0.897965137037766 0.10791015625
vt 0.9052721932636915 0.10624210240172438
vt 0.9032435523456648 0.10791015625
vt 0.8901194876310841 0.10624210240172438
vt 0.8901194876310841 0.10468750000000004
vt 0.897965137037766 0.10468750000000004
vt 0.894042312334425 0.10791015625
vt 0.8901194876310841 0.10791015625
vt 0.8901194876310841 0.099853515625
vt 0.897965137037766 0.099853515625
vt 0.897965137037766 0.10791015625
vt 0.897965137037766 0.10791015625
vt 0.8901194876310841 0.10791015625
vt 0.894042312334425 0.10468750000000004
vt 0.8901194876310841 0.10791015625
vt 0.8921481285491107 0.10624210240172438
vt 0.9052721932636915 0.10791015625
vt 0.8901194876310841 0.10791015625
vt 0.8901194876310841 0.099853515625
vt 0.897965137037766 0.099853515625
vt 0.897965137037766 0.10791015625
vt 0.8976952183803134 0.10791015625
vt 0.8901194876310841 0.10746300769848205
vt 0.8976952183803134 0.10457377461515516
vt 0.8901194876310841 0.10791015625
vt 0.89215045035516 0.10624223935962518
vt 0.9052734375 0.10791015625
vt 0.8901194876310841 0.10791015625
vt 0.8901194876310841 0.099853515625
vt 0.897965137037766 0.099853515625
vt 0.897965137037766 0.10791015625
vt 0.8976958404473878 0.10791015625
vt 0.8901194876310841 0.10746351888078953
vt 0.8976958404473878 0.10457404855344876
vt 0.8901194876310841 0.10791015625
vt 0.8901194876310841 0.10618281249999995
vt 0.9047568932405653 0.10704648437499997
vt 0.8901194876310841 0.10791015625
vt 0.8901194876310841 0.099853515625
vt 0.897965137037766 0.099853515625
vt 0.897965137037766 0.10791015625
vt 0.8901194876310841 0.10791015625
vt 0.8901194876310841 0.10618281249999995
vt 0.9047568932405653 0.10704648437499997
vt 0.8976958404473878 0.10791015625
vt 0.8901194876310841 0.10746351888078953
vt 0.8976958404473878 0.10457404855344876
vt 0.8901194876310841 0.10791015625
vt 0.8901194876310841 0.099853515625
vt 0.897965137037766 0.099853515625
vt 0.897965137037766 0.10791015625
vt 0.8901194876310841 0.10791015625
vt 0.89215045035516 0.10624223935962518
vt 0.9052734375 0.10791015625
vt 0.8976952183803134 0.10791015625
vt 0.8901194876310841 0.10746300769848205
vt 0.8976952183803134 0.10457377461515516
vt 0.8901194876310841 0.10791015625
vt 0.8901194876310841 0.099853515625
vt 0.897965137037766 0.099853515625
vt 0.897965137037766 0.10791015625
vt 0.8901194876310841 0.10791015625
vt 0.8921481285491107 0.10624210240172438
vt 0.9052721932636915 0.10791015625
vt 0.897965137037766 0.10791015625
vt 0.8901194876310841 0.10791015625
vt 0.894042312334425 0.10468750000000004
vt 0.8901194876310841 0.10791015625
vt 0.8901194876310841 0.099853515625
vt 0.897965137037766 0.099853515625
vt 0.897965137037766 0.10791015625
vt 0.8901194876310841 0.10468750000000004
vt 0.897965137037766 0.10468750000000004
vt 0.894042312334425 0.10791015625
vt 0.897965137037766 0.099853515625
vt 0.897965137037766 0.10791015625
vt 0.8901194876310841 0.10791015625
vt 0.8901194876310841 0.099853515625
vt 0.897965137037766 0.099853515625
vt 0.897965137037766 0.10791015625
vt 0.8901194876310841 0.10791015625
vt 0.8901194876310841 0.099853515625
vt 0.897965137037766 0.099853515625
vt 0.897965137037766 0.10791015625
vt 0.8901194876310841 0.10791015625
vt 0.8901194876310841 0.099853515625
vt 0.897965137037766 0.099853515625
vt 0.897965137037766 0.10791015625
vt 0.8901194876310841 0.10791015625
vt 0.8901194876310841 0.099853515625
vt 0.897965137037766 0.099853515625
vt 0.897965137037766 0.10791015625
vt 0.8901194876310841 0.10791015625
vt 0.8901194876310841 0.099853515625
vt 0.897965137037766 0.099853515625
vt 0.897965137037766 0.10791015625
vt 0.8901194876310841 0.10791015625
vt 0.8901194876310841 0.099853515625
vt 0.897965137037766 0.099853515625
vt 0.897965137037766 0.10791015625
vt 0.8901194876310841 0.10791015625
vt 0.8901194876310841 0.099853515625
vt 0.897965137037766 0.099853515625
vt 0.897965137037766 0.10791015625
vt 0.8901194876310841 0.10791015625
vt 0.8901194876310841 0.099853515625
vt 0.897965137037766 0.099853515625
vt 0.897965137037766 0.10791015625
vt 0.8901194876310841 0.10791015625
vt 0.8901194876310841 0.099853515625
vt 0.897965137037766 0.099853515625
vt 0.897965137037766 0.10791015625
vt 0.8901194876310841 0.10791015625
vt 0.8901194876310841 0.099853515625
vt 0.897965137037766 0.099853515625
vt 0.897965137037766 0.10791015625
vt 0.8901194876310841 0.10791015625
vt 0.8901194876310841 0.099853515625
vt 0.897965137037766 0.099853515625
vt 0.897965137037766 0.10791015625
vt 0.8901194876310841 0.10791015625
vt 0.8901194876310841 0.099853515625
vn 1.4901168514660917e-8 1 1.0380154074199458e-14
vn -0.24083587271780865 -0.6207183739520179 0.746127859452128
vn 1 -1.4901162123193618e-8 -1.5621382415110815e-15
vn 1.4901152607449907e-8 1 -5.527056935842675e-15
vn -0.3930774300177134 -0.8469641170326533 0.3579691585454921
vn 1 -1.4901161425465705e-8 -8.644103276673367e-16
vn 1.4901154088420352e-8 1 0
vn -0.44721360882796174 -0.8944271843359141 0
vn 1 -1.4901161193847656e-8 0
vn 1.4901152607449907e-8 1 5.527056935842674e-15
vn -0.41702884054257616 -0.8340576500140827 -0.3611575592573144
vn 1 -1.4901161425465692e-8 8.644102782740551e-16
vn 1.4901158808466715e-8 1 -6.739598708039102e-16
vn -0.2762174304469114 -0.5951658228684181 -0.7546400296874429
vn 1 -1.4901162123193634e-8 1.5621382183579826e-15
vn 1.490116955212239e-8 1 -3.552713732110445e-15
vn -1.1149468862910688e-15 1.3292967162544805e-15 -1
vn 1 -1.4901159607941323e-8 8.881783930885032e-16
vn 1.490116236118035e-8 1 -5.4795208435887825e-15
vn 0.31294122651195516 0.5669414674010667 -0.7620007620011405
vn 1 -1.4901163011372027e-8 -2.3768114814448766e-17
vn 1.4901168467124826e-8 1 6.264236342290881e-16
vn 0.3724536237339386 0.857451330032214 -0.3550429759810001
vn 1 -1.4901160537287334e-8 2.4503165751732967e-15
vn 1.490116829927512e-8 1 0
vn 0.31622778015331926 0.9486832933383532 0
vn 1 -1.4901161193847683e-8 0
vn 1.490116669076799e-8 1 6.0030303435570125e-15
vn 0.2970442761719141 0.8911327842527031 0.3429971702850167
vn 1 -1.4901160537287324e-8 -2.4503166253383473e-15
vn 1.4901168990634396e-8 1 3.70316393199915e-15
vn 0.26281026713700684 0.6050337511650228 0.7515749619555968
vn 1 -1.4901163011372037e-8 2.3768091661348244e-17
vn 1.4901156293214433e-8 1 7.105427357716627e-15
vn -1.4067609395135596e-15 3.3501199776129083e-16 1
vn 1 -1.4901159607941323e-8 -8.881784193286839e-16
vn -1.6566515215567694e-15 1.871001367664239e-15 -1
vn -0.6207183811294895 -0.2408358542189578 -0.7461278594521256
vn -0.8469641287472734 -0.3930774047762125 -0.35796915854549527
vn -0.8944271976639186 -0.4472135821719526 0
vn -0.8340576624425117 -0.41702881568571964 0.361157559257313
vn -0.5951658311003444 -0.27621741270958605 0.7546400296874388
vn -8.700614656975034e-16 -2.016874920496571e-16 1
vn 0.5669414767274429 0.3129412096157855 0.7620007620011382
vn 0.8574513411321919 0.3724535981799 0.35504297598100887
vn 0.948683302762674 0.3162277518803571 0
vn 0.8911327931053104 0.2970442496140916 -0.34299717028501764
vn 0.6050337589973744 0.26281024910560385 -0.7515749619555974
usemtl m_1cd5f309-bd15-e7d6-9f47-afccc33b66ea
f 509/2041/583 510/2042/583 511/2043/583
f 512/2044/584 513/2045/584 514/2046/584 515/2047/584
f 512/2048/585 515/2049/585 516/2050/585
f 517/2051/586 509/2052/586 511/2053/586
f 515/2054/587 514/2055/587 518/2056/587 519/2057/587
f 515/2058/588 519/2059/588 516/2060/588
f 520/2061/589 517/2062/589 511/2063/589
f 519/2064/590 518/2065/590 521/2066/590 522/2067/590
f 519/2068/591 522/2069/591 516/2070/591
f 523/2071/592 520/2072/592 511/2073/592
f 522/2074/593 521/2075/593 524/2076/593 525/2077/593
f 522/2078/594 525/2079/594 516/2080/594
f 526/2081/595 523/2082/595 511/2083/595
f 525/2084/596 524/2085/596 527/2086/596 528/2087/596
f 525/2088/597 528/2089/597 516/2090/597
f 529/2091/598 526/2092/598 511/2093/598
f 528/2094/599 527/2095/599 530/2096/599 531/2097/599
f 528/2098/600 531/2099/600 516/2100/600
f 532/2101/601 529/2102/601 511/2103/601
f 531/2104/602 530/2105/602 533/2106/602 534/2107/602
f 531/2108/603 534/2109/603 516/2110/603
f 535/2111/604 532/2112/604 511/2113/604
f 534/2114/605 533/2115/605 536/2116/605 537/2117/605
f 534/2118/606 537/2119/606 516/2120/606
f 538/2121/607 535/2122/607 511/2123/607
f 537/2124/608 536/2125/608 539/2126/608 540/2127/608
f 537/2128/609 540/2129/609 516/2130/609
f 541/2131/610 538/2132/610 511/2133/610
f 540/2134/611 539/2135/611 542/2136/611 543/2137/611
f 540/2138/612 543/2139/612 516/2140/612
f 544/2141/613 541/2142/613 511/2143/613
f 543/2144/614 542/2145/614 545/2146/614 546/2147/614
f 543/2148/615 546/2149/615 516/2150/615
f 510/2151/616 544/2152/616 511/2153/616
f 546/2154/617 545/2155/617 513/2156/617 512/2157/617
f 546/2158/618 512/2159/618 516/2160/618
f 529/2161/619 530/2162/619 527/2163/619 526/2164/619
f 526/2165/620 527/2166/620 524/2167/620 523/2168/620
f 523/2169/621 524/2170/621 521/2171/621 520/2172/621
f 520/2173/622 521/2174/622 518/2175/622 517/2176/622
f 517/2177/623 518/2178/623 514/2179/623 509/2180/623
f 509/2181/624 514/2182/624 513/2183/624 510/2184/624
f 510/2185/625 513/2186/625 545/2187/625 544/2188/625
f 544/2189/626 545/2190/626 542/2191/626 541/2192/626
f 541/2193/627 542/2194/627 539/2195/627 538/2196/627
f 538/2197/628 539/2198/628 536/2199/628 535/2200/628
f 535/2201/629 536/2202/629 533/2203/629 532/2204/629
f 532/2205/630 533/2206/630 530/2207/630 529/2208/630
o doorLeft
v 0.039623412263472435 1.34375 -0.02287658773652715
v 0.05412658773652712 1.34375 -0.03124999999999986
v 0.06249999999999967 1.34375 0
v 0.12499999999999967 1.4146234122634724 -0.03125
v 0.07393829386826345 1.394811706131736 -0.03124999999999993
v 0.0666867061317361 1.4020632938682636 -0.022876587736527287
v 0.12499999999999967 1.4291265877365271 -0.022876587736527412
v 0.12499999999999967 1.4062499999999998 0
v 0.03124999999999989 1.34375 -0.008373412263472518
v 0.06249999999999978 1.4062499999999998 -0.008373412263472546
v 0.12499999999999967 1.4374999999999998 -0.00837341226347258
v 0.03124999999999989 1.34375 0.008373412263472518
v 0.06249999999999978 1.4062499999999998 0.008373412263472553
v 0.12499999999999967 1.4374999999999998 0.008373412263472588
v 0.039623412263472435 1.34375 0.02287658773652715
v 0.0666867061317361 1.4020632938682636 0.02287658773652728
v 0.12499999999999967 1.4291265877365271 0.022876587736527412
v 0.05412658773652712 1.34375 0.03124999999999986
v 0.07393829386826345 1.3948117061317362 0.03124999999999993
v 0.12499999999999967 1.4146234122634724 0.031249999999999993
v 0.07087341226347221 1.34375 0.031249999999999868
v 0.090124206131736 1.3786257938682636 0.03124999999999993
v 0.12499999999999967 1.3978765877365271 0.03125
v 0.08537658773652701 1.34375 0.022876587736527156
v 0.09737579386826334 1.3713742061317364 0.022876587736527287
v 0.12499999999999967 1.3833734122634724 0.02287658773652742
v 0.09374999999999956 1.34375 0.008373412263472511
v 0.10156249999999956 1.3671875 0.008373412263472546
v 0.12499999999999967 1.375 0.00837341226347258
v 0.09374999999999956 1.34375 -0.008373412263472504
v 0.10156249999999967 1.3671875 -0.008373412263472532
v 0.12499999999999967 1.375 -0.008373412263472567
v 0.08537658773652701 1.34375 -0.02287658773652715
v 0.09737579386826334 1.371374206131736 -0.022876587736527274
v 0.12499999999999967 1.3833734122634724 -0.022876587736527412
v 0.07087341226347221 1.34375 -0.03124999999999986
v 0.090124206131736 1.3786257938682636 -0.03124999999999993
v 0.12499999999999967 1.3978765877365271 -0.03125
vt 0.9052721932636915 0.10624210240172438
vt 0.9032435523456648 0.10791015625
vt 0.8901194876310841 0.10624210240172438
vt 0.8901194876310841 0.10791015625
vt 0.8901194876310841 0.099853515625
vt 0.897965137037766 0.099853515625
vt 0.897965137037766 0.10791015625
vt 0.8901194876310841 0.10457377461515516
vt 0.8976952183803134 0.10502092316667311
vt 0.8901194876310841 0.10791015625
vt 0.9052734375 0.10624223935962518
vt 0.903242474775924 0.10791015625
vt 0.8901194876310841 0.10624223935962518
vt 0.8901194876310841 0.10791015625
vt 0.8901194876310841 0.099853515625
vt 0.897965137037766 0.099853515625
vt 0.897965137037766 0.10791015625
vt 0.8901194876310841 0.10457404855344876
vt 0.8976958404473878 0.10502068592265923
vt 0.8901194876310841 0.10791015625
vt 0.9047568932405653 0.10618281249999995
vt 0.9047568932405653 0.10791015625
vt 0.8901194876310841 0.10704648437499997
vt 0.8901194876310841 0.10791015625
vt 0.8901194876310841 0.099853515625
vt 0.897965137037766 0.099853515625
vt 0.897965137037766 0.10791015625
vt 0.9047568932405653 0.10618281249999995
vt 0.9047568932405653 0.10791015625
vt 0.8901194876310841 0.10704648437499997
vt 0.8901194876310841 0.10457404855344876
vt 0.8976958404473878 0.10502068592265923
vt 0.8901194876310841 0.10791015625
vt 0.8901194876310841 0.10791015625
vt 0.8901194876310841 0.099853515625
vt 0.897965137037766 0.099853515625
vt 0.897965137037766 0.10791015625
vt 0.9052734375 0.10624223935962518
vt 0.903242474775924 0.10791015625
vt 0.8901194876310841 0.10624223935962518
vt 0.8901194876310841 0.10457377461515516
vt 0.8976952183803134 0.10502092316667311
vt 0.8901194876310841 0.10791015625
vt 0.8901194876310841 0.10791015625
vt 0.8901194876310841 0.099853515625
vt 0.897965137037766 0.099853515625
vt 0.897965137037766 0.10791015625
vt 0.9052721932636915 0.10624210240172438
vt 0.9032435523456648 0.10791015625
vt 0.8901194876310841 0.10624210240172438
vt 0.8901194876310841 0.10468750000000004
vt 0.897965137037766 0.10468750000000004
vt 0.894042312334425 0.10791015625
vt 0.8901194876310841 0.10791015625
vt 0.8901194876310841 0.099853515625
vt 0.897965137037766 0.099853515625
vt 0.897965137037766 0.10791015625
vt 0.897965137037766 0.10791015625
vt 0.8901194876310841 0.10791015625
vt 0.894042312334425 0.10468750000000004
vt 0.8901194876310841 0.10791015625
vt 0.8921481285491107 0.10624210240172438
vt 0.9052721932636915 0.10791015625
vt 0.8901194876310841 0.10791015625
vt 0.8901194876310841 0.099853515625
vt 0.897965137037766 0.099853515625
vt 0.897965137037766 0.10791015625
vt 0.8976952183803134 0.10791015625
vt 0.8901194876310841 0.10746300769848205
vt 0.8976952183803134 0.10457377461515516
vt 0.8901194876310841 0.10791015625
vt 0.89215045035516 0.10624223935962518
vt 0.9052734375 0.10791015625
vt 0.8901194876310841 0.10791015625
vt 0.8901194876310841 0.099853515625
vt 0.897965137037766 0.099853515625
vt 0.897965137037766 0.10791015625
vt 0.8976958404473878 0.10791015625
vt 0.8901194876310841 0.10746351888078953
vt 0.8976958404473878 0.10457404855344876
vt 0.8901194876310841 0.10791015625
vt 0.8901194876310841 0.10618281249999995
vt 0.9047568932405653 0.10704648437499997
vt 0.8901194876310841 0.10791015625
vt 0.8901194876310841 0.099853515625
vt 0.897965137037766 0.099853515625
vt 0.897965137037766 0.10791015625
vt 0.8901194876310841 0.10791015625
vt 0.8901194876310841 0.10618281249999995
vt 0.9047568932405653 0.10704648437499997
vt 0.8976958404473878 0.10791015625
vt 0.8901194876310841 0.10746351888078953
vt 0.8976958404473878 0.10457404855344876
vt 0.8901194876310841 0.10791015625
vt 0.8901194876310841 0.099853515625
vt 0.897965137037766 0.099853515625
vt 0.897965137037766 0.10791015625
vt 0.8901194876310841 0.10791015625
vt 0.89215045035516 0.10624223935962518
vt 0.9052734375 0.10791015625
vt 0.8976952183803134 0.10791015625
vt 0.8901194876310841 0.10746300769848205
vt 0.8976952183803134 0.10457377461515516
vt 0.8901194876310841 0.10791015625
vt 0.8901194876310841 0.099853515625
vt 0.897965137037766 0.099853515625
vt 0.897965137037766 0.10791015625
vt 0.8901194876310841 0.10791015625
vt 0.8921481285491107 0.10624210240172438
vt 0.9052721932636915 0.10791015625
vt 0.897965137037766 0.10791015625
vt 0.8901194876310841 0.10791015625
vt 0.894042312334425 0.10468750000000004
vt 0.8901194876310841 0.10791015625
vt 0.8901194876310841 0.099853515625
vt 0.897965137037766 0.099853515625
vt 0.897965137037766 0.10791015625
vt 0.8901194876310841 0.10468750000000004
vt 0.897965137037766 0.10468750000000004
vt 0.894042312334425 0.10791015625
vt 0.897965137037766 0.099853515625
vt 0.897965137037766 0.10791015625
vt 0.8901194876310841 0.10791015625
vt 0.8901194876310841 0.099853515625
vt 0.897965137037766 0.099853515625
vt 0.897965137037766 0.10791015625
vt 0.8901194876310841 0.10791015625
vt 0.8901194876310841 0.099853515625
vt 0.897965137037766 0.099853515625
vt 0.897965137037766 0.10791015625
vt 0.8901194876310841 0.10791015625
vt 0.8901194876310841 0.099853515625
vt 0.897965137037766 0.099853515625
vt 0.897965137037766 0.10791015625
vt 0.8901194876310841 0.10791015625
vt 0.8901194876310841 0.099853515625
vt 0.897965137037766 0.099853515625
vt 0.897965137037766 0.10791015625
vt 0.8901194876310841 0.10791015625
vt 0.8901194876310841 0.099853515625
vt 0.897965137037766 0.099853515625
vt 0.897965137037766 0.10791015625
vt 0.8901194876310841 0.10791015625
vt 0.8901194876310841 0.099853515625
vt 0.897965137037766 0.099853515625
vt 0.897965137037766 0.10791015625
vt 0.8901194876310841 0.10791015625
vt 0.8901194876310841 0.099853515625
vt 0.897965137037766 0.099853515625
vt 0.897965137037766 0.10791015625
vt 0.8901194876310841 0.10791015625
vt 0.8901194876310841 0.099853515625
vt 0.897965137037766 0.099853515625
vt 0.897965137037766 0.10791015625
vt 0.8901194876310841 0.10791015625
vt 0.8901194876310841 0.099853515625
vt 0.897965137037766 0.099853515625
vt 0.897965137037766 0.10791015625
vt 0.8901194876310841 0.10791015625
vt 0.8901194876310841 0.099853515625
vt 0.897965137037766 0.099853515625
vt 0.897965137037766 0.10791015625
vt 0.8901194876310841 0.10791015625
vt 0.8901194876310841 0.099853515625
vt 0.897965137037766 0.099853515625
vt 0.897965137037766 0.10791015625
vt 0.8901194876310841 0.10791015625
vt 0.8901194876310841 0.099853515625
vn 0 -1 0
vn -0.2408358634683839 0.6207183775407471 -0.746127859452132
vn 1 0 0
vn 0 -1 0
vn -0.3930774173969643 0.8469641228899656 -0.35796915854548733
vn 1 0 0
vn 0 -1 0
vn -0.44721359549995865 0.8944271909999156 0
vn 1 0 0
vn 0 -1 0
vn -0.4170288281141504 0.8340576562282989 0.36115755925730714
vn 1 0 0
vn 0 -1 0
vn -0.2762174215782508 0.5951658269843837 0.7546400296874382
vn 1 0 0
vn 0 -1 0
vn -8.811491240608915e-16 -8.811491240608853e-16 1
vn 1 0 0
vn 0 -1 0
vn 0.31294121806387354 -0.5669414720642645 0.762000762001131
vn 1 0 0
vn 0 -1 0
vn 0.37245361095690804 -0.8574513355822042 0.3550429759810133
vn 1 0 0
vn 0 -1 0
vn 0.3162277660168366 -0.9486832980505142 2.0964174210626457e-15
vn 1 0 0
vn 0 -1 0
vn 0.2970442628930034 -0.8911327886790118 -0.34299717028500404
vn 1 0 0
vn 0 -1 0
vn 0.2628102581213022 -0.6050337550811942 -0.7515749619556017
vn 1 0 0
vn 0 -1 0
vn -1.2819751242557104e-15 -1.2819751242557193e-15 -1
vn 1 0 0
vn -1.153777611830145e-15 -1.1537776118301372e-15 1
vn -0.6207183775407569 0.24083586346838431 0.7461278594521238
vn -0.8469641228899645 0.39307741739696384 0.3579691585454907
vn -0.8944271909999161 0.44721359549995804 0
vn -0.8340576562282985 0.41702882811414915 -0.3611575592573096
vn -0.5951658269843815 0.27621742157824736 -0.7546400296874411
vn -9.790545822898742e-16 -9.79054582289881e-16 -1
vn 0.5669414720642507 -0.3129412180638736 -0.762000762001141
vn 0.8574513355822005 -0.37245361095692464 -0.3550429759810048
vn 0.9486832980505125 -0.31622776601684205 6.289252263187955e-15
vn 0.8911327886790066 -0.29704426289300273 0.34299717028501825
vn 0.6050337550812019 -0.2628102581213095 0.751574961955593
usemtl m_1cd5f309-bd15-e7d6-9f47-afccc33b66ea
f 547/2209/631 548/2210/631 549/2211/631
f 550/2212/632 551/2213/632 552/2214/632 553/2215/632
f 550/2216/633 553/2217/633 554/2218/633
f 555/2219/634 547/2220/634 549/2221/634
f 553/2222/635 552/2223/635 556/2224/635 557/2225/635
f 553/2226/636 557/2227/636 554/2228/636
f 558/2229/637 555/2230/637 549/2231/637
f 557/2232/638 556/2233/638 559/2234/638 560/2235/638
f 557/2236/639 560/2237/639 554/2238/639
f 561/2239/640 558/2240/640 549/2241/640
f 560/2242/641 559/2243/641 562/2244/641 563/2245/641
f 560/2246/642 563/2247/642 554/2248/642
f 564/2249/643 561/2250/643 549/2251/643
f 563/2252/644 562/2253/644 565/2254/644 566/2255/644
f 563/2256/645 566/2257/645 554/2258/645
f 567/2259/646 564/2260/646 549/2261/646
f 566/2262/647 565/2263/647 568/2264/647 569/2265/647
f 566/2266/648 569/2267/648 554/2268/648
f 570/2269/649 567/2270/649 549/2271/649
f 569/2272/650 568/2273/650 571/2274/650 572/2275/650
f 569/2276/651 572/2277/651 554/2278/651
f 573/2279/652 570/2280/652 549/2281/652
f 572/2282/653 571/2283/653 574/2284/653 575/2285/653
f 572/2286/654 575/2287/654 554/2288/654
f 576/2289/655 573/2290/655 549/2291/655
f 575/2292/656 574/2293/656 577/2294/656 578/2295/656
f 575/2296/657 578/2297/657 554/2298/657
f 579/2299/658 576/2300/658 549/2301/658
f 578/2302/659 577/2303/659 580/2304/659 581/2305/659
f 578/2306/660 581/2307/660 554/2308/660
f 582/2309/661 579/2310/661 549/2311/661
f 581/2312/662 580/2313/662 583/2314/662 584/2315/662
f 581/2316/663 584/2317/663 554/2318/663
f 548/2319/664 582/2320/664 549/2321/664
f 584/2322/665 583/2323/665 551/2324/665 550/2325/665
f 584/2326/666 550/2327/666 554/2328/666
f 567/2329/667 568/2330/667 565/2331/667 564/2332/667
f 564/2333/668 565/2334/668 562/2335/668 561/2336/668
f 561/2337/669 562/2338/669 559/2339/669 558/2340/669
f 558/2341/670 559/2342/670 556/2343/670 555/2344/670
f 555/2345/671 556/2346/671 552/2347/671 547/2348/671
f 547/2349/672 552/2350/672 551/2351/672 548/2352/672
f 548/2353/673 551/2354/673 583/2355/673 582/2356/673
f 582/2357/674 583/2358/674 580/2359/674 579/2360/674
f 579/2361/675 580/2362/675 577/2363/675 576/2364/675
f 576/2365/676 577/2366/676 574/2367/676 573/2368/676
f 573/2369/677 574/2370/677 571/2371/677 570/2372/677
f 570/2373/678 571/2374/678 568/2375/678 567/2376/678
o doorLeft
v 0.3041265868052053 1.3437499980292973 0.022876587736528425
v 0.2896234113321504 1.3437499982454117 0.03125000000000112
v 0.281249999068678 1.343749998370185 1.1939236598324996e-15
v 0.21875000012477408 1.4146234115649803 0.03125000000000109
v 0.2698117059612929 1.3948117046723651 0.03125000000000116
v 0.2770632938058774 1.4020632923008356 0.022876587736528526
v 0.21875000034088826 1.429126587038035 0.02287658773652851
v 0.2187500000000006 1.4062499993015076 1.0620089189522106e-15
v 0.31249999906867787 1.343749997904524 0.008373412263473802
v 0.28125000000000056 1.406249998370185 0.008373412263473804
v 0.2187500004656619 1.4374999993015076 0.00837341226347367
v 0.312499999068678 1.343749997904524 -0.008373412263471233
v 0.28125000000000056 1.406249998370185 -0.0083734122634713
v 0.21875000046566195 1.4374999993015076 -0.008373412263471493
v 0.30412658680520543 1.3437499980292973 -0.02287658773652588
v 0.2770632938058776 1.4020632923008356 -0.022876587736526035
v 0.21875000034088843 1.429126587038035 -0.022876587736526323
v 0.28962341133215064 1.3437499982454115 -0.031249999999998637
v 0.2698117059612931 1.3948117046723654 -0.03124999999999871
v 0.2187500001247743 1.4146234115649803 -0.031249999999998918
v 0.27287658680520555 1.343749998494959 -0.031249999999998695
v 0.25362579345663167 1.3786257926500816 -0.03124999999999879
v 0.21874999987522714 1.397876587038035 -0.031249999999998935
v 0.25837341133215075 1.343749998711073 -0.022876587736526028
v 0.24637420561204712 1.3713742050216116 -0.02287658773652617
v 0.21874999965911293 1.3833734115649803 -0.022876587736526375
v 0.24999999906867812 1.3437499988358468 -0.00837341226347142
v 0.24218749941792406 1.3671874989522619 -0.008373412263471455
v 0.2187499995343393 1.3749999993015078 -0.008373412263471556
v 0.24999999906867806 1.3437499988358468 0.008373412263473594
v 0.24218749941792395 1.3671874989522619 0.008373412263473629
v 0.21874999953433924 1.3749999993015078 0.008373412263473594
v 0.2583734113321506 1.343749998711073 0.02287658773652827
v 0.24637420561204695 1.3713742050216111 0.022876587736528398
v 0.21874999965911276 1.3833734115649803 0.02287658773652845
v 0.2728765868052053 1.343749998494959 0.03125000000000106
v 0.25362579345663144 1.3786257926500816 0.03125000000000109
v 0.21874999987522692 1.397876587038035 0.031250000000001076
vt 0.9052721932636915 0.10624210240172438
vt 0.9032435523456648 0.10791015625
vt 0.8901194876310841 0.10624210240172438
vt 0.8901194876310841 0.10791015625
vt 0.8901194876310841 0.099853515625
vt 0.897965137037766 0.099853515625
vt 0.897965137037766 0.10791015625
vt 0.8901194876310841 0.10457377461515516
vt 0.8976952183803134 0.10502092316667311
vt 0.8901194876310841 0.10791015625
vt 0.9052734375 0.10624223935962518
vt 0.903242474775924 0.10791015625
vt 0.8901194876310841 0.10624223935962518
vt 0.8901194876310841 0.10791015625
vt 0.8901194876310841 0.099853515625
vt 0.897965137037766 0.099853515625
vt 0.897965137037766 0.10791015625
vt 0.8901194876310841 0.10457404855344876
vt 0.8976958404473878 0.10502068592265923
vt 0.8901194876310841 0.10791015625
vt 0.9047568932405653 0.10618281249999995
vt 0.9047568932405653 0.10791015625
vt 0.8901194876310841 0.10704648437499997
vt 0.8901194876310841 0.10791015625
vt 0.8901194876310841 0.099853515625
vt 0.897965137037766 0.099853515625
vt 0.897965137037766 0.10791015625
vt 0.9047568932405653 0.10618281249999995
vt 0.9047568932405653 0.10791015625
vt 0.8901194876310841 0.10704648437499997
vt 0.8901194876310841 0.10457404855344876
vt 0.8976958404473878 0.10502068592265923
vt 0.8901194876310841 0.10791015625
vt 0.8901194876310841 0.10791015625
vt 0.8901194876310841 0.099853515625
vt 0.897965137037766 0.099853515625
vt 0.897965137037766 0.10791015625
vt 0.9052734375 0.10624223935962518
vt 0.903242474775924 0.10791015625
vt 0.8901194876310841 0.10624223935962518
vt 0.8901194876310841 0.10457377461515516
vt 0.8976952183803134 0.10502092316667311
vt 0.8901194876310841 0.10791015625
vt 0.8901194876310841 0.10791015625
vt 0.8901194876310841 0.099853515625
vt 0.897965137037766 0.099853515625
vt 0.897965137037766 0.10791015625
vt 0.9052721932636915 0.10624210240172438
vt 0.9032435523456648 0.10791015625
vt 0.8901194876310841 0.10624210240172438
vt 0.8901194876310841 0.10468750000000004
vt 0.897965137037766 0.10468750000000004
vt 0.894042312334425 0.10791015625
vt 0.8901194876310841 0.10791015625
vt 0.8901194876310841 0.099853515625
vt 0.897965137037766 0.099853515625
vt 0.897965137037766 0.10791015625
vt 0.897965137037766 0.10791015625
vt 0.8901194876310841 0.10791015625
vt 0.894042312334425 0.10468750000000004
vt 0.8901194876310841 0.10791015625
vt 0.8921481285491107 0.10624210240172438
vt 0.9052721932636915 0.10791015625
vt 0.8901194876310841 0.10791015625
vt 0.8901194876310841 0.099853515625
vt 0.897965137037766 0.099853515625
vt 0.897965137037766 0.10791015625
vt 0.8976952183803134 0.10791015625
vt 0.8901194876310841 0.10746300769848205
vt 0.8976952183803134 0.10457377461515516
vt 0.8901194876310841 0.10791015625
vt 0.89215045035516 0.10624223935962518
vt 0.9052734375 0.10791015625
vt 0.8901194876310841 0.10791015625
vt 0.8901194876310841 0.099853515625
vt 0.897965137037766 0.099853515625
vt 0.897965137037766 0.10791015625
vt 0.8976958404473878 0.10791015625
vt 0.8901194876310841 0.10746351888078953
vt 0.8976958404473878 0.10457404855344876
vt 0.8901194876310841 0.10791015625
vt 0.8901194876310841 0.10618281249999995
vt 0.9047568932405653 0.10704648437499997
vt 0.8901194876310841 0.10791015625
vt 0.8901194876310841 0.099853515625
vt 0.897965137037766 0.099853515625
vt 0.897965137037766 0.10791015625
vt 0.8901194876310841 0.10791015625
vt 0.8901194876310841 0.10618281249999995
vt 0.9047568932405653 0.10704648437499997
vt 0.8976958404473878 0.10791015625
vt 0.8901194876310841 0.10746351888078953
vt 0.8976958404473878 0.10457404855344876
vt 0.8901194876310841 0.10791015625
vt 0.8901194876310841 0.099853515625
vt 0.897965137037766 0.099853515625
vt 0.897965137037766 0.10791015625
vt 0.8901194876310841 0.10791015625
vt 0.89215045035516 0.10624223935962518
vt 0.9052734375 0.10791015625
vt 0.8976952183803134 0.10791015625
vt 0.8901194876310841 0.10746300769848205
vt 0.8976952183803134 0.10457377461515516
vt 0.8901194876310841 0.10791015625
vt 0.8901194876310841 0.099853515625
vt 0.897965137037766 0.099853515625
vt 0.897965137037766 0.10791015625
vt 0.8901194876310841 0.10791015625
vt 0.8921481285491107 0.10624210240172438
vt 0.9052721932636915 0.10791015625
vt 0.897965137037766 0.10791015625
vt 0.8901194876310841 0.10791015625
vt 0.894042312334425 0.10468750000000004
vt 0.8901194876310841 0.10791015625
vt 0.8901194876310841 0.099853515625
vt 0.897965137037766 0.099853515625
vt 0.897965137037766 0.10791015625
vt 0.8901194876310841 0.10468750000000004
vt 0.897965137037766 0.10468750000000004
vt 0.894042312334425 0.10791015625
vt 0.897965137037766 0.099853515625
vt 0.897965137037766 0.10791015625
vt 0.8901194876310841 0.10791015625
vt 0.8901194876310841 0.099853515625
vt 0.897965137037766 0.099853515625
vt 0.897965137037766 0.10791015625
vt 0.8901194876310841 0.10791015625
vt 0.8901194876310841 0.099853515625
vt 0.897965137037766 0.099853515625
vt 0.897965137037766 0.10791015625
vt 0.8901194876310841 0.10791015625
vt 0.8901194876310841 0.099853515625
vt 0.897965137037766 0.099853515625
vt 0.897965137037766 0.10791015625
vt 0.8901194876310841 0.10791015625
vt 0.8901194876310841 0.099853515625
vt 0.897965137037766 0.099853515625
vt 0.897965137037766 0.10791015625
vt 0.8901194876310841 0.10791015625
vt 0.8901194876310841 0.099853515625
vt 0.897965137037766 0.099853515625
vt 0.897965137037766 0.10791015625
vt 0.8901194876310841 0.10791015625
vt 0.8901194876310841 0.099853515625
vt 0.897965137037766 0.099853515625
vt 0.897965137037766 0.10791015625
vt 0.8901194876310841 0.10791015625
vt 0.8901194876310841 0.099853515625
vt 0.897965137037766 0.099853515625
vt 0.897965137037766 0.10791015625
vt 0.8901194876310841 0.10791015625
vt 0.8901194876310841 0.099853515625
vt 0.897965137037766 0.099853515625
vt 0.897965137037766 0.10791015625
vt 0.8901194876310841 0.10791015625
vt 0.8901194876310841 0.099853515625
vt 0.897965137037766 0.099853515625
vt 0.897965137037766 0.10791015625
vt 0.8901194876310841 0.10791015625
vt 0.8901194876310841 0.099853515625
vt 0.897965137037766 0.099853515625
vt 0.897965137037766 0.10791015625
vt 0.8901194876310841 0.10791015625
vt 0.8901194876310841 0.099853515625
vt 0.897965137037766 0.099853515625
vt 0.897965137037766 0.10791015625
vt 0.8901194876310841 0.10791015625
vt 0.8901194876310841 0.099853515625
vn -1.4901175144114823e-8 -1 1.2156510840310384e-14
vn 0.2408358727178065 0.620718373952014 0.746127859452132
vn -1 1.4901161235015287e-8 -3.1005084395964565e-15
vn -1.4901150831093073e-8 -1 -1.215651091285698e-14
vn 0.39307743001771184 0.8469641170326552 0.3579691585454895
vn -1 1.4901162313644112e-8 -4.179137266781149e-15
vn -1.4901154088420327e-8 -1 -9.878651523358037e-23
vn 0.44721360882796196 0.8944271843359137 0
vn -1 1.4901162082026076e-8 -3.314726988507103e-15
vn -1.4901150831093023e-8 -1 1.215651088661678e-14
vn 0.417028840542579 0.8340576500140854 -0.3611575592573049
vn -1 1.490116207565742e-8 -3.3384951295617292e-15
vn -1.4901165437920595e-8 -1 -2.4503166839928713e-15
vn 0.2762174304469149 0.5951658228684241 -0.7546400296874369
vn -1 1.4901161473001975e-8 -3.941150576430008e-15
vn -1.4901182811030342e-8 -1 -7.105427410968761e-15
vn 4.315291386950602e-15 6.147538093579455e-16 -1
vn -1 1.4901162922668213e-8 -3.5527136780864832e-15
vn -1.4901159284440053e-8 -1 -1.3409358278558046e-14
vn -0.3129412265119577 -0.5669414674010761 -0.7620007620011324
vn -1 1.4901162892378778e-8 -3.544597649260806e-15
vn -1.490117639696221e-8 -1 3.703163878361155e-15
vn -0.37245362373392726 -0.8574513300322122 -0.35504297598101636
vn -1 1.490116308282933e-8 -3.735048201437841e-15
vn -1.4901175404702424e-8 -1 -4.939332827444581e-23
vn -0.3162277801533196 -0.9486832933383531 -2.161930465470855e-15
vn -1 1.49011629702046e-8 -3.314726988507106e-15
vn -1.490117639696221e-8 -1 -3.703163989496036e-15
vn -0.2970442761719175 -0.8911327842527075 0.3429971702850029
vn -1 1.490116284484264e-8 -3.78258419490511e-15
vn -1.490115928444005e-8 -1 1.3409358174754957e-14
vn -0.26281026713701017 -0.6050337511650166 0.7515749619556004
vn -1 1.490116313036547e-8 -3.4970613675374265e-15
vn -1.4901169552122386e-8 -1 1.0658140983322801e-14
vn -1.7811184425958698e-15 -2.505877439030728e-15 1
vn -1 1.4901162922668213e-8 -3.5527136780864797e-15
vn 4.907279782070416e-15 2.2765396595507547e-17 -1
vn 0.6207183811294921 0.24083585421895812 -0.7461278594521232
vn 0.8469641287472773 0.3930774047762142 -0.35796915854548417
vn 0.8944271976639171 0.44721358217195534 0
vn 0.8340576624425113 0.4170288156857212 0.361157559257312
vn 0.5951658311003392 0.2762174127095839 0.7546400296874438
vn -2.501191295089185e-15 -1.785804565077566e-15 1
vn -0.5669414767274383 -0.3129412096157871 0.7620007620011411
vn -0.8574513411321931 -0.3724535981799063 0.3550429759809996
vn -0.9486833027626728 -0.3162277518803609 -6.2892522631880076e-15
vn -0.891132793105308 -0.29704424961409226 -0.3429971702850232
vn -0.6050337589973745 -0.2628102491056031 -0.7515749619555975
usemtl m_1cd5f309-bd15-e7d6-9f47-afccc33b66ea
f 585/2377/679 586/2378/679 587/2379/679
f 588/2380/680 589/2381/680 590/2382/680 591/2383/680
f 588/2384/681 591/2385/681 592/2386/681
f 593/2387/682 585/2388/682 587/2389/682
f 591/2390/683 590/2391/683 594/2392/683 595/2393/683
f 591/2394/684 595/2395/684 592/2396/684
f 596/2397/685 593/2398/685 587/2399/685
f 595/2400/686 594/2401/686 597/2402/686 598/2403/686
f 595/2404/687 598/2405/687 592/2406/687
f 599/2407/688 596/2408/688 587/2409/688
f 598/2410/689 597/2411/689 600/2412/689 601/2413/689
f 598/2414/690 601/2415/690 592/2416/690
f 602/2417/691 599/2418/691 587/2419/691
f 601/2420/692 600/2421/692 603/2422/692 604/2423/692
f 601/2424/693 604/2425/693 592/2426/693
f 605/2427/694 602/2428/694 587/2429/694
f 604/2430/695 603/2431/695 606/2432/695 607/2433/695
f 604/2434/696 607/2435/696 592/2436/696
f 608/2437/697 605/2438/697 587/2439/697
f 607/2440/698 606/2441/698 609/2442/698 610/2443/698
f 607/2444/699 610/2445/699 592/2446/699
f 611/2447/700 608/2448/700 587/2449/700
f 610/2450/701 609/2451/701 612/2452/701 613/2453/701
f 610/2454/702 613/2455/702 592/2456/702
f 614/2457/703 611/2458/703 587/2459/703
f 613/2460/704 612/2461/704 615/2462/704 616/2463/704
f 613/2464/705 616/2465/705 592/2466/705
f 617/2467/706 614/2468/706 587/2469/706
f 616/2470/707 615/2471/707 618/2472/707 619/2473/707
f 616/2474/708 619/2475/708 592/2476/708
f 620/2477/709 617/2478/709 587/2479/709
f 619/2480/710 618/2481/710 621/2482/710 622/2483/710
f 619/2484/711 622/2485/711 592/2486/711
f 586/2487/712 620/2488/712 587/2489/712
f 622/2490/713 621/2491/713 589/2492/713 588/2493/713
f 622/2494/714 588/2495/714 592/2496/714
f 605/2497/715 606/2498/715 603/2499/715 602/2500/715
f 602/2501/716 603/2502/716 600/2503/716 599/2504/716
f 599/2505/717 600/2506/717 597/2507/717 596/2508/717
f 596/2509/718 597/2510/718 594/2511/718 593/2512/718
f 593/2513/719 594/2514/719 590/2515/719 585/2516/719
f 585/2517/720 590/2518/720 589/2519/720 586/2520/720
f 586/2521/721 589/2522/721 621/2523/721 620/2524/721
f 620/2525/722 621/2526/722 618/2527/722 617/2528/722
f 617/2529/723 618/2530/723 615/2531/723 614/2532/723
f 614/2533/724 615/2534/724 612/2535/724 611/2536/724
f 611/2537/725 612/2538/725 609/2539/725 608/2540/725
f 608/2541/726 609/2542/726 606/2543/726 605/2544/726
o doorRight
v -0.03125 0.4375 0
v -0.3125 0.4375 0
v -0.3125 1.4375 0
v -0.03125 1.4375 0
v -0.3125 0.4375 0
v -0.03125 0.4375 0
v -0.03125 1.4375 0
v -0.3125 1.4375 0
vt 0.6025390625 0
vt 0.6376953125 0
vt 0.6376953125 0.125
vt 0.6025390625 0.125
vt 0.6025390625 0
vt 0.6376953125 0
vt 0.6376953125 0.125
vt 0.6025390625 0.125
vn 0 0 -1
vn 0 0 1
usemtl m_1cd5f309-bd15-e7d6-9f47-afccc33b66ea
f 623/2545/727 624/2546/727 625/2547/727 626/2548/727
f 627/2549/728 628/2550/728 629/2551/728 630/2552/728
o doorRight
v -0.1250000000000001 0.44587341226347255 -0.022876587736527416
v -0.1250000000000001 0.46037658773652734 -0.031249999999999997
v -0.1250000000000001 0.46874999999999994 0
v -0.21875000000000008 0.44587341226347255 -0.022876587736527416
v -0.21875000000000008 0.46037658773652734 -0.031249999999999997
v -0.21875000000000008 0.46874999999999994 0
v -0.1250000000000001 0.43749999999999994 -0.008373412263472583
v -0.2187500000000001 0.43749999999999994 -0.008373412263472583
v -0.1250000000000001 0.43749999999999994 0.008373412263472586
v -0.2187500000000001 0.43749999999999994 0.008373412263472586
v -0.1250000000000001 0.44587341226347255 0.022876587736527412
v -0.21875000000000008 0.44587341226347255 0.022876587736527412
v -0.1250000000000001 0.46037658773652734 0.031249999999999993
v -0.21875000000000008 0.46037658773652734 0.031249999999999993
v -0.1250000000000001 0.4771234122634725 0.03125
v -0.21875000000000008 0.4771234122634725 0.03125
v -0.1250000000000001 0.49162658773652734 0.02287658773652742
v -0.21875000000000008 0.49162658773652734 0.02287658773652742
v -0.1250000000000001 0.49999999999999994 0.008373412263472579
v -0.21875000000000008 0.49999999999999994 0.008373412263472579
v -0.1250000000000001 0.49999999999999994 -0.008373412263472569
v -0.21875000000000008 0.49999999999999994 -0.008373412263472569
v -0.1250000000000001 0.49162658773652734 -0.02287658773652741
v -0.21875000000000008 0.49162658773652734 -0.02287658773652741
v -0.1250000000000001 0.47712341226347255 -0.031249999999999997
v -0.21875000000000008 0.47712341226347255 -0.031249999999999997
vt 0.9052721932636915 0.10624210240172438
vt 0.9032435523456648 0.10791015625
vt 0.8901194876310841 0.10624210240172438
vt 0.8901194876310841 0.091796875
vt 0.897965137037766 0.091796875
vt 0.897965137037766 0.10791015625
vt 0.8901194876310841 0.10791015625
vt 0.8901194876310841 0.10457377461515516
vt 0.8976952183803134 0.10502092316667311
vt 0.8901194876310841 0.10791015625
vt 0.9052734375 0.10624223935962518
vt 0.903242474775924 0.10791015625
vt 0.8901194876310841 0.10624223935962518
vt 0.8901194876310841 0.091796875
vt 0.897965137037766 0.091796875
vt 0.897965137037766 0.10791015625
vt 0.8901194876310841 0.10791015625
vt 0.8901194876310841 0.10457404855344876
vt 0.8976958404473878 0.10502068592265923
vt 0.8901194876310841 0.10791015625
vt 0.9047568932405653 0.10618281249999995
vt 0.9047568932405653 0.10791015625
vt 0.8901194876310841 0.10704648437499997
vt 0.8901194876310841 0.091796875
vt 0.897965137037766 0.091796875
vt 0.897965137037766 0.10791015625
vt 0.8901194876310841 0.10791015625
vt 0.9047568932405653 0.10618281249999995
vt 0.9047568932405653 0.10791015625
vt 0.8901194876310841 0.10704648437499997
vt 0.8901194876310841 0.10457404855344876
vt 0.8976958404473878 0.10502068592265923
vt 0.8901194876310841 0.10791015625
vt 0.8901194876310841 0.091796875
vt 0.897965137037766 0.091796875
vt 0.897965137037766 0.10791015625
vt 0.8901194876310841 0.10791015625
vt 0.9052734375 0.10624223935962518
vt 0.903242474775924 0.10791015625
vt 0.8901194876310841 0.10624223935962518
vt 0.8901194876310841 0.10457377461515516
vt 0.8976952183803134 0.10502092316667311
vt 0.8901194876310841 0.10791015625
vt 0.8901194876310841 0.091796875
vt 0.897965137037766 0.091796875
vt 0.897965137037766 0.10791015625
vt 0.8901194876310841 0.10791015625
vt 0.9052721932636915 0.10624210240172438
vt 0.9032435523456648 0.10791015625
vt 0.8901194876310841 0.10624210240172438
vt 0.8901194876310841 0.10468750000000004
vt 0.897965137037766 0.10468750000000004
vt 0.894042312334425 0.10791015625
vt 0.8901194876310841 0.091796875
vt 0.897965137037766 0.091796875
vt 0.897965137037766 0.10791015625
vt 0.8901194876310841 0.10791015625
vt 0.897965137037766 0.10791015625
vt 0.8901194876310841 0.10791015625
vt 0.894042312334425 0.10468750000000004
vt 0.8901194876310841 0.10791015625
vt 0.8921481285491107 0.10624210240172438
vt 0.9052721932636915 0.10791015625
vt 0.8901194876310841 0.091796875
vt 0.897965137037766 0.091796875
vt 0.897965137037766 0.10791015625
vt 0.8901194876310841 0.10791015625
vt 0.8976952183803134 0.10791015625
vt 0.8901194876310841 0.10746300769848205
vt 0.8976952183803134 0.10457377461515516
vt 0.8901194876310841 0.10791015625
vt 0.89215045035516 0.10624223935962518
vt 0.9052734375 0.10791015625
vt 0.8901194876310841 0.091796875
vt 0.897965137037766 0.091796875
vt 0.897965137037766 0.10791015625
vt 0.8901194876310841 0.10791015625
vt 0.8976958404473878 0.10791015625
vt 0.8901194876310841 0.10746351888078953
vt 0.8976958404473878 0.10457404855344876
vt 0.8901194876310841 0.10791015625
vt 0.8901194876310841 0.10618281249999995
vt 0.9047568932405653 0.10704648437499997
vt 0.8901194876310841 0.091796875
vt 0.897965137037766 0.091796875
vt 0.897965137037766 0.10791015625
vt 0.8901194876310841 0.10791015625
vt 0.8901194876310841 0.10791015625
vt 0.8901194876310841 0.10618281249999995
vt 0.9047568932405653 0.10704648437499997
vt 0.8976958404473878 0.10791015625
vt 0.8901194876310841 0.10746351888078953
vt 0.8976958404473878 0.10457404855344876
vt 0.8901194876310841 0.091796875
vt 0.897965137037766 0.091796875
vt 0.897965137037766 0.10791015625
vt 0.8901194876310841 0.10791015625
vt 0.8901194876310841 0.10791015625
vt 0.89215045035516 0.10624223935962518
vt 0.9052734375 0.10791015625
vt 0.8976952183803134 0.10791015625
vt 0.8901194876310841 0.10746300769848205
vt 0.8976952183803134 0.10457377461515516
vt 0.8901194876310841 0.091796875
vt 0.897965137037766 0.091796875
vt 0.897965137037766 0.10791015625
vt 0.8901194876310841 0.10791015625
vt 0.8901194876310841 0.10791015625
vt 0.8921481285491107 0.10624210240172438
vt 0.9052721932636915 0.10791015625
vt 0.897965137037766 0.10791015625
vt 0.8901194876310841 0.10791015625
vt 0.894042312334425 0.10468750000000004
vt 0.8901194876310841 0.091796875
vt 0.897965137037766 0.091796875
vt 0.897965137037766 0.10791015625
vt 0.8901194876310841 0.10791015625
vt 0.8901194876310841 0.10468750000000004
vt 0.897965137037766 0.10468750000000004
vt 0.894042312334425 0.10791015625
vn 1 0 0
vn 0 -0.5000000000000008 -0.8660254037844383
vn -1 0 0
vn 1 0 0
vn 0 -0.8660254037844383 -0.5000000000000007
vn -1 1.2132742844034877e-15 -1.2132742844034868e-15
vn 1 0 0
vn 0 -1 0
vn -1 8.881784197001252e-16 0
vn 1 0 0
vn 0 -0.8660254037844383 0.5000000000000009
vn -1 1.2132742844034881e-15 1.2132742844034874e-15
vn 1 0 0
vn 0 -0.5000000000000008 0.8660254037844383
vn -1 0 0
vn 1 0 0
vn 0 -4.1434087356338823e-16 1
vn -1 0 0
vn 1 0 0
vn 0 0.49999999999999933 0.866025403784439
vn -1 0 0
vn 1 0 0
vn 0 0.8660254037844385 0.5000000000000006
vn -1 0 0
vn 1 0 0
vn 0 1 0
vn -1 0 0
vn 1 0 0
vn 0 0.8660254037844385 -0.5000000000000006
vn -1 0 0
vn 1 0 0
vn 0 0.500000000000001 -0.866025403784438
vn -1 0 0
vn 1 0 0
vn 0 0 -1
vn -1 0 0
usemtl m_1cd5f309-bd15-e7d6-9f47-afccc33b66ea
f 631/2553/729 632/2554/729 633/2555/729
f 632/2556/730 631/2557/730 634/2558/730 635/2559/730
f 635/2560/731 634/2561/731 636/2562/731
f 637/2563/732 631/2564/732 633/2565/732
f 631/2566/733 637/2567/733 638/2568/733 634/2569/733
f 634/2570/734 638/2571/734 636/2572/734
f 639/2573/735 637/2574/735 633/2575/735
f 637/2576/736 639/2577/736 640/2578/736 638/2579/736
f 638/2580/737 640/2581/737 636/2582/737
f 641/2583/738 639/2584/738 633/2585/738
f 639/2586/739 641/2587/739 642/2588/739 640/2589/739
f 640/2590/740 642/2591/740 636/2592/740
f 643/2593/741 641/2594/741 633/2595/741
f 641/2596/742 643/2597/742 644/2598/742 642/2599/742
f 642/2600/743 644/2601/743 636/2602/743
f 645/2603/744 643/2604/744 633/2605/744
f 643/2606/745 645/2607/745 646/2608/745 644/2609/745
f 644/2610/746 646/2611/746 636/2612/746
f 647/2613/747 645/2614/747 633/2615/747
f 645/2616/748 647/2617/748 648/2618/748 646/2619/748
f 646/2620/749 648/2621/749 636/2622/749
f 649/2623/750 647/2624/750 633/2625/750
f 647/2626/751 649/2627/751 650/2628/751 648/2629/751
f 648/2630/752 650/2631/752 636/2632/752
f 651/2633/753 649/2634/753 633/2635/753
f 649/2636/754 651/2637/754 652/2638/754 650/2639/754
f 650/2640/755 652/2641/755 636/2642/755
f 653/2643/756 651/2644/756 633/2645/756
f 651/2646/757 653/2647/757 654/2648/757 652/2649/757
f 652/2650/758 654/2651/758 636/2652/758
f 655/2653/759 653/2654/759 633/2655/759
f 653/2656/760 655/2657/760 656/2658/760 654/2659/760
f 654/2660/761 656/2661/761 636/2662/761
f 632/2663/762 655/2664/762 633/2665/762
f 655/2666/763 632/2667/763 635/2668/763 656/2669/763
f 656/2670/764 635/2671/764 636/2672/764
o doorRight
v -0.03962341226347271 0.5312499999999999 -0.022876587736527152
v -0.05412658773652751 0.5312499999999999 -0.031249999999999865
v -0.06250000000000006 0.5312499999999999 7.51112678311022e-33
v -0.1250000000000001 0.46037658773652734 -0.031249999999999997
v -0.07393829386826378 0.48018829386826356 -0.03124999999999993
v -0.06668670613173644 0.4729367061317362 -0.022876587736527284
v -0.1250000000000001 0.44587341226347255 -0.022876587736527416
v -0.1250000000000001 0.46874999999999994 0
v -0.03125000000000017 0.5312499999999999 -0.008373412263472517
v -0.06250000000000011 0.4687499999999999 -0.00837341226347255
v -0.1250000000000001 0.43749999999999994 -0.008373412263472583
v -0.03125000000000017 0.5312499999999999 0.00837341226347252
v -0.06250000000000011 0.4687499999999999 0.008373412263472553
v -0.1250000000000001 0.43749999999999994 0.008373412263472586
v -0.03962341226347271 0.5312499999999999 0.02287658773652715
v -0.06668670613173644 0.4729367061317362 0.02287658773652728
v -0.1250000000000001 0.44587341226347255 0.022876587736527412
v -0.0541265877365274 0.5312499999999999 0.03124999999999986
v -0.07393829386826378 0.48018829386826356 0.031249999999999927
v -0.1250000000000001 0.46037658773652734 0.031249999999999993
v -0.07087341226347249 0.5312499999999999 0.031249999999999868
v -0.09012420613173633 0.4963742061317362 0.031249999999999934
v -0.1250000000000001 0.4771234122634725 0.03125
v -0.08537658773652729 0.5312499999999999 0.022876587736527156
v -0.09737579386826362 0.5036257938682636 0.022876587736527287
v -0.1250000000000001 0.49162658773652734 0.02287658773652742
v -0.09374999999999983 0.5312499999999999 0.008373412263472513
v -0.10156249999999994 0.5078124999999999 0.008373412263472546
v -0.1250000000000001 0.49999999999999994 0.008373412263472579
v -0.09374999999999983 0.5312499999999999 -0.008373412263472503
v -0.10156249999999994 0.5078124999999999 -0.008373412263472536
v -0.1250000000000001 0.49999999999999994 -0.008373412263472569
v -0.08537658773652729 0.5312499999999999 -0.022876587736527145
v -0.09737579386826362 0.5036257938682636 -0.022876587736527277
v -0.1250000000000001 0.49162658773652734 -0.02287658773652741
v -0.0708734122634726 0.5312499999999999 -0.031249999999999865
v -0.09012420613173633 0.4963742061317362 -0.03124999999999993
v -0.1250000000000001 0.47712341226347255 -0.031249999999999997
vt 0.9052721932636915 0.10624210240172438
vt 0.9032435523456648 0.10791015625
vt 0.8901194876310841 0.10624210240172438
vt 0.8901194876310841 0.10791015625
vt 0.8901194876310841 0.099853515625
vt 0.897965137037766 0.099853515625
vt 0.897965137037766 0.10791015625
vt 0.8901194876310841 0.10457377461515516
vt 0.8976952183803134 0.10502092316667311
vt 0.8901194876310841 0.10791015625
vt 0.9052734375 0.10624223935962518
vt 0.903242474775924 0.10791015625
vt 0.8901194876310841 0.10624223935962518
vt 0.8901194876310841 0.10791015625
vt 0.8901194876310841 0.099853515625
vt 0.897965137037766 0.099853515625
vt 0.897965137037766 0.10791015625
vt 0.8901194876310841 0.10457404855344876
vt 0.8976958404473878 0.10502068592265923
vt 0.8901194876310841 0.10791015625
vt 0.9047568932405653 0.10618281249999995
vt 0.9047568932405653 0.10791015625
vt 0.8901194876310841 0.10704648437499997
vt 0.8901194876310841 0.10791015625
vt 0.8901194876310841 0.099853515625
vt 0.897965137037766 0.099853515625
vt 0.897965137037766 0.10791015625
vt 0.9047568932405653 0.10618281249999995
vt 0.9047568932405653 0.10791015625
vt 0.8901194876310841 0.10704648437499997
vt 0.8901194876310841 0.10457404855344876
vt 0.8976958404473878 0.10502068592265923
vt 0.8901194876310841 0.10791015625
vt 0.8901194876310841 0.10791015625
vt 0.8901194876310841 0.099853515625
vt 0.897965137037766 0.099853515625
vt 0.897965137037766 0.10791015625
vt 0.9052734375 0.10624223935962518
vt 0.903242474775924 0.10791015625
vt 0.8901194876310841 0.10624223935962518
vt 0.8901194876310841 0.10457377461515516
vt 0.8976952183803134 0.10502092316667311
vt 0.8901194876310841 0.10791015625
vt 0.8901194876310841 0.10791015625
vt 0.8901194876310841 0.099853515625
vt 0.897965137037766 0.099853515625
vt 0.897965137037766 0.10791015625
vt 0.9052721932636915 0.10624210240172438
vt 0.9032435523456648 0.10791015625
vt 0.8901194876310841 0.10624210240172438
vt 0.8901194876310841 0.10468750000000004
vt 0.897965137037766 0.10468750000000004
vt 0.894042312334425 0.10791015625
vt 0.8901194876310841 0.10791015625
vt 0.8901194876310841 0.099853515625
vt 0.897965137037766 0.099853515625
vt 0.897965137037766 0.10791015625
vt 0.897965137037766 0.10791015625
vt 0.8901194876310841 0.10791015625
vt 0.894042312334425 0.10468750000000004
vt 0.8901194876310841 0.10791015625
vt 0.8921481285491107 0.10624210240172438
vt 0.9052721932636915 0.10791015625
vt 0.8901194876310841 0.10791015625
vt 0.8901194876310841 0.099853515625
vt 0.897965137037766 0.099853515625
vt 0.897965137037766 0.10791015625
vt 0.8976952183803134 0.10791015625
vt 0.8901194876310841 0.10746300769848205
vt 0.8976952183803134 0.10457377461515516
vt 0.8901194876310841 0.10791015625
vt 0.89215045035516 0.10624223935962518
vt 0.9052734375 0.10791015625
vt 0.8901194876310841 0.10791015625
vt 0.8901194876310841 0.099853515625
vt 0.897965137037766 0.099853515625
vt 0.897965137037766 0.10791015625
vt 0.8976958404473878 0.10791015625
vt 0.8901194876310841 0.10746351888078953
vt 0.8976958404473878 0.10457404855344876
vt 0.8901194876310841 0.10791015625
vt 0.8901194876310841 0.10618281249999995
vt 0.9047568932405653 0.10704648437499997
vt 0.8901194876310841 0.10791015625
vt 0.8901194876310841 0.099853515625
vt 0.897965137037766 0.099853515625
vt 0.897965137037766 0.10791015625
vt 0.8901194876310841 0.10791015625
vt 0.8901194876310841 0.10618281249999995
vt 0.9047568932405653 0.10704648437499997
vt 0.8976958404473878 0.10791015625
vt 0.8901194876310841 0.10746351888078953
vt 0.8976958404473878 0.10457404855344876
vt 0.8901194876310841 0.10791015625
vt 0.8901194876310841 0.099853515625
vt 0.897965137037766 0.099853515625
vt 0.897965137037766 0.10791015625
vt 0.8901194876310841 0.10791015625
vt 0.89215045035516 0.10624223935962518
vt 0.9052734375 0.10791015625
vt 0.8976952183803134 0.10791015625
vt 0.8901194876310841 0.10746300769848205
vt 0.8976952183803134 0.10457377461515516
vt 0.8901194876310841 0.10791015625
vt 0.8901194876310841 0.099853515625
vt 0.897965137037766 0.099853515625
vt 0.897965137037766 0.10791015625
vt 0.8901194876310841 0.10791015625
vt 0.8921481285491107 0.10624210240172438
vt 0.9052721932636915 0.10791015625
vt 0.897965137037766 0.10791015625
vt 0.8901194876310841 0.10791015625
vt 0.894042312334425 0.10468750000000004
vt 0.8901194876310841 0.10791015625
vt 0.8901194876310841 0.099853515625
vt 0.897965137037766 0.099853515625
vt 0.897965137037766 0.10791015625
vt 0.8901194876310841 0.10468750000000004
vt 0.897965137037766 0.10468750000000004
vt 0.894042312334425 0.10791015625
vt 0.897965137037766 0.099853515625
vt 0.897965137037766 0.10791015625
vt 0.8901194876310841 0.10791015625
vt 0.8901194876310841 0.099853515625
vt 0.897965137037766 0.099853515625
vt 0.897965137037766 0.10791015625
vt 0.8901194876310841 0.10791015625
vt 0.8901194876310841 0.099853515625
vt 0.897965137037766 0.099853515625
vt 0.897965137037766 0.10791015625
vt 0.8901194876310841 0.10791015625
vt 0.8901194876310841 0.099853515625
vt 0.897965137037766 0.099853515625
vt 0.897965137037766 0.10791015625
vt 0.8901194876310841 0.10791015625
vt 0.8901194876310841 0.099853515625
vt 0.897965137037766 0.099853515625
vt 0.897965137037766 0.10791015625
vt 0.8901194876310841 0.10791015625
vt 0.8901194876310841 0.099853515625
vt 0.897965137037766 0.099853515625
vt 0.897965137037766 0.10791015625
vt 0.8901194876310841 0.10791015625
vt 0.8901194876310841 0.099853515625
vt 0.897965137037766 0.099853515625
vt 0.897965137037766 0.10791015625
vt 0.8901194876310841 0.10791015625
vt 0.8901194876310841 0.099853515625
vt 0.897965137037766 0.099853515625
vt 0.897965137037766 0.10791015625
vt 0.8901194876310841 0.10791015625
vt 0.8901194876310841 0.099853515625
vt 0.897965137037766 0.099853515625
vt 0.897965137037766 0.10791015625
vt 0.8901194876310841 0.10791015625
vt 0.8901194876310841 0.099853515625
vt 0.897965137037766 0.099853515625
vt 0.897965137037766 0.10791015625
vt 0.8901194876310841 0.10791015625
vt 0.8901194876310841 0.099853515625
vt 0.897965137037766 0.099853515625
vt 0.897965137037766 0.10791015625
vt 0.8901194876310841 0.10791015625
vt 0.8901194876310841 0.099853515625
vt 0.897965137037766 0.099853515625
vt 0.897965137037766 0.10791015625
vt 0.8901194876310841 0.10791015625
vt 0.8901194876310841 0.099853515625
vn 0 1 0
vn 0.24083586346838431 -0.6207183775407566 -0.7461278594521239
vn -1 0 0
vn 0 1 0
vn 0.39307741739696406 -0.8469641228899633 -0.3579691585454932
vn -1 0 0
vn 0 1 0
vn 0.4472135954999573 -0.8944271909999162 0
vn -1 0 0
vn 0 1 0
vn 0.4170288281141483 -0.8340576562282978 0.3611575592573125
vn -1 0 0
vn 0 1 0
vn 0.27621742157825124 -0.5951658269843834 0.7546400296874382
vn -1 0 0
vn 0 1 0
vn 1.0499390384728115e-15 6.212394513901236e-16 1
vn -1 0 0
vn 0 1 0
vn -0.31294121806387176 0.5669414720642579 0.7620007620011364
vn -1 0 0
vn 0 1 0
vn -0.3724536109569123 0.8574513355822034 0.35504297598101064
vn -1 0 0
vn 0 1 0
vn -0.316227766016834 0.9486832980505152 0
vn -1 0 0
vn 0 1 0
vn -0.2970442628929977 0.891132788679007 -0.3429971702850214
vn -1 0 0
vn 0 1 0
vn -0.26281025812130093 0.6050337550812056 -0.7515749619555929
vn -1 0 0
vn 0 1 0
vn 1.2178763680429259e-15 1.2178763680429176e-15 -1
vn -1 0 0
vn 1.4941036170851849e-15 1.0654040300024938e-15 1
vn 0.6207183775407566 -0.24083586346838448 0.746127859452124
vn 0.8469641228899635 -0.3930774173969635 0.3579691585454933
vn 0.8944271909999164 -0.44721359549995726 0
vn 0.8340576562282978 -0.41702882811414793 -0.36115755925731235
vn 0.5951658269843849 -0.2762174215782491 -0.7546400296874379
vn 9.30101853175386e-16 9.301018531753794e-16 -1
vn -0.5669414720642569 0.31294121806387504 -0.762000762001136
vn -0.8574513355821998 0.37245361095691987 -0.3550429759810118
vn -0.9486832980505124 0.31622776601684205 0
vn -0.8911327886790038 0.297044262893006 0.3429971702850229
vn -0.6050337550812002 0.26281025812130976 0.7515749619555943
usemtl m_1cd5f309-bd15-e7d6-9f47-afccc33b66ea
f 657/2673/765 658/2674/765 659/2675/765
f 660/2676/766 661/2677/766 662/2678/766 663/2679/766
f 660/2680/767 663/2681/767 664/2682/767
f 665/2683/768 657/2684/768 659/2685/768
f 663/2686/769 662/2687/769 666/2688/769 667/2689/769
f 663/2690/770 667/2691/770 664/2692/770
f 668/2693/771 665/2694/771 659/2695/771
f 667/2696/772 666/2697/772 669/2698/772 670/2699/772
f 667/2700/773 670/2701/773 664/2702/773
f 671/2703/774 668/2704/774 659/2705/774
f 670/2706/775 669/2707/775 672/2708/775 673/2709/775
f 670/2710/776 673/2711/776 664/2712/776
f 674/2713/777 671/2714/777 659/2715/777
f 673/2716/778 672/2717/778 675/2718/778 676/2719/778
f 673/2720/779 676/2721/779 664/2722/779
f 677/2723/780 674/2724/780 659/2725/780
f 676/2726/781 675/2727/781 678/2728/781 679/2729/781
f 676/2730/782 679/2731/782 664/2732/782
f 680/2733/783 677/2734/783 659/2735/783
f 679/2736/784 678/2737/784 681/2738/784 682/2739/784
f 679/2740/785 682/2741/785 664/2742/785
f 683/2743/786 680/2744/786 659/2745/786
f 682/2746/787 681/2747/787 684/2748/787 685/2749/787
f 682/2750/788 685/2751/788 664/2752/788
f 686/2753/789 683/2754/789 659/2755/789
f 685/2756/790 684/2757/790 687/2758/790 688/2759/790
f 685/2760/791 688/2761/791 664/2762/791
f 689/2763/792 686/2764/792 659/2765/792
f 688/2766/793 687/2767/793 690/2768/793 691/2769/793
f 688/2770/794 691/2771/794 664/2772/794
f 692/2773/795 689/2774/795 659/2775/795
f 691/2776/796 690/2777/796 693/2778/796 694/2779/796
f 691/2780/797 694/2781/797 664/2782/797
f 658/2783/798 692/2784/798 659/2785/798
f 694/2786/799 693/2787/799 661/2788/799 660/2789/799
f 694/2790/800 660/2791/800 664/2792/800
f 677/2793/801 678/2794/801 675/2795/801 674/2796/801
f 674/2797/802 675/2798/802 672/2799/802 671/2800/802
f 671/2801/803 672/2802/803 669/2803/803 668/2804/803
f 668/2805/804 669/2806/804 666/2807/804 665/2808/804
f 665/2809/805 666/2810/805 662/2811/805 657/2812/805
f 657/2813/806 662/2814/806 661/2815/806 658/2816/806
f 658/2817/807 661/2818/807 693/2819/807 692/2820/807
f 692/2821/808 693/2822/808 690/2823/808 689/2824/808
f 689/2825/809 690/2826/809 687/2827/809 686/2828/809
f 686/2829/810 687/2830/810 684/2831/810 683/2832/810
f 683/2833/811 684/2834/811 681/2835/811 680/2836/811
f 680/2837/812 681/2838/812 678/2839/812 677/2840/812
o doorRight
v -0.03962341319479473 1.3437499980292975 0.022876587736528425
v -0.054126588667849695 1.343749998245412 0.03125000000000112
v -0.06250000093132213 1.3437499983701853 1.1941200030411096e-15
v -0.12499999987522598 1.4146234115649805 0.031250000000001096
v -0.07393829403870711 1.3948117046723656 0.03125000000000117
v -0.06668670619412265 1.4020632923008358 0.022876587736528533
v -0.12499999965911174 1.4291265870380354 0.02287658773652851
v -0.12499999999999944 1.406249999301508 1.0622052621608208e-15
v -0.03125000093132213 1.3437499979045242 0.008373412263473805
v -0.062499999999999445 1.4062499983701855 0.008373412263473805
v -0.1249999995343381 1.437499999301508 0.008373412263473674
v -0.03125000093132213 1.3437499979045242 -0.008373412263471231
v -0.062499999999999445 1.4062499983701855 -0.008373412263471297
v -0.1249999995343381 1.437499999301508 -0.008373412263471495
v -0.03962341319479462 1.3437499980292975 -0.022876587736525875
v -0.06668670619412254 1.4020632923008358 -0.02287658773652603
v -0.12499999965911163 1.4291265870380354 -0.02287658773652632
v -0.05412658866784936 1.3437499982454117 -0.031249999999998637
v -0.07393829403870689 1.3948117046723656 -0.031249999999998716
v -0.12499999987522575 1.4146234115649805 -0.031249999999998918
v -0.07087341319479445 1.343749998494959 -0.031249999999998695
v -0.09012420654336833 1.3786257926500818 -0.03124999999999879
v -0.12500000012477291 1.3978765870380354 -0.031249999999998942
v -0.0853765886678493 1.3437499987110733 -0.022876587736526025
v -0.09737579438795285 1.3713742050216116 -0.022876587736526167
v -0.12500000034088715 1.3833734115649805 -0.02287658773652637
v -0.09375000093132191 1.3437499988358468 -0.008373412263471419
v -0.101562500582076 1.367187498952262 -0.008373412263471453
v -0.1250000004656608 1.374999999301508 -0.00837341226347155
v -0.09375000093132191 1.3437499988358468 0.008373412263473597
v -0.101562500582076 1.367187498952262 0.008373412263473629
v -0.1250000004656608 1.374999999301508 0.008373412263473597
v -0.08537658866784942 1.3437499987110733 0.022876587736528276
v -0.09737579438795296 1.3713742050216116 0.022876587736528398
v -0.12500000034088726 1.3833734115649805 0.022876587736528457
v -0.07087341319479479 1.343749998494959 0.03125000000000107
v -0.09012420654336856 1.3786257926500818 0.0312500000000011
v -0.12500000012477314 1.3978765870380354 0.03125000000000108
vt 0.9052721932636915 0.10624210240172438
vt 0.9032435523456648 0.10791015625
vt 0.8901194876310841 0.10624210240172438
vt 0.8901194876310841 0.10791015625
vt 0.8901194876310841 0.099853515625
vt 0.897965137037766 0.099853515625
vt 0.897965137037766 0.10791015625
vt 0.8901194876310841 0.10457377461515516
vt 0.8976952183803134 0.10502092316667311
vt 0.8901194876310841 0.10791015625
vt 0.9052734375 0.10624223935962518
vt 0.903242474775924 0.10791015625
vt 0.8901194876310841 0.10624223935962518
vt 0.8901194876310841 0.10791015625
vt 0.8901194876310841 0.099853515625
vt 0.897965137037766 0.099853515625
vt 0.897965137037766 0.10791015625
vt 0.8901194876310841 0.10457404855344876
vt 0.8976958404473878 0.10502068592265923
vt 0.8901194876310841 0.10791015625
vt 0.9047568932405653 0.10618281249999995
vt 0.9047568932405653 0.10791015625
vt 0.8901194876310841 0.10704648437499997
vt 0.8901194876310841 0.10791015625
vt 0.8901194876310841 0.099853515625
vt 0.897965137037766 0.099853515625
vt 0.897965137037766 0.10791015625
vt 0.9047568932405653 0.10618281249999995
vt 0.9047568932405653 0.10791015625
vt 0.8901194876310841 0.10704648437499997
vt 0.8901194876310841 0.10457404855344876
vt 0.8976958404473878 0.10502068592265923
vt 0.8901194876310841 0.10791015625
vt 0.8901194876310841 0.10791015625
vt 0.8901194876310841 0.099853515625
vt 0.897965137037766 0.099853515625
vt 0.897965137037766 0.10791015625
vt 0.9052734375 0.10624223935962518
vt 0.903242474775924 0.10791015625
vt 0.8901194876310841 0.10624223935962518
vt 0.8901194876310841 0.10457377461515516
vt 0.8976952183803134 0.10502092316667311
vt 0.8901194876310841 0.10791015625
vt 0.8901194876310841 0.10791015625
vt 0.8901194876310841 0.099853515625
vt 0.897965137037766 0.099853515625
vt 0.897965137037766 0.10791015625
vt 0.9052721932636915 0.10624210240172438
vt 0.9032435523456648 0.10791015625
vt 0.8901194876310841 0.10624210240172438
vt 0.8901194876310841 0.10468750000000004
vt 0.897965137037766 0.10468750000000004
vt 0.894042312334425 0.10791015625
vt 0.8901194876310841 0.10791015625
vt 0.8901194876310841 0.099853515625
vt 0.897965137037766 0.099853515625
vt 0.897965137037766 0.10791015625
vt 0.897965137037766 0.10791015625
vt 0.8901194876310841 0.10791015625
vt 0.894042312334425 0.10468750000000004
vt 0.8901194876310841 0.10791015625
vt 0.8921481285491107 0.10624210240172438
vt 0.9052721932636915 0.10791015625
vt 0.8901194876310841 0.10791015625
vt 0.8901194876310841 0.099853515625
vt 0.897965137037766 0.099853515625
vt 0.897965137037766 0.10791015625
vt 0.8976952183803134 0.10791015625
vt 0.8901194876310841 0.10746300769848205
vt 0.8976952183803134 0.10457377461515516
vt 0.8901194876310841 0.10791015625
vt 0.89215045035516 0.10624223935962518
vt 0.9052734375 0.10791015625
vt 0.8901194876310841 0.10791015625
vt 0.8901194876310841 0.099853515625
vt 0.897965137037766 0.099853515625
vt 0.897965137037766 0.10791015625
vt 0.8976958404473878 0.10791015625
vt 0.8901194876310841 0.10746351888078953
vt 0.8976958404473878 0.10457404855344876
vt 0.8901194876310841 0.10791015625
vt 0.8901194876310841 0.10618281249999995
vt 0.9047568932405653 0.10704648437499997
vt 0.8901194876310841 0.10791015625
vt 0.8901194876310841 0.099853515625
vt 0.897965137037766 0.099853515625
vt 0.897965137037766 0.10791015625
vt 0.8901194876310841 0.10791015625
vt 0.8901194876310841 0.10618281249999995
vt 0.9047568932405653 0.10704648437499997
vt 0.8976958404473878 0.10791015625
vt 0.8901194876310841 0.10746351888078953
vt 0.8976958404473878 0.10457404855344876
vt 0.8901194876310841 0.10791015625
vt 0.8901194876310841 0.099853515625
vt 0.897965137037766 0.099853515625
vt 0.897965137037766 0.10791015625
vt 0.8901194876310841 0.10791015625
vt 0.89215045035516 0.10624223935962518
vt 0.9052734375 0.10791015625
vt 0.8976952183803134 0.10791015625
vt 0.8901194876310841 0.10746300769848205
vt 0.8976952183803134 0.10457377461515516
vt 0.8901194876310841 0.10791015625
vt 0.8901194876310841 0.099853515625
vt 0.897965137037766 0.099853515625
vt 0.897965137037766 0.10791015625
vt 0.8901194876310841 0.10791015625
vt 0.8921481285491107 0.10624210240172438
vt 0.9052721932636915 0.10791015625
vt 0.897965137037766 0.10791015625
vt 0.8901194876310841 0.10791015625
vt 0.894042312334425 0.10468750000000004
vt 0.8901194876310841 0.10791015625
vt 0.8901194876310841 0.099853515625
vt 0.897965137037766 0.099853515625
vt 0.897965137037766 0.10791015625
vt 0.8901194876310841 0.10468750000000004
vt 0.897965137037766 0.10468750000000004
vt 0.894042312334425 0.10791015625
vt 0.897965137037766 0.099853515625
vt 0.897965137037766 0.10791015625
vt 0.8901194876310841 0.10791015625
vt 0.8901194876310841 0.099853515625
vt 0.897965137037766 0.099853515625
vt 0.897965137037766 0.10791015625
vt 0.8901194876310841 0.10791015625
vt 0.8901194876310841 0.099853515625
vt 0.897965137037766 0.099853515625
vt 0.897965137037766 0.10791015625
vt 0.8901194876310841 0.10791015625
vt 0.8901194876310841 0.099853515625
vt 0.897965137037766 0.099853515625
vt 0.897965137037766 0.10791015625
vt 0.8901194876310841 0.10791015625
vt 0.8901194876310841 0.099853515625
vt 0.897965137037766 0.099853515625
vt 0.897965137037766 0.10791015625
vt 0.8901194876310841 0.10791015625
vt 0.8901194876310841 0.099853515625
vt 0.897965137037766 0.099853515625
vt 0.897965137037766 0.10791015625
vt 0.8901194876310841 0.10791015625
vt 0.8901194876310841 0.099853515625
vt 0.897965137037766 0.099853515625
vt 0.897965137037766 0.10791015625
vt 0.8901194876310841 0.10791015625
vt 0.8901194876310841 0.099853515625
vt 0.897965137037766 0.099853515625
vt 0.897965137037766 0.10791015625
vt 0.8901194876310841 0.10791015625
vt 0.8901194876310841 0.099853515625
vt 0.897965137037766 0.099853515625
vt 0.897965137037766 0.10791015625
vt 0.8901194876310841 0.10791015625
vt 0.8901194876310841 0.099853515625
vt 0.897965137037766 0.099853515625
vt 0.897965137037766 0.10791015625
vt 0.8901194876310841 0.10791015625
vt 0.8901194876310841 0.099853515625
vt 0.897965137037766 0.099853515625
vt 0.897965137037766 0.10791015625
vt 0.8901194876310841 0.10791015625
vt 0.8901194876310841 0.099853515625
vt 0.897965137037766 0.099853515625
vt 0.897965137037766 0.10791015625
vt 0.8901194876310841 0.10791015625
vt 0.8901194876310841 0.099853515625
vn -1.4901175144114773e-8 -1 1.2156510827962023e-14
vn 0.2408358727178074 0.6207183739520242 0.746127859452123
vn -1 1.4901164549742126e-8 -3.9886867146041144e-15
vn -1.490115083109301e-8 -1 -1.2156510936010032e-14
vn 0.3930774300177127 0.8469641170326494 0.35796915854550243
vn -1 1.490116385201426e-8 -3.2909588474524663e-15
vn -1.4901154088420299e-8 -1 0
vn 0.447213608827962 0.894427184335914 0
vn -1 1.4901162970204496e-8 0
vn -1.4901150831093042e-8 -1 1.2156510837223513e-14
vn 0.4170288405425764 0.8340576500140808 -0.3611575592573187
vn -1 1.490116207565742e-8 -3.3384951295617296e-15
vn -1.4901165437920615e-8 -1 -2.450316743033281e-15
vn 0.27621743044691777 0.5951658228684248 -0.7546400296874353
vn -1 1.490116147300183e-8 -3.941150721522733e-15
vn -1.4901169552122386e-8 -1 -3.552713784590808e-15
vn 4.09754874028068e-15 4.0379686904630113e-16 -1
vn -1 1.490116292266841e-8 -3.552713732110431e-15
vn -1.4901168990634304e-8 -1 -3.703164063585917e-15
vn -0.31294122651195644 -0.5669414674010684 -0.7620007620011384
vn -1 1.4901164549742073e-8 -3.988686806444737e-15
vn -1.4901166690767974e-8 -1 -6.0030303921785214e-15
vn -0.3724536237339331 -0.8574513300322133 -0.35504297598100737
vn -1 1.4901163852014313e-8 -3.2909590442538353e-15
vn -1.490116829927512e-8 -1 0
vn -0.31622778015331926 -0.9486832933383532 0
vn -1 1.4901162970204496e-8 0
vn -1.4901166690767997e-8 -1 6.003030293391963e-15
vn -0.2970442761719151 -0.8911327842527036 0.3429971702850152
vn -1 1.4901162075657473e-8 -3.3384949319886113e-15
vn -1.490116899063442e-8 -1 3.703163872958746e-15
vn -0.2628102671370095 -0.6050337511650291 0.7515749619555907
vn -1 1.4901161473001777e-8 -3.94115063045385e-15
vn -1.4901156293214433e-8 -1 7.10542730446449e-15
vn -1.909315953111145e-15 -2.377679924694836e-15 1
vn -1 1.490116292266841e-8 -3.5527136256061645e-15
vn 4.631052530756143e-15 -1.2970693732881018e-16 -1
vn 0.6207183811294964 0.24083585421895967 -0.7461278594521192
vn 0.8469641287472731 0.39307740477621306 -0.357969158545495
vn 0.8944271976639184 0.447213582171953 0
vn 0.8340576624425089 0.4170288156857185 0.3611575592573204
vn 0.5951658311003444 0.27621741270958633 0.7546400296874387
vn -2.30538038154901e-15 -1.981615484453335e-15 1
vn -0.566941476727447 -0.3129412096157882 0.7620007620011343
vn -0.8574513411321931 -0.3724535981799007 0.3550429759810053
vn -0.948683302762674 -0.3162277518803571 0
vn -0.8911327931053085 -0.29704424961409065 -0.3429971702850235
vn -0.6050337589973722 -0.2628102491056024 -0.7515749619555996
usemtl m_1cd5f309-bd15-e7d6-9f47-afccc33b66ea
f 695/2841/813 696/2842/813 697/2843/813
f 698/2844/814 699/2845/814 700/2846/814 701/2847/814
f 698/2848/815 701/2849/815 702/2850/815
f 703/2851/816 695/2852/816 697/2853/816
f 701/2854/817 700/2855/817 704/2856/817 705/2857/817
f 701/2858/818 705/2859/818 702/2860/818
f 706/2861/819 703/2862/819 697/2863/819
f 705/2864/820 704/2865/820 707/2866/820 708/2867/820
f 705/2868/821 708/2869/821 702/2870/821
f 709/2871/822 706/2872/822 697/2873/822
f 708/2874/823 707/2875/823 710/2876/823 711/2877/823
f 708/2878/824 711/2879/824 702/2880/824
f 712/2881/825 709/2882/825 697/2883/825
f 711/2884/826 710/2885/826 713/2886/826 714/2887/826
f 711/2888/827 714/2889/827 702/2890/827
f 715/2891/828 712/2892/828 697/2893/828
f 714/2894/829 713/2895/829 716/2896/829 717/2897/829
f 714/2898/830 717/2899/830 702/2900/830
f 718/2901/831 715/2902/831 697/2903/831
f 717/2904/832 716/2905/832 719/2906/832 720/2907/832
f 717/2908/833 720/2909/833 702/2910/833
f 721/2911/834 718/2912/834 697/2913/834
f 720/2914/835 719/2915/835 722/2916/835 723/2917/835
f 720/2918/836 723/2919/836 702/2920/836
f 724/2921/837 721/2922/837 697/2923/837
f 723/2924/838 722/2925/838 725/2926/838 726/2927/838
f 723/2928/839 726/2929/839 702/2930/839
f 727/2931/840 724/2932/840 697/2933/840
f 726/2934/841 725/2935/841 728/2936/841 729/2937/841
f 726/2938/842 729/2939/842 702/2940/842
f 730/2941/843 727/2942/843 697/2943/843
f 729/2944/844 728/2945/844 731/2946/844 732/2947/844
f 729/2948/845 732/2949/845 702/2950/845
f 696/2951/846 730/2952/846 697/2953/846
f 732/2954/847 731/2955/847 699/2956/847 698/2957/847
f 732/2958/848 698/2959/848 702/2960/848
f 715/2961/849 716/2962/849 713/2963/849 712/2964/849
f 712/2965/850 713/2966/850 710/2967/850 709/2968/850
f 709/2969/851 710/2970/851 707/2971/851 706/2972/851
f 706/2973/852 707/2974/852 704/2975/852 703/2976/852
f 703/2977/853 704/2978/853 700/2979/853 695/2980/853
f 695/2981/854 700/2982/854 699/2983/854 696/2984/854
f 696/2985/855 699/2986/855 731/2987/855 730/2988/855
f 730/2989/856 731/2990/856 728/2991/856 727/2992/856
f 727/2993/857 728/2994/857 725/2995/857 724/2996/857
f 724/2997/858 725/2998/858 722/2999/858 721/3000/858
f 721/3001/859 722/3002/859 719/3003/859 718/3004/859
f 718/3005/860 719/3006/860 716/3007/860 715/3008/860
o doorRight
v -0.3041265877365274 1.34375 -0.022876587736527152
v -0.2896234122634727 1.34375 -0.031249999999999865
v -0.28125000000000017 1.34375 7.51112678311022e-33
v -0.21875000000000025 1.4146234122634724 -0.031249999999999997
v -0.26981170613173644 1.3948117061317362 -0.03124999999999993
v -0.2770632938682638 1.4020632938682636 -0.022876587736527284
v -0.21875000000000025 1.4291265877365273 -0.022876587736527416
v -0.21875000000000022 1.40625 0
v -0.31249999999999994 1.34375 -0.008373412263472517
v -0.2812500000000001 1.40625 -0.00837341226347255
v -0.21875000000000025 1.4375 -0.008373412263472583
v -0.31249999999999994 1.34375 0.00837341226347252
v -0.2812500000000001 1.40625 0.008373412263472553
v -0.21875000000000025 1.4375 0.008373412263472586
v -0.3041265877365274 1.34375 0.02287658773652715
v -0.2770632938682638 1.4020632938682636 0.02287658773652728
v -0.21875000000000025 1.4291265877365273 0.022876587736527412
v -0.2896234122634727 1.34375 0.03124999999999986
v -0.26981170613173644 1.3948117061317364 0.031249999999999927
v -0.21875000000000025 1.4146234122634724 0.031249999999999993
v -0.2728765877365276 1.34375 0.031249999999999868
v -0.2536257938682639 1.3786257938682636 0.031249999999999934
v -0.21875000000000022 1.3978765877365273 0.03125
v -0.2583734122634729 1.34375 0.022876587736527156
v -0.24637420613173652 1.3713742061317364 0.022876587736527287
v -0.21875000000000022 1.3833734122634724 0.02287658773652742
v -0.25000000000000033 1.34375 0.008373412263472513
v -0.24218750000000028 1.3671875 0.008373412263472546
v -0.21875000000000022 1.375 0.008373412263472579
v -0.25000000000000033 1.34375 -0.008373412263472503
v -0.24218750000000025 1.3671875 -0.008373412263472536
v -0.21875000000000022 1.375 -0.008373412263472569
v -0.2583734122634729 1.34375 -0.022876587736527145
v -0.24637420613173652 1.3713742061317364 -0.022876587736527277
v -0.21875000000000022 1.3833734122634724 -0.02287658773652741
v -0.2728765877365276 1.34375 -0.031249999999999865
v -0.2536257938682639 1.3786257938682636 -0.03124999999999993
v -0.21875000000000022 1.3978765877365273 -0.031249999999999997
vt 0.9052721932636915 0.10624210240172438
vt 0.9032435523456648 0.10791015625
vt 0.8901194876310841 0.10624210240172438
vt 0.8901194876310841 0.10791015625
vt 0.8901194876310841 0.099853515625
vt 0.897965137037766 0.099853515625
vt 0.897965137037766 0.10791015625
vt 0.8901194876310841 0.10457377461515516
vt 0.8976952183803134 0.10502092316667311
vt 0.8901194876310841 0.10791015625
vt 0.9052734375 0.10624223935962518
vt 0.903242474775924 0.10791015625
vt 0.8901194876310841 0.10624223935962518
vt 0.8901194876310841 0.10791015625
vt 0.8901194876310841 0.099853515625
vt 0.897965137037766 0.099853515625
vt 0.897965137037766 0.10791015625
vt 0.8901194876310841 0.10457404855344876
vt 0.8976958404473878 0.10502068592265923
vt 0.8901194876310841 0.10791015625
vt 0.9047568932405653 0.10618281249999995
vt 0.9047568932405653 0.10791015625
vt 0.8901194876310841 0.10704648437499997
vt 0.8901194876310841 0.10791015625
vt 0.8901194876310841 0.099853515625
vt 0.897965137037766 0.099853515625
vt 0.897965137037766 0.10791015625
vt 0.9047568932405653 0.10618281249999995
vt 0.9047568932405653 0.10791015625
vt 0.8901194876310841 0.10704648437499997
vt 0.8901194876310841 0.10457404855344876
vt 0.8976958404473878 0.10502068592265923
vt 0.8901194876310841 0.10791015625
vt 0.8901194876310841 0.10791015625
vt 0.8901194876310841 0.099853515625
vt 0.897965137037766 0.099853515625
vt 0.897965137037766 0.10791015625
vt 0.9052734375 0.10624223935962518
vt 0.903242474775924 0.10791015625
vt 0.8901194876310841 0.10624223935962518
vt 0.8901194876310841 0.10457377461515516
vt 0.8976952183803134 0.10502092316667311
vt 0.8901194876310841 0.10791015625
vt 0.8901194876310841 0.10791015625
vt 0.8901194876310841 0.099853515625
vt 0.897965137037766 0.099853515625
vt 0.897965137037766 0.10791015625
vt 0.9052721932636915 0.10624210240172438
vt 0.9032435523456648 0.10791015625
vt 0.8901194876310841 0.10624210240172438
vt 0.8901194876310841 0.10468750000000004
vt 0.897965137037766 0.10468750000000004
vt 0.894042312334425 0.10791015625
vt 0.8901194876310841 0.10791015625
vt 0.8901194876310841 0.099853515625
vt 0.897965137037766 0.099853515625
vt 0.897965137037766 0.10791015625
vt 0.897965137037766 0.10791015625
vt 0.8901194876310841 0.10791015625
vt 0.894042312334425 0.10468750000000004
vt 0.8901194876310841 0.10791015625
vt 0.8921481285491107 0.10624210240172438
vt 0.9052721932636915 0.10791015625
vt 0.8901194876310841 0.10791015625
vt 0.8901194876310841 0.099853515625
vt 0.897965137037766 0.099853515625
vt 0.897965137037766 0.10791015625
vt 0.8976952183803134 0.10791015625
vt 0.8901194876310841 0.10746300769848205
vt 0.8976952183803134 0.10457377461515516
vt 0.8901194876310841 0.10791015625
vt 0.89215045035516 0.10624223935962518
vt 0.9052734375 0.10791015625
vt 0.8901194876310841 0.10791015625
vt 0.8901194876310841 0.099853515625
vt 0.897965137037766 0.099853515625
vt 0.897965137037766 0.10791015625
vt 0.8976958404473878 0.10791015625
vt 0.8901194876310841 0.10746351888078953
vt 0.8976958404473878 0.10457404855344876
vt 0.8901194876310841 0.10791015625
vt 0.8901194876310841 0.10618281249999995
vt 0.9047568932405653 0.10704648437499997
vt 0.8901194876310841 0.10791015625
vt 0.8901194876310841 0.099853515625
vt 0.897965137037766 0.099853515625
vt 0.897965137037766 0.10791015625
vt 0.8901194876310841 0.10791015625
vt 0.8901194876310841 0.10618281249999995
vt 0.9047568932405653 0.10704648437499997
vt 0.8976958404473878 0.10791015625
vt 0.8901194876310841 0.10746351888078953
vt 0.8976958404473878 0.10457404855344876
vt 0.8901194876310841 0.10791015625
vt 0.8901194876310841 0.099853515625
vt 0.897965137037766 0.099853515625
vt 0.897965137037766 0.10791015625
vt 0.8901194876310841 0.10791015625
vt 0.89215045035516 0.10624223935962518
vt 0.9052734375 0.10791015625
vt 0.8976952183803134 0.10791015625
vt 0.8901194876310841 0.10746300769848205
vt 0.8976952183803134 0.10457377461515516
vt 0.8901194876310841 0.10791015625
vt 0.8901194876310841 0.099853515625
vt 0.897965137037766 0.099853515625
vt 0.897965137037766 0.10791015625
vt 0.8901194876310841 0.10791015625
vt 0.8921481285491107 0.10624210240172438
vt 0.9052721932636915 0.10791015625
vt 0.897965137037766 0.10791015625
vt 0.8901194876310841 0.10791015625
vt 0.894042312334425 0.10468750000000004
vt 0.8901194876310841 0.10791015625
vt 0.8901194876310841 0.099853515625
vt 0.897965137037766 0.099853515625
vt 0.897965137037766 0.10791015625
vt 0.8901194876310841 0.10468750000000004
vt 0.897965137037766 0.10468750000000004
vt 0.894042312334425 0.10791015625
vt 0.897965137037766 0.099853515625
vt 0.897965137037766 0.10791015625
vt 0.8901194876310841 0.10791015625
vt 0.8901194876310841 0.099853515625
vt 0.897965137037766 0.099853515625
vt 0.897965137037766 0.10791015625
vt 0.8901194876310841 0.10791015625
vt 0.8901194876310841 0.099853515625
vt 0.897965137037766 0.099853515625
vt 0.897965137037766 0.10791015625
vt 0.8901194876310841 0.10791015625
vt 0.8901194876310841 0.099853515625
vt 0.897965137037766 0.099853515625
vt 0.897965137037766 0.10791015625
vt 0.8901194876310841 0.10791015625
vt 0.8901194876310841 0.099853515625
vt 0.897965137037766 0.099853515625
vt 0.897965137037766 0.10791015625
vt 0.8901194876310841 0.10791015625
vt 0.8901194876310841 0.099853515625
vt 0.897965137037766 0.099853515625
vt 0.897965137037766 0.10791015625
vt 0.8901194876310841 0.10791015625
vt 0.8901194876310841 0.099853515625
vt 0.897965137037766 0.099853515625
vt 0.897965137037766 0.10791015625
vt 0.8901194876310841 0.10791015625
vt 0.8901194876310841 0.099853515625
vt 0.897965137037766 0.099853515625
vt 0.897965137037766 0.10791015625
vt 0.8901194876310841 0.10791015625
vt 0.8901194876310841 0.099853515625
vt 0.897965137037766 0.099853515625
vt 0.897965137037766 0.10791015625
vt 0.8901194876310841 0.10791015625
vt 0.8901194876310841 0.099853515625
vt 0.897965137037766 0.099853515625
vt 0.897965137037766 0.10791015625
vt 0.8901194876310841 0.10791015625
vt 0.8901194876310841 0.099853515625
vt 0.897965137037766 0.099853515625
vt 0.897965137037766 0.10791015625
vt 0.8901194876310841 0.10791015625
vt 0.8901194876310841 0.099853515625
vt 0.897965137037766 0.099853515625
vt 0.897965137037766 0.10791015625
vt 0.8901194876310841 0.10791015625
vt 0.8901194876310841 0.099853515625
vn 0 -1 0
vn -0.2408358634683848 0.6207183775407562 -0.7461278594521241
vn 1 4.4408920985006153e-16 -7.691850745534281e-16
vn 0 -1 0
vn -0.39307741739696517 0.84696412288996 -0.3579691585454993
vn 1 7.691850745534247e-16 -4.44089209850066e-16
vn 0 -1 0
vn -0.44721359549995876 0.8944271909999156 0
vn 1 8.881784197001252e-16 0
vn 0 -1 0
vn -0.41702882811414865 0.834057656228295 0.36115755925731835
vn 1 7.691850745534245e-16 4.440892098500661e-16
vn 0 -1 0
vn -0.2762174215782558 0.5951658269843894 0.7546400296874319
vn 1 4.4408920985006153e-16 7.691850745534281e-16
vn 0 -1 0
vn -1.049939038472818e-15 -6.212394513901216e-16 1
vn 1 1.6573634942535585e-15 4.440892098500685e-16
vn 0 -1 0
vn 0.312941218063876 -0.566941472064262 0.7620007620011316
vn 1 0 0
vn 0 -1 0
vn 0.3724536109569082 -0.8574513355822039 0.35504297598101403
vn 1 0 0
vn 0 -1 0
vn 0.3162277660168373 -0.9486832980505141 5.241043552656625e-16
vn 1 0 0
vn 0 -1 0
vn 0.2970442628930005 -0.891132788679004 -0.3429971702850271
vn 1 0 0
vn 0 -1 0
vn 0.26281025812130127 -0.6050337550812134 -0.7515749619555866
vn 1 0 0
vn 0 -1 0
vn -1.2178763680429259e-15 -1.2178763680429176e-15 -1
vn 1 1.6573634942535586e-15 -4.440892098500686e-16
vn -1.4941036170851995e-15 -1.0654040300024938e-15 1
vn -0.6207183775407606 0.24083586346838415 0.7461278594521208
vn -0.8469641228899628 0.3930774173969622 0.3579691585454959
vn -0.8944271909999171 0.44721359549995604 0
vn -0.8340576562282976 0.4170288281141464 -0.361157559257315
vn -0.5951658269843852 0.27621742157824863 -0.7546400296874377
vn -9.301018531753875e-16 -9.30101853175381e-16 -1
vn 0.5669414720642576 -0.3129412180638764 -0.7620007620011349
vn 0.8574513355822001 -0.3724536109569194 -0.35504297598101137
vn 0.9486832980505128 -0.316227766016841 1.5723130657969887e-15
vn 0.8911327886790052 -0.29704426289300434 0.3429971702850201
vn 0.6050337550812008 -0.2628102581213096 0.7515749619555937
usemtl m_1cd5f309-bd15-e7d6-9f47-afccc33b66ea
f 733/3009/861 734/3010/861 735/3011/861
f 736/3012/862 737/3013/862 738/3014/862 739/3015/862
f 736/3016/863 739/3017/863 740/3018/863
f 741/3019/864 733/3020/864 735/3021/864
f 739/3022/865 738/3023/865 742/3024/865 743/3025/865
f 739/3026/866 743/3027/866 740/3028/866
f 744/3029/867 741/3030/867 735/3031/867
f 743/3032/868 742/3033/868 745/3034/868 746/3035/868
f 743/3036/869 746/3037/869 740/3038/869
f 747/3039/870 744/3040/870 735/3041/870
f 746/3042/871 745/3043/871 748/3044/871 749/3045/871
f 746/3046/872 749/3047/872 740/3048/872
f 750/3049/873 747/3050/873 735/3051/873
f 749/3052/874 748/3053/874 751/3054/874 752/3055/874
f 749/3056/875 752/3057/875 740/3058/875
f 753/3059/876 750/3060/876 735/3061/876
f 752/3062/877 751/3063/877 754/3064/877 755/3065/877
f 752/3066/878 755/3067/878 740/3068/878
f 756/3069/879 753/3070/879 735/3071/879
f 755/3072/880 754/3073/880 757/3074/880 758/3075/880
f 755/3076/881 758/3077/881 740/3078/881
f 759/3079/882 756/3080/882 735/3081/882
f 758/3082/883 757/3083/883 760/3084/883 761/3085/883
f 758/3086/884 761/3087/884 740/3088/884
f 762/3089/885 759/3090/885 735/3091/885
f 761/3092/886 760/3093/886 763/3094/886 764/3095/886
f 761/3096/887 764/3097/887 740/3098/887
f 765/3099/888 762/3100/888 735/3101/888
f 764/3102/889 763/3103/889 766/3104/889 767/3105/889
f 764/3106/890 767/3107/890 740/3108/890
f 768/3109/891 765/3110/891 735/3111/891
f 767/3112/892 766/3113/892 769/3114/892 770/3115/892
f 767/3116/893 770/3117/893 740/3118/893
f 734/3119/894 768/3120/894 735/3121/894
f 770/3122/895 769/3123/895 737/3124/895 736/3125/895
f 770/3126/896 736/3127/896 740/3128/896
f 753/3129/897 754/3130/897 751/3131/897 750/3132/897
f 750/3133/898 751/3134/898 748/3135/898 747/3136/898
f 747/3137/899 748/3138/899 745/3139/899 744/3140/899
f 744/3141/900 745/3142/900 742/3143/900 741/3144/900
f 741/3145/901 742/3146/901 738/3147/901 733/3148/901
f 733/3149/902 738/3150/902 737/3151/902 734/3152/902
f 734/3153/903 737/3154/903 769/3155/903 768/3156/903
f 768/3157/904 769/3158/904 766/3159/904 765/3160/904
f 765/3161/905 766/3162/905 763/3163/905 762/3164/905
f 762/3165/906 763/3166/906 760/3167/906 759/3168/906
f 759/3169/907 760/3170/907 757/3171/907 756/3172/907
f 756/3173/908 757/3174/908 754/3175/908 753/3176/908
o doorRight
v -0.30412658680520466 0.5312500019707022 0.0228765877365272
v -0.28962341133214997 0.531250001754588 0.031249999999999917
v -0.2812499990686774 0.5312500016298145 4.977062031852271e-17
v -0.21875000012477358 0.46037658843501933 0.031249999999999986
v -0.26981170596129245 0.4801882953276343 0.03124999999999993
v -0.2770632938058769 0.47293670769916396 0.022876587736527277
v -0.21875000034088773 0.4458734129619645 0.022876587736527388
v -0.21875 0.4687500006984919 -5.740531509197234e-18
v -0.3124999990686772 0.5312500020954758 0.008373412263472565
v -0.2812499999999999 0.46875000162981445 0.00837341226347254
v -0.2187500004656613 0.4375000006984919 0.008373412263472548
v -0.3124999990686772 0.5312500020954758 -0.008373412263472471
v -0.2812499999999999 0.4687500016298145 -0.008373412263472563
v -0.2187500004656613 0.43750000069849193 -0.00837341226347262
v -0.30412658680520466 0.5312500019707023 -0.0228765877365271
v -0.2770632938058769 0.47293670769916407 -0.022876587736527287
v -0.21875000034088773 0.44587341296196453 -0.02287658773652744
v -0.28962341133214997 0.531250001754588 -0.03124999999999981
v -0.26981170596129245 0.48018829532763435 -0.03124999999999992
v -0.21875000012477358 0.46037658843501933 -0.031249999999999997
v -0.27287658680520493 0.531250001505041 -0.031249999999999816
v -0.25362579345663094 0.496374207349918 -0.03124999999999991
v -0.21874999987522645 0.47712341296196453 -0.03124999999999999
v -0.2583734113321502 0.5312500012889267 -0.0228765877365271
v -0.24637420561204657 0.5036257949783883 -0.02287658773652726
v -0.21874999965911227 0.4916265884350194 -0.0228765877365274
v -0.24999999906867765 0.5312500011641532 -0.008373412263472458
v -0.2421874994179235 0.5078125010477379 -0.008373412263472513
v -0.2187499995343387 0.5000000006984919 -0.008373412263472551
v -0.2499999990686776 0.5312500011641532 0.008373412263472558
v -0.2421874994179235 0.5078125010477379 0.008373412263472569
v -0.2187499995343387 0.5000000006984919 0.008373412263472596
v -0.25837341133215014 0.5312500012889267 0.0228765877365272
v -0.24637420561204657 0.5036257949783883 0.022876587736527305
v -0.21874999965911227 0.49162658843501933 0.02287658773652743
v -0.2728765868052049 0.5312500015050409 0.031249999999999917
v -0.25362579345663094 0.496374207349918 0.031249999999999948
v -0.21874999987522645 0.4771234129619645 0.03125
vt 0.9052721932636915 0.10624210240172438
vt 0.9032435523456648 0.10791015625
vt 0.8901194876310841 0.10624210240172438
vt 0.8901194876310841 0.10791015625
vt 0.8901194876310841 0.099853515625
vt 0.897965137037766 0.099853515625
vt 0.897965137037766 0.10791015625
vt 0.8901194876310841 0.10457377461515516
vt 0.8976952183803134 0.10502092316667311
vt 0.8901194876310841 0.10791015625
vt 0.9052734375 0.10624223935962518
vt 0.903242474775924 0.10791015625
vt 0.8901194876310841 0.10624223935962518
vt 0.8901194876310841 0.10791015625
vt 0.8901194876310841 0.099853515625
vt 0.897965137037766 0.099853515625
vt 0.897965137037766 0.10791015625
vt 0.8901194876310841 0.10457404855344876
vt 0.8976958404473878 0.10502068592265923
vt 0.8901194876310841 0.10791015625
vt 0.9047568932405653 0.10618281249999995
vt 0.9047568932405653 0.10791015625
vt 0.8901194876310841 0.10704648437499997
vt 0.8901194876310841 0.10791015625
vt 0.8901194876310841 0.099853515625
vt 0.897965137037766 0.099853515625
vt 0.897965137037766 0.10791015625
vt 0.9047568932405653 0.10618281249999995
vt 0.9047568932405653 0.10791015625
vt 0.8901194876310841 0.10704648437499997
vt 0.8901194876310841 0.10457404855344876
vt 0.8976958404473878 0.10502068592265923
vt 0.8901194876310841 0.10791015625
vt 0.8901194876310841 0.10791015625
vt 0.8901194876310841 0.099853515625
vt 0.897965137037766 0.099853515625
vt 0.897965137037766 0.10791015625
vt 0.9052734375 0.10624223935962518
vt 0.903242474775924 0.10791015625
vt 0.8901194876310841 0.10624223935962518
vt 0.8901194876310841 0.10457377461515516
vt 0.8976952183803134 0.10502092316667311
vt 0.8901194876310841 0.10791015625
vt 0.8901194876310841 0.10791015625
vt 0.8901194876310841 0.099853515625
vt 0.897965137037766 0.099853515625
vt 0.897965137037766 0.10791015625
vt 0.9052721932636915 0.10624210240172438
vt 0.9032435523456648 0.10791015625
vt 0.8901194876310841 0.10624210240172438
vt 0.8901194876310841 0.10468750000000004
vt 0.897965137037766 0.10468750000000004
vt 0.894042312334425 0.10791015625
vt 0.8901194876310841 0.10791015625
vt 0.8901194876310841 0.099853515625
vt 0.897965137037766 0.099853515625
vt 0.897965137037766 0.10791015625
vt 0.897965137037766 0.10791015625
vt 0.8901194876310841 0.10791015625
vt 0.894042312334425 0.10468750000000004
vt 0.8901194876310841 0.10791015625
vt 0.8921481285491107 0.10624210240172438
vt 0.9052721932636915 0.10791015625
vt 0.8901194876310841 0.10791015625
vt 0.8901194876310841 0.099853515625
vt 0.897965137037766 0.099853515625
vt 0.897965137037766 0.10791015625
vt 0.8976952183803134 0.10791015625
vt 0.8901194876310841 0.10746300769848205
vt 0.8976952183803134 0.10457377461515516
vt 0.8901194876310841 0.10791015625
vt 0.89215045035516 0.10624223935962518
vt 0.9052734375 0.10791015625
vt 0.8901194876310841 0.10791015625
vt 0.8901194876310841 0.099853515625
vt 0.897965137037766 0.099853515625
vt 0.897965137037766 0.10791015625
vt 0.8976958404473878 0.10791015625
vt 0.8901194876310841 0.10746351888078953
vt 0.8976958404473878 0.10457404855344876
vt 0.8901194876310841 0.10791015625
vt 0.8901194876310841 0.10618281249999995
vt 0.9047568932405653 0.10704648437499997
vt 0.8901194876310841 0.10791015625
vt 0.8901194876310841 0.099853515625
vt 0.897965137037766 0.099853515625
vt 0.897965137037766 0.10791015625
vt 0.8901194876310841 0.10791015625
vt 0.8901194876310841 0.10618281249999995
vt 0.9047568932405653 0.10704648437499997
vt 0.8976958404473878 0.10791015625
vt 0.8901194876310841 0.10746351888078953
vt 0.8976958404473878 0.10457404855344876
vt 0.8901194876310841 0.10791015625
vt 0.8901194876310841 0.099853515625
vt 0.897965137037766 0.099853515625
vt 0.897965137037766 0.10791015625
vt 0.8901194876310841 0.10791015625
vt 0.89215045035516 0.10624223935962518
vt 0.9052734375 0.10791015625
vt 0.8976952183803134 0.10791015625
vt 0.8901194876310841 0.10746300769848205
vt 0.8976952183803134 0.10457377461515516
vt 0.8901194876310841 0.10791015625
vt 0.8901194876310841 0.099853515625
vt 0.897965137037766 0.099853515625
vt 0.897965137037766 0.10791015625
vt 0.8901194876310841 0.10791015625
vt 0.8921481285491107 0.10624210240172438
vt 0.9052721932636915 0.10791015625
vt 0.897965137037766 0.10791015625
vt 0.8901194876310841 0.10791015625
vt 0.894042312334425 0.10468750000000004
vt 0.8901194876310841 0.10791015625
vt 0.8901194876310841 0.099853515625
vt 0.897965137037766 0.099853515625
vt 0.897965137037766 0.10791015625
vt 0.8901194876310841 0.10468750000000004
vt 0.897965137037766 0.10468750000000004
vt 0.894042312334425 0.10791015625
vt 0.897965137037766 0.099853515625
vt 0.897965137037766 0.10791015625
vt 0.8901194876310841 0.10791015625
vt 0.8901194876310841 0.099853515625
vt 0.897965137037766 0.099853515625
vt 0.897965137037766 0.10791015625
vt 0.8901194876310841 0.10791015625
vt 0.8901194876310841 0.099853515625
vt 0.897965137037766 0.099853515625
vt 0.897965137037766 0.10791015625
vt 0.8901194876310841 0.10791015625
vt 0.8901194876310841 0.099853515625
vt 0.897965137037766 0.099853515625
vt 0.897965137037766 0.10791015625
vt 0.8901194876310841 0.10791015625
vt 0.8901194876310841 0.099853515625
vt 0.897965137037766 0.099853515625
vt 0.897965137037766 0.10791015625
vt 0.8901194876310841 0.10791015625
vt 0.8901194876310841 0.099853515625
vt 0.897965137037766 0.099853515625
vt 0.897965137037766 0.10791015625
vt 0.8901194876310841 0.10791015625
vt 0.8901194876310841 0.099853515625
vt 0.897965137037766 0.099853515625
vt 0.897965137037766 0.10791015625
vt 0.8901194876310841 0.10791015625
vt 0.8901194876310841 0.099853515625
vt 0.897965137037766 0.099853515625
vt 0.897965137037766 0.10791015625
vt 0.8901194876310841 0.10791015625
vt 0.8901194876310841 0.099853515625
vt 0.897965137037766 0.099853515625
vt 0.897965137037766 0.10791015625
vt 0.8901194876310841 0.10791015625
vt 0.8901194876310841 0.099853515625
vt 0.897965137037766 0.099853515625
vt 0.897965137037766 0.10791015625
vt 0.8901194876310841 0.10791015625
vt 0.8901194876310841 0.099853515625
vt 0.897965137037766 0.099853515625
vt 0.897965137037766 0.10791015625
vt 0.8901194876310841 0.10791015625
vt 0.8901194876310841 0.099853515625
vt 0.897965137037766 0.099853515625
vt 0.897965137037766 0.10791015625
vt 0.8901194876310841 0.10791015625
vt 0.8901194876310841 0.099853515625
vn 1.4901158808466743e-8 1 6.739598252694803e-16
vn -0.24083587271780824 -0.6207183739520197 0.7461278594521267
vn 1 -1.4901161354008507e-8 4.2032115389030013e-16
vn 1.490116231364423e-8 1 4.179137313087441e-15
vn -0.3930774300177138 -0.8469641170326547 0.3579691585454883
vn 1 -1.4901160981376496e-8 7.929531665862131e-16
vn 1.4901161193847762e-8 1 0
vn -0.44721360882796224 -0.8944271843359138 -2.964781949262033e-15
vn 1 -1.490116119384767e-8 -4.9393281169341574e-23
vn 1.4901160537287392e-8 1 2.450316664698663e-15
vn -0.4170288405425774 -0.8340576500140838 -0.3611575592573107
vn 1 -1.4901160981376519e-8 -7.92953180478075e-16
vn 1.490116543792072e-8 1 -2.4503166643127568e-15
vn -0.2762174304469131 -0.5951658228684208 -0.75464002968744
vn 1 -1.4901161354008557e-8 -4.2032114038432656e-16
vn 1.4901156293214483e-8 1 -1.3120090310606507e-23
vn -8.972042396211498e-16 1.5402536565661337e-15 -1
vn 1 -1.4901161265304818e-8 -4.440892359045228e-16
vn 1.4901165437920684e-8 1 2.450316628425444e-15
vn 0.3129412265119562 0.5669414674010687 -0.7620007620011385
vn 1 -1.4901162567282765e-8 -7.92953176233337e-16
vn 1.4901160537287388e-8 1 -2.450316663926891e-15
vn 0.3724536237339333 0.8574513300322119 -0.3550429759810106
vn 1 -1.4901160981376487e-8 7.92953104072841e-16
vn 1.490116119384775e-8 1 -4.9393281169342285e-23
vn 0.31622778015331926 0.9486832933383532 0
vn 1 -1.4901161193847628e-8 0
vn 1.4901160537287367e-8 1 2.450316650806797e-15
vn 0.2970442761719134 0.8911327842527014 0.3429971702850223
vn 1 -1.490116098137647e-8 -7.929531526943513e-16
vn 1.4901160584823532e-8 1 2.402780486392441e-15
vn 0.2628102671370065 0.6050337511650236 0.751574961955596
vn 1 -1.4901162567282778e-8 7.929531526943518e-16
vn 1.490116292266841e-8 1 1.7763568394291567e-15
vn -1.3426621842559206e-15 2.7091324059336397e-16 1
vn 1 -1.4901161265304868e-8 4.440892227844337e-16
vn -1.3163255149848462e-15 1.95937494442062e-15 -1
vn -0.6207183811294896 -0.24083585421895737 -0.7461278594521257
vn -0.8469641287472766 -0.3930774047762127 -0.3579691585454869
vn -0.8944271976639184 -0.4472135821719529 -1.4823909746310157e-15
vn -0.8340576624425144 -0.41702881568572103 0.3611575592573047
vn -0.5951658311003437 -0.27621741270958516 0.7546400296874397
vn -9.67966922467583e-16 -1.0378203236176364e-16 1
vn 0.5669414767274426 0.3129412096157874 0.7620007620011379
vn 0.8574513411321917 0.3724535981798993 0.3550429759810098
vn 0.948683302762674 0.3162277518803571 0
vn 0.8911327931053087 0.29704424961409315 -0.3429971702850206
vn 0.6050337589973757 0.26281024910560513 -0.7515749619555958
usemtl m_1cd5f309-bd15-e7d6-9f47-afccc33b66ea
f 771/3177/909 772/3178/909 773/3179/909
f 774/3180/910 775/3181/910 776/3182/910 777/3183/910
f 774/3184/911 777/3185/911 778/3186/911
f 779/3187/912 771/3188/912 773/3189/912
f 777/3190/913 776/3191/913 780/3192/913 781/3193/913
f 777/3194/914 781/3195/914 778/3196/914
f 782/3197/915 779/3198/915 773/3199/915
f 781/3200/916 780/3201/916 783/3202/916 784/3203/916
f 781/3204/917 784/3205/917 778/3206/917
f 785/3207/918 782/3208/918 773/3209/918
f 784/3210/919 783/3211/919 786/3212/919 787/3213/919
f 784/3214/920 787/3215/920 778/3216/920
f 788/3217/921 785/3218/921 773/3219/921
f 787/3220/922 786/3221/922 789/3222/922 790/3223/922
f 787/3224/923 790/3225/923 778/3226/923
f 791/3227/924 788/3228/924 773/3229/924
f 790/3230/925 789/3231/925 792/3232/925 793/3233/925
f 790/3234/926 793/3235/926 778/3236/926
f 794/3237/927 791/3238/927 773/3239/927
f 793/3240/928 792/3241/928 795/3242/928 796/3243/928
f 793/3244/929 796/3245/929 778/3246/929
f 797/3247/930 794/3248/930 773/3249/930
f 796/3250/931 795/3251/931 798/3252/931 799/3253/931
f 796/3254/932 799/3255/932 778/3256/932
f 800/3257/933 797/3258/933 773/3259/933
f 799/3260/934 798/3261/934 801/3262/934 802/3263/934
f 799/3264/935 802/3265/935 778/3266/935
f 803/3267/936 800/3268/936 773/3269/936
f 802/3270/937 801/3271/937 804/3272/937 805/3273/937
f 802/3274/938 805/3275/938 778/3276/938
f 806/3277/939 803/3278/939 773/3279/939
f 805/3280/940 804/3281/940 807/3282/940 808/3283/940
f 805/3284/941 808/3285/941 778/3286/941
f 772/3287/942 806/3288/942 773/3289/942
f 808/3290/943 807/3291/943 775/3292/943 774/3293/943
f 808/3294/944 774/3295/944 778/3296/944
f 791/3297/945 792/3298/945 789/3299/945 788/3300/945
f 788/3301/946 789/3302/946 786/3303/946 785/3304/946
f 785/3305/947 786/3306/947 783/3307/947 782/3308/947
f 782/3309/948 783/3310/948 780/3311/948 779/3312/948
f 779/3313/949 780/3314/949 776/3315/949 771/3316/949
f 771/3317/950 776/3318/950 775/3319/950 772/3320/950
f 772/3321/951 775/3322/951 807/3323/951 806/3324/951
f 806/3325/952 807/3326/952 804/3327/952 803/3328/952
f 803/3329/953 804/3330/953 801/3331/953 800/3332/953
f 800/3333/954 801/3334/954 798/3335/954 797/3336/954
f 797/3337/955 798/3338/955 795/3339/955 794/3340/955
f 794/3341/956 795/3342/956 792/3343/956 791/3344/956
o doorRight
v -0.125 1.3833734122634724 -0.02287658773652742
v -0.125 1.3978765877365276 -0.03125
v -0.125 1.40625 0
v -0.21875 1.3833734122634724 -0.02287658773652742
v -0.21875 1.3978765877365276 -0.03125
v -0.21875 1.40625 0
v -0.125 1.375 -0.008373412263472583
v -0.21875 1.375 -0.008373412263472583
v -0.125 1.375 0.008373412263472586
v -0.21875 1.375 0.008373412263472586
v -0.125 1.3833734122634724 0.022876587736527412
v -0.21875 1.3833734122634724 0.022876587736527412
v -0.125 1.3978765877365276 0.031249999999999993
v -0.21875 1.3978765877365276 0.031249999999999993
v -0.125 1.4146234122634724 0.03125
v -0.21875 1.4146234122634724 0.03125
v -0.125 1.4291265877365276 0.02287658773652742
v -0.21875 1.4291265877365276 0.02287658773652742
v -0.125 1.4375 0.008373412263472579
v -0.21875 1.4375 0.008373412263472579
v -0.125 1.4375 -0.008373412263472569
v -0.21875 1.4375 -0.008373412263472569
v -0.125 1.4291265877365276 -0.022876587736527412
v -0.21875 1.4291265877365276 -0.022876587736527412
v -0.125 1.4146234122634724 -0.03125
v -0.21875 1.4146234122634724 -0.03125
vt 0.9052721932636915 0.10624210240172438
vt 0.9032435523456648 0.10791015625
vt 0.8901194876310841 0.10624210240172438
vt 0.8901194876310841 0.091796875
vt 0.897965137037766 0.091796875
vt 0.897965137037766 0.10791015625
vt 0.8901194876310841 0.10791015625
vt 0.8901194876310841 0.10457377461515516
vt 0.8976952183803134 0.10502092316667311
vt 0.8901194876310841 0.10791015625
vt 0.9052734375 0.10624223935962518
vt 0.903242474775924 0.10791015625
vt 0.8901194876310841 0.10624223935962518
vt 0.8901194876310841 0.091796875
vt 0.897965137037766 0.091796875
vt 0.897965137037766 0.10791015625
vt 0.8901194876310841 0.10791015625
vt 0.8901194876310841 0.10457404855344876
vt 0.8976958404473878 0.10502068592265923
vt 0.8901194876310841 0.10791015625
vt 0.9047568932405653 0.10618281249999995
vt 0.9047568932405653 0.10791015625
vt 0.8901194876310841 0.10704648437499997
vt 0.8901194876310841 0.091796875
vt 0.897965137037766 0.091796875
vt 0.897965137037766 0.10791015625
vt 0.8901194876310841 0.10791015625
vt 0.9047568932405653 0.10618281249999995
vt 0.9047568932405653 0.10791015625
vt 0.8901194876310841 0.10704648437499997
vt 0.8901194876310841 0.10457404855344876
vt 0.8976958404473878 0.10502068592265923
vt 0.8901194876310841 0.10791015625
vt 0.8901194876310841 0.091796875
vt 0.897965137037766 0.091796875
vt 0.897965137037766 0.10791015625
vt 0.8901194876310841 0.10791015625
vt 0.9052734375 0.10624223935962518
vt 0.903242474775924 0.10791015625
vt 0.8901194876310841 0.10624223935962518
vt 0.8901194876310841 0.10457377461515516
vt 0.8976952183803134 0.10502092316667311
vt 0.8901194876310841 0.10791015625
vt 0.8901194876310841 0.091796875
vt 0.897965137037766 0.091796875
vt 0.897965137037766 0.10791015625
vt 0.8901194876310841 0.10791015625
vt 0.9052721932636915 0.10624210240172438
vt 0.9032435523456648 0.10791015625
vt 0.8901194876310841 0.10624210240172438
vt 0.8901194876310841 0.10468750000000004
vt 0.897965137037766 0.10468750000000004
vt 0.894042312334425 0.10791015625
vt 0.8901194876310841 0.091796875
vt 0.897965137037766 0.091796875
vt 0.897965137037766 0.10791015625
vt 0.8901194876310841 0.10791015625
vt 0.897965137037766 0.10791015625
vt 0.8901194876310841 0.10791015625
vt 0.894042312334425 0.10468750000000004
vt 0.8901194876310841 0.10791015625
vt 0.8921481285491107 0.10624210240172438
vt 0.9052721932636915 0.10791015625
vt 0.8901194876310841 0.091796875
vt 0.897965137037766 0.091796875
vt 0.897965137037766 0.10791015625
vt 0.8901194876310841 0.10791015625
vt 0.8976952183803134 0.10791015625
vt 0.8901194876310841 0.10746300769848205
vt 0.8976952183803134 0.10457377461515516
vt 0.8901194876310841 0.10791015625
vt 0.89215045035516 0.10624223935962518
vt 0.9052734375 0.10791015625
vt 0.8901194876310841 0.091796875
vt 0.897965137037766 0.091796875
vt 0.897965137037766 0.10791015625
vt 0.8901194876310841 0.10791015625
vt 0.8976958404473878 0.10791015625
vt 0.8901194876310841 0.10746351888078953
vt 0.8976958404473878 0.10457404855344876
vt 0.8901194876310841 0.10791015625
vt 0.8901194876310841 0.10618281249999995
vt 0.9047568932405653 0.10704648437499997
vt 0.8901194876310841 0.091796875
vt 0.897965137037766 0.091796875
vt 0.897965137037766 0.10791015625
vt 0.8901194876310841 0.10791015625
vt 0.8901194876310841 0.10791015625
vt 0.8901194876310841 0.10618281249999995
vt 0.9047568932405653 0.10704648437499997
vt 0.8976958404473878 0.10791015625
vt 0.8901194876310841 0.10746351888078953
vt 0.8976958404473878 0.10457404855344876
vt 0.8901194876310841 0.091796875
vt 0.897965137037766 0.091796875
vt 0.897965137037766 0.10791015625
vt 0.8901194876310841 0.10791015625
vt 0.8901194876310841 0.10791015625
vt 0.89215045035516 0.10624223935962518
vt 0.9052734375 0.10791015625
vt 0.8976952183803134 0.10791015625
vt 0.8901194876310841 0.10746300769848205
vt 0.8976952183803134 0.10457377461515516
vt 0.8901194876310841 0.091796875
vt 0.897965137037766 0.091796875
vt 0.897965137037766 0.10791015625
vt 0.8901194876310841 0.10791015625
vt 0.8901194876310841 0.10791015625
vt 0.8921481285491107 0.10624210240172438
vt 0.9052721932636915 0.10791015625
vt 0.897965137037766 0.10791015625
vt 0.8901194876310841 0.10791015625
vt 0.894042312334425 0.10468750000000004
vt 0.8901194876310841 0.091796875
vt 0.897965137037766 0.091796875
vt 0.897965137037766 0.10791015625
vt 0.8901194876310841 0.10791015625
vt 0.8901194876310841 0.10468750000000004
vt 0.897965137037766 0.10468750000000004
vt 0.894042312334425 0.10791015625
vn 1 0 0
vn 0 -0.4999999999999921 -0.8660254037844433
vn -1 0 0
vn 1 0 0
vn 0 -0.8660254037844426 -0.49999999999999317
vn -1 0 0
vn 1 0 0
vn 0 -1 0
vn -1 0 0
vn 1 0 0
vn 0 -0.8660254037844425 0.49999999999999345
vn -1 0 0
vn 1 0 0
vn 0 -0.4999999999999921 0.8660254037844433
vn -1 0 0
vn 1 0 0
vn 0 -4.143408735633951e-16 1
vn -1 0 0
vn 1 0 0
vn 0 0.4999999999999921 0.8660254037844433
vn -1 0 0
vn 1 0 0
vn 0 0.8660254037844428 0.4999999999999931
vn -1 0 0
vn 1 0 0
vn 0 1 0
vn -1 0 0
vn 1 0 0
vn 0 0.8660254037844428 -0.49999999999999306
vn -1 0 0
vn 1 0 0
vn 0 0.4999999999999924 -0.866025403784443
vn -1 0 0
vn 1 0 0
vn 0 0 -1
vn -1 0 0
usemtl m_1cd5f309-bd15-e7d6-9f47-afccc33b66ea
f 809/3345/957 810/3346/957 811/3347/957
f 810/3348/958 809/3349/958 812/3350/958 813/3351/958
f 813/3352/959 812/3353/959 814/3354/959
f 815/3355/960 809/3356/960 811/3357/960
f 809/3358/961 815/3359/961 816/3360/961 812/3361/961
f 812/3362/962 816/3363/962 814/3364/962
f 817/3365/963 815/3366/963 811/3367/963
f 815/3368/964 817/3369/964 818/3370/964 816/3371/964
f 816/3372/965 818/3373/965 814/3374/965
f 819/3375/966 817/3376/966 811/3377/966
f 817/3378/967 819/3379/967 820/3380/967 818/3381/967
f 818/3382/968 820/3383/968 814/3384/968
f 821/3385/969 819/3386/969 811/3387/969
f 819/3388/970 821/3389/970 822/3390/970 820/3391/970
f 820/3392/971 822/3393/971 814/3394/971
f 823/3395/972 821/3396/972 811/3397/972
f 821/3398/973 823/3399/973 824/3400/973 822/3401/973
f 822/3402/974 824/3403/974 814/3404/974
f 825/3405/975 823/3406/975 811/3407/975
f 823/3408/976 825/3409/976 826/3410/976 824/3411/976
f 824/3412/977 826/3413/977 814/3414/977
f 827/3415/978 825/3416/978 811/3417/978
f 825/3418/979 827/3419/979 828/3420/979 826/3421/979
f 826/3422/980 828/3423/980 814/3424/980
f 829/3425/981 827/3426/981 811/3427/981
f 827/3428/982 829/3429/982 830/3430/982 828/3431/982
f 828/3432/983 830/3433/983 814/3434/983
f 831/3435/984 829/3436/984 811/3437/984
f 829/3438/985 831/3439/985 832/3440/985 830/3441/985
f 830/3442/986 832/3443/986 814/3444/986
f 833/3445/987 831/3446/987 811/3447/987
f 831/3448/988 833/3449/988 834/3450/988 832/3451/988
f 832/3452/989 834/3453/989 814/3454/989
f 810/3455/990 833/3456/990 811/3457/990
f 833/3458/991 810/3459/991 813/3460/991 834/3461/991
f 834/3462/992 813/3463/992 814/3464/992
o doorRight
v -0.0853765877365274 0.53125 -0.022876587736527416
v -0.0708734122634726 0.53125 -0.031249999999999997
v -0.0625 0.53125 0
v -0.0853765877365274 1.34375 -0.022876587736527416
v -0.0708734122634726 1.34375 -0.031249999999999997
v -0.0625 1.34375 0
v -0.09375 0.53125 -0.008373412263472583
v -0.09375 1.34375 -0.008373412263472583
v -0.09375 0.53125 0.008373412263472586
v -0.09375 1.34375 0.008373412263472586
v -0.0853765877365274 0.53125 0.022876587736527412
v -0.0853765877365274 1.34375 0.022876587736527412
v -0.0708734122634726 0.53125 0.031249999999999993
v -0.0708734122634726 1.34375 0.031249999999999993
v -0.054126587736527454 0.53125 0.03125
v -0.054126587736527454 1.34375 0.03125
v -0.0396234122634726 0.53125 0.02287658773652742
v -0.0396234122634726 1.34375 0.02287658773652742
v -0.03125 0.53125 0.008373412263472579
v -0.03125 1.34375 0.008373412263472579
v -0.03125 0.53125 -0.008373412263472569
v -0.03125 1.34375 -0.008373412263472569
v -0.039623412263472546 0.53125 -0.02287658773652741
v -0.039623412263472546 1.34375 -0.02287658773652741
v -0.054126587736527454 0.53125 -0.031249999999999997
v -0.054126587736527454 1.34375 -0.031249999999999997
vt 0.9052721932636915 0.10624210240172438
vt 0.9032435523456648 0.10791015625
vt 0.8901194876310841 0.10624210240172438
vt 0.8901194876310841 0.091796875
vt 0.897965137037766 0.091796875
vt 0.897965137037766 0.10791015625
vt 0.8901194876310841 0.10791015625
vt 0.8901194876310841 0.10457377461515516
vt 0.8976952183803134 0.10502092316667311
vt 0.8901194876310841 0.10791015625
vt 0.9052734375 0.10624223935962518
vt 0.903242474775924 0.10791015625
vt 0.8901194876310841 0.10624223935962518
vt 0.8901194876310841 0.091796875
vt 0.897965137037766 0.091796875
vt 0.897965137037766 0.10791015625
vt 0.8901194876310841 0.10791015625
vt 0.8901194876310841 0.10457404855344876
vt 0.8976958404473878 0.10502068592265923
vt 0.8901194876310841 0.10791015625
vt 0.9047568932405653 0.10618281249999995
vt 0.9047568932405653 0.10791015625
vt 0.8901194876310841 0.10704648437499997
vt 0.8901194876310841 0.091796875
vt 0.897965137037766 0.091796875
vt 0.897965137037766 0.10791015625
vt 0.8901194876310841 0.10791015625
vt 0.9047568932405653 0.10618281249999995
vt 0.9047568932405653 0.10791015625
vt 0.8901194876310841 0.10704648437499997
vt 0.8901194876310841 0.10457404855344876
vt 0.8976958404473878 0.10502068592265923
vt 0.8901194876310841 0.10791015625
vt 0.8901194876310841 0.091796875
vt 0.897965137037766 0.091796875
vt 0.897965137037766 0.10791015625
vt 0.8901194876310841 0.10791015625
vt 0.9052734375 0.10624223935962518
vt 0.903242474775924 0.10791015625
vt 0.8901194876310841 0.10624223935962518
vt 0.8901194876310841 0.10457377461515516
vt 0.8976952183803134 0.10502092316667311
vt 0.8901194876310841 0.10791015625
vt 0.8901194876310841 0.091796875
vt 0.897965137037766 0.091796875
vt 0.897965137037766 0.10791015625
vt 0.8901194876310841 0.10791015625
vt 0.9052721932636915 0.10624210240172438
vt 0.9032435523456648 0.10791015625
vt 0.8901194876310841 0.10624210240172438
vt 0.8901194876310841 0.10468750000000004
vt 0.897965137037766 0.10468750000000004
vt 0.894042312334425 0.10791015625
vt 0.8901194876310841 0.091796875
vt 0.897965137037766 0.091796875
vt 0.897965137037766 0.10791015625
vt 0.8901194876310841 0.10791015625
vt 0.897965137037766 0.10791015625
vt 0.8901194876310841 0.10791015625
vt 0.894042312334425 0.10468750000000004
vt 0.8901194876310841 0.10791015625
vt 0.8921481285491107 0.10624210240172438
vt 0.9052721932636915 0.10791015625
vt 0.8901194876310841 0.091796875
vt 0.897965137037766 0.091796875
vt 0.897965137037766 0.10791015625
vt 0.8901194876310841 0.10791015625
vt 0.8976952183803134 0.10791015625
vt 0.8901194876310841 0.10746300769848205
vt 0.8976952183803134 0.10457377461515516
vt 0.8901194876310841 0.10791015625
vt 0.89215045035516 0.10624223935962518
vt 0.9052734375 0.10791015625
vt 0.8901194876310841 0.091796875
vt 0.897965137037766 0.091796875
vt 0.897965137037766 0.10791015625
vt 0.8901194876310841 0.10791015625
vt 0.8976958404473878 0.10791015625
vt 0.8901194876310841 0.10746351888078953
vt 0.8976958404473878 0.10457404855344876
vt 0.8901194876310841 0.10791015625
vt 0.8901194876310841 0.10618281249999995
vt 0.9047568932405653 0.10704648437499997
vt 0.8901194876310841 0.091796875
vt 0.897965137037766 0.091796875
vt 0.897965137037766 0.10791015625
vt 0.8901194876310841 0.10791015625
vt 0.8901194876310841 0.10791015625
vt 0.8901194876310841 0.10618281249999995
vt 0.9047568932405653 0.10704648437499997
vt 0.8976958404473878 0.10791015625
vt 0.8901194876310841 0.10746351888078953
vt 0.8976958404473878 0.10457404855344876
vt 0.8901194876310841 0.091796875
vt 0.897965137037766 0.091796875
vt 0.897965137037766 0.10791015625
vt 0.8901194876310841 0.10791015625
vt 0.8901194876310841 0.10791015625
vt 0.89215045035516 0.10624223935962518
vt 0.9052734375 0.10791015625
vt 0.8976952183803134 0.10791015625
vt 0.8901194876310841 0.10746300769848205
vt 0.8976952183803134 0.10457377461515516
vt 0.8901194876310841 0.091796875
vt 0.897965137037766 0.091796875
vt 0.897965137037766 0.10791015625
vt 0.8901194876310841 0.10791015625
vt 0.8901194876310841 0.10791015625
vt 0.8921481285491107 0.10624210240172438
vt 0.9052721932636915 0.10791015625
vt 0.897965137037766 0.10791015625
vt 0.8901194876310841 0.10791015625
vt 0.894042312334425 0.10468750000000004
vt 0.8901194876310841 0.091796875
vt 0.897965137037766 0.091796875
vt 0.897965137037766 0.10791015625
vt 0.8901194876310841 0.10791015625
vt 0.8901194876310841 0.10468750000000004
vt 0.897965137037766 0.10468750000000004
vt 0.894042312334425 0.10791015625
vn 0 -1 0
vn -0.5000000000000008 0 -0.8660254037844384
vn 0 1 0
vn 0 -1 0
vn -0.8660254037844383 0 -0.5000000000000007
vn 0 1 0
vn 0 -1 0
vn -1 0 0
vn 0 1 0
vn 0 -1 0
vn -0.8660254037844382 0 0.5000000000000009
vn 0 1 0
vn 0 -1 0
vn -0.5000000000000008 0 0.8660254037844384
vn 0 1 0
vn 0 -1 0
vn -4.1434087356338823e-16 0 1
vn 0 1 0
vn 0 -1 0
vn 0.49999999999999933 0 0.8660254037844393
vn 0 1 0
vn 0 -1 0
vn 0.8660254037844385 0 0.5000000000000007
vn 0 1 0
vn 0 -1 0
vn 1 0 0
vn 0 1 0
vn 0 -1 0
vn 0.8660254037844399 0 -0.4999999999999981
vn 0 1 0
vn 0 -1 0
vn 0.49999999999999817 0 -0.8660254037844397
vn 0 1 0
vn 0 -1 0
vn 0 0 -1
vn 0 1 0
usemtl m_1cd5f309-bd15-e7d6-9f47-afccc33b66ea
f 835/3465/993 836/3466/993 837/3467/993
f 836/3468/994 835/3469/994 838/3470/994 839/3471/994
f 839/3472/995 838/3473/995 840/3474/995
f 841/3475/996 835/3476/996 837/3477/996
f 835/3478/997 841/3479/997 842/3480/997 838/3481/997
f 838/3482/998 842/3483/998 840/3484/998
f 843/3485/999 841/3486/999 837/3487/999
f 841/3488/1000 843/3489/1000 844/3490/1000 842/3491/1000
f 842/3492/1001 844/3493/1001 840/3494/1001
f 845/3495/1002 843/3496/1002 837/3497/1002
f 843/3498/1003 845/3499/1003 846/3500/1003 844/3501/1003
f 844/3502/1004 846/3503/1004 840/3504/1004
f 847/3505/1005 845/3506/1005 837/3507/1005
f 845/3508/1006 847/3509/1006 848/3510/1006 846/3511/1006
f 846/3512/1007 848/3513/1007 840/3514/1007
f 849/3515/1008 847/3516/1008 837/3517/1008
f 847/3518/1009 849/3519/1009 850/3520/1009 848/3521/1009
f 848/3522/1010 850/3523/1010 840/3524/1010
f 851/3525/1011 849/3526/1011 837/3527/1011
f 849/3528/1012 851/3529/1012 852/3530/1012 850/3531/1012
f 850/3532/1013 852/3533/1013 840/3534/1013
f 853/3535/1014 851/3536/1014 837/3537/1014
f 851/3538/1015 853/3539/1015 854/3540/1015 852/3541/1015
f 852/3542/1016 854/3543/1016 840/3544/1016
f 855/3545/1017 853/3546/1017 837/3547/1017
f 853/3548/1018 855/3549/1018 856/3550/1018 854/3551/1018
f 854/3552/1019 856/3553/1019 840/3554/1019
f 857/3555/1020 855/3556/1020 837/3557/1020
f 855/3558/1021 857/3559/1021 858/3560/1021 856/3561/1021
f 856/3562/1022 858/3563/1022 840/3564/1022
f 859/3565/1023 857/3566/1023 837/3567/1023
f 857/3568/1024 859/3569/1024 860/3570/1024 858/3571/1024
f 858/3572/1025 860/3573/1025 840/3574/1025
f 836/3575/1026 859/3576/1026 837/3577/1026
f 859/3578/1027 836/3579/1027 839/3580/1027 860/3581/1027
f 860/3582/1028 839/3583/1028 840/3584/1028
o doorRight
v -0.3041265877365274 0.53125 -0.022876587736527416
v -0.28962341226347255 0.53125 -0.031249999999999997
v -0.28125 0.53125 0
v -0.3041265877365274 1.34375 -0.022876587736527416
v -0.28962341226347255 1.34375 -0.031249999999999997
v -0.28125 1.34375 0
v -0.3125 0.53125 -0.008373412263472583
v -0.3125 1.34375 -0.008373412263472583
v -0.3125 0.53125 0.008373412263472586
v -0.3125 1.34375 0.008373412263472586
v -0.30412658773652745 0.53125 0.022876587736527412
v -0.30412658773652745 1.34375 0.022876587736527412
v -0.2896234122634726 0.53125 0.031249999999999993
v -0.2896234122634726 1.34375 0.031249999999999993
v -0.27287658773652745 0.53125 0.03125
v -0.27287658773652745 1.34375 0.03125
v -0.2583734122634726 0.53125 0.02287658773652742
v -0.2583734122634726 1.34375 0.02287658773652742
v -0.25 0.53125 0.008373412263472579
v -0.25 1.34375 0.008373412263472579
v -0.25 0.53125 -0.008373412263472569
v -0.25 1.34375 -0.008373412263472569
v -0.25837341226347255 0.53125 -0.02287658773652741
v -0.25837341226347255 1.34375 -0.02287658773652741
v -0.27287658773652745 0.53125 -0.031249999999999997
v -0.27287658773652745 1.34375 -0.031249999999999997
vt 0.9052721932636915 0.10624210240172438
vt 0.9032435523456648 0.10791015625
vt 0.8901194876310841 0.10624210240172438
vt 0.8901194876310841 0.091796875
vt 0.897965137037766 0.091796875
vt 0.897965137037766 0.10791015625
vt 0.8901194876310841 0.10791015625
vt 0.8901194876310841 0.10457377461515516
vt 0.8976952183803134 0.10502092316667311
vt 0.8901194876310841 0.10791015625
vt 0.9052734375 0.10624223935962518
vt 0.903242474775924 0.10791015625
vt 0.8901194876310841 0.10624223935962518
vt 0.8901194876310841 0.091796875
vt 0.897965137037766 0.091796875
vt 0.897965137037766 0.10791015625
vt 0.8901194876310841 0.10791015625
vt 0.8901194876310841 0.10457404855344876
vt 0.8976958404473878 0.10502068592265923
vt 0.8901194876310841 0.10791015625
vt 0.9047568932405653 0.10618281249999995
vt 0.9047568932405653 0.10791015625
vt 0.8901194876310841 0.10704648437499997
vt 0.8901194876310841 0.091796875
vt 0.897965137037766 0.091796875
vt 0.897965137037766 0.10791015625
vt 0.8901194876310841 0.10791015625
vt 0.9047568932405653 0.10618281249999995
vt 0.9047568932405653 0.10791015625
vt 0.8901194876310841 0.10704648437499997
vt 0.8901194876310841 0.10457404855344876
vt 0.8976958404473878 0.10502068592265923
vt 0.8901194876310841 0.10791015625
vt 0.8901194876310841 0.091796875
vt 0.897965137037766 0.091796875
vt 0.897965137037766 0.10791015625
vt 0.8901194876310841 0.10791015625
vt 0.9052734375 0.10624223935962518
vt 0.903242474775924 0.10791015625
vt 0.8901194876310841 0.10624223935962518
vt 0.8901194876310841 0.10457377461515516
vt 0.8976952183803134 0.10502092316667311
vt 0.8901194876310841 0.10791015625
vt 0.8901194876310841 0.091796875
vt 0.897965137037766 0.091796875
vt 0.897965137037766 0.10791015625
vt 0.8901194876310841 0.10791015625
vt 0.9052721932636915 0.10624210240172438
vt 0.9032435523456648 0.10791015625
vt 0.8901194876310841 0.10624210240172438
vt 0.8901194876310841 0.10468750000000004
vt 0.897965137037766 0.10468750000000004
vt 0.894042312334425 0.10791015625
vt 0.8901194876310841 0.091796875
vt 0.897965137037766 0.091796875
vt 0.897965137037766 0.10791015625
vt 0.8901194876310841 0.10791015625
vt 0.897965137037766 0.10791015625
vt 0.8901194876310841 0.10791015625
vt 0.894042312334425 0.10468750000000004
vt 0.8901194876310841 0.10791015625
vt 0.8921481285491107 0.10624210240172438
vt 0.9052721932636915 0.10791015625
vt 0.8901194876310841 0.091796875
vt 0.897965137037766 0.091796875
vt 0.897965137037766 0.10791015625
vt 0.8901194876310841 0.10791015625
vt 0.8976952183803134 0.10791015625
vt 0.8901194876310841 0.10746300769848205
vt 0.8976952183803134 0.10457377461515516
vt 0.8901194876310841 0.10791015625
vt 0.89215045035516 0.10624223935962518
vt 0.9052734375 0.10791015625
vt 0.8901194876310841 0.091796875
vt 0.897965137037766 0.091796875
vt 0.897965137037766 0.10791015625
vt 0.8901194876310841 0.10791015625
vt 0.8976958404473878 0.10791015625
vt 0.8901194876310841 0.10746351888078953
vt 0.8976958404473878 0.10457404855344876
vt 0.8901194876310841 0.10791015625
vt 0.8901194876310841 0.10618281249999995
vt 0.9047568932405653 0.10704648437499997
vt 0.8901194876310841 0.091796875
vt 0.897965137037766 0.091796875
vt 0.897965137037766 0.10791015625
vt 0.8901194876310841 0.10791015625
vt 0.8901194876310841 0.10791015625
vt 0.8901194876310841 0.10618281249999995
vt 0.9047568932405653 0.10704648437499997
vt 0.8976958404473878 0.10791015625
vt 0.8901194876310841 0.10746351888078953
vt 0.8976958404473878 0.10457404855344876
vt 0.8901194876310841 0.091796875
vt 0.897965137037766 0.091796875
vt 0.897965137037766 0.10791015625
vt 0.8901194876310841 0.10791015625
vt 0.8901194876310841 0.10791015625
vt 0.89215045035516 0.10624223935962518
vt 0.9052734375 0.10791015625
vt 0.8976952183803134 0.10791015625
vt 0.8901194876310841 0.10746300769848205
vt 0.8976952183803134 0.10457377461515516
vt 0.8901194876310841 0.091796875
vt 0.897965137037766 0.091796875
vt 0.897965137037766 0.10791015625
vt 0.8901194876310841 0.10791015625
vt 0.8901194876310841 0.10791015625
vt 0.8921481285491107 0.10624210240172438
vt 0.9052721932636915 0.10791015625
vt 0.897965137037766 0.10791015625
vt 0.8901194876310841 0.10791015625
vt 0.894042312334425 0.10468750000000004
vt 0.8901194876310841 0.091796875
vt 0.897965137037766 0.091796875
vt 0.897965137037766 0.10791015625
vt 0.8901194876310841 0.10791015625
vt 0.8901194876310841 0.10468750000000004
vt 0.897965137037766 0.10468750000000004
vt 0.894042312334425 0.10791015625
vn 0 -1 0
vn -0.49999999999999933 0 -0.8660254037844393
vn 0 1 0
vn 0 -1 0
vn -0.8660254037844383 0 -0.5000000000000007
vn 0 1 0
vn 0 -1 0
vn -1 0 0
vn 0 1 0
vn 0 -1 0
vn -0.8660254037844396 0 0.4999999999999984
vn 0 1 0
vn 0 -1 0
vn -0.49999999999999933 0 0.8660254037844393
vn 0 1 0
vn 0 -1 0
vn -4.1434087356338823e-16 0 1
vn 0 1 0
vn 0 -1 0
vn 0.49999999999999933 0 0.8660254037844393
vn 0 1 0
vn 0 -1 0
vn 0.8660254037844385 0 0.5000000000000007
vn 0 1 0
vn 0 -1 0
vn 1 0 0
vn 0 1 0
vn 0 -1 0
vn 0.8660254037844399 0 -0.4999999999999981
vn 0 1 0
vn 0 -1 0
vn 0.49999999999999817 0 -0.8660254037844397
vn 0 1 0
vn 0 -1 0
vn 0 0 -1
vn 0 1 0
usemtl m_1cd5f309-bd15-e7d6-9f47-afccc33b66ea
f 861/3585/1029 862/3586/1029 863/3587/1029
f 862/3588/1030 861/3589/1030 864/3590/1030 865/3591/1030
f 865/3592/1031 864/3593/1031 866/3594/1031
f 867/3595/1032 861/3596/1032 863/3597/1032
f 861/3598/1033 867/3599/1033 868/3600/1033 864/3601/1033
f 864/3602/1034 868/3603/1034 866/3604/1034
f 869/3605/1035 867/3606/1035 863/3607/1035
f 867/3608/1036 869/3609/1036 870/3610/1036 868/3611/1036
f 868/3612/1037 870/3613/1037 866/3614/1037
f 871/3615/1038 869/3616/1038 863/3617/1038
f 869/3618/1039 871/3619/1039 872/3620/1039 870/3621/1039
f 870/3622/1040 872/3623/1040 866/3624/1040
f 873/3625/1041 871/3626/1041 863/3627/1041
f 871/3628/1042 873/3629/1042 874/3630/1042 872/3631/1042
f 872/3632/1043 874/3633/1043 866/3634/1043
f 875/3635/1044 873/3636/1044 863/3637/1044
f 873/3638/1045 875/3639/1045 876/3640/1045 874/3641/1045
f 874/3642/1046 876/3643/1046 866/3644/1046
f 877/3645/1047 875/3646/1047 863/3647/1047
f 875/3648/1048 877/3649/1048 878/3650/1048 876/3651/1048
f 876/3652/1049 878/3653/1049 866/3654/1049
f 879/3655/1050 877/3656/1050 863/3657/1050
f 877/3658/1051 879/3659/1051 880/3660/1051 878/3661/1051
f 878/3662/1052 880/3663/1052 866/3664/1052
f 881/3665/1053 879/3666/1053 863/3667/1053
f 879/3668/1054 881/3669/1054 882/3670/1054 880/3671/1054
f 880/3672/1055 882/3673/1055 866/3674/1055
f 883/3675/1056 881/3676/1056 863/3677/1056
f 881/3678/1057 883/3679/1057 884/3680/1057 882/3681/1057
f 882/3682/1058 884/3683/1058 866/3684/1058
f 885/3685/1059 883/3686/1059 863/3687/1059
f 883/3688/1060 885/3689/1060 886/3690/1060 884/3691/1060
f 884/3692/1061 886/3693/1061 866/3694/1061
f 862/3695/1062 885/3696/1062 863/3697/1062
f 885/3698/1063 862/3699/1063 865/3700/1063 886/3701/1063
f 886/3702/1064 865/3703/1064 866/3704/1064
o right
v -0.625 0 -0.375
v -0.625 0.875 -0.375
v -0.625 0.875 -0.75
v -0.625 0 -0.6875
v -0.375 0 -0.6875
v -0.375 0.875 -0.75
v -0.375 0.875 -0.375
v -0.375 0 -0.375
vt 0.9150390625 0.013671875
vt 0.9150390625 0.0999755859375
vt 0.8828125 0.0999755859375
vt 0.8828125 0.013671875
vt 0.96875 0.013671875
vt 0.96875 0.0999755859375
vt 0.9365234375 0.0999755859375
vt 0.9365234375 0.013671875
vt 0.904296875 0.013671875
vt 0.904296875 0.0506591796875
vt 0.8828125 0.0506591796875
vt 0.8828125 0.013671875
vt 0.904296875 0.0753173828125
vt 0.904296875 0.1123046875
vt 0.8828125 0.1123046875
vt 0.8828125 0.0753173828125
vt 0.904296875 0.013671875
vt 0.904296875 0.0999755859375
vt 0.8828125 0.0999755859375
vt 0.8828125 0.013671875
vt 0.904296875 0.013671875
vt 0.904296875 0.0999755859375
vt 0.8828125 0.0999755859375
vt 0.8828125 0.013671875
vn -1 0 0
vn 1 0 0
vn 0 1 0
vn 0 -1 0
vn 0 -0.07124704998790965 -0.9974586998307351
vn 0 0 1
usemtl m_1cd5f309-bd15-e7d6-9f47-afccc33b66ea
f 887/3705/1065 888/3706/1065 889/3707/1065 890/3708/1065
f 891/3709/1066 892/3710/1066 893/3711/1066 894/3712/1066
f 889/3713/1067 888/3714/1067 893/3715/1067 892/3716/1067
f 887/3717/1068 890/3718/1068 891/3719/1068 894/3720/1068
f 890/3721/1069 889/3722/1069 892/3723/1069 891/3724/1069
f 894/3725/1070 893/3726/1070 888/3727/1070 887/3728/1070
o left
v 0.375 0 -0.375
v 0.375 0.875 -0.375
v 0.375 0.875 -0.75
v 0.375 0 -0.6875
v 0.625 0 -0.6875
v 0.625 0.875 -0.75
v 0.625 0.875 -0.375
v 0.625 0 -0.375
vt 0.9150390625 0.01983642578125
vt 0.9150390625 0.10614013671875
vt 0.8828125 0.10614013671875
vt 0.8828125 0.01983642578125
vt 0.96875 0.01983642578125
vt 0.96875 0.10614013671875
vt 0.9365234375 0.10614013671875
vt 0.9365234375 0.01983642578125
vt 0.904296875 0.013671875
vt 0.904296875 0.0506591796875
vt 0.8828125 0.0506591796875
vt 0.8828125 0.013671875
vt 0.904296875 0.0753173828125
vt 0.904296875 0.1123046875
vt 0.8828125 0.1123046875
vt 0.8828125 0.0753173828125
vt 0.904296875 0.01983642578125
vt 0.904296875 0.10614013671875
vt 0.8828125 0.10614013671875
vt 0.8828125 0.01983642578125
vt 0.904296875 0.01983642578125
vt 0.904296875 0.10614013671875
vt 0.8828125 0.10614013671875
vt 0.8828125 0.01983642578125
vn -1 0 0
vn 1 0 0
vn 0 1 0
vn 0 -1 0
vn 0 -0.07124704998790965 -0.9974586998307351
vn 0 0 1
usemtl m_1cd5f309-bd15-e7d6-9f47-afccc33b66ea
f 895/3729/1071 896/3730/1071 897/3731/1071 898/3732/1071
f 899/3733/1072 900/3734/1072 901/3735/1072 902/3736/1072
f 897/3737/1073 896/3738/1073 901/3739/1073 900/3740/1073
f 895/3741/1074 898/3742/1074 899/3743/1074 902/3744/1074
f 898/3745/1075 897/3746/1075 900/3747/1075 899/3748/1075
f 902/3749/1076 901/3750/1076 896/3751/1076 895/3752/1076
o left
v 0.375 0 0.6875
v 0.375 0.875 0.75
v 0.375 0.875 0.375
v 0.375 0 0.375
v 0.625 0 0.375
v 0.625 0.875 0.375
v 0.625 0.875 0.75
v 0.625 0 0.6875
vt 0.9150390625 0.013671875
vt 0.9150390625 0.0999755859375
vt 0.8828125 0.0999755859375
vt 0.8828125 0.013671875
vt 0.96875 0.013671875
vt 0.96875 0.0999755859375
vt 0.9365234375 0.0999755859375
vt 0.9365234375 0.013671875
vt 0.904296875 0.013671875
vt 0.904296875 0.0506591796875
vt 0.8828125 0.0506591796875
vt 0.8828125 0.013671875
vt 0.904296875 0.0753173828125
vt 0.904296875 0.1123046875
vt 0.8828125 0.1123046875
vt 0.8828125 0.0753173828125
vt 0.904296875 0.013671875
vt 0.904296875 0.0999755859375
vt 0.8828125 0.0999755859375
vt 0.8828125 0.013671875
vt 0.904296875 0.013671875
vt 0.904296875 0.0999755859375
vt 0.8828125 0.0999755859375
vt 0.8828125 0.013671875
vn -1 0 0
vn 1 0 0
vn 0 1 0
vn 0 -1 0
vn 0 0 -1
vn 0 -0.07124704998790965 0.9974586998307351
usemtl m_1cd5f309-bd15-e7d6-9f47-afccc33b66ea
f 903/3753/1077 904/3754/1077 905/3755/1077 906/3756/1077
f 907/3757/1078 908/3758/1078 909/3759/1078 910/3760/1078
f 905/3761/1079 904/3762/1079 909/3763/1079 908/3764/1079
f 903/3765/1080 906/3766/1080 907/3767/1080 910/3768/1080
f 906/3769/1081 905/3770/1081 908/3771/1081 907/3772/1081
f 910/3773/1082 909/3774/1082 904/3775/1082 903/3776/1082
o right
v -0.625 0 0.6875
v -0.625 0.875 0.75
v -0.625 0.875 0.375
v -0.625 0 0.375
v -0.375 0 0.375
v -0.375 0.875 0.375
v -0.375 0.875 0.75
v -0.375 0 0.6875
vt 0.9150390625 0.013671875
vt 0.9150390625 0.0999755859375
vt 0.8828125 0.0999755859375
vt 0.8828125 0.013671875
vt 0.96875 0.013671875
vt 0.96875 0.0999755859375
vt 0.9365234375 0.0999755859375
vt 0.9365234375 0.013671875
vt 0.904296875 0.013671875
vt 0.904296875 0.0506591796875
vt 0.8828125 0.0506591796875
vt 0.8828125 0.013671875
vt 0.904296875 0.0753173828125
vt 0.904296875 0.1123046875
vt 0.8828125 0.1123046875
vt 0.8828125 0.0753173828125
vt 0.904296875 0.013671875
vt 0.904296875 0.0999755859375
vt 0.8828125 0.0999755859375
vt 0.8828125 0.013671875
vt 0.904296875 0.013671875
vt 0.904296875 0.0999755859375
vt 0.8828125 0.0999755859375
vt 0.8828125 0.013671875
vn -1 0 0
vn 1 0 0
vn 0 1 0
vn 0 -1 0
vn 0 0 -1
vn 0 -0.07124704998790965 0.9974586998307351
usemtl m_1cd5f309-bd15-e7d6-9f47-afccc33b66ea
f 911/3777/1083 912/3778/1083 913/3779/1083 914/3780/1083
f 915/3781/1084 916/3782/1084 917/3783/1084 918/3784/1084
f 913/3785/1085 912/3786/1085 917/3787/1085 916/3788/1085
f 911/3789/1086 914/3790/1086 915/3791/1086 918/3792/1086
f 914/3793/1087 913/3794/1087 916/3795/1087 915/3796/1087
f 918/3797/1088 917/3798/1088 912/3799/1088 911/3800/1088