# Made in Blockbench 5.1.6
mtllib nyc_subway_track_pole_3.mtl

o cube
v 0.1875 1 0.125
v 0.1875 1 -0.125
v 0.1875 0 0.125
v 0.1875 0 -0.125
v -0.1875 1 -0.125
v -0.1875 1 0.125
v -0.1875 0 -0.125
v -0.1875 0 0.125
vt 0 1
vt 0.046875 1
vt 0.046875 0.875
vt 0 0.875
vt 0 1
vt 0.03125 1
vt 0.03125 0.875
vt 0 0.875
vt 0 1
vt 0.046875 1
vt 0.046875 0.875
vt 0 0.875
vt 0 1
vt 0.03125 1
vt 0.03125 0.875
vt 0 0.875
vt 0 1
vt 0.046875 1
vt 0.046875 0.96875
vt 0 0.96875
vt 0 1
vt 0.046875 1
vt 0.046875 0.96875
vt 0 0.96875
vn 0 0 -1
vn 1 0 0
vn 0 0 1
vn -1 0 0
vn 0 1 0
vn 0 -1 0
usemtl m_d80c1dfb-b22d-3056-2c8a-2ac1596ba4c7
f 4/4/1 7/3/1 5/2/1 2/1/1
f 3/8/2 4/7/2 2/6/2 1/5/2
f 8/12/3 3/11/3 1/10/3 6/9/3
f 7/16/4 8/15/4 6/14/4 5/13/4
f 6/20/5 1/19/5 2/18/5 5/17/5
f 7/24/6 4/23/6 3/22/6 8/21/6
o cube
v 0.0625 0.5625 0.125
v 0.0625 1 0.5625
v 0.0625 1 0.6875
v 0.0625 0.4375 0.125
v -0.0625 0.4375 0.125
v -0.0625 1 0.6875
v -0.0625 1 0.5625
v -0.0625 0.5625 0.125
vt 0.001953125 0.998046875
vt 0.001953125 1
vt 0 1
vt 0 0.998046875
vt 0.001953125 0.998046875
vt 0.001953125 1
vt 0 1
vt 0 0.998046875
vt 0.001953125 0.998046875
vt 0.001953125 1
vt 0 1
vt 0 0.998046875
vt 0.001953125 0.998046875
vt 0.001953125 1
vt 0 1
vt 0 0.998046875
vt 0.001953125 0.998046875
vt 0.001953125 1
vt 0 1
vt 0 0.998046875
vt 0.001953125 0.998046875
vt 0.001953125 1
vt 0 1
vt 0 0.998046875
vn 1 0 0
vn -1 0 0
vn 0 1 0
vn 0 0 -1
vn 0 -0.7071067811865476 0.7071067811865476
vn 0 0.7071067811865476 -0.7071067811865476
usemtl m_d80c1dfb-b22d-3056-2c8a-2ac1596ba4c7
f 9/25/7 10/26/7 11/27/7 12/28/7
f 13/29/8 14/30/8 15/31/8 16/32/8
f 11/33/9 10/34/9 15/35/9 14/36/9
f 9/37/10 12/38/10 13/39/10 16/40/10
f 12/41/11 11/42/11 14/43/11 13/44/11
f 16/45/12 15/46/12 10/47/12 9/48/12
o cylinder
v -0.5000000000000001 0.25 0.15625
v 0.49999999999999994 0.2500000000000002 0.15625
v -0.5 0.24162658773652743 0.1875
v 0.49999999999999994 0.24162658773652765 0.1875
v -0.5 0.2271234122634726 0.1791265877365274
v 0.49999999999999994 0.22712341226347282 0.1791265877365274
v -0.5 0.21875 0.1646234122634726
v 0.49999999999999994 0.21875000000000022 0.1646234122634726
v -0.5 0.21875 0.1478765877365274
v 0.49999999999999994 0.21875000000000022 0.1478765877365274
v -0.5 0.22712341226347257 0.1333734122634726
v 0.49999999999999994 0.2271234122634728 0.1333734122634726
v -0.5 0.2416265877365274 0.125
v 0.49999999999999994 0.24162658773652762 0.125
v -0.5000000000000001 0.25837341226347255 0.125
v 0.49999999999999994 0.25837341226347277 0.125
v -0.5000000000000001 0.2728765877365274 0.13337341226347257
v 0.49999999999999994 0.2728765877365276 0.13337341226347257
v -0.5000000000000001 0.28125 0.14787658773652743
v 0.49999999999999994 0.2812500000000002 0.14787658773652743
v -0.5000000000000001 0.28125 0.16462341226347257
v 0.49999999999999994 0.2812500000000002 0.16462341226347257
v -0.5000000000000001 0.2728765877365274 0.1791265877365274
v 0.49999999999999994 0.2728765877365276 0.1791265877365274
v -0.5000000000000001 0.2583734122634726 0.1875
v 0.49999999999999994 0.2583734122634728 0.1875
vt 0.004043766904910569 0.9979781165475448
vt 0.003502388275564618 1
vt 0 0.9979781165475448
vt 1.1362438767648086e-16 0.875
vt 0.0020937500000001137 0.875
vt 0.0020937500000001137 1
vt 1.1362438767648086e-16 1
vt 8.673617379884035e-19 0.9959559010486729
vt 0.0020217174428785846 0.9964978992929371
vt 0 1
vt 0.004044098951327107 0.9979782825571214
vt 0.0035021007070629023 1
vt 0 0.9979782825571214
vt 1.1362438767648086e-16 0.875
vt 0.0020937500000001137 0.875
vt 0.0020937500000001137 1
vt 1.1362438767648086e-16 1
vt 4.336808689942018e-19 0.9959562330950894
vt 0.0020218834524552845 0.9964976117244354
vt 0 1
vt 0.00390625 0.9979062499999999
vt 0.00390625 0.9999999999999999
vt 0 0.9989531249999999
vt 1.1362438767648086e-16 0.875
vt 0.0020937500000001137 0.875
vt 0.0020937500000001137 1
vt 1.1362438767648086e-16 1
vt 0.00390625 0.9979062499999999
vt 0.00390625 0.9999999999999999
vt 0 0.9989531249999999
vt 4.336808689942018e-19 0.9959562330950894
vt 0.0020218834524552845 0.9964976117244354
vt 0 1
vt 1.1362438767648086e-16 0.875
vt 0.0020937500000001137 0.875
vt 0.0020937500000001137 1
vt 1.1362438767648086e-16 1
vt 0.004044098951327107 0.9979782825571214
vt 0.0035021007070629023 1
vt 0 0.9979782825571214
vt 8.673617379884035e-19 0.9959559010486729
vt 0.0020217174428785846 0.9964978992929371
vt 0 1
vt 1.1362438767648086e-16 0.875
vt 0.0020937500000001137 0.875
vt 0.0020937500000001137 1
vt 1.1362438767648086e-16 1
vt 0.004043766904910569 0.9979781165475448
vt 0.003502388275564618 1
vt 0 0.9979781165475448
vt 1.1362438767648086e-16 0.99609375
vt 0.0020937500000001137 0.99609375
vt 0.0010468750000001137 1
vt 1.1362438767648086e-16 0.875
vt 0.0020937500000001137 0.875
vt 0.0020937500000001137 1
vt 1.1362438767648086e-16 1
vt 0.0020937500000001137 1
vt 1.1362438767648086e-16 1
vt 0.0010468750000001137 0.99609375
vt 0 1
vt 0.0005413786293459507 0.9979781165475448
vt 0.004043766904910569 1
vt 1.1362438767648086e-16 0.875
vt 0.0020937500000001137 0.875
vt 0.0020937500000001137 1
vt 1.1362438767648086e-16 1
vt 0.0020217174428785838 1
vt 0 0.9994580017557358
vt 0.0020217174428785846 0.9959559010486729
vt 0 1
vt 0.0005419982442642045 0.9979782825571214
vt 0.004044098951327107 1
vt 1.1362438767648086e-16 0.875
vt 0.0020937500000001137 0.875
vt 0.0020937500000001137 1
vt 1.1362438767648086e-16 1
vt 0.002021883452455284 1
vt 0 0.999458621370654
vt 0.0020218834524552845 0.9959562330950894
vt 0 0.9999999999999999
vt 0 0.9979062499999999
vt 0.00390625 0.9989531249999999
vt 1.1362438767648086e-16 0.875
vt 0.0020937500000001137 0.875
vt 0.0020937500000001137 1
vt 1.1362438767648086e-16 1
vt 0 0.9999999999999999
vt 0 0.9979062499999999
vt 0.00390625 0.9989531249999999
vt 0.002021883452455284 1
vt 0 0.999458621370654
vt 0.0020218834524552845 0.9959562330950894
vt 1.1362438767648086e-16 0.875
vt 0.0020937500000001137 0.875
vt 0.0020937500000001137 1
vt 1.1362438767648086e-16 1
vt 0 1
vt 0.0005419982442642045 0.9979782825571214
vt 0.004044098951327107 1
vt 0.0020217174428785838 1
vt 0 0.9994580017557358
vt 0.0020217174428785846 0.9959559010486729
vt 1.1362438767648086e-16 0.875
vt 0.0020937500000001137 0.875
vt 0.0020937500000001137 1
vt 1.1362438767648086e-16 1
vt 0 1
vt 0.0005413786293459507 0.9979781165475448
vt 0.004043766904910569 1
vt 0.0020937500000001137 1
vt 1.1362438767648086e-16 1
vt 0.0010468750000001137 0.99609375
vt 1.1362438767648086e-16 0.875
vt 0.0020937500000001137 0.875
vt 0.0020937500000001137 1
vt 1.1362438767648086e-16 1
vt 1.1362438767648086e-16 0.99609375
vt 0.0020937500000001137 0.99609375
vt 0.0010468750000001137 1
vn -1 -2.220446049250313e-16 0
vn 1.1102230246251585e-16 -0.5000000000000009 0.8660254037844382
vn 1 2.220446049250313e-16 0
vn -1 -2.220446049250313e-16 0
vn 1.9229626863835618e-16 -0.8660254037844377 0.5000000000000017
vn 1 2.220446049250313e-16 0
vn -1 -2.220446049250313e-16 0
vn 2.220446049250313e-16 -1 0
vn 1 2.220446049250313e-16 0
vn -1 -2.220446049250313e-16 0
vn 1.9229626863835636e-16 -0.8660254037844385 -0.5000000000000004
vn 1 2.220446049250313e-16 0
vn -1 -2.220446049250313e-16 0
vn 1.1102230246251585e-16 -0.5000000000000009 -0.8660254037844382
vn 1 2.220446049250313e-16 0
vn -1 -2.220446049250313e-16 0
vn 0 0 -1
vn 1 2.220446049250313e-16 0
vn -1 -2.220446049250313e-16 0
vn -1.1102230246251542e-16 0.49999999999999895 -0.8660254037844393
vn 1 2.220446049250313e-16 0
vn -1 -2.220446049250313e-16 0
vn -1.922962686383564e-16 0.8660254037844387 -0.5000000000000003
vn 1 2.220446049250313e-16 0
vn -1 -2.220446049250313e-16 0
vn -2.220446049250313e-16 1 0
vn 1 2.220446049250313e-16 0
vn -1 -2.220446049250313e-16 0
vn -1.9229626863835628e-16 0.8660254037844382 0.5000000000000009
vn 1 2.220446049250313e-16 0
vn -1 -2.220446049250313e-16 0
vn -1.1102230246251602e-16 0.5000000000000017 0.8660254037844377
vn 1 2.220446049250313e-16 0
vn -1 -2.220446049250313e-16 0
vn 0 0 1
vn 1 2.220446049250313e-16 0
usemtl m_d80c1dfb-b22d-3056-2c8a-2ac1596ba4c7
f 21/49/13 19/50/13 17/51/13
f 19/52/14 21/53/14 22/54/14 20/55/14
f 20/56/15 22/57/15 18/58/15
f 23/59/16 21/60/16 17/61/16
f 21/62/17 23/63/17 24/64/17 22/65/17
f 22/66/18 24/67/18 18/68/18
f 25/69/19 23/70/19 17/71/19
f 23/72/20 25/73/20 26/74/20 24/75/20
f 24/76/21 26/77/21 18/78/21
f 27/79/22 25/80/22 17/81/22
f 25/82/23 27/83/23 28/84/23 26/85/23
f 26/86/24 28/87/24 18/88/24
f 29/89/25 27/90/25 17/91/25
f 27/92/26 29/93/26 30/94/26 28/95/26
f 28/96/27 30/97/27 18/98/27
f 31/99/28 29/100/28 17/101/28
f 29/102/29 31/103/29 32/104/29 30/105/29
f 30/106/30 32/107/30 18/108/30
f 33/109/31 31/110/31 17/111/31
f 31/112/32 33/113/32 34/114/32 32/115/32
f 32/116/33 34/117/33 18/118/33
f 35/119/34 33/120/34 17/121/34
f 33/122/35 35/123/35 36/124/35 34/125/35
f 34/126/36 36/127/36 18/128/36
f 37/129/37 35/130/37 17/131/37
f 35/132/38 37/133/38 38/134/38 36/135/38
f 36/136/39 38/137/39 18/138/39
f 39/139/40 37/140/40 17/141/40
f 37/142/41 39/143/41 40/144/41 38/145/41
f 38/146/42 40/147/42 18/148/42
f 41/149/43 39/150/43 17/151/43
f 39/152/44 41/153/44 42/154/44 40/155/44
f 40/156/45 42/157/45 18/158/45
f 19/159/46 41/160/46 17/161/46
f 41/162/47 19/163/47 20/164/47 42/165/47
f 42/166/48 20/167/48 18/168/48
o cylinder
v -0.5 0.625 0.16718750000000002
v 0.5 0.6250000000000014 0.16718749999999974
v -0.5 0.6330880951594537 0.1811964917526259
v 0.49999999999999994 0.6330880951594553 0.18119649175262562
v -0.5 0.6249999999999999 0.1833636903189076
v 0.5000000000000001 0.6250000000000013 0.1833636903189073
v -0.5 0.6169119048405463 0.1811964917526259
v 0.5000000000000001 0.6169119048405478 0.18119649175262562
v -0.5 0.6109910082473742 0.17527559515945376
v 0.5000000000000001 0.6109910082473756 0.17527559515945348
v -0.5 0.6088238096810924 0.1671875000000001
v 0.5000000000000001 0.6088238096810938 0.16718749999999982
v -0.5 0.6109910082473742 0.15909940484054627
v 0.5 0.6109910082473756 0.159099404840546
v -0.5 0.6169119048405463 0.15317850824737425
v 0.5 0.6169119048405476 0.15317850824737397
v -0.5 0.625 0.15101130968109253
v 0.5 0.6250000000000014 0.15101130968109225
v -0.5 0.6330880951594537 0.15317850824737417
v 0.5 0.6330880951594552 0.1531785082473739
v -0.5 0.6390089917526259 0.1590994048405463
v 0.5 0.6390089917526274 0.15909940484054602
v -0.5 0.6411761903189075 0.16718750000000002
v 0.49999999999999994 0.6411761903189089 0.16718749999999974
v -0.5 0.6390089917526258 0.17527559515945387
v 0.49999999999999994 0.6390089917526273 0.1752755951594536
vt 0.004043766904910569 0.9979781165475448
vt 0.003502388275564618 1
vt 0 0.9979781165475448
vt 1.1362438767648086e-16 0.875
vt 0.0020937500000001137 0.875
vt 0.0020937500000001137 1
vt 1.1362438767648086e-16 1
vt 8.673617379884035e-19 0.9959559010486729
vt 0.0020217174428785846 0.9964978992929371
vt 0 1
vt 0.004044098951327107 0.9979782825571214
vt 0.0035021007070629023 1
vt 0 0.9979782825571214
vt 1.1362438767648086e-16 0.875
vt 0.0020937500000001137 0.875
vt 0.0020937500000001137 1
vt 1.1362438767648086e-16 1
vt 4.336808689942018e-19 0.9959562330950894
vt 0.0020218834524552845 0.9964976117244354
vt 0 1
vt 0.00390625 0.9979062499999999
vt 0.00390625 0.9999999999999999
vt 0 0.9989531249999999
vt 1.1362438767648086e-16 0.875
vt 0.0020937500000001137 0.875
vt 0.0020937500000001137 1
vt 1.1362438767648086e-16 1
vt 0.00390625 0.9979062499999999
vt 0.00390625 0.9999999999999999
vt 0 0.9989531249999999
vt 4.336808689942018e-19 0.9959562330950894
vt 0.0020218834524552845 0.9964976117244354
vt 0 1
vt 1.1362438767648086e-16 0.875
vt 0.0020937500000001137 0.875
vt 0.0020937500000001137 1
vt 1.1362438767648086e-16 1
vt 0.004044098951327107 0.9979782825571214
vt 0.0035021007070629023 1
vt 0 0.9979782825571214
vt 8.673617379884035e-19 0.9959559010486729
vt 0.0020217174428785846 0.9964978992929371
vt 0 1
vt 1.1362438767648086e-16 0.875
vt 0.0020937500000001137 0.875
vt 0.0020937500000001137 1
vt 1.1362438767648086e-16 1
vt 0.004043766904910569 0.9979781165475448
vt 0.003502388275564618 1
vt 0 0.9979781165475448
vt 1.1362438767648086e-16 0.99609375
vt 0.0020937500000001137 0.99609375
vt 0.0010468750000001137 1
vt 1.1362438767648086e-16 0.875
vt 0.0020937500000001137 0.875
vt 0.0020937500000001137 1
vt 1.1362438767648086e-16 1
vt 0.0020937500000001137 1
vt 1.1362438767648086e-16 1
vt 0.0010468750000001137 0.99609375
vt 0 1
vt 0.0005413786293459507 0.9979781165475448
vt 0.004043766904910569 1
vt 1.1362438767648086e-16 0.875
vt 0.0020937500000001137 0.875
vt 0.0020937500000001137 1
vt 1.1362438767648086e-16 1
vt 0.0020217174428785838 1
vt 0 0.9994580017557358
vt 0.0020217174428785846 0.9959559010486729
vt 0 1
vt 0.0005419982442642045 0.9979782825571214
vt 0.004044098951327107 1
vt 1.1362438767648086e-16 0.875
vt 0.0020937500000001137 0.875
vt 0.0020937500000001137 1
vt 1.1362438767648086e-16 1
vt 0.002021883452455284 1
vt 0 0.999458621370654
vt 0.0020218834524552845 0.9959562330950894
vt 0 0.9999999999999999
vt 0 0.9979062499999999
vt 0.00390625 0.9989531249999999
vt 1.1362438767648086e-16 0.875
vt 0.0020937500000001137 0.875
vt 0.0020937500000001137 1
vt 1.1362438767648086e-16 1
vt 0 0.9999999999999999
vt 0 0.9979062499999999
vt 0.00390625 0.9989531249999999
vt 0.002021883452455284 1
vt 0 0.999458621370654
vt 0.0020218834524552845 0.9959562330950894
vt 1.1362438767648086e-16 0.875
vt 0.0020937500000001137 0.875
vt 0.0020937500000001137 1
vt 1.1362438767648086e-16 1
vt 0 1
vt 0.0005419982442642045 0.9979782825571214
vt 0.004044098951327107 1
vt 0.0020217174428785838 1
vt 0 0.9994580017557358
vt 0.0020217174428785846 0.9959559010486729
vt 1.1362438767648086e-16 0.875
vt 0.0020937500000001137 0.875
vt 0.0020937500000001137 1
vt 1.1362438767648086e-16 1
vt 0 1
vt 0.0005413786293459507 0.9979781165475448
vt 0.004043766904910569 1
vt 0.0020937500000001137 1
vt 1.1362438767648086e-16 1
vt 0.0010468750000001137 0.99609375
vt 1.1362438767648086e-16 0.875
vt 0.0020937500000001137 0.875
vt 0.0020937500000001137 1
vt 1.1362438767648086e-16 1
vt 1.1362438767648086e-16 0.99609375
vt 0.0020937500000001137 0.99609375
vt 0.0010468750000001137 1
vn -1 -1.4523355242824922e-15 2.7476618026966064e-16
vn -1.0545264890305727e-16 0.2588190451025194 0.9659258262890689
vn 1 1.4523355242824922e-15 -2.7476618026966064e-16
vn -1 -1.4523355242824922e-15 2.7476618026966064e-16
vn 6.416491951161652e-16 -0.25881904510252407 0.9659258262890675
vn 1 1.4523355242824922e-15 -2.7476618026966064e-16
vn -1 -1.4523355242824922e-15 2.7476618026966064e-16
vn 1.2168216554799258e-15 -0.7071067811865476 0.7071067811865476
vn 1 1.4523355242824922e-15 -2.7476618026966064e-16
vn -1 -1.4523355242824922e-15 2.7476618026966064e-16
vn 1.4659477359251426e-15 -0.9659258262890675 0.25881904510252407
vn 1 1.4523355242824922e-15 -2.7476618026966064e-16
vn -1 -1.4523355242824922e-15 2.7476618026966064e-16
vn 1.3222743043829862e-15 -0.9659258262890689 -0.2588190451025194
vn 1 1.4523355242824922e-15 -2.7476618026966064e-16
vn -1 -1.4523355242824922e-15 2.7476618026966064e-16
vn 8.242985408089821e-16 -0.7071067811865476 -0.7071067811865476
vn 1 1.4523355242824922e-15 -2.7476618026966064e-16
vn -1 -1.4523355242824922e-15 2.7476618026966064e-16
vn 1.0545264890305727e-16 -0.2588190451025194 -0.9659258262890689
vn 1 1.4523355242824922e-15 -2.7476618026966064e-16
vn -1 -1.4523355242824922e-15 2.7476618026966064e-16
vn -6.4164919511615e-16 0.258819045102513 -0.9659258262890703
vn 1 1.4523355242824922e-15 -2.7476618026966064e-16
vn -1 -1.4523355242824922e-15 2.7476618026966064e-16
vn -1.2168216554799258e-15 0.7071067811865476 -0.7071067811865476
vn 1 1.4523355242824922e-15 -2.7476618026966064e-16
vn -1 -1.4523355242824922e-15 2.7476618026966064e-16
vn -1.4659477359251434e-15 0.9659258262890703 -0.258819045102513
vn 1 1.4523355242824922e-15 -2.7476618026966064e-16
vn -1 -1.4523355242824922e-15 2.7476618026966064e-16
vn -1.3222743043829862e-15 0.9659258262890689 0.2588190451025194
vn 1 1.4523355242824922e-15 -2.7476618026966064e-16
vn -1 -1.4523355242824922e-15 2.7476618026966064e-16
vn -8.242985408089821e-16 0.7071067811865476 0.7071067811865476
vn 1 1.4523355242824922e-15 -2.7476618026966064e-16
usemtl m_d80c1dfb-b22d-3056-2c8a-2ac1596ba4c7
f 47/169/49 45/170/49 43/171/49
f 45/172/50 47/173/50 48/174/50 46/175/50
f 46/176/51 48/177/51 44/178/51
f 49/179/52 47/180/52 43/181/52
f 47/182/53 49/183/53 50/184/53 48/185/53
f 48/186/54 50/187/54 44/188/54
f 51/189/55 49/190/55 43/191/55
f 49/192/56 51/193/56 52/194/56 50/195/56
f 50/196/57 52/197/57 44/198/57
f 53/199/58 51/200/58 43/201/58
f 51/202/59 53/203/59 54/204/59 52/205/59
f 52/206/60 54/207/60 44/208/60
f 55/209/61 53/210/61 43/211/61
f 53/212/62 55/213/62 56/214/62 54/215/62
f 54/216/63 56/217/63 44/218/63
f 57/219/64 55/220/64 43/221/64
f 55/222/65 57/223/65 58/224/65 56/225/65
f 56/226/66 58/227/66 44/228/66
f 59/229/67 57/230/67 43/231/67
f 57/232/68 59/233/68 60/234/68 58/235/68
f 58/236/69 60/237/69 44/238/69
f 61/239/70 59/240/70 43/241/70
f 59/242/71 61/243/71 62/244/71 60/245/71
f 60/246/72 62/247/72 44/248/72
f 63/249/73 61/250/73 43/251/73
f 61/252/74 63/253/74 64/254/74 62/255/74
f 62/256/75 64/257/75 44/258/75
f 65/259/76 63/260/76 43/261/76
f 63/262/77 65/263/77 66/264/77 64/265/77
f 64/266/78 66/267/78 44/268/78
f 67/269/79 65/270/79 43/271/79
f 65/272/80 67/273/80 68/274/80 66/275/80
f 66/276/81 68/277/81 44/278/81
f 45/279/82 67/280/82 43/281/82
f 67/282/83 45/283/83 46/284/83 68/285/83
f 68/286/84 46/287/84 44/288/84
o cylinder
v -0.5000000000000001 0.680242717280199 0.22243021728019904
v 0.4999999999999999 0.6802427172802005 0.22243021728019877
v -0.5000000000000001 0.6883308124396528 0.23643920903282492
v 0.4999999999999999 0.6883308124396543 0.23643920903282464
v -0.5000000000000001 0.6802427172801989 0.23860640759910662
v 0.5 0.6802427172802004 0.23860640759910634
v -0.5000000000000001 0.6721546221207453 0.23643920903282492
v 0.5 0.6721546221207468 0.23643920903282464
v -0.5000000000000001 0.6662337255275732 0.2305183124396528
v 0.5 0.6662337255275746 0.2305183124396525
v -0.5000000000000001 0.6640665269612914 0.22243021728019913
v 0.5 0.6640665269612929 0.22243021728019885
v -0.5000000000000001 0.6662337255275732 0.2143421221207453
v 0.49999999999999994 0.6662337255275746 0.21434212212074502
v -0.5000000000000001 0.6721546221207453 0.20842122552757328
v 0.49999999999999994 0.6721546221207466 0.208421225527573
v -0.5000000000000001 0.680242717280199 0.20625402696129155
v 0.49999999999999994 0.6802427172802005 0.20625402696129128
v -0.5000000000000001 0.6883308124396528 0.2084212255275732
v 0.4999999999999999 0.6883308124396542 0.20842122552757292
v -0.5000000000000001 0.694251709032825 0.21434212212074533
v 0.4999999999999999 0.6942517090328264 0.21434212212074505
v -0.5000000000000001 0.6964189075991065 0.22243021728019904
v 0.4999999999999999 0.696418907599108 0.22243021728019877
v -0.5000000000000001 0.6942517090328248 0.2305183124396529
v 0.4999999999999999 0.6942517090328263 0.23051831243965262
vt 0.004043766904910569 0.9979781165475448
vt 0.003502388275564618 1
vt 0 0.9979781165475448
vt 1.1362438767648086e-16 0.875
vt 0.0020937500000001137 0.875
vt 0.0020937500000001137 1
vt 1.1362438767648086e-16 1
vt 8.673617379884035e-19 0.9959559010486729
vt 0.0020217174428785846 0.9964978992929371
vt 0 1
vt 0.004044098951327107 0.9979782825571214
vt 0.0035021007070629023 1
vt 0 0.9979782825571214
vt 1.1362438767648086e-16 0.875
vt 0.0020937500000001137 0.875
vt 0.0020937500000001137 1
vt 1.1362438767648086e-16 1
vt 4.336808689942018e-19 0.9959562330950894
vt 0.0020218834524552845 0.9964976117244354
vt 0 1
vt 0.00390625 0.9979062499999999
vt 0.00390625 0.9999999999999999
vt 0 0.9989531249999999
vt 1.1362438767648086e-16 0.875
vt 0.0020937500000001137 0.875
vt 0.0020937500000001137 1
vt 1.1362438767648086e-16 1
vt 0.00390625 0.9979062499999999
vt 0.00390625 0.9999999999999999
vt 0 0.9989531249999999
vt 4.336808689942018e-19 0.9959562330950894
vt 0.0020218834524552845 0.9964976117244354
vt 0 1
vt 1.1362438767648086e-16 0.875
vt 0.0020937500000001137 0.875
vt 0.0020937500000001137 1
vt 1.1362438767648086e-16 1
vt 0.004044098951327107 0.9979782825571214
vt 0.0035021007070629023 1
vt 0 0.9979782825571214
vt 8.673617379884035e-19 0.9959559010486729
vt 0.0020217174428785846 0.9964978992929371
vt 0 1
vt 1.1362438767648086e-16 0.875
vt 0.0020937500000001137 0.875
vt 0.0020937500000001137 1
vt 1.1362438767648086e-16 1
vt 0.004043766904910569 0.9979781165475448
vt 0.003502388275564618 1
vt 0 0.9979781165475448
vt 1.1362438767648086e-16 0.99609375
vt 0.0020937500000001137 0.99609375
vt 0.0010468750000001137 1
vt 1.1362438767648086e-16 0.875
vt 0.0020937500000001137 0.875
vt 0.0020937500000001137 1
vt 1.1362438767648086e-16 1
vt 0.0020937500000001137 1
vt 1.1362438767648086e-16 1
vt 0.0010468750000001137 0.99609375
vt 0 1
vt 0.0005413786293459507 0.9979781165475448
vt 0.004043766904910569 1
vt 1.1362438767648086e-16 0.875
vt 0.0020937500000001137 0.875
vt 0.0020937500000001137 1
vt 1.1362438767648086e-16 1
vt 0.0020217174428785838 1
vt 0 0.9994580017557358
vt 0.0020217174428785846 0.9959559010486729
vt 0 1
vt 0.0005419982442642045 0.9979782825571214
vt 0.004044098951327107 1
vt 1.1362438767648086e-16 0.875
vt 0.0020937500000001137 0.875
vt 0.0020937500000001137 1
vt 1.1362438767648086e-16 1
vt 0.002021883452455284 1
vt 0 0.999458621370654
vt 0.0020218834524552845 0.9959562330950894
vt 0 0.9999999999999999
vt 0 0.9979062499999999
vt 0.00390625 0.9989531249999999
vt 1.1362438767648086e-16 0.875
vt 0.0020937500000001137 0.875
vt 0.0020937500000001137 1
vt 1.1362438767648086e-16 1
vt 0 0.9999999999999999
vt 0 0.9979062499999999
vt 0.00390625 0.9989531249999999
vt 0.002021883452455284 1
vt 0 0.999458621370654
vt 0.0020218834524552845 0.9959562330950894
vt 1.1362438767648086e-16 0.875
vt 0.0020937500000001137 0.875
vt 0.0020937500000001137 1
vt 1.1362438767648086e-16 1
vt 0 1
vt 0.0005419982442642045 0.9979782825571214
vt 0.004044098951327107 1
vt 0.0020217174428785838 1
vt 0 0.9994580017557358
vt 0.0020217174428785846 0.9959559010486729
vt 1.1362438767648086e-16 0.875
vt 0.0020937500000001137 0.875
vt 0.0020937500000001137 1
vt 1.1362438767648086e-16 1
vt 0 1
vt 0.0005413786293459507 0.9979781165475448
vt 0.004043766904910569 1
vt 0.0020937500000001137 1
vt 1.1362438767648086e-16 1
vt 0.0010468750000001137 0.99609375
vt 1.1362438767648086e-16 0.875
vt 0.0020937500000001137 0.875
vt 0.0020937500000001137 1
vt 1.1362438767648086e-16 1
vt 1.1362438767648086e-16 0.99609375
vt 0.0020937500000001137 0.99609375
vt 0.0010468750000001137 1
vn -1 -1.4523355242824922e-15 2.7476618026966064e-16
vn -1.0545264890305727e-16 0.2588190451025194 0.9659258262890689
vn 1 1.4523355242824922e-15 -2.7476618026966064e-16
vn -1 -1.4523355242824922e-15 2.7476618026966064e-16
vn 6.416491951161652e-16 -0.25881904510252407 0.9659258262890675
vn 1 1.4523355242824922e-15 -2.7476618026966064e-16
vn -1 -1.4523355242824922e-15 2.7476618026966064e-16
vn 1.2168216554799258e-15 -0.7071067811865476 0.7071067811865476
vn 1 1.4523355242824922e-15 -2.7476618026966064e-16
vn -1 -1.4523355242824922e-15 2.7476618026966064e-16
vn 1.4659477359251426e-15 -0.9659258262890675 0.25881904510252407
vn 1 1.4523355242824922e-15 -2.7476618026966064e-16
vn -1 -1.4523355242824922e-15 2.7476618026966064e-16
vn 1.3222743043829862e-15 -0.9659258262890689 -0.2588190451025194
vn 1 1.4523355242824922e-15 -2.7476618026966064e-16
vn -1 -1.4523355242824922e-15 2.7476618026966064e-16
vn 8.242985408089821e-16 -0.7071067811865476 -0.7071067811865476
vn 1 1.4523355242824922e-15 -2.7476618026966064e-16
vn -1 -1.4523355242824922e-15 2.7476618026966064e-16
vn 1.0545264890305727e-16 -0.2588190451025194 -0.9659258262890689
vn 1 1.4523355242824922e-15 -2.7476618026966064e-16
vn -1 -1.4523355242824922e-15 2.7476618026966064e-16
vn -6.4164919511615e-16 0.258819045102513 -0.9659258262890703
vn 1 1.4523355242824922e-15 -2.7476618026966064e-16
vn -1 -1.4523355242824922e-15 2.7476618026966064e-16
vn -1.2168216554799258e-15 0.7071067811865476 -0.7071067811865476
vn 1 1.4523355242824922e-15 -2.7476618026966064e-16
vn -1 -1.4523355242824922e-15 2.7476618026966064e-16
vn -1.4659477359251434e-15 0.9659258262890703 -0.258819045102513
vn 1 1.4523355242824922e-15 -2.7476618026966064e-16
vn -1 -1.4523355242824922e-15 2.7476618026966064e-16
vn -1.3222743043829862e-15 0.9659258262890689 0.2588190451025194
vn 1 1.4523355242824922e-15 -2.7476618026966064e-16
vn -1 -1.4523355242824922e-15 2.7476618026966064e-16
vn -8.242985408089821e-16 0.7071067811865476 0.7071067811865476
vn 1 1.4523355242824922e-15 -2.7476618026966064e-16
usemtl m_d80c1dfb-b22d-3056-2c8a-2ac1596ba4c7
f 73/289/85 71/290/85 69/291/85
f 71/292/86 73/293/86 74/294/86 72/295/86
f 72/296/87 74/297/87 70/298/87
f 75/299/88 73/300/88 69/301/88
f 73/302/89 75/303/89 76/304/89 74/305/89
f 74/306/90 76/307/90 70/308/90
f 77/309/91 75/310/91 69/311/91
f 75/312/92 77/313/92 78/314/92 76/315/92
f 76/316/93 78/317/93 70/318/93
f 79/319/94 77/320/94 69/321/94
f 77/322/95 79/323/95 80/324/95 78/325/95
f 78/326/96 80/327/96 70/328/96
f 81/329/97 79/330/97 69/331/97
f 79/332/98 81/333/98 82/334/98 80/335/98
f 80/336/99 82/337/99 70/338/99
f 83/339/100 81/340/100 69/341/100
f 81/342/101 83/343/101 84/344/101 82/345/101
f 82/346/102 84/347/102 70/348/102
f 85/349/103 83/350/103 69/351/103
f 83/352/104 85/353/104 86/354/104 84/355/104
f 84/356/105 86/357/105 70/358/105
f 87/359/106 85/360/106 69/361/106
f 85/362/107 87/363/107 88/364/107 86/365/107
f 86/366/108 88/367/108 70/368/108
f 89/369/109 87/370/109 69/371/109
f 87/372/110 89/373/110 90/374/110 88/375/110
f 88/376/111 90/377/111 70/378/111
f 91/379/112 89/380/112 69/381/112
f 89/382/113 91/383/113 92/384/113 90/385/113
f 90/386/114 92/387/114 70/388/114
f 93/389/115 91/390/115 69/391/115
f 91/392/116 93/393/116 94/394/116 92/395/116
f 92/396/117 94/397/117 70/398/117
f 71/399/118 93/400/118 69/401/118
f 93/402/119 71/403/119 72/404/119 94/405/119
f 94/406/120 72/407/120 70/408/120
o cylinder
v -0.5000000000000003 0.912262129857035 0.45444962985703496
v 0.49999999999999967 0.9122621298570364 0.45444962985703474
v -0.5000000000000003 0.9203502250164888 0.4684586216096608
v 0.4999999999999996 0.9203502250164901 0.46845862160966056
v -0.5000000000000003 0.9122621298570349 0.47062582017594257
v 0.4999999999999997 0.9122621298570364 0.4706258201759423
v -0.5000000000000003 0.9041740346975811 0.4684586216096607
v 0.4999999999999997 0.9041740346975826 0.46845862160966045
v -0.5000000000000003 0.898253138104409 0.4625377250164886
v 0.4999999999999998 0.8982531381044105 0.4625377250164884
v -0.5000000000000003 0.8960859395381274 0.4544496298570351
v 0.4999999999999998 0.8960859395381289 0.4544496298570348
v -0.5000000000000003 0.898253138104409 0.4463615346975811
v 0.49999999999999967 0.8982531381044105 0.4463615346975809
v -0.5000000000000003 0.9041740346975811 0.44044063810440914
v 0.49999999999999967 0.9041740346975825 0.4404406381044088
v -0.5000000000000003 0.9122621298570348 0.43827343953812736
v 0.49999999999999967 0.9122621298570364 0.43827343953812714
v -0.5000000000000003 0.9203502250164888 0.44044063810440914
v 0.49999999999999967 0.9203502250164902 0.44044063810440887
v -0.5000000000000003 0.9262711216096607 0.4463615346975811
v 0.4999999999999996 0.9262711216096622 0.44636153469758083
v -0.5000000000000003 0.9284383201759425 0.45444962985703496
v 0.4999999999999996 0.9284383201759439 0.45444962985703474
v -0.5000000000000003 0.9262711216096607 0.4625377250164888
v 0.4999999999999996 0.9262711216096622 0.4625377250164885
vt 0.004043766904910569 0.9979781165475448
vt 0.003502388275564618 1
vt 0 0.9979781165475448
vt 1.1362438767648086e-16 0.875
vt 0.0020937500000001137 0.875
vt 0.0020937500000001137 1
vt 1.1362438767648086e-16 1
vt 8.673617379884035e-19 0.9959559010486729
vt 0.0020217174428785846 0.9964978992929371
vt 0 1
vt 0.004044098951327107 0.9979782825571214
vt 0.0035021007070629023 1
vt 0 0.9979782825571214
vt 1.1362438767648086e-16 0.875
vt 0.0020937500000001137 0.875
vt 0.0020937500000001137 1
vt 1.1362438767648086e-16 1
vt 4.336808689942018e-19 0.9959562330950894
vt 0.0020218834524552845 0.9964976117244354
vt 0 1
vt 0.00390625 0.9979062499999999
vt 0.00390625 0.9999999999999999
vt 0 0.9989531249999999
vt 1.1362438767648086e-16 0.875
vt 0.0020937500000001137 0.875
vt 0.0020937500000001137 1
vt 1.1362438767648086e-16 1
vt 0.00390625 0.9979062499999999
vt 0.00390625 0.9999999999999999
vt 0 0.9989531249999999
vt 4.336808689942018e-19 0.9959562330950894
vt 0.0020218834524552845 0.9964976117244354
vt 0 1
vt 1.1362438767648086e-16 0.875
vt 0.0020937500000001137 0.875
vt 0.0020937500000001137 1
vt 1.1362438767648086e-16 1
vt 0.004044098951327107 0.9979782825571214
vt 0.0035021007070629023 1
vt 0 0.9979782825571214
vt 8.673617379884035e-19 0.9959559010486729
vt 0.0020217174428785846 0.9964978992929371
vt 0 1
vt 1.1362438767648086e-16 0.875
vt 0.0020937500000001137 0.875
vt 0.0020937500000001137 1
vt 1.1362438767648086e-16 1
vt 0.004043766904910569 0.9979781165475448
vt 0.003502388275564618 1
vt 0 0.9979781165475448
vt 1.1362438767648086e-16 0.99609375
vt 0.0020937500000001137 0.99609375
vt 0.0010468750000001137 1
vt 1.1362438767648086e-16 0.875
vt 0.0020937500000001137 0.875
vt 0.0020937500000001137 1
vt 1.1362438767648086e-16 1
vt 0.0020937500000001137 1
vt 1.1362438767648086e-16 1
vt 0.0010468750000001137 0.99609375
vt 0 1
vt 0.0005413786293459507 0.9979781165475448
vt 0.004043766904910569 1
vt 1.1362438767648086e-16 0.875
vt 0.0020937500000001137 0.875
vt 0.0020937500000001137 1
vt 1.1362438767648086e-16 1
vt 0.0020217174428785838 1
vt 0 0.9994580017557358
vt 0.0020217174428785846 0.9959559010486729
vt 0 1
vt 0.0005419982442642045 0.9979782825571214
vt 0.004044098951327107 1
vt 1.1362438767648086e-16 0.875
vt 0.0020937500000001137 0.875
vt 0.0020937500000001137 1
vt 1.1362438767648086e-16 1
vt 0.002021883452455284 1
vt 0 0.999458621370654
vt 0.0020218834524552845 0.9959562330950894
vt 0 0.9999999999999999
vt 0 0.9979062499999999
vt 0.00390625 0.9989531249999999
vt 1.1362438767648086e-16 0.875
vt 0.0020937500000001137 0.875
vt 0.0020937500000001137 1
vt 1.1362438767648086e-16 1
vt 0 0.9999999999999999
vt 0 0.9979062499999999
vt 0.00390625 0.9989531249999999
vt 0.002021883452455284 1
vt 0 0.999458621370654
vt 0.0020218834524552845 0.9959562330950894
vt 1.1362438767648086e-16 0.875
vt 0.0020937500000001137 0.875
vt 0.0020937500000001137 1
vt 1.1362438767648086e-16 1
vt 0 1
vt 0.0005419982442642045 0.9979782825571214
vt 0.004044098951327107 1
vt 0.0020217174428785838 1
vt 0 0.9994580017557358
vt 0.0020217174428785846 0.9959559010486729
vt 1.1362438767648086e-16 0.875
vt 0.0020937500000001137 0.875
vt 0.0020937500000001137 1
vt 1.1362438767648086e-16 1
vt 0 1
vt 0.0005413786293459507 0.9979781165475448
vt 0.004043766904910569 1
vt 0.0020937500000001137 1
vt 1.1362438767648086e-16 1
vt 0.0010468750000001137 0.99609375
vt 1.1362438767648086e-16 0.875
vt 0.0020937500000001137 0.875
vt 0.0020937500000001137 1
vt 1.1362438767648086e-16 1
vt 1.1362438767648086e-16 0.99609375
vt 0.0020937500000001137 0.99609375
vt 0.0010468750000001137 1
vn -1 -1.4523355242824922e-15 2.7476618026966064e-16
vn -1.0545264890307413e-16 0.25881904510253045 0.9659258262890659
vn 1 1.4523355242824922e-15 -2.7476618026966064e-16
vn -1 -1.4523355242824922e-15 2.7476618026966064e-16
vn 6.41649195116183e-16 -0.25881904510253684 0.9659258262890641
vn 1 1.4523355242824922e-15 -2.7476618026966064e-16
vn -1 -1.4523355242824922e-15 2.7476618026966064e-16
vn 1.2168216554799258e-15 -0.7071067811865476 0.7071067811865476
vn 1 1.4523355242824922e-15 -2.7476618026966064e-16
vn -1 -1.4523355242824922e-15 2.7476618026966064e-16
vn 1.4659477359251426e-15 -0.9659258262890675 0.25881904510252407
vn 1 1.4523355242824922e-15 -2.7476618026966064e-16
vn -1 -1.4523355242824922e-15 2.7476618026966064e-16
vn 1.3222743043829862e-15 -0.9659258262890689 -0.2588190451025194
vn 1 1.4523355242824922e-15 -2.7476618026966064e-16
vn -1 -1.4523355242824922e-15 2.7476618026966064e-16
vn 8.242985408089821e-16 -0.7071067811865476 -0.7071067811865476
vn 1 1.4523355242824922e-15 -2.7476618026966064e-16
vn -1 -1.4523355242824922e-15 2.7476618026966064e-16
vn 1.0545264890307413e-16 -0.25881904510253045 -0.9659258262890659
vn 1 1.4523355242824922e-15 -2.7476618026966064e-16
vn -1 -1.4523355242824922e-15 2.7476618026966064e-16
vn -6.416491951161677e-16 0.25881904510252585 -0.9659258262890671
vn 1 1.4523355242824922e-15 -2.7476618026966064e-16
vn -1 -1.4523355242824922e-15 2.7476618026966064e-16
vn -1.2168216554799258e-15 0.7071067811865476 -0.7071067811865476
vn 1 1.4523355242824922e-15 -2.7476618026966064e-16
vn -1 -1.4523355242824922e-15 2.7476618026966064e-16
vn -1.4659477359251434e-15 0.9659258262890689 -0.2588190451025194
vn 1 1.4523355242824922e-15 -2.7476618026966064e-16
vn -1 -1.4523355242824922e-15 2.7476618026966064e-16
vn -1.3222743043829862e-15 0.9659258262890689 0.2588190451025194
vn 1 1.4523355242824922e-15 -2.7476618026966064e-16
vn -1 -1.4523355242824922e-15 2.7476618026966064e-16
vn -8.242985408089821e-16 0.7071067811865476 0.7071067811865476
vn 1 1.4523355242824922e-15 -2.7476618026966064e-16
usemtl m_d80c1dfb-b22d-3056-2c8a-2ac1596ba4c7
f 99/409/121 97/410/121 95/411/121
f 97/412/122 99/413/122 100/414/122 98/415/122
f 98/416/123 100/417/123 96/418/123
f 101/419/124 99/420/124 95/421/124
f 99/422/125 101/423/125 102/424/125 100/425/125
f 100/426/126 102/427/126 96/428/126
f 103/429/127 101/430/127 95/431/127
f 101/432/128 103/433/128 104/434/128 102/435/128
f 102/436/129 104/437/129 96/438/129
f 105/439/130 103/440/130 95/441/130
f 103/442/131 105/443/131 106/444/131 104/445/131
f 104/446/132 106/447/132 96/448/132
f 107/449/133 105/450/133 95/451/133
f 105/452/134 107/453/134 108/454/134 106/455/134
f 106/456/135 108/457/135 96/458/135
f 109/459/136 107/460/136 95/461/136
f 107/462/137 109/463/137 110/464/137 108/465/137
f 108/466/138 110/467/138 96/468/138
f 111/469/139 109/470/139 95/471/139
f 109/472/140 111/473/140 112/474/140 110/475/140
f 110/476/141 112/477/141 96/478/141
f 113/479/142 111/480/142 95/481/142
f 111/482/143 113/483/143 114/484/143 112/485/143
f 112/486/144 114/487/144 96/488/144
f 115/489/145 113/490/145 95/491/145
f 113/492/146 115/493/146 116/494/146 114/495/146
f 114/496/147 116/497/147 96/498/147
f 117/499/148 115/500/148 95/501/148
f 115/502/149 117/503/149 118/504/149 116/505/149
f 116/506/150 118/507/150 96/508/150
f 119/509/151 117/510/151 95/511/151
f 117/512/152 119/513/152 120/514/152 118/515/152
f 118/516/153 120/517/153 96/518/153
f 97/519/154 119/520/154 95/521/154
f 119/522/155 97/523/155 98/524/155 120/525/155
f 120/526/156 98/527/156 96/528/156
o cylinder
v -0.5000000000000003 0.8680679560328757 0.4102554560328757
v 0.49999999999999967 0.8680679560328772 0.4102554560328755
v -0.5000000000000003 0.8761560511923294 0.42426444778550154
v 0.49999999999999967 0.876156051192331 0.4242644477855013
v -0.5000000000000003 0.8680679560328758 0.42643164635178343
v 0.4999999999999998 0.8680679560328772 0.42643164635178316
v -0.5000000000000003 0.8599798608734219 0.42426444778550143
v 0.4999999999999998 0.8599798608734233 0.4242644477855012
v -0.5000000000000003 0.8540589642802499 0.41834355119232947
v 0.49999999999999983 0.8540589642802514 0.41834355119232924
v -0.5000000000000003 0.8518917657139682 0.41025545603287583
v 0.49999999999999983 0.8518917657139696 0.41025545603287555
v -0.5000000000000003 0.8540589642802499 0.402167360873422
v 0.4999999999999997 0.8540589642802514 0.40216736087342175
v -0.5000000000000003 0.8599798608734219 0.39624646428025
v 0.4999999999999997 0.8599798608734234 0.3962464642802497
v -0.5000000000000003 0.8680679560328757 0.3940792657139681
v 0.4999999999999997 0.868067956032877 0.3940792657139679
v -0.5000000000000003 0.8761560511923295 0.3962464642802499
v 0.4999999999999997 0.876156051192331 0.3962464642802496
v -0.5000000000000003 0.8820769477855015 0.40216736087342186
v 0.49999999999999967 0.8820769477855029 0.4021673608734216
v -0.5000000000000003 0.8842441463517832 0.4102554560328757
v 0.49999999999999967 0.8842441463517847 0.4102554560328755
v -0.5000000000000003 0.8820769477855015 0.4183435511923296
v 0.49999999999999967 0.8820769477855029 0.41834355119232924
vt 0.004043766904910569 0.9979781165475448
vt 0.003502388275564618 1
vt 0 0.9979781165475448
vt 1.1362438767648086e-16 0.875
vt 0.0020937500000001137 0.875
vt 0.0020937500000001137 1
vt 1.1362438767648086e-16 1
vt 8.673617379884035e-19 0.9959559010486729
vt 0.0020217174428785846 0.9964978992929371
vt 0 1
vt 0.004044098951327107 0.9979782825571214
vt 0.0035021007070629023 1
vt 0 0.9979782825571214
vt 1.1362438767648086e-16 0.875
vt 0.0020937500000001137 0.875
vt 0.0020937500000001137 1
vt 1.1362438767648086e-16 1
vt 4.336808689942018e-19 0.9959562330950894
vt 0.0020218834524552845 0.9964976117244354
vt 0 1
vt 0.00390625 0.9979062499999999
vt 0.00390625 0.9999999999999999
vt 0 0.9989531249999999
vt 1.1362438767648086e-16 0.875
vt 0.0020937500000001137 0.875
vt 0.0020937500000001137 1
vt 1.1362438767648086e-16 1
vt 0.00390625 0.9979062499999999
vt 0.00390625 0.9999999999999999
vt 0 0.9989531249999999
vt 4.336808689942018e-19 0.9959562330950894
vt 0.0020218834524552845 0.9964976117244354
vt 0 1
vt 1.1362438767648086e-16 0.875
vt 0.0020937500000001137 0.875
vt 0.0020937500000001137 1
vt 1.1362438767648086e-16 1
vt 0.004044098951327107 0.9979782825571214
vt 0.0035021007070629023 1
vt 0 0.9979782825571214
vt 8.673617379884035e-19 0.9959559010486729
vt 0.0020217174428785846 0.9964978992929371
vt 0 1
vt 1.1362438767648086e-16 0.875
vt 0.0020937500000001137 0.875
vt 0.0020937500000001137 1
vt 1.1362438767648086e-16 1
vt 0.004043766904910569 0.9979781165475448
vt 0.003502388275564618 1
vt 0 0.9979781165475448
vt 1.1362438767648086e-16 0.99609375
vt 0.0020937500000001137 0.99609375
vt 0.0010468750000001137 1
vt 1.1362438767648086e-16 0.875
vt 0.0020937500000001137 0.875
vt 0.0020937500000001137 1
vt 1.1362438767648086e-16 1
vt 0.0020937500000001137 1
vt 1.1362438767648086e-16 1
vt 0.0010468750000001137 0.99609375
vt 0 1
vt 0.0005413786293459507 0.9979781165475448
vt 0.004043766904910569 1
vt 1.1362438767648086e-16 0.875
vt 0.0020937500000001137 0.875
vt 0.0020937500000001137 1
vt 1.1362438767648086e-16 1
vt 0.0020217174428785838 1
vt 0 0.9994580017557358
vt 0.0020217174428785846 0.9959559010486729
vt 0 1
vt 0.0005419982442642045 0.9979782825571214
vt 0.004044098951327107 1
vt 1.1362438767648086e-16 0.875
vt 0.0020937500000001137 0.875
vt 0.0020937500000001137 1
vt 1.1362438767648086e-16 1
vt 0.002021883452455284 1
vt 0 0.999458621370654
vt 0.0020218834524552845 0.9959562330950894
vt 0 0.9999999999999999
vt 0 0.9979062499999999
vt 0.00390625 0.9989531249999999
vt 1.1362438767648086e-16 0.875
vt 0.0020937500000001137 0.875
vt 0.0020937500000001137 1
vt 1.1362438767648086e-16 1
vt 0 0.9999999999999999
vt 0 0.9979062499999999
vt 0.00390625 0.9989531249999999
vt 0.002021883452455284 1
vt 0 0.999458621370654
vt 0.0020218834524552845 0.9959562330950894
vt 1.1362438767648086e-16 0.875
vt 0.0020937500000001137 0.875
vt 0.0020937500000001137 1
vt 1.1362438767648086e-16 1
vt 0 1
vt 0.0005419982442642045 0.9979782825571214
vt 0.004044098951327107 1
vt 0.0020217174428785838 1
vt 0 0.9994580017557358
vt 0.0020217174428785846 0.9959559010486729
vt 1.1362438767648086e-16 0.875
vt 0.0020937500000001137 0.875
vt 0.0020937500000001137 1
vt 1.1362438767648086e-16 1
vt 0 1
vt 0.0005413786293459507 0.9979781165475448
vt 0.004043766904910569 1
vt 0.0020937500000001137 1
vt 1.1362438767648086e-16 1
vt 0.0010468750000001137 0.99609375
vt 1.1362438767648086e-16 0.875
vt 0.0020937500000001137 0.875
vt 0.0020937500000001137 1
vt 1.1362438767648086e-16 1
vt 1.1362438767648086e-16 0.99609375
vt 0.0020937500000001137 0.99609375
vt 0.0010468750000001137 1
vn -1 -1.4523355242824922e-15 2.7476618026966064e-16
vn -1.0545264890307413e-16 0.25881904510253045 0.9659258262890659
vn 1 1.4523355242824922e-15 -2.7476618026966064e-16
vn -1 -1.4523355242824922e-15 2.7476618026966064e-16
vn 6.41649195116183e-16 -0.25881904510253684 0.9659258262890641
vn 1 1.4523355242824922e-15 -2.7476618026966064e-16
vn -1 -1.4523355242824922e-15 2.7476618026966064e-16
vn 1.2168216554799258e-15 -0.7071067811865476 0.7071067811865476
vn 1 1.4523355242824922e-15 -2.7476618026966064e-16
vn -1 -1.4523355242824922e-15 2.7476618026966064e-16
vn 1.4659477359251426e-15 -0.9659258262890675 0.25881904510252407
vn 1 1.4523355242824922e-15 -2.7476618026966064e-16
vn -1 -1.4523355242824922e-15 2.7476618026966064e-16
vn 1.3222743043829862e-15 -0.9659258262890689 -0.2588190451025194
vn 1 1.4523355242824922e-15 -2.7476618026966064e-16
vn -1 -1.4523355242824922e-15 2.7476618026966064e-16
vn 8.242985408089821e-16 -0.7071067811865476 -0.7071067811865476
vn 1 1.4523355242824922e-15 -2.7476618026966064e-16
vn -1 -1.4523355242824922e-15 2.7476618026966064e-16
vn 1.0545264890307413e-16 -0.25881904510253045 -0.9659258262890659
vn 1 1.4523355242824922e-15 -2.7476618026966064e-16
vn -1 -1.4523355242824922e-15 2.7476618026966064e-16
vn -6.416491951161677e-16 0.25881904510252585 -0.9659258262890671
vn 1 1.4523355242824922e-15 -2.7476618026966064e-16
vn -1 -1.4523355242824922e-15 2.7476618026966064e-16
vn -1.2168216554799258e-15 0.7071067811865476 -0.7071067811865476
vn 1 1.4523355242824922e-15 -2.7476618026966064e-16
vn -1 -1.4523355242824922e-15 2.7476618026966064e-16
vn -1.4659477359251434e-15 0.9659258262890689 -0.2588190451025194
vn 1 1.4523355242824922e-15 -2.7476618026966064e-16
vn -1 -1.4523355242824922e-15 2.7476618026966064e-16
vn -1.3222743043829862e-15 0.9659258262890689 0.2588190451025194
vn 1 1.4523355242824922e-15 -2.7476618026966064e-16
vn -1 -1.4523355242824922e-15 2.7476618026966064e-16
vn -8.242985408089821e-16 0.7071067811865476 0.7071067811865476
vn 1 1.4523355242824922e-15 -2.7476618026966064e-16
usemtl m_d80c1dfb-b22d-3056-2c8a-2ac1596ba4c7
f 125/529/157 123/530/157 121/531/157
f 123/532/158 125/533/158 126/534/158 124/535/158
f 124/536/159 126/537/159 122/538/159
f 127/539/160 125/540/160 121/541/160
f 125/542/161 127/543/161 128/544/161 126/545/161
f 126/546/162 128/547/162 122/548/162
f 129/549/163 127/550/163 121/551/163
f 127/552/164 129/553/164 130/554/164 128/555/164
f 128/556/165 130/557/165 122/558/165
f 131/559/166 129/560/166 121/561/166
f 129/562/167 131/563/167 132/564/167 130/565/167
f 130/566/168 132/567/168 122/568/168
f 133/569/169 131/570/169 121/571/169
f 131/572/170 133/573/170 134/574/170 132/575/170
f 132/576/171 134/577/171 122/578/171
f 135/579/172 133/580/172 121/581/172
f 133/582/173 135/583/173 136/584/173 134/585/173
f 134/586/174 136/587/174 122/588/174
f 137/589/175 135/590/175 121/591/175
f 135/592/176 137/593/176 138/594/176 136/595/176
f 136/596/177 138/597/177 122/598/177
f 139/599/178 137/600/178 121/601/178
f 137/602/179 139/603/179 140/604/179 138/605/179
f 138/606/180 140/607/180 122/608/180
f 141/609/181 139/610/181 121/611/181
f 139/612/182 141/613/182 142/614/182 140/615/182
f 140/616/183 142/617/183 122/618/183
f 143/619/184 141/620/184 121/621/184
f 141/622/185 143/623/185 144/624/185 142/625/185
f 142/626/186 144/627/186 122/628/186
f 145/629/187 143/630/187 121/631/187
f 143/632/188 145/633/188 146/634/188 144/635/188
f 144/636/189 146/637/189 122/638/189
f 123/639/190 145/640/190 121/641/190
f 145/642/191 123/643/191 124/644/191 146/645/191
f 146/646/192 124/647/192 122/648/192
o cylinder
v -0.5000000000000002 0.8238737822087165 0.3660612822087165
v 0.4999999999999997 0.8238737822087179 0.36606128220871625
v -0.5000000000000002 0.8319618773681703 0.3800702739613423
v 0.4999999999999997 0.8319618773681716 0.3800702739613421
v -0.5000000000000002 0.8238737822087165 0.3822374725276242
v 0.49999999999999983 0.823873782208718 0.3822374725276239
v -0.5000000000000002 0.8157856870492628 0.3800702739613423
v 0.49999999999999983 0.8157856870492641 0.3800702739613421
v -0.5000000000000002 0.8098647904560907 0.3741493773681702
v 0.49999999999999983 0.809864790456092 0.37414937736817
v -0.5000000000000002 0.8076975918898089 0.3660612822087166
v 0.4999999999999999 0.8076975918898104 0.3660612822087163
v -0.5000000000000002 0.8098647904560907 0.35797318704926273
v 0.4999999999999998 0.809864790456092 0.3579731870492625
v -0.5000000000000002 0.8157856870492627 0.35205229045609077
v 0.4999999999999998 0.8157856870492641 0.35205229045609043
v -0.5000000000000002 0.8238737822087163 0.3498850918898089
v 0.4999999999999998 0.8238737822087179 0.34988509188980865
v -0.5000000000000002 0.8319618773681704 0.35205229045609077
v 0.4999999999999997 0.8319618773681718 0.3520522904560905
v -0.5000000000000002 0.8378827739613424 0.35797318704926273
v 0.4999999999999997 0.8378827739613438 0.35797318704926245
v -0.5000000000000002 0.840049972527624 0.3660612822087165
v 0.4999999999999997 0.8400499725276254 0.36606128220871625
v -0.5000000000000002 0.8378827739613423 0.37414937736817033
v 0.4999999999999997 0.8378827739613437 0.37414937736817
vt 0.004043766904910569 0.9979781165475448
vt 0.003502388275564618 1
vt 0 0.9979781165475448
vt 1.1362438767648086e-16 0.875
vt 0.0020937500000001137 0.875
vt 0.0020937500000001137 1
vt 1.1362438767648086e-16 1
vt 8.673617379884035e-19 0.9959559010486729
vt 0.0020217174428785846 0.9964978992929371
vt 0 1
vt 0.004044098951327107 0.9979782825571214
vt 0.0035021007070629023 1
vt 0 0.9979782825571214
vt 1.1362438767648086e-16 0.875
vt 0.0020937500000001137 0.875
vt 0.0020937500000001137 1
vt 1.1362438767648086e-16 1
vt 4.336808689942018e-19 0.9959562330950894
vt 0.0020218834524552845 0.9964976117244354
vt 0 1
vt 0.00390625 0.9979062499999999
vt 0.00390625 0.9999999999999999
vt 0 0.9989531249999999
vt 1.1362438767648086e-16 0.875
vt 0.0020937500000001137 0.875
vt 0.0020937500000001137 1
vt 1.1362438767648086e-16 1
vt 0.00390625 0.9979062499999999
vt 0.00390625 0.9999999999999999
vt 0 0.9989531249999999
vt 4.336808689942018e-19 0.9959562330950894
vt 0.0020218834524552845 0.9964976117244354
vt 0 1
vt 1.1362438767648086e-16 0.875
vt 0.0020937500000001137 0.875
vt 0.0020937500000001137 1
vt 1.1362438767648086e-16 1
vt 0.004044098951327107 0.9979782825571214
vt 0.0035021007070629023 1
vt 0 0.9979782825571214
vt 8.673617379884035e-19 0.9959559010486729
vt 0.0020217174428785846 0.9964978992929371
vt 0 1
vt 1.1362438767648086e-16 0.875
vt 0.0020937500000001137 0.875
vt 0.0020937500000001137 1
vt 1.1362438767648086e-16 1
vt 0.004043766904910569 0.9979781165475448
vt 0.003502388275564618 1
vt 0 0.9979781165475448
vt 1.1362438767648086e-16 0.99609375
vt 0.0020937500000001137 0.99609375
vt 0.0010468750000001137 1
vt 1.1362438767648086e-16 0.875
vt 0.0020937500000001137 0.875
vt 0.0020937500000001137 1
vt 1.1362438767648086e-16 1
vt 0.0020937500000001137 1
vt 1.1362438767648086e-16 1
vt 0.0010468750000001137 0.99609375
vt 0 1
vt 0.0005413786293459507 0.9979781165475448
vt 0.004043766904910569 1
vt 1.1362438767648086e-16 0.875
vt 0.0020937500000001137 0.875
vt 0.0020937500000001137 1
vt 1.1362438767648086e-16 1
vt 0.0020217174428785838 1
vt 0 0.9994580017557358
vt 0.0020217174428785846 0.9959559010486729
vt 0 1
vt 0.0005419982442642045 0.9979782825571214
vt 0.004044098951327107 1
vt 1.1362438767648086e-16 0.875
vt 0.0020937500000001137 0.875
vt 0.0020937500000001137 1
vt 1.1362438767648086e-16 1
vt 0.002021883452455284 1
vt 0 0.999458621370654
vt 0.0020218834524552845 0.9959562330950894
vt 0 0.9999999999999999
vt 0 0.9979062499999999
vt 0.00390625 0.9989531249999999
vt 1.1362438767648086e-16 0.875
vt 0.0020937500000001137 0.875
vt 0.0020937500000001137 1
vt 1.1362438767648086e-16 1
vt 0 0.9999999999999999
vt 0 0.9979062499999999
vt 0.00390625 0.9989531249999999
vt 0.002021883452455284 1
vt 0 0.999458621370654
vt 0.0020218834524552845 0.9959562330950894
vt 1.1362438767648086e-16 0.875
vt 0.0020937500000001137 0.875
vt 0.0020937500000001137 1
vt 1.1362438767648086e-16 1
vt 0 1
vt 0.0005419982442642045 0.9979782825571214
vt 0.004044098951327107 1
vt 0.0020217174428785838 1
vt 0 0.9994580017557358
vt 0.0020217174428785846 0.9959559010486729
vt 1.1362438767648086e-16 0.875
vt 0.0020937500000001137 0.875
vt 0.0020937500000001137 1
vt 1.1362438767648086e-16 1
vt 0 1
vt 0.0005413786293459507 0.9979781165475448
vt 0.004043766904910569 1
vt 0.0020937500000001137 1
vt 1.1362438767648086e-16 1
vt 0.0010468750000001137 0.99609375
vt 1.1362438767648086e-16 0.875
vt 0.0020937500000001137 0.875
vt 0.0020937500000001137 1
vt 1.1362438767648086e-16 1
vt 1.1362438767648086e-16 0.99609375
vt 0.0020937500000001137 0.99609375
vt 0.0010468750000001137 1
vn -1 -1.4523355242824922e-15 2.7476618026966064e-16
vn -1.0545264890307413e-16 0.25881904510253045 0.9659258262890659
vn 1 1.4523355242824922e-15 -2.7476618026966064e-16
vn -1 -1.4523355242824922e-15 2.7476618026966064e-16
vn 6.41649195116183e-16 -0.25881904510253684 0.9659258262890641
vn 1 1.4523355242824922e-15 -2.7476618026966064e-16
vn -1 -1.4523355242824922e-15 2.7476618026966064e-16
vn 1.2168216554799258e-15 -0.7071067811865476 0.7071067811865476
vn 1 1.4523355242824922e-15 -2.7476618026966064e-16
vn -1 -1.4523355242824922e-15 2.7476618026966064e-16
vn 1.4659477359251426e-15 -0.9659258262890675 0.25881904510252407
vn 1 1.4523355242824922e-15 -2.7476618026966064e-16
vn -1 -1.4523355242824922e-15 2.7476618026966064e-16
vn 1.3222743043829862e-15 -0.9659258262890689 -0.2588190451025194
vn 1 1.4523355242824922e-15 -2.7476618026966064e-16
vn -1 -1.4523355242824922e-15 2.7476618026966064e-16
vn 8.242985408089821e-16 -0.7071067811865476 -0.7071067811865476
vn 1 1.4523355242824922e-15 -2.7476618026966064e-16
vn -1 -1.4523355242824922e-15 2.7476618026966064e-16
vn 1.0545264890307413e-16 -0.25881904510253045 -0.9659258262890659
vn 1 1.4523355242824922e-15 -2.7476618026966064e-16
vn -1 -1.4523355242824922e-15 2.7476618026966064e-16
vn -6.416491951161677e-16 0.25881904510252585 -0.9659258262890671
vn 1 1.4523355242824922e-15 -2.7476618026966064e-16
vn -1 -1.4523355242824922e-15 2.7476618026966064e-16
vn -1.2168216554799258e-15 0.7071067811865476 -0.7071067811865476
vn 1 1.4523355242824922e-15 -2.7476618026966064e-16
vn -1 -1.4523355242824922e-15 2.7476618026966064e-16
vn -1.4659477359251434e-15 0.9659258262890689 -0.2588190451025194
vn 1 1.4523355242824922e-15 -2.7476618026966064e-16
vn -1 -1.4523355242824922e-15 2.7476618026966064e-16
vn -1.3222743043829862e-15 0.9659258262890689 0.2588190451025194
vn 1 1.4523355242824922e-15 -2.7476618026966064e-16
vn -1 -1.4523355242824922e-15 2.7476618026966064e-16
vn -8.242985408089821e-16 0.7071067811865476 0.7071067811865476
vn 1 1.4523355242824922e-15 -2.7476618026966064e-16
usemtl m_d80c1dfb-b22d-3056-2c8a-2ac1596ba4c7
f 151/649/193 149/650/193 147/651/193
f 149/652/194 151/653/194 152/654/194 150/655/194
f 150/656/195 152/657/195 148/658/195
f 153/659/196 151/660/196 147/661/196
f 151/662/197 153/663/197 154/664/197 152/665/197
f 152/666/198 154/667/198 148/668/198
f 155/669/199 153/670/199 147/671/199
f 153/672/200 155/673/200 156/674/200 154/675/200
f 154/676/201 156/677/201 148/678/201
f 157/679/202 155/680/202 147/681/202
f 155/682/203 157/683/203 158/684/203 156/685/203
f 156/686/204 158/687/204 148/688/204
f 159/689/205 157/690/205 147/691/205
f 157/692/206 159/693/206 160/694/206 158/695/206
f 158/696/207 160/697/207 148/698/207
f 161/699/208 159/700/208 147/701/208
f 159/702/209 161/703/209 162/704/209 160/705/209
f 160/706/210 162/707/210 148/708/210
f 163/709/211 161/710/211 147/711/211
f 161/712/212 163/713/212 164/714/212 162/715/212
f 162/716/213 164/717/213 148/718/213
f 165/719/214 163/720/214 147/721/214
f 163/722/215 165/723/215 166/724/215 164/725/215
f 164/726/216 166/727/216 148/728/216
f 167/729/217 165/730/217 147/731/217
f 165/732/218 167/733/218 168/734/218 166/735/218
f 166/736/219 168/737/219 148/738/219
f 169/739/220 167/740/220 147/741/220
f 167/742/221 169/743/221 170/744/221 168/745/221
f 168/746/222 170/747/222 148/748/222
f 171/749/223 169/750/223 147/751/223
f 169/752/224 171/753/224 172/754/224 170/755/224
f 170/756/225 172/757/225 148/758/225
f 149/759/226 171/760/226 147/761/226
f 171/762/227 149/763/227 150/764/227 172/765/227
f 172/766/228 150/767/228 148/768/228
o cube
v -0.06250000000000014 0.5625 -0.12499999999999983
v -0.0625000000000008 1 -0.5624999999999998
v -0.06250000000000101 1 -0.6874999999999998
v -0.06250000000000015 0.4375 -0.12499999999999985
v 0.06249999999999985 0.4375 -0.12500000000000006
v 0.06249999999999899 1 -0.6875
v 0.062499999999999195 1 -0.5625
v 0.06249999999999986 0.5625 -0.12500000000000003
vt 0.001953125 0.998046875
vt 0.001953125 1
vt 0 1
vt 0 0.998046875
vt 0.001953125 0.998046875
vt 0.001953125 1
vt 0 1
vt 0 0.998046875
vt 0.001953125 0.998046875
vt 0.001953125 1
vt 0 1
vt 0 0.998046875
vt 0.001953125 0.998046875
vt 0.001953125 1
vt 0 1
vt 0 0.998046875
vt 0.001953125 0.998046875
vt 0.001953125 1
vt 0 1
vt 0 0.998046875
vt 0.001953125 0.998046875
vt 0.001953125 1
vt 0 1
vt 0 0.998046875
vn -1 1.2246467991473512e-16 1.6583956430338274e-15
vn 1 -1.2246467991473512e-16 -1.6583956430338274e-15
vn 1.2246467991473532e-16 1 1.2246467991473512e-16
vn 1.6583956430338274e-15 -1.2246467991473532e-16 1
vn -1.2592584107029938e-15 -0.7071067811865475 -0.7071067811865477
vn 1.2592584107029938e-15 0.7071067811865475 0.7071067811865477
usemtl m_d80c1dfb-b22d-3056-2c8a-2ac1596ba4c7
f 173/769/229 174/770/229 175/771/229 176/772/229
f 177/773/230 178/774/230 179/775/230 180/776/230
f 175/777/231 174/778/231 179/779/231 178/780/231
f 173/781/232 176/782/232 177/783/232 180/784/232
f 176/785/233 175/786/233 178/787/233 177/788/233
f 180/789/234 179/790/234 174/791/234 173/792/234
o cylinder
v 0.4999999999999993 0.25000000000000216 -0.15624999999999883
v -0.5000000000000007 0.24999999999999772 -0.15625000000000167
v 0.49999999999999944 0.24162658773652956 -0.18749999999999883
v -0.5000000000000006 0.24162658773652512 -0.18750000000000167
v 0.49999999999999944 0.22712341226347474 -0.1791265877365262
v -0.5000000000000004 0.2271234122634703 -0.17912658773652904
v 0.49999999999999944 0.21875000000000216 -0.1646234122634714
v -0.5000000000000006 0.21874999999999772 -0.16462341226347424
v 0.49999999999999944 0.2187500000000022 -0.1478765877365262
v -0.5000000000000006 0.21874999999999775 -0.14787658773652904
v 0.49999999999999933 0.22712341226347477 -0.1333734122634714
v -0.5000000000000007 0.22712341226347033 -0.13337341226347424
v 0.4999999999999992 0.2416265877365296 -0.12499999999999882
v -0.5000000000000008 0.24162658773652515 -0.12500000000000167
v 0.49999999999999917 0.25837341226347477 -0.12499999999999885
v -0.5000000000000009 0.2583734122634703 -0.12500000000000167
v 0.49999999999999917 0.2728765877365296 -0.13337341226347144
v -0.5000000000000009 0.2728765877365252 -0.13337341226347427
v 0.49999999999999917 0.28125000000000216 -0.1478765877365263
v -0.5000000000000009 0.2812499999999977 -0.14787658773652912
v 0.49999999999999917 0.28125000000000216 -0.16462341226347144
v -0.5000000000000009 0.2812499999999977 -0.16462341226347427
v 0.4999999999999993 0.27287658773652956 -0.17912658773652626
v -0.5000000000000007 0.2728765877365251 -0.1791265877365291
v 0.4999999999999994 0.25837341226347477 -0.18749999999999883
v -0.5000000000000007 0.2583734122634703 -0.18750000000000167
vt 0.004043766904910569 0.9979781165475448
vt 0.003502388275564618 1
vt 0 0.9979781165475448
vt 1.1362438767648086e-16 0.875
vt 0.0020937500000001137 0.875
vt 0.0020937500000001137 1
vt 1.1362438767648086e-16 1
vt 8.673617379884035e-19 0.9959559010486729
vt 0.0020217174428785846 0.9964978992929371
vt 0 1
vt 0.004044098951327107 0.9979782825571214
vt 0.0035021007070629023 1
vt 0 0.9979782825571214
vt 1.1362438767648086e-16 0.875
vt 0.0020937500000001137 0.875
vt 0.0020937500000001137 1
vt 1.1362438767648086e-16 1
vt 4.336808689942018e-19 0.9959562330950894
vt 0.0020218834524552845 0.9964976117244354
vt 0 1
vt 0.00390625 0.9979062499999999
vt 0.00390625 0.9999999999999999
vt 0 0.9989531249999999
vt 1.1362438767648086e-16 0.875
vt 0.0020937500000001137 0.875
vt 0.0020937500000001137 1
vt 1.1362438767648086e-16 1
vt 0.00390625 0.9979062499999999
vt 0.00390625 0.9999999999999999
vt 0 0.9989531249999999
vt 4.336808689942018e-19 0.9959562330950894
vt 0.0020218834524552845 0.9964976117244354
vt 0 1
vt 1.1362438767648086e-16 0.875
vt 0.0020937500000001137 0.875
vt 0.0020937500000001137 1
vt 1.1362438767648086e-16 1
vt 0.004044098951327107 0.9979782825571214
vt 0.0035021007070629023 1
vt 0 0.9979782825571214
vt 8.673617379884035e-19 0.9959559010486729
vt 0.0020217174428785846 0.9964978992929371
vt 0 1
vt 1.1362438767648086e-16 0.875
vt 0.0020937500000001137 0.875
vt 0.0020937500000001137 1
vt 1.1362438767648086e-16 1
vt 0.004043766904910569 0.9979781165475448
vt 0.003502388275564618 1
vt 0 0.9979781165475448
vt 1.1362438767648086e-16 0.99609375
vt 0.0020937500000001137 0.99609375
vt 0.0010468750000001137 1
vt 1.1362438767648086e-16 0.875
vt 0.0020937500000001137 0.875
vt 0.0020937500000001137 1
vt 1.1362438767648086e-16 1
vt 0.0020937500000001137 1
vt 1.1362438767648086e-16 1
vt 0.0010468750000001137 0.99609375
vt 0 1
vt 0.0005413786293459507 0.9979781165475448
vt 0.004043766904910569 1
vt 1.1362438767648086e-16 0.875
vt 0.0020937500000001137 0.875
vt 0.0020937500000001137 1
vt 1.1362438767648086e-16 1
vt 0.0020217174428785838 1
vt 0 0.9994580017557358
vt 0.0020217174428785846 0.9959559010486729
vt 0 1
vt 0.0005419982442642045 0.9979782825571214
vt 0.004044098951327107 1
vt 1.1362438767648086e-16 0.875
vt 0.0020937500000001137 0.875
vt 0.0020937500000001137 1
vt 1.1362438767648086e-16 1
vt 0.002021883452455284 1
vt 0 0.999458621370654
vt 0.0020218834524552845 0.9959562330950894
vt 0 0.9999999999999999
vt 0 0.9979062499999999
vt 0.00390625 0.9989531249999999
vt 1.1362438767648086e-16 0.875
vt 0.0020937500000001137 0.875
vt 0.0020937500000001137 1
vt 1.1362438767648086e-16 1
vt 0 0.9999999999999999
vt 0 0.9979062499999999
vt 0.00390625 0.9989531249999999
vt 0.002021883452455284 1
vt 0 0.999458621370654
vt 0.0020218834524552845 0.9959562330950894
vt 1.1362438767648086e-16 0.875
vt 0.0020937500000001137 0.875
vt 0.0020937500000001137 1
vt 1.1362438767648086e-16 1
vt 0 1
vt 0.0005419982442642045 0.9979782825571214
vt 0.004044098951327107 1
vt 0.0020217174428785838 1
vt 0 0.9994580017557358
vt 0.0020217174428785846 0.9959559010486729
vt 1.1362438767648086e-16 0.875
vt 0.0020937500000001137 0.875
vt 0.0020937500000001137 1
vt 1.1362438767648086e-16 1
vt 0 1
vt 0.0005413786293459507 0.9979781165475448
vt 0.004043766904910569 1
vt 0.0020937500000001137 1
vt 1.1362438767648086e-16 1
vt 0.0010468750000001137 0.99609375
vt 1.1362438767648086e-16 0.875
vt 0.0020937500000001137 0.875
vt 0.0020937500000001137 1
vt 1.1362438767648086e-16 1
vt 1.1362438767648086e-16 0.99609375
vt 0.0020937500000001137 0.99609375
vt 0.0010468750000001137 1
vn 1 4.551914400963145e-15 2.835566865980719e-15
vn 4.676118989319046e-15 -0.5000000000000018 -0.8660254037844376
vn -1 -4.551914400963145e-15 -2.835566865980719e-15
vn 1 4.551914400963145e-15 2.835566865980719e-15
vn 5.263708805757488e-15 -0.8660254037844383 -0.5000000000000008
vn -1 -4.551914400963145e-15 -2.835566865980719e-15
vn 1 4.551914400963145e-15 2.835566865980719e-15
vn 4.440892098500623e-15 -1 1.0106430996148734e-15
vn -1 -4.551914400963145e-15 -2.835566865980719e-15
vn 1 4.551914400963145e-15 2.835566865980719e-15
vn 2.428141939776761e-15 -0.8660254037844379 0.5000000000000013
vn -1 -4.551914400963145e-15 -2.835566865980719e-15
vn 1 4.551914400963145e-15 2.835566865980719e-15
vn -2.3522689081841464e-16 -0.5 0.8660254037844387
vn -1 -4.551914400963145e-15 -2.835566865980719e-15
vn 1 4.551914400963145e-15 2.835566865980719e-15
vn -2.835566865980724e-15 1.0106430996148608e-15 1
vn -1 -4.551914400963145e-15 -2.835566865980719e-15
vn 1 4.551914400963145e-15 2.835566865980719e-15
vn -4.67611898931904e-15 0.49999999999999983 0.8660254037844387
vn -1 -4.551914400963145e-15 -2.835566865980719e-15
vn 1 4.551914400963145e-15 2.835566865980719e-15
vn -5.263708805757487e-15 0.866025403784439 0.49999999999999933
vn -1 -4.551914400963145e-15 -2.835566865980719e-15
vn 1 4.551914400963145e-15 2.835566865980719e-15
vn -4.440892098500623e-15 1 -1.0106430996148734e-15
vn -1 -4.551914400963145e-15 -2.835566865980719e-15
vn 1 4.551914400963145e-15 2.835566865980719e-15
vn -2.4281419397767584e-15 0.8660254037844376 -0.5000000000000018
vn -1 -4.551914400963145e-15 -2.835566865980719e-15
vn 1 4.551914400963145e-15 2.835566865980719e-15
vn 2.352268908184099e-16 0.5000000000000008 -0.8660254037844383
vn -1 -4.551914400963145e-15 -2.835566865980719e-15
vn 1 4.551914400963145e-15 2.835566865980719e-15
vn 2.835566865980724e-15 -1.0106430996148608e-15 -1
vn -1 -4.551914400963145e-15 -2.835566865980719e-15
usemtl m_d80c1dfb-b22d-3056-2c8a-2ac1596ba4c7
f 185/793/235 183/794/235 181/795/235
f 183/796/236 185/797/236 186/798/236 184/799/236
f 184/800/237 186/801/237 182/802/237
f 187/803/238 185/804/238 181/805/238
f 185/806/239 187/807/239 188/808/239 186/809/239
f 186/810/240 188/811/240 182/812/240
f 189/813/241 187/814/241 181/815/241
f 187/816/242 189/817/242 190/818/242 188/819/242
f 188/820/243 190/821/243 182/822/243
f 191/823/244 189/824/244 181/825/244
f 189/826/245 191/827/245 192/828/245 190/829/245
f 190/830/246 192/831/246 182/832/246
f 193/833/247 191/834/247 181/835/247
f 191/836/248 193/837/248 194/838/248 192/839/248
f 192/840/249 194/841/249 182/842/249
f 195/843/250 193/844/250 181/845/250
f 193/846/251 195/847/251 196/848/251 194/849/251
f 194/850/252 196/851/252 182/852/252
f 197/853/253 195/854/253 181/855/253
f 195/856/254 197/857/254 198/858/254 196/859/254
f 196/860/255 198/861/255 182/862/255
f 199/863/256 197/864/256 181/865/256
f 197/866/257 199/867/257 200/868/257 198/869/257
f 198/870/258 200/871/258 182/872/258
f 201/873/259 199/874/259 181/875/259
f 199/876/260 201/877/260 202/878/260 200/879/260
f 200/880/261 202/881/261 182/882/261
f 203/883/262 201/884/262 181/885/262
f 201/886/263 203/887/263 204/888/263 202/889/263
f 202/890/264 204/891/264 182/892/264
f 205/893/265 203/894/265 181/895/265
f 203/896/266 205/897/266 206/898/266 204/899/266
f 204/900/267 206/901/267 182/902/267
f 183/903/268 205/904/268 181/905/268
f 205/906/269 183/907/269 184/908/269 206/909/269
f 206/910/270 184/911/270 182/912/270
o cylinder
v 0.4999999999999969 0.6250000000000014 -0.16718750000000407
v -0.500000000000003 0.6249999999999981 -0.1671875000000034
v 0.4999999999999969 0.6330880951594551 -0.18119649175263
v -0.500000000000003 0.6330880951594517 -0.18119649175262934
v 0.4999999999999969 0.6250000000000013 -0.18336369031891164
v -0.500000000000003 0.624999999999998 -0.18336369031891098
v 0.49999999999999695 0.6169119048405476 -0.1811964917526299
v -0.5000000000000029 0.6169119048405443 -0.18119649175262922
v 0.499999999999997 0.6109910082473755 -0.17527559515945776
v -0.5000000000000029 0.6109910082473722 -0.1752755951594571
v 0.49999999999999695 0.6088238096810938 -0.16718750000000404
v -0.5000000000000029 0.6088238096810905 -0.16718750000000338
v 0.49999999999999695 0.6109910082473756 -0.15909940484055027
v -0.5000000000000029 0.6109910082473723 -0.1590994048405496
v 0.49999999999999695 0.6169119048405477 -0.15317850824737828
v -0.500000000000003 0.6169119048405444 -0.1531785082473776
v 0.49999999999999695 0.6250000000000016 -0.15101130968109658
v -0.500000000000003 0.6249999999999982 -0.1510113096810959
v 0.4999999999999969 0.6330880951594553 -0.1531785082473783
v -0.500000000000003 0.633088095159452 -0.15317850824737764
v 0.49999999999999684 0.6390089917526274 -0.15909940484055043
v -0.500000000000003 0.639008991752624 -0.15909940484054977
v 0.4999999999999969 0.6411761903189089 -0.16718750000000418
v -0.5000000000000031 0.6411761903189056 -0.1671875000000035
v 0.4999999999999969 0.6390089917526272 -0.175275595159458
v -0.5000000000000031 0.6390089917526238 -0.17527559515945734
vt 0.004043766904910569 0.9979781165475448
vt 0.003502388275564618 1
vt 0 0.9979781165475448
vt 1.1362438767648086e-16 0.875
vt 0.0020937500000001137 0.875
vt 0.0020937500000001137 1
vt 1.1362438767648086e-16 1
vt 8.673617379884035e-19 0.9959559010486729
vt 0.0020217174428785846 0.9964978992929371
vt 0 1
vt 0.004044098951327107 0.9979782825571214
vt 0.0035021007070629023 1
vt 0 0.9979782825571214
vt 1.1362438767648086e-16 0.875
vt 0.0020937500000001137 0.875
vt 0.0020937500000001137 1
vt 1.1362438767648086e-16 1
vt 4.336808689942018e-19 0.9959562330950894
vt 0.0020218834524552845 0.9964976117244354
vt 0 1
vt 0.00390625 0.9979062499999999
vt 0.00390625 0.9999999999999999
vt 0 0.9989531249999999
vt 1.1362438767648086e-16 0.875
vt 0.0020937500000001137 0.875
vt 0.0020937500000001137 1
vt 1.1362438767648086e-16 1
vt 0.00390625 0.9979062499999999
vt 0.00390625 0.9999999999999999
vt 0 0.9989531249999999
vt 4.336808689942018e-19 0.9959562330950894
vt 0.0020218834524552845 0.9964976117244354
vt 0 1
vt 1.1362438767648086e-16 0.875
vt 0.0020937500000001137 0.875
vt 0.0020937500000001137 1
vt 1.1362438767648086e-16 1
vt 0.004044098951327107 0.9979782825571214
vt 0.0035021007070629023 1
vt 0 0.9979782825571214
vt 8.673617379884035e-19 0.9959559010486729
vt 0.0020217174428785846 0.9964978992929371
vt 0 1
vt 1.1362438767648086e-16 0.875
vt 0.0020937500000001137 0.875
vt 0.0020937500000001137 1
vt 1.1362438767648086e-16 1
vt 0.004043766904910569 0.9979781165475448
vt 0.003502388275564618 1
vt 0 0.9979781165475448
vt 1.1362438767648086e-16 0.99609375
vt 0.0020937500000001137 0.99609375
vt 0.0010468750000001137 1
vt 1.1362438767648086e-16 0.875
vt 0.0020937500000001137 0.875
vt 0.0020937500000001137 1
vt 1.1362438767648086e-16 1
vt 0.0020937500000001137 1
vt 1.1362438767648086e-16 1
vt 0.0010468750000001137 0.99609375
vt 0 1
vt 0.0005413786293459507 0.9979781165475448
vt 0.004043766904910569 1
vt 1.1362438767648086e-16 0.875
vt 0.0020937500000001137 0.875
vt 0.0020937500000001137 1
vt 1.1362438767648086e-16 1
vt 0.0020217174428785838 1
vt 0 0.9994580017557358
vt 0.0020217174428785846 0.9959559010486729
vt 0 1
vt 0.0005419982442642045 0.9979782825571214
vt 0.004044098951327107 1
vt 1.1362438767648086e-16 0.875
vt 0.0020937500000001137 0.875
vt 0.0020937500000001137 1
vt 1.1362438767648086e-16 1
vt 0.002021883452455284 1
vt 0 0.999458621370654
vt 0.0020218834524552845 0.9959562330950894
vt 0 0.9999999999999999
vt 0 0.9979062499999999
vt 0.00390625 0.9989531249999999
vt 1.1362438767648086e-16 0.875
vt 0.0020937500000001137 0.875
vt 0.0020937500000001137 1
vt 1.1362438767648086e-16 1
vt 0 0.9999999999999999
vt 0 0.9979062499999999
vt 0.00390625 0.9989531249999999
vt 0.002021883452455284 1
vt 0 0.999458621370654
vt 0.0020218834524552845 0.9959562330950894
vt 1.1362438767648086e-16 0.875
vt 0.0020937500000001137 0.875
vt 0.0020937500000001137 1
vt 1.1362438767648086e-16 1
vt 0 1
vt 0.0005419982442642045 0.9979782825571214
vt 0.004044098951327107 1
vt 0.0020217174428785838 1
vt 0 0.9994580017557358
vt 0.0020217174428785846 0.9959559010486729
vt 1.1362438767648086e-16 0.875
vt 0.0020937500000001137 0.875
vt 0.0020937500000001137 1
vt 1.1362438767648086e-16 1
vt 0 1
vt 0.0005413786293459507 0.9979781165475448
vt 0.004043766904910569 1
vt 0.0020937500000001137 1
vt 1.1362438767648086e-16 1
vt 0.0010468750000001137 0.99609375
vt 1.1362438767648086e-16 0.875
vt 0.0020937500000001137 0.875
vt 0.0020937500000001137 1
vt 1.1362438767648086e-16 1
vt 1.1362438767648086e-16 0.99609375
vt 0.0020937500000001137 0.99609375
vt 0.0010468750000001137 1
vn 1 3.336446474703018e-15 -6.672892949406248e-16
vn -1.5054764447086459e-15 0.2588190451025135 -0.9659258262890702
vn -1 -3.336446474703018e-15 6.672892949406248e-16
vn 1 3.336446474703018e-15 -6.672892949406248e-16
vn 2.186047337972565e-16 -0.25881904510253 -0.9659258262890659
vn -1 -3.336446474703018e-15 6.672892949406248e-16
vn 1 3.336446474703018e-15 -6.672892949406248e-16
vn 1.884110950420548e-15 -0.7071067811865519 -0.7071067811865432
vn -1 -3.336446474703018e-15 6.672892949406248e-16
vn 1 3.336446474703018e-15 -6.672892949406248e-16
vn 3.044771159428025e-15 -0.9659258262890691 -0.2588190451025182
vn -1 -3.336446474703018e-15 6.672892949406248e-16
vn 1 3.336446474703018e-15 -6.672892949406248e-16
vn 3.3895873951291985e-15 -0.9659258262890672 0.2588190451025252
vn -1 -3.336446474703018e-15 6.672892949406248e-16
vn 1 3.336446474703018e-15 -6.672892949406248e-16
vn 2.8261664256307848e-15 -0.7071067811865432 0.7071067811865518
vn -1 -3.336446474703018e-15 6.672892949406248e-16
vn 1 3.336446474703018e-15 -6.672892949406248e-16
vn 1.5054764447086459e-15 -0.2588190451025135 0.9659258262890702
vn -1 -3.336446474703018e-15 6.672892949406248e-16
vn 1 3.336446474703018e-15 -6.672892949406248e-16
vn -2.1860473379721804e-16 0.258819045102519 0.9659258262890689
vn -1 -3.336446474703018e-15 6.672892949406248e-16
vn 1 3.336446474703018e-15 -6.672892949406248e-16
vn -1.884110950420548e-15 0.7071067811865519 0.7071067811865432
vn -1 -3.336446474703018e-15 6.672892949406248e-16
vn 1 3.336446474703018e-15 -6.672892949406248e-16
vn -3.0447711594280417e-15 0.965925826289072 0.25881904510250714
vn -1 -3.336446474703018e-15 6.672892949406248e-16
vn 1 3.336446474703018e-15 -6.672892949406248e-16
vn -3.3895873951291985e-15 0.9659258262890672 -0.2588190451025252
vn -1 -3.336446474703018e-15 6.672892949406248e-16
vn 1 3.336446474703018e-15 -6.672892949406248e-16
vn -2.8261664256307848e-15 0.7071067811865432 -0.7071067811865518
vn -1 -3.336446474703018e-15 6.672892949406248e-16
usemtl m_d80c1dfb-b22d-3056-2c8a-2ac1596ba4c7
f 211/913/271 209/914/271 207/915/271
f 209/916/272 211/917/272 212/918/272 210/919/272
f 210/920/273 212/921/273 208/922/273
f 213/923/274 211/924/274 207/925/274
f 211/926/275 213/927/275 214/928/275 212/929/275
f 212/930/276 214/931/276 208/932/276
f 215/933/277 213/934/277 207/935/277
f 213/936/278 215/937/278 216/938/278 214/939/278
f 214/940/279 216/941/279 208/942/279
f 217/943/280 215/944/280 207/945/280
f 215/946/281 217/947/281 218/948/281 216/949/281
f 216/950/282 218/951/282 208/952/282
f 219/953/283 217/954/283 207/955/283
f 217/956/284 219/957/284 220/958/284 218/959/284
f 218/960/285 220/961/285 208/962/285
f 221/963/286 219/964/286 207/965/286
f 219/966/287 221/967/287 222/968/287 220/969/287
f 220/970/288 222/971/288 208/972/288
f 223/973/289 221/974/289 207/975/289
f 221/976/290 223/977/290 224/978/290 222/979/290
f 222/980/291 224/981/291 208/982/291
f 225/983/292 223/984/292 207/985/292
f 223/986/293 225/987/293 226/988/293 224/989/293
f 224/990/294 226/991/294 208/992/294
f 227/993/295 225/994/295 207/995/295
f 225/996/296 227/997/296 228/998/296 226/999/296
f 226/1000/297 228/1001/297 208/1002/297
f 229/1003/298 227/1004/298 207/1005/298
f 227/1006/299 229/1007/299 230/1008/299 228/1009/299
f 228/1010/300 230/1011/300 208/1012/300
f 231/1013/301 229/1014/301 207/1015/301
f 229/1016/302 231/1017/302 232/1018/302 230/1019/302
f 230/1020/303 232/1021/303 208/1022/303
f 209/1023/304 231/1024/304 207/1025/304
f 231/1026/305 209/1027/305 210/1028/305 232/1029/305
f 232/1030/306 210/1031/306 208/1032/306
o cylinder
v 0.49999999999999667 0.6802427172802001 -0.22243021728020343
v -0.5000000000000032 0.6802427172801968 -0.22243021728020276
v 0.49999999999999667 0.6883308124396538 -0.23643920903282936
v -0.5000000000000032 0.6883308124396504 -0.2364392090328287
v 0.49999999999999667 0.6802427172801999 -0.238606407599111
v -0.5000000000000032 0.6802427172801966 -0.23860640759911034
v 0.4999999999999967 0.6721546221207464 -0.23643920903282925
v -0.5000000000000031 0.6721546221207431 -0.23643920903282858
v 0.4999999999999968 0.6662337255275743 -0.23051831243965712
v -0.5000000000000031 0.666233725527571 -0.23051831243965645
v 0.4999999999999967 0.6640665269612926 -0.2224302172802034
v -0.5000000000000031 0.6640665269612893 -0.22243021728020274
v 0.4999999999999967 0.6662337255275743 -0.21434212212074963
v -0.5000000000000031 0.666233725527571 -0.21434212212074896
v 0.4999999999999967 0.6721546221207464 -0.20842122552757764
v -0.5000000000000032 0.6721546221207431 -0.20842122552757697
v 0.4999999999999967 0.6802427172802002 -0.20625402696129594
v -0.5000000000000032 0.6802427172801969 -0.20625402696129527
v 0.49999999999999667 0.688330812439654 -0.20842122552757766
v -0.5000000000000032 0.6883308124396507 -0.208421225527577
v 0.4999999999999966 0.6942517090328261 -0.2143421221207498
v -0.5000000000000032 0.6942517090328227 -0.21434212212074913
v 0.49999999999999667 0.6964189075991076 -0.22243021728020354
v -0.5000000000000033 0.6964189075991043 -0.22243021728020287
v 0.49999999999999667 0.6942517090328258 -0.23051831243965737
v -0.5000000000000033 0.6942517090328225 -0.2305183124396567
vt 0.004043766904910569 0.9979781165475448
vt 0.003502388275564618 1
vt 0 0.9979781165475448
vt 1.1362438767648086e-16 0.875
vt 0.0020937500000001137 0.875
vt 0.0020937500000001137 1
vt 1.1362438767648086e-16 1
vt 8.673617379884035e-19 0.9959559010486729
vt 0.0020217174428785846 0.9964978992929371
vt 0 1
vt 0.004044098951327107 0.9979782825571214
vt 0.0035021007070629023 1
vt 0 0.9979782825571214
vt 1.1362438767648086e-16 0.875
vt 0.0020937500000001137 0.875
vt 0.0020937500000001137 1
vt 1.1362438767648086e-16 1
vt 4.336808689942018e-19 0.9959562330950894
vt 0.0020218834524552845 0.9964976117244354
vt 0 1
vt 0.00390625 0.9979062499999999
vt 0.00390625 0.9999999999999999
vt 0 0.9989531249999999
vt 1.1362438767648086e-16 0.875
vt 0.0020937500000001137 0.875
vt 0.0020937500000001137 1
vt 1.1362438767648086e-16 1
vt 0.00390625 0.9979062499999999
vt 0.00390625 0.9999999999999999
vt 0 0.9989531249999999
vt 4.336808689942018e-19 0.9959562330950894
vt 0.0020218834524552845 0.9964976117244354
vt 0 1
vt 1.1362438767648086e-16 0.875
vt 0.0020937500000001137 0.875
vt 0.0020937500000001137 1
vt 1.1362438767648086e-16 1
vt 0.004044098951327107 0.9979782825571214
vt 0.0035021007070629023 1
vt 0 0.9979782825571214
vt 8.673617379884035e-19 0.9959559010486729
vt 0.0020217174428785846 0.9964978992929371
vt 0 1
vt 1.1362438767648086e-16 0.875
vt 0.0020937500000001137 0.875
vt 0.0020937500000001137 1
vt 1.1362438767648086e-16 1
vt 0.004043766904910569 0.9979781165475448
vt 0.003502388275564618 1
vt 0 0.9979781165475448
vt 1.1362438767648086e-16 0.99609375
vt 0.0020937500000001137 0.99609375
vt 0.0010468750000001137 1
vt 1.1362438767648086e-16 0.875
vt 0.0020937500000001137 0.875
vt 0.0020937500000001137 1
vt 1.1362438767648086e-16 1
vt 0.0020937500000001137 1
vt 1.1362438767648086e-16 1
vt 0.0010468750000001137 0.99609375
vt 0 1
vt 0.0005413786293459507 0.9979781165475448
vt 0.004043766904910569 1
vt 1.1362438767648086e-16 0.875
vt 0.0020937500000001137 0.875
vt 0.0020937500000001137 1
vt 1.1362438767648086e-16 1
vt 0.0020217174428785838 1
vt 0 0.9994580017557358
vt 0.0020217174428785846 0.9959559010486729
vt 0 1
vt 0.0005419982442642045 0.9979782825571214
vt 0.004044098951327107 1
vt 1.1362438767648086e-16 0.875
vt 0.0020937500000001137 0.875
vt 0.0020937500000001137 1
vt 1.1362438767648086e-16 1
vt 0.002021883452455284 1
vt 0 0.999458621370654
vt 0.0020218834524552845 0.9959562330950894
vt 0 0.9999999999999999
vt 0 0.9979062499999999
vt 0.00390625 0.9989531249999999
vt 1.1362438767648086e-16 0.875
vt 0.0020937500000001137 0.875
vt 0.0020937500000001137 1
vt 1.1362438767648086e-16 1
vt 0 0.9999999999999999
vt 0 0.9979062499999999
vt 0.00390625 0.9989531249999999
vt 0.002021883452455284 1
vt 0 0.999458621370654
vt 0.0020218834524552845 0.9959562330950894
vt 1.1362438767648086e-16 0.875
vt 0.0020937500000001137 0.875
vt 0.0020937500000001137 1
vt 1.1362438767648086e-16 1
vt 0 1
vt 0.0005419982442642045 0.9979782825571214
vt 0.004044098951327107 1
vt 0.0020217174428785838 1
vt 0 0.9994580017557358
vt 0.0020217174428785846 0.9959559010486729
vt 1.1362438767648086e-16 0.875
vt 0.0020937500000001137 0.875
vt 0.0020937500000001137 1
vt 1.1362438767648086e-16 1
vt 0 1
vt 0.0005413786293459507 0.9979781165475448
vt 0.004043766904910569 1
vt 0.0020937500000001137 1
vt 1.1362438767648086e-16 1
vt 0.0010468750000001137 0.99609375
vt 1.1362438767648086e-16 0.875
vt 0.0020937500000001137 0.875
vt 0.0020937500000001137 1
vt 1.1362438767648086e-16 1
vt 1.1362438767648086e-16 0.99609375
vt 0.0020937500000001137 0.99609375
vt 0.0010468750000001137 1
vn 1 3.336446474703018e-15 -6.672892949406248e-16
vn -1.5054764447086459e-15 0.2588190451025135 -0.9659258262890702
vn -1 -3.336446474703018e-15 6.672892949406248e-16
vn 1 3.336446474703018e-15 -6.672892949406248e-16
vn 2.186047337972565e-16 -0.25881904510253 -0.9659258262890659
vn -1 -3.336446474703018e-15 6.672892949406248e-16
vn 1 3.336446474703018e-15 -6.672892949406248e-16
vn 1.884110950420548e-15 -0.7071067811865519 -0.7071067811865432
vn -1 -3.336446474703018e-15 6.672892949406248e-16
vn 1 3.336446474703018e-15 -6.672892949406248e-16
vn 3.044771159428025e-15 -0.9659258262890691 -0.2588190451025182
vn -1 -3.336446474703018e-15 6.672892949406248e-16
vn 1 3.336446474703018e-15 -6.672892949406248e-16
vn 3.3895873951291985e-15 -0.9659258262890672 0.2588190451025252
vn -1 -3.336446474703018e-15 6.672892949406248e-16
vn 1 3.336446474703018e-15 -6.672892949406248e-16
vn 2.8261664256307848e-15 -0.7071067811865432 0.7071067811865518
vn -1 -3.336446474703018e-15 6.672892949406248e-16
vn 1 3.336446474703018e-15 -6.672892949406248e-16
vn 1.5054764447086459e-15 -0.2588190451025135 0.9659258262890702
vn -1 -3.336446474703018e-15 6.672892949406248e-16
vn 1 3.336446474703018e-15 -6.672892949406248e-16
vn -2.1860473379721804e-16 0.258819045102519 0.9659258262890689
vn -1 -3.336446474703018e-15 6.672892949406248e-16
vn 1 3.336446474703018e-15 -6.672892949406248e-16
vn -1.884110950420548e-15 0.7071067811865519 0.7071067811865432
vn -1 -3.336446474703018e-15 6.672892949406248e-16
vn 1 3.336446474703018e-15 -6.672892949406248e-16
vn -3.0447711594280417e-15 0.965925826289072 0.25881904510250714
vn -1 -3.336446474703018e-15 6.672892949406248e-16
vn 1 3.336446474703018e-15 -6.672892949406248e-16
vn -3.3895873951291985e-15 0.9659258262890672 -0.2588190451025252
vn -1 -3.336446474703018e-15 6.672892949406248e-16
vn 1 3.336446474703018e-15 -6.672892949406248e-16
vn -2.8261664256307848e-15 0.7071067811865432 -0.7071067811865518
vn -1 -3.336446474703018e-15 6.672892949406248e-16
usemtl m_d80c1dfb-b22d-3056-2c8a-2ac1596ba4c7
f 237/1033/307 235/1034/307 233/1035/307
f 235/1036/308 237/1037/308 238/1038/308 236/1039/308
f 236/1040/309 238/1041/309 234/1042/309
f 239/1043/310 237/1044/310 233/1045/310
f 237/1046/311 239/1047/311 240/1048/311 238/1049/311
f 238/1050/312 240/1051/312 234/1052/312
f 241/1053/313 239/1054/313 233/1055/313
f 239/1056/314 241/1057/314 242/1058/314 240/1059/314
f 240/1060/315 242/1061/315 234/1062/315
f 243/1063/316 241/1064/316 233/1065/316
f 241/1066/317 243/1067/317 244/1068/317 242/1069/317
f 242/1070/318 244/1071/318 234/1072/318
f 245/1073/319 243/1074/319 233/1075/319
f 243/1076/320 245/1077/320 246/1078/320 244/1079/320
f 244/1080/321 246/1081/321 234/1082/321
f 247/1083/322 245/1084/322 233/1085/322
f 245/1086/323 247/1087/323 248/1088/323 246/1089/323
f 246/1090/324 248/1091/324 234/1092/324
f 249/1093/325 247/1094/325 233/1095/325
f 247/1096/326 249/1097/326 250/1098/326 248/1099/326
f 248/1100/327 250/1101/327 234/1102/327
f 251/1103/328 249/1104/328 233/1105/328
f 249/1106/329 251/1107/329 252/1108/329 250/1109/329
f 250/1110/330 252/1111/330 234/1112/330
f 253/1113/331 251/1114/331 233/1115/331
f 251/1116/332 253/1117/332 254/1118/332 252/1119/332
f 252/1120/333 254/1121/333 234/1122/333
f 255/1123/334 253/1124/334 233/1125/334
f 253/1126/335 255/1127/335 256/1128/335 254/1129/335
f 254/1130/336 256/1131/336 234/1132/336
f 257/1133/337 255/1134/337 233/1135/337
f 255/1136/338 257/1137/338 258/1138/338 256/1139/338
f 256/1140/339 258/1141/339 234/1142/339
f 235/1143/340 257/1144/340 233/1145/340
f 257/1146/341 235/1147/341 236/1148/341 258/1149/341
f 258/1150/342 236/1151/342 234/1152/342
o cylinder
v 0.4999999999999958 0.9122621298570347 -0.45444962985704074
v -0.5000000000000042 0.9122621298570314 -0.45444962985704007
v 0.4999999999999957 0.9203502250164882 -0.46845862160966667
v -0.5000000000000041 0.9203502250164849 -0.468458621609666
v 0.4999999999999957 0.9122621298570346 -0.4706258201759484
v -0.5000000000000041 0.9122621298570313 -0.47062582017594773
v 0.4999999999999958 0.9041740346975807 -0.46845862160966656
v -0.5000000000000041 0.9041740346975774 -0.4684586216096659
v 0.49999999999999584 0.8982531381044088 -0.4625377250164945
v -0.5000000000000041 0.8982531381044054 -0.4625377250164938
v 0.4999999999999958 0.8960859395381271 -0.4544496298570408
v -0.500000000000004 0.8960859395381238 -0.4544496298570401
v 0.49999999999999584 0.8982531381044088 -0.4463615346975869
v -0.500000000000004 0.8982531381044054 -0.4463615346975862
v 0.49999999999999584 0.9041740346975808 -0.4404406381044149
v -0.5000000000000041 0.9041740346975775 -0.44044063810441425
v 0.4999999999999958 0.9122621298570347 -0.43827343953813325
v -0.5000000000000041 0.9122621298570314 -0.4382734395381326
v 0.4999999999999957 0.9203502250164886 -0.44044063810441514
v -0.5000000000000042 0.9203502250164852 -0.4404406381044145
v 0.49999999999999567 0.9262711216096604 -0.4463615346975871
v -0.5000000000000042 0.9262711216096571 -0.44636153469758644
v 0.4999999999999957 0.9284383201759421 -0.45444962985704096
v -0.5000000000000042 0.9284383201759387 -0.4544496298570403
v 0.4999999999999957 0.9262711216096603 -0.4625377250164947
v -0.5000000000000042 0.926271121609657 -0.46253772501649404
vt 0.004043766904910569 0.9979781165475448
vt 0.003502388275564618 1
vt 0 0.9979781165475448
vt 1.1362438767648086e-16 0.875
vt 0.0020937500000001137 0.875
vt 0.0020937500000001137 1
vt 1.1362438767648086e-16 1
vt 8.673617379884035e-19 0.9959559010486729
vt 0.0020217174428785846 0.9964978992929371
vt 0 1
vt 0.004044098951327107 0.9979782825571214
vt 0.0035021007070629023 1
vt 0 0.9979782825571214
vt 1.1362438767648086e-16 0.875
vt 0.0020937500000001137 0.875
vt 0.0020937500000001137 1
vt 1.1362438767648086e-16 1
vt 4.336808689942018e-19 0.9959562330950894
vt 0.0020218834524552845 0.9964976117244354
vt 0 1
vt 0.00390625 0.9979062499999999
vt 0.00390625 0.9999999999999999
vt 0 0.9989531249999999
vt 1.1362438767648086e-16 0.875
vt 0.0020937500000001137 0.875
vt 0.0020937500000001137 1
vt 1.1362438767648086e-16 1
vt 0.00390625 0.9979062499999999
vt 0.00390625 0.9999999999999999
vt 0 0.9989531249999999
vt 4.336808689942018e-19 0.9959562330950894
vt 0.0020218834524552845 0.9964976117244354
vt 0 1
vt 1.1362438767648086e-16 0.875
vt 0.0020937500000001137 0.875
vt 0.0020937500000001137 1
vt 1.1362438767648086e-16 1
vt 0.004044098951327107 0.9979782825571214
vt 0.0035021007070629023 1
vt 0 0.9979782825571214
vt 8.673617379884035e-19 0.9959559010486729
vt 0.0020217174428785846 0.9964978992929371
vt 0 1
vt 1.1362438767648086e-16 0.875
vt 0.0020937500000001137 0.875
vt 0.0020937500000001137 1
vt 1.1362438767648086e-16 1
vt 0.004043766904910569 0.9979781165475448
vt 0.003502388275564618 1
vt 0 0.9979781165475448
vt 1.1362438767648086e-16 0.99609375
vt 0.0020937500000001137 0.99609375
vt 0.0010468750000001137 1
vt 1.1362438767648086e-16 0.875
vt 0.0020937500000001137 0.875
vt 0.0020937500000001137 1
vt 1.1362438767648086e-16 1
vt 0.0020937500000001137 1
vt 1.1362438767648086e-16 1
vt 0.0010468750000001137 0.99609375
vt 0 1
vt 0.0005413786293459507 0.9979781165475448
vt 0.004043766904910569 1
vt 1.1362438767648086e-16 0.875
vt 0.0020937500000001137 0.875
vt 0.0020937500000001137 1
vt 1.1362438767648086e-16 1
vt 0.0020217174428785838 1
vt 0 0.9994580017557358
vt 0.0020217174428785846 0.9959559010486729
vt 0 1
vt 0.0005419982442642045 0.9979782825571214
vt 0.004044098951327107 1
vt 1.1362438767648086e-16 0.875
vt 0.0020937500000001137 0.875
vt 0.0020937500000001137 1
vt 1.1362438767648086e-16 1
vt 0.002021883452455284 1
vt 0 0.999458621370654
vt 0.0020218834524552845 0.9959562330950894
vt 0 0.9999999999999999
vt 0 0.9979062499999999
vt 0.00390625 0.9989531249999999
vt 1.1362438767648086e-16 0.875
vt 0.0020937500000001137 0.875
vt 0.0020937500000001137 1
vt 1.1362438767648086e-16 1
vt 0 0.9999999999999999
vt 0 0.9979062499999999
vt 0.00390625 0.9989531249999999
vt 0.002021883452455284 1
vt 0 0.999458621370654
vt 0.0020218834524552845 0.9959562330950894
vt 1.1362438767648086e-16 0.875
vt 0.0020937500000001137 0.875
vt 0.0020937500000001137 1
vt 1.1362438767648086e-16 1
vt 0 1
vt 0.0005419982442642045 0.9979782825571214
vt 0.004044098951327107 1
vt 0.0020217174428785838 1
vt 0 0.9994580017557358
vt 0.0020217174428785846 0.9959559010486729
vt 1.1362438767648086e-16 0.875
vt 0.0020937500000001137 0.875
vt 0.0020937500000001137 1
vt 1.1362438767648086e-16 1
vt 0 1
vt 0.0005413786293459507 0.9979781165475448
vt 0.004043766904910569 1
vt 0.0020937500000001137 1
vt 1.1362438767648086e-16 1
vt 0.0010468750000001137 0.99609375
vt 1.1362438767648086e-16 0.875
vt 0.0020937500000001137 0.875
vt 0.0020937500000001137 1
vt 1.1362438767648086e-16 1
vt 1.1362438767648086e-16 0.99609375
vt 0.0020937500000001137 0.99609375
vt 0.0010468750000001137 1
vn 1 3.336446474703018e-15 -6.672892949406248e-16
vn -1.5054764447086808e-15 0.2588190451025246 -0.9659258262890673
vn -1 -3.336446474703018e-15 6.672892949406248e-16
vn 1 3.336446474703018e-15 -6.672892949406248e-16
vn 2.1860473379730166e-16 -0.2588190451025428 -0.9659258262890625
vn -1 -3.336446474703018e-15 6.672892949406248e-16
vn 1 3.336446474703018e-15 -6.672892949406248e-16
vn 1.884110950420548e-15 -0.7071067811865519 -0.7071067811865432
vn -1 -3.336446474703018e-15 6.672892949406248e-16
vn 1 3.336446474703018e-15 -6.672892949406248e-16
vn 3.044771159428025e-15 -0.9659258262890691 -0.2588190451025182
vn -1 -3.336446474703018e-15 6.672892949406248e-16
vn 1 3.336446474703018e-15 -6.672892949406248e-16
vn 3.3895873951291985e-15 -0.9659258262890672 0.2588190451025252
vn -1 -3.336446474703018e-15 6.672892949406248e-16
vn 1 3.336446474703018e-15 -6.672892949406248e-16
vn 2.8261664256307848e-15 -0.7071067811865432 0.7071067811865518
vn -1 -3.336446474703018e-15 6.672892949406248e-16
vn 1 3.336446474703018e-15 -6.672892949406248e-16
vn 1.5054764447086808e-15 -0.2588190451025246 0.9659258262890673
vn -1 -3.336446474703018e-15 6.672892949406248e-16
vn 1 3.336446474703018e-15 -6.672892949406248e-16
vn -2.186047337972628e-16 0.25881904510253173 0.9659258262890653
vn -1 -3.336446474703018e-15 6.672892949406248e-16
vn 1 3.336446474703018e-15 -6.672892949406248e-16
vn -1.884110950420548e-15 0.7071067811865519 0.7071067811865432
vn -1 -3.336446474703018e-15 6.672892949406248e-16
vn 1 3.336446474703018e-15 -6.672892949406248e-16
vn -3.0447711594280322e-15 0.9659258262890703 0.2588190451025136
vn -1 -3.336446474703018e-15 6.672892949406248e-16
vn 1 3.336446474703018e-15 -6.672892949406248e-16
vn -3.3895873951291985e-15 0.9659258262890672 -0.2588190451025252
vn -1 -3.336446474703018e-15 6.672892949406248e-16
vn 1 3.336446474703018e-15 -6.672892949406248e-16
vn -2.8261664256307848e-15 0.7071067811865432 -0.7071067811865518
vn -1 -3.336446474703018e-15 6.672892949406248e-16
usemtl m_d80c1dfb-b22d-3056-2c8a-2ac1596ba4c7
f 263/1153/343 261/1154/343 259/1155/343
f 261/1156/344 263/1157/344 264/1158/344 262/1159/344
f 262/1160/345 264/1161/345 260/1162/345
f 265/1163/346 263/1164/346 259/1165/346
f 263/1166/347 265/1167/347 266/1168/347 264/1169/347
f 264/1170/348 266/1171/348 260/1172/348
f 267/1173/349 265/1174/349 259/1175/349
f 265/1176/350 267/1177/350 268/1178/350 266/1179/350
f 266/1180/351 268/1181/351 260/1182/351
f 269/1183/352 267/1184/352 259/1185/352
f 267/1186/353 269/1187/353 270/1188/353 268/1189/353
f 268/1190/354 270/1191/354 260/1192/354
f 271/1193/355 269/1194/355 259/1195/355
f 269/1196/356 271/1197/356 272/1198/356 270/1199/356
f 270/1200/357 272/1201/357 260/1202/357
f 273/1203/358 271/1204/358 259/1205/358
f 271/1206/359 273/1207/359 274/1208/359 272/1209/359
f 272/1210/360 274/1211/360 260/1212/360
f 275/1213/361 273/1214/361 259/1215/361
f 273/1216/362 275/1217/362 276/1218/362 274/1219/362
f 274/1220/363 276/1221/363 260/1222/363
f 277/1223/364 275/1224/364 259/1225/364
f 275/1226/365 277/1227/365 278/1228/365 276/1229/365
f 276/1230/366 278/1231/366 260/1232/366
f 279/1233/367 277/1234/367 259/1235/367
f 277/1236/368 279/1237/368 280/1238/368 278/1239/368
f 278/1240/369 280/1241/369 260/1242/369
f 281/1243/370 279/1244/370 259/1245/370
f 279/1246/371 281/1247/371 282/1248/371 280/1249/371
f 280/1250/372 282/1251/372 260/1252/372
f 283/1253/373 281/1254/373 259/1255/373
f 281/1256/374 283/1257/374 284/1258/374 282/1259/374
f 282/1260/375 284/1261/375 260/1262/375
f 261/1263/376 283/1264/376 259/1265/376
f 283/1266/377 261/1267/377 262/1268/377 284/1269/377
f 284/1270/378 262/1271/378 260/1272/378
o cylinder
v 0.49999999999999595 0.8680679560328757 -0.41025545603288127
v -0.500000000000004 0.8680679560328723 -0.4102554560328806
v 0.4999999999999959 0.8761560511923293 -0.4242644477855072
v -0.5000000000000039 0.876156051192326 -0.42426444778550654
v 0.4999999999999959 0.8680679560328757 -0.42643164635178893
v -0.5000000000000039 0.8680679560328723 -0.42643164635178826
v 0.499999999999996 0.8599798608734218 -0.4242644477855071
v -0.5000000000000039 0.8599798608734185 -0.4242644477855064
v 0.499999999999996 0.8540589642802497 -0.418343551192335
v -0.5000000000000039 0.8540589642802464 -0.41834355119233435
v 0.49999999999999595 0.8518917657139682 -0.4102554560328813
v -0.5000000000000039 0.8518917657139649 -0.41025545603288066
v 0.499999999999996 0.8540589642802499 -0.4021673608734274
v -0.5000000000000039 0.8540589642802465 -0.40216736087342675
v 0.499999999999996 0.8599798608734219 -0.39624646428025545
v -0.500000000000004 0.8599798608734186 -0.3962464642802548
v 0.49999999999999595 0.8680679560328757 -0.3940792657139738
v -0.500000000000004 0.8680679560328723 -0.3940792657139731
v 0.4999999999999959 0.8761560511923296 -0.39624646428025556
v -0.500000000000004 0.8761560511923263 -0.3962464642802549
v 0.4999999999999959 0.8820769477855015 -0.40216736087342764
v -0.500000000000004 0.8820769477854982 -0.40216736087342697
v 0.4999999999999959 0.8842441463517832 -0.4102554560328814
v -0.500000000000004 0.8842441463517798 -0.4102554560328807
v 0.4999999999999959 0.8820769477855014 -0.41834355119233524
v -0.500000000000004 0.8820769477854981 -0.4183435511923346
vt 0.004043766904910569 0.9979781165475448
vt 0.003502388275564618 1
vt 0 0.9979781165475448
vt 1.1362438767648086e-16 0.875
vt 0.0020937500000001137 0.875
vt 0.0020937500000001137 1
vt 1.1362438767648086e-16 1
vt 8.673617379884035e-19 0.9959559010486729
vt 0.0020217174428785846 0.9964978992929371
vt 0 1
vt 0.004044098951327107 0.9979782825571214
vt 0.0035021007070629023 1
vt 0 0.9979782825571214
vt 1.1362438767648086e-16 0.875
vt 0.0020937500000001137 0.875
vt 0.0020937500000001137 1
vt 1.1362438767648086e-16 1
vt 4.336808689942018e-19 0.9959562330950894
vt 0.0020218834524552845 0.9964976117244354
vt 0 1
vt 0.00390625 0.9979062499999999
vt 0.00390625 0.9999999999999999
vt 0 0.9989531249999999
vt 1.1362438767648086e-16 0.875
vt 0.0020937500000001137 0.875
vt 0.0020937500000001137 1
vt 1.1362438767648086e-16 1
vt 0.00390625 0.9979062499999999
vt 0.00390625 0.9999999999999999
vt 0 0.9989531249999999
vt 4.336808689942018e-19 0.9959562330950894
vt 0.0020218834524552845 0.9964976117244354
vt 0 1
vt 1.1362438767648086e-16 0.875
vt 0.0020937500000001137 0.875
vt 0.0020937500000001137 1
vt 1.1362438767648086e-16 1
vt 0.004044098951327107 0.9979782825571214
vt 0.0035021007070629023 1
vt 0 0.9979782825571214
vt 8.673617379884035e-19 0.9959559010486729
vt 0.0020217174428785846 0.9964978992929371
vt 0 1
vt 1.1362438767648086e-16 0.875
vt 0.0020937500000001137 0.875
vt 0.0020937500000001137 1
vt 1.1362438767648086e-16 1
vt 0.004043766904910569 0.9979781165475448
vt 0.003502388275564618 1
vt 0 0.9979781165475448
vt 1.1362438767648086e-16 0.99609375
vt 0.0020937500000001137 0.99609375
vt 0.0010468750000001137 1
vt 1.1362438767648086e-16 0.875
vt 0.0020937500000001137 0.875
vt 0.0020937500000001137 1
vt 1.1362438767648086e-16 1
vt 0.0020937500000001137 1
vt 1.1362438767648086e-16 1
vt 0.0010468750000001137 0.99609375
vt 0 1
vt 0.0005413786293459507 0.9979781165475448
vt 0.004043766904910569 1
vt 1.1362438767648086e-16 0.875
vt 0.0020937500000001137 0.875
vt 0.0020937500000001137 1
vt 1.1362438767648086e-16 1
vt 0.0020217174428785838 1
vt 0 0.9994580017557358
vt 0.0020217174428785846 0.9959559010486729
vt 0 1
vt 0.0005419982442642045 0.9979782825571214
vt 0.004044098951327107 1
vt 1.1362438767648086e-16 0.875
vt 0.0020937500000001137 0.875
vt 0.0020937500000001137 1
vt 1.1362438767648086e-16 1
vt 0.002021883452455284 1
vt 0 0.999458621370654
vt 0.0020218834524552845 0.9959562330950894
vt 0 0.9999999999999999
vt 0 0.9979062499999999
vt 0.00390625 0.9989531249999999
vt 1.1362438767648086e-16 0.875
vt 0.0020937500000001137 0.875
vt 0.0020937500000001137 1
vt 1.1362438767648086e-16 1
vt 0 0.9999999999999999
vt 0 0.9979062499999999
vt 0.00390625 0.9989531249999999
vt 0.002021883452455284 1
vt 0 0.999458621370654
vt 0.0020218834524552845 0.9959562330950894
vt 1.1362438767648086e-16 0.875
vt 0.0020937500000001137 0.875
vt 0.0020937500000001137 1
vt 1.1362438767648086e-16 1
vt 0 1
vt 0.0005419982442642045 0.9979782825571214
vt 0.004044098951327107 1
vt 0.0020217174428785838 1
vt 0 0.9994580017557358
vt 0.0020217174428785846 0.9959559010486729
vt 1.1362438767648086e-16 0.875
vt 0.0020937500000001137 0.875
vt 0.0020937500000001137 1
vt 1.1362438767648086e-16 1
vt 0 1
vt 0.0005413786293459507 0.9979781165475448
vt 0.004043766904910569 1
vt 0.0020937500000001137 1
vt 1.1362438767648086e-16 1
vt 0.0010468750000001137 0.99609375
vt 1.1362438767648086e-16 0.875
vt 0.0020937500000001137 0.875
vt 0.0020937500000001137 1
vt 1.1362438767648086e-16 1
vt 1.1362438767648086e-16 0.99609375
vt 0.0020937500000001137 0.99609375
vt 0.0010468750000001137 1
vn 1 3.336446474703018e-15 -6.672892949406248e-16
vn -1.5054764447086808e-15 0.2588190451025246 -0.9659258262890673
vn -1 -3.336446474703018e-15 6.672892949406248e-16
vn 1 3.336446474703018e-15 -6.672892949406248e-16
vn 2.1860473379730166e-16 -0.2588190451025428 -0.9659258262890625
vn -1 -3.336446474703018e-15 6.672892949406248e-16
vn 1 3.336446474703018e-15 -6.672892949406248e-16
vn 1.884110950420548e-15 -0.7071067811865519 -0.7071067811865432
vn -1 -3.336446474703018e-15 6.672892949406248e-16
vn 1 3.336446474703018e-15 -6.672892949406248e-16
vn 3.044771159428025e-15 -0.9659258262890691 -0.2588190451025182
vn -1 -3.336446474703018e-15 6.672892949406248e-16
vn 1 3.336446474703018e-15 -6.672892949406248e-16
vn 3.3895873951291985e-15 -0.9659258262890672 0.2588190451025252
vn -1 -3.336446474703018e-15 6.672892949406248e-16
vn 1 3.336446474703018e-15 -6.672892949406248e-16
vn 2.8261664256307848e-15 -0.7071067811865432 0.7071067811865518
vn -1 -3.336446474703018e-15 6.672892949406248e-16
vn 1 3.336446474703018e-15 -6.672892949406248e-16
vn 1.5054764447086808e-15 -0.2588190451025246 0.9659258262890673
vn -1 -3.336446474703018e-15 6.672892949406248e-16
vn 1 3.336446474703018e-15 -6.672892949406248e-16
vn -2.186047337972628e-16 0.25881904510253173 0.9659258262890653
vn -1 -3.336446474703018e-15 6.672892949406248e-16
vn 1 3.336446474703018e-15 -6.672892949406248e-16
vn -1.884110950420548e-15 0.7071067811865519 0.7071067811865432
vn -1 -3.336446474703018e-15 6.672892949406248e-16
vn 1 3.336446474703018e-15 -6.672892949406248e-16
vn -3.0447711594280322e-15 0.9659258262890703 0.2588190451025136
vn -1 -3.336446474703018e-15 6.672892949406248e-16
vn 1 3.336446474703018e-15 -6.672892949406248e-16
vn -3.3895873951291985e-15 0.9659258262890672 -0.2588190451025252
vn -1 -3.336446474703018e-15 6.672892949406248e-16
vn 1 3.336446474703018e-15 -6.672892949406248e-16
vn -2.8261664256307848e-15 0.7071067811865432 -0.7071067811865518
vn -1 -3.336446474703018e-15 6.672892949406248e-16
usemtl m_d80c1dfb-b22d-3056-2c8a-2ac1596ba4c7
f 289/1273/379 287/1274/379 285/1275/379
f 287/1276/380 289/1277/380 290/1278/380 288/1279/380
f 288/1280/381 290/1281/381 286/1282/381
f 291/1283/382 289/1284/382 285/1285/382
f 289/1286/383 291/1287/383 292/1288/383 290/1289/383
f 290/1290/384 292/1291/384 286/1292/384
f 293/1293/385 291/1294/385 285/1295/385
f 291/1296/386 293/1297/386 294/1298/386 292/1299/386
f 292/1300/387 294/1301/387 286/1302/387
f 295/1303/388 293/1304/388 285/1305/388
f 293/1306/389 295/1307/389 296/1308/389 294/1309/389
f 294/1310/390 296/1311/390 286/1312/390
f 297/1313/391 295/1314/391 285/1315/391
f 295/1316/392 297/1317/392 298/1318/392 296/1319/392
f 296/1320/393 298/1321/393 286/1322/393
f 299/1323/394 297/1324/394 285/1325/394
f 297/1326/395 299/1327/395 300/1328/395 298/1329/395
f 298/1330/396 300/1331/396 286/1332/396
f 301/1333/397 299/1334/397 285/1335/397
f 299/1336/398 301/1337/398 302/1338/398 300/1339/398
f 300/1340/399 302/1341/399 286/1342/399
f 303/1343/400 301/1344/400 285/1345/400
f 301/1346/401 303/1347/401 304/1348/401 302/1349/401
f 302/1350/402 304/1351/402 286/1352/402
f 305/1353/403 303/1354/403 285/1355/403
f 303/1356/404 305/1357/404 306/1358/404 304/1359/404
f 304/1360/405 306/1361/405 286/1362/405
f 307/1363/406 305/1364/406 285/1365/406
f 305/1366/407 307/1367/407 308/1368/407 306/1369/407
f 306/1370/408 308/1371/408 286/1372/408
f 309/1373/409 307/1374/409 285/1375/409
f 307/1376/410 309/1377/410 310/1378/410 308/1379/410
f 308/1380/411 310/1381/411 286/1382/411
f 287/1383/412 309/1384/412 285/1385/412
f 309/1386/413 287/1387/413 288/1388/413 310/1389/413
f 310/1390/414 288/1391/414 286/1392/414
o cylinder
v 0.4999999999999961 0.8238737822087168 -0.3660612822087218
v -0.5000000000000038 0.8238737822087134 -0.36606128220872114
v 0.49999999999999606 0.8319618773681704 -0.38007027396134774
v -0.5000000000000038 0.8319618773681671 -0.38007027396134707
v 0.4999999999999961 0.8238737822087165 -0.38223747252762946
v -0.5000000000000038 0.8238737822087132 -0.3822374725276288
v 0.49999999999999617 0.8157856870492628 -0.3800702739613475
v -0.5000000000000038 0.8157856870492595 -0.38007027396134685
v 0.49999999999999617 0.8098647904560908 -0.37414937736817544
v -0.5000000000000037 0.8098647904560875 -0.3741493773681748
v 0.49999999999999617 0.8076975918898093 -0.36606128220872175
v -0.5000000000000037 0.8076975918898059 -0.3660612822087211
v 0.49999999999999617 0.8098647904560909 -0.35797318704926795
v -0.5000000000000037 0.8098647904560876 -0.3579731870492673
v 0.49999999999999617 0.815785687049263 -0.352052290456096
v -0.5000000000000038 0.8157856870492597 -0.3520522904560953
v 0.49999999999999617 0.8238737822087168 -0.3498850918898143
v -0.5000000000000038 0.8238737822087134 -0.34988509188981365
v 0.49999999999999606 0.8319618773681707 -0.3520522904560961
v -0.5000000000000038 0.8319618773681674 -0.35205229045609543
v 0.49999999999999606 0.8378827739613426 -0.35797318704926806
v -0.5000000000000039 0.8378827739613393 -0.3579731870492674
v 0.4999999999999961 0.8400499725276243 -0.3660612822087219
v -0.5000000000000039 0.8400499725276209 -0.36606128220872125
v 0.49999999999999606 0.8378827739613425 -0.3741493773681758
v -0.5000000000000039 0.8378827739613391 -0.3741493773681751
vt 0.004043766904910569 0.9979781165475448
vt 0.003502388275564618 1
vt 0 0.9979781165475448
vt 1.1362438767648086e-16 0.875
vt 0.0020937500000001137 0.875
vt 0.0020937500000001137 1
vt 1.1362438767648086e-16 1
vt 8.673617379884035e-19 0.9959559010486729
vt 0.0020217174428785846 0.9964978992929371
vt 0 1
vt 0.004044098951327107 0.9979782825571214
vt 0.0035021007070629023 1
vt 0 0.9979782825571214
vt 1.1362438767648086e-16 0.875
vt 0.0020937500000001137 0.875
vt 0.0020937500000001137 1
vt 1.1362438767648086e-16 1
vt 4.336808689942018e-19 0.9959562330950894
vt 0.0020218834524552845 0.9964976117244354
vt 0 1
vt 0.00390625 0.9979062499999999
vt 0.00390625 0.9999999999999999
vt 0 0.9989531249999999
vt 1.1362438767648086e-16 0.875
vt 0.0020937500000001137 0.875
vt 0.0020937500000001137 1
vt 1.1362438767648086e-16 1
vt 0.00390625 0.9979062499999999
vt 0.00390625 0.9999999999999999
vt 0 0.9989531249999999
vt 4.336808689942018e-19 0.9959562330950894
vt 0.0020218834524552845 0.9964976117244354
vt 0 1
vt 1.1362438767648086e-16 0.875
vt 0.0020937500000001137 0.875
vt 0.0020937500000001137 1
vt 1.1362438767648086e-16 1
vt 0.004044098951327107 0.9979782825571214
vt 0.0035021007070629023 1
vt 0 0.9979782825571214
vt 8.673617379884035e-19 0.9959559010486729
vt 0.0020217174428785846 0.9964978992929371
vt 0 1
vt 1.1362438767648086e-16 0.875
vt 0.0020937500000001137 0.875
vt 0.0020937500000001137 1
vt 1.1362438767648086e-16 1
vt 0.004043766904910569 0.9979781165475448
vt 0.003502388275564618 1
vt 0 0.9979781165475448
vt 1.1362438767648086e-16 0.99609375
vt 0.0020937500000001137 0.99609375
vt 0.0010468750000001137 1
vt 1.1362438767648086e-16 0.875
vt 0.0020937500000001137 0.875
vt 0.0020937500000001137 1
vt 1.1362438767648086e-16 1
vt 0.0020937500000001137 1
vt 1.1362438767648086e-16 1
vt 0.0010468750000001137 0.99609375
vt 0 1
vt 0.0005413786293459507 0.9979781165475448
vt 0.004043766904910569 1
vt 1.1362438767648086e-16 0.875
vt 0.0020937500000001137 0.875
vt 0.0020937500000001137 1
vt 1.1362438767648086e-16 1
vt 0.0020217174428785838 1
vt 0 0.9994580017557358
vt 0.0020217174428785846 0.9959559010486729
vt 0 1
vt 0.0005419982442642045 0.9979782825571214
vt 0.004044098951327107 1
vt 1.1362438767648086e-16 0.875
vt 0.0020937500000001137 0.875
vt 0.0020937500000001137 1
vt 1.1362438767648086e-16 1
vt 0.002021883452455284 1
vt 0 0.999458621370654
vt 0.0020218834524552845 0.9959562330950894
vt 0 0.9999999999999999
vt 0 0.9979062499999999
vt 0.00390625 0.9989531249999999
vt 1.1362438767648086e-16 0.875
vt 0.0020937500000001137 0.875
vt 0.0020937500000001137 1
vt 1.1362438767648086e-16 1
vt 0 0.9999999999999999
vt 0 0.9979062499999999
vt 0.00390625 0.9989531249999999
vt 0.002021883452455284 1
vt 0 0.999458621370654
vt 0.0020218834524552845 0.9959562330950894
vt 1.1362438767648086e-16 0.875
vt 0.0020937500000001137 0.875
vt 0.0020937500000001137 1
vt 1.1362438767648086e-16 1
vt 0 1
vt 0.0005419982442642045 0.9979782825571214
vt 0.004044098951327107 1
vt 0.0020217174428785838 1
vt 0 0.9994580017557358
vt 0.0020217174428785846 0.9959559010486729
vt 1.1362438767648086e-16 0.875
vt 0.0020937500000001137 0.875
vt 0.0020937500000001137 1
vt 1.1362438767648086e-16 1
vt 0 1
vt 0.0005413786293459507 0.9979781165475448
vt 0.004043766904910569 1
vt 0.0020937500000001137 1
vt 1.1362438767648086e-16 1
vt 0.0010468750000001137 0.99609375
vt 1.1362438767648086e-16 0.875
vt 0.0020937500000001137 0.875
vt 0.0020937500000001137 1
vt 1.1362438767648086e-16 1
vt 1.1362438767648086e-16 0.99609375
vt 0.0020937500000001137 0.99609375
vt 0.0010468750000001137 1
vn 1 3.336446474703018e-15 -6.672892949406248e-16
vn -1.5054764447086808e-15 0.2588190451025246 -0.9659258262890673
vn -1 -3.336446474703018e-15 6.672892949406248e-16
vn 1 3.336446474703018e-15 -6.672892949406248e-16
vn 2.1860473379730166e-16 -0.2588190451025428 -0.9659258262890625
vn -1 -3.336446474703018e-15 6.672892949406248e-16
vn 1 3.336446474703018e-15 -6.672892949406248e-16
vn 1.884110950420548e-15 -0.7071067811865519 -0.7071067811865432
vn -1 -3.336446474703018e-15 6.672892949406248e-16
vn 1 3.336446474703018e-15 -6.672892949406248e-16
vn 3.044771159428025e-15 -0.9659258262890691 -0.2588190451025182
vn -1 -3.336446474703018e-15 6.672892949406248e-16
vn 1 3.336446474703018e-15 -6.672892949406248e-16
vn 3.3895873951291985e-15 -0.9659258262890672 0.2588190451025252
vn -1 -3.336446474703018e-15 6.672892949406248e-16
vn 1 3.336446474703018e-15 -6.672892949406248e-16
vn 2.8261664256307848e-15 -0.7071067811865432 0.7071067811865518
vn -1 -3.336446474703018e-15 6.672892949406248e-16
vn 1 3.336446474703018e-15 -6.672892949406248e-16
vn 1.5054764447086808e-15 -0.2588190451025246 0.9659258262890673
vn -1 -3.336446474703018e-15 6.672892949406248e-16
vn 1 3.336446474703018e-15 -6.672892949406248e-16
vn -2.186047337972628e-16 0.25881904510253173 0.9659258262890653
vn -1 -3.336446474703018e-15 6.672892949406248e-16
vn 1 3.336446474703018e-15 -6.672892949406248e-16
vn -1.884110950420548e-15 0.7071067811865519 0.7071067811865432
vn -1 -3.336446474703018e-15 6.672892949406248e-16
vn 1 3.336446474703018e-15 -6.672892949406248e-16
vn -3.0447711594280322e-15 0.9659258262890703 0.2588190451025136
vn -1 -3.336446474703018e-15 6.672892949406248e-16
vn 1 3.336446474703018e-15 -6.672892949406248e-16
vn -3.3895873951291985e-15 0.9659258262890672 -0.2588190451025252
vn -1 -3.336446474703018e-15 6.672892949406248e-16
vn 1 3.336446474703018e-15 -6.672892949406248e-16
vn -2.8261664256307848e-15 0.7071067811865432 -0.7071067811865518
vn -1 -3.336446474703018e-15 6.672892949406248e-16
usemtl m_d80c1dfb-b22d-3056-2c8a-2ac1596ba4c7
f 315/1393/415 313/1394/415 311/1395/415
f 313/1396/416 315/1397/416 316/1398/416 314/1399/416
f 314/1400/417 316/1401/417 312/1402/417
f 317/1403/418 315/1404/418 311/1405/418
f 315/1406/419 317/1407/419 318/1408/419 316/1409/419
f 316/1410/420 318/1411/420 312/1412/420
f 319/1413/421 317/1414/421 311/1415/421
f 317/1416/422 319/1417/422 320/1418/422 318/1419/422
f 318/1420/423 320/1421/423 312/1422/423
f 321/1423/424 319/1424/424 311/1425/424
f 319/1426/425 321/1427/425 322/1428/425 320/1429/425
f 320/1430/426 322/1431/426 312/1432/426
f 323/1433/427 321/1434/427 311/1435/427
f 321/1436/428 323/1437/428 324/1438/428 322/1439/428
f 322/1440/429 324/1441/429 312/1442/429
f 325/1443/430 323/1444/430 311/1445/430
f 323/1446/431 325/1447/431 326/1448/431 324/1449/431
f 324/1450/432 326/1451/432 312/1452/432
f 327/1453/433 325/1454/433 311/1455/433
f 325/1456/434 327/1457/434 328/1458/434 326/1459/434
f 326/1460/435 328/1461/435 312/1462/435
f 329/1463/436 327/1464/436 311/1465/436
f 327/1466/437 329/1467/437 330/1468/437 328/1469/437
f 328/1470/438 330/1471/438 312/1472/438
f 331/1473/439 329/1474/439 311/1475/439
f 329/1476/440 331/1477/440 332/1478/440 330/1479/440
f 330/1480/441 332/1481/441 312/1482/441
f 333/1483/442 331/1484/442 311/1485/442
f 331/1486/443 333/1487/443 334/1488/443 332/1489/443
f 332/1490/444 334/1491/444 312/1492/444
f 335/1493/445 333/1494/445 311/1495/445
f 333/1496/446 335/1497/446 336/1498/446 334/1499/446
f 334/1500/447 336/1501/447 312/1502/447
f 313/1503/448 335/1504/448 311/1505/448
f 335/1506/449 313/1507/449 314/1508/449 336/1509/449
f 336/1510/450 314/1511/450 312/1512/450