# Made in Blockbench 5.1.5
mtllib nyc_subway_fare_gate_4_exit_closed.mtl

o left
v 0.625 0.375 0.375
v 0.625 0.375 -0.375
v 0.625 0 0.375
v 0.625 0 -0.375
v 0.375 0.375 -0.375
v 0.375 0.375 0.375
v 0.375 0 -0.375
v 0.375 0 0.375
vt 0.8828125 0.05065914062499999
vt 0.904296875 0.05065914062499999
vt 0.904296875 0.013671875
vt 0.8828125 0.013671875
vt 0.8828125 0.05065914062499999
vt 0.947265625 0.05065914062499999
vt 0.947265625 0.013671875
vt 0.8828125 0.013671875
vt 0.8828125 0.05065914062499999
vt 0.904296875 0.05065914062499999
vt 0.904296875 0.013671875
vt 0.8828125 0.013671875
vt 0.904296875 0.05065914062499999
vt 0.96875 0.05065914062499999
vt 0.96875 0.013671875
vt 0.904296875 0.013671875
vt 0.904296875 0.038330078125
vt 0.8828125 0.038330078125
vt 0.8828125 0.1123046875
vt 0.904296875 0.1123046875
vt 0.904296875 0.013671875
vt 0.8828125 0.013671875
vt 0.8828125 0.087646484375
vt 0.904296875 0.087646484375
vn 0 0 -1
vn 1 0 0
vn 0 0 1
vn -1 0 0
vn 0 1 0
vn 0 -1 0
usemtl m_c4285295-d1e0-dcfc-0036-196fac025b3b
f 4/4/1 7/3/1 5/2/1 2/1/1
f 3/8/2 4/7/2 2/6/2 1/5/2
f 8/12/3 3/11/3 1/10/3 6/9/3
f 7/16/4 8/15/4 6/14/4 5/13/4
f 6/20/5 1/19/5 2/18/5 5/17/5
f 7/24/6 4/23/6 3/22/6 8/21/6
o left
v 0.375 1.125 -0.46875
v 0.375 1.125 -0.375
v 0.375 0.875 -0.75
v 0.375 0.875 -0.375
v 0.625 1.125 -0.46875
v 0.625 1.125 -0.375
v 0.625 0.875 -0.75
v 0.625 0.875 -0.375
v 0.375 0.9375 -0.75
v 0.625 0.9375 -0.75
v 0.625 0.9375 -0.375
v 0.375 0.9375 -0.375
vt 0.96484375 0.17578125
vt 1 0.140625
vt 0.953125 0.140625
vt 0.953125 0.17578125
vt 0.953125 0.17578125
vt 0.953125 0.140625
vt 1 0.140625
vt 0.96484375 0.17578125
vt 0.8173828125 0.03125
vt 0.8173828125 0.078125
vt 0.7861328125 0.078125
vt 0.7861328125 0.03125
vt 0.953125 0.06384273437499999
vt 0.953125 0.095703125
vt 0.9140625 0.095703125
vt 0.9140625 0.06384273437499999
vt 0.7861328125 0.09375
vt 0.7861328125 0.0625
vt 0.8173828125 0.0625
vt 0.8173828125 0.09375
vt 0.919921875 0.17578125
vt 0.919921875 0.140625
vt 0.951171875 0.140625
vt 0.951171875 0.17578125
vt 0.8173828125 0.03125
vt 0.8173828125 0.0625
vt 0.7861328125 0.0625
vt 0.7861328125 0.03125
vt 1 0.12890625
vt 1 0.140625
vt 0.953125 0.140625
vt 0.953125 0.12890625
vt 0.953125 0.0107421875
vt 0.953125 0.031982421875
vt 0.9140625 0.031982421875
vt 0.9140625 0.0107421875
vt 0.953125 0.12890625
vt 0.953125 0.140625
vt 1 0.140625
vt 1 0.12890625
vn -1 0 0
vn 1 0 0
vn 0 1 0
vn 0 -1 0
vn 0 0.8320502943378438 -0.5547001962252291
vn 0 0 1
vn 0 0 -1
vn 1 0 0
vn 0 0 1
vn -1 0 0
usemtl m_c4285295-d1e0-dcfc-0036-196fac025b3b
f 9/25/7 17/26/7 20/27/7 10/28/7
f 14/29/8 19/30/8 18/31/8 13/32/8
f 9/33/9 10/34/9 14/35/9 13/36/9
f 12/37/10 11/38/10 15/39/10 16/40/10
f 13/41/11 18/42/11 17/43/11 9/44/11
f 10/45/12 20/46/12 19/47/12 14/48/12
f 11/49/13 17/50/13 18/51/13 15/52/13
f 15/53/14 18/54/14 19/55/14 16/56/14
f 16/57/15 19/58/15 20/59/15 12/60/15
f 12/61/16 20/62/16 17/63/16 11/64/16
o left
v 0.375 1.125 0.375
v 0.375 1.125 0.46875
v 0.375 0.875 0.375
v 0.375 0.875 0.75
v 0.625 1.125 0.375
v 0.625 1.125 0.46875
v 0.625 0.875 0.375
v 0.625 0.875 0.75
v 0.375 0.9375 0.375
v 0.625 0.9375 0.375
v 0.625 0.9375 0.75
v 0.375 0.9375 0.75
vt 0.953125 0.17578125
vt 0.953125 0.140625
vt 1 0.140625
vt 0.96484375 0.17578125
vt 0.96484375 0.17578125
vt 1 0.140625
vt 0.953125 0.140625
vt 0.953125 0.17578125
vt 0.7978515625 0.0341796875
vt 0.7978515625 0.0810546875
vt 0.7666015625 0.0810546875
vt 0.7666015625 0.0341796875
vt 0.953125 0.06384273437499999
vt 0.953125 0.095703125
vt 0.9140625 0.095703125
vt 0.9140625 0.06384273437499999
vt 0.919921875 0.17578125
vt 0.919921875 0.140625
vt 0.951171875 0.140625
vt 0.951171875 0.17578125
vt 0.791015625 0.064453125
vt 0.791015625 0.033203125
vt 0.822265625 0.033203125
vt 0.822265625 0.064453125
vt 0.953125 0.0107421875
vt 0.953125 0.031982421875
vt 0.9140625 0.031982421875
vt 0.9140625 0.0107421875
vt 0.953125 0.12890625
vt 0.953125 0.140625
vt 1 0.140625
vt 1 0.12890625
vt 0.7978515625 0.0341796875
vt 0.7978515625 0.0654296875
vt 0.7666015625 0.0654296875
vt 0.7666015625 0.0341796875
vt 1 0.12890625
vt 1 0.140625
vt 0.953125 0.140625
vt 0.953125 0.12890625
vn -1 0 0
vn 1 0 0
vn 0 1 0
vn 0 -1 0
vn 0 0 -1
vn 0 0.8320502943378438 0.5547001962252291
vn 0 0 -1
vn 1 0 0
vn 0 0 1
vn -1 0 0
usemtl m_c4285295-d1e0-dcfc-0036-196fac025b3b
f 21/65/17 29/66/17 32/67/17 22/68/17
f 26/69/18 31/70/18 30/71/18 25/72/18
f 21/73/19 22/74/19 26/75/19 25/76/19
f 24/77/20 23/78/20 27/79/20 28/80/20
f 25/81/21 30/82/21 29/83/21 21/84/21
f 22/85/22 32/86/22 31/87/22 26/88/22
f 23/89/23 29/90/23 30/91/23 27/92/23
f 27/93/24 30/94/24 31/95/24 28/96/24
f 28/97/25 31/98/25 32/99/25 24/100/25
f 24/101/26 32/102/26 29/103/26 23/104/26
o right
v 0.53125 1.09375 0.375
v 0.53125 1.09375 -0.375
v 0.53125 0.375 0.375
v 0.53125 0.375 -0.375
v 0.46875 1.09375 -0.375
v 0.46875 1.09375 0.375
v 0.46875 0.375 -0.375
v 0.46875 0.375 0.375
vt 0.8984375 0.0751953125
vt 1 0.0751953125
vt 1 0
vt 0.8984375 0
vt 0.888671875 0.1142578125
vt 0.982421875 0.1142578125
vt 0.982421875 0.0087890625
vt 0.888671875 0.0087890625
vt 0.8984375 0.0751953125
vt 1 0.0751953125
vt 1 0
vt 0.8984375 0
vt 0.888671875 0.1142578125
vt 0.982421875 0.1142578125
vt 0.982421875 0.0087890625
vt 0.888671875 0.0087890625
vt 1 0.0234375
vt 0.8984375 0.0234375
vt 0.8984375 0.0869140625
vt 1 0.0869140625
vt 1 0.0234375
vt 0.8984375 0.0234375
vt 0.8984375 0.0869140625
vt 1 0.0869140625
vn 0 0 -1
vn 1 0 0
vn 0 0 1
vn -1 0 0
vn 0 1 0
vn 0 -1 0
usemtl m_c4285295-d1e0-dcfc-0036-196fac025b3b
f 36/108/27 39/107/27 37/106/27 34/105/27
f 35/112/28 36/111/28 34/110/28 33/109/28
f 40/116/29 35/115/29 33/114/29 38/113/29
f 39/120/30 40/119/30 38/118/30 37/117/30
f 38/124/31 33/123/31 34/122/31 37/121/31
f 39/128/32 36/127/32 35/126/32 40/125/32
o right
v -0.375 0.375 0.375
v -0.375 0.375 -0.375
v -0.375 0 0.375
v -0.375 0 -0.375
v -0.625 0.375 -0.375
v -0.625 0.375 0.375
v -0.625 0 -0.375
v -0.625 0 0.375
vt 0.8828125 0.05065914062499999
vt 0.904296875 0.05065914062499999
vt 0.904296875 0.013671875
vt 0.8828125 0.013671875
vt 0.904296875 0.05065914062499999
vt 0.96875 0.05065914062499999
vt 0.96875 0.013671875
vt 0.904296875 0.013671875
vt 0.8828125 0.05065914062499999
vt 0.904296875 0.05065914062499999
vt 0.904296875 0.013671875
vt 0.8828125 0.013671875
vt 0.8828125 0.05065914062499999
vt 0.947265625 0.05065914062499999
vt 0.947265625 0.013671875
vt 0.8828125 0.013671875
vt 0.904296875 0.013671875
vt 0.8828125 0.013671875
vt 0.8828125 0.087646484375
vt 0.904296875 0.087646484375
vt 0.904296875 0.038330078125
vt 0.8828125 0.038330078125
vt 0.8828125 0.1123046875
vt 0.904296875 0.1123046875
vn 0 0 -1
vn 1 0 0
vn 0 0 1
vn -1 0 0
vn 0 1 0
vn 0 -1 0
usemtl m_c4285295-d1e0-dcfc-0036-196fac025b3b
f 44/132/33 47/131/33 45/130/33 42/129/33
f 43/136/34 44/135/34 42/134/34 41/133/34
f 48/140/35 43/139/35 41/138/35 46/137/35
f 47/144/36 48/143/36 46/142/36 45/141/36
f 46/148/37 41/147/37 42/146/37 45/145/37
f 47/152/38 44/151/38 43/150/38 48/149/38
o right
v -0.625 1.125 -0.46875
v -0.625 1.125 -0.375
v -0.625 0.875 -0.75
v -0.625 0.875 -0.375
v -0.375 1.125 -0.46875
v -0.375 1.125 -0.375
v -0.375 0.875 -0.75
v -0.375 0.875 -0.375
v -0.625 0.9375 -0.75
v -0.375 0.9375 -0.75
v -0.375 0.9375 -0.375
v -0.625 0.9375 -0.375
vt 0.96484375 0.17578125
vt 1 0.140625
vt 0.953125 0.140625
vt 0.953125 0.17578125
vt 0.953125 0.17578125
vt 0.953125 0.140625
vt 1 0.140625
vt 0.96484375 0.17578125
vt 0.83203125 0.0361328125
vt 0.83203125 0.0830078125
vt 0.80078125 0.0830078125
vt 0.80078125 0.0361328125
vt 0.953125 0.06384273437499999
vt 0.953125 0.095703125
vt 0.9140625 0.095703125
vt 0.9140625 0.06384273437499999
vt 0.80078125 0.0986328125
vt 0.80078125 0.0673828125
vt 0.83203125 0.0673828125
vt 0.83203125 0.0986328125
vt 0.919921875 0.17578125
vt 0.919921875 0.140625
vt 0.951171875 0.140625
vt 0.951171875 0.17578125
vt 0.83203125 0.0361328125
vt 0.83203125 0.0673828125
vt 0.80078125 0.0673828125
vt 0.80078125 0.0361328125
vt 1 0.12890625
vt 1 0.140625
vt 0.953125 0.140625
vt 0.953125 0.12890625
vt 0.953125 0.0107421875
vt 0.953125 0.031982421875
vt 0.9140625 0.031982421875
vt 0.9140625 0.0107421875
vt 0.953125 0.12890625
vt 0.953125 0.140625
vt 1 0.140625
vt 1 0.12890625
vn -1 0 0
vn 1 0 0
vn 0 1 0
vn 0 -1 0
vn 0 0.8320502943378438 -0.5547001962252291
vn 0 0 1
vn 0 0 -1
vn 1 0 0
vn 0 0 1
vn -1 0 0
usemtl m_c4285295-d1e0-dcfc-0036-196fac025b3b
f 49/153/39 57/154/39 60/155/39 50/156/39
f 54/157/40 59/158/40 58/159/40 53/160/40
f 49/161/41 50/162/41 54/163/41 53/164/41
f 52/165/42 51/166/42 55/167/42 56/168/42
f 53/169/43 58/170/43 57/171/43 49/172/43
f 50/173/44 60/174/44 59/175/44 54/176/44
f 51/177/45 57/178/45 58/179/45 55/180/45
f 55/181/46 58/182/46 59/183/46 56/184/46
f 56/185/47 59/186/47 60/187/47 52/188/47
f 52/189/48 60/190/48 57/191/48 51/192/48
o right
v -0.625 1.125 0.375
v -0.625 1.125 0.46875
v -0.625 0.875 0.375
v -0.625 0.875 0.75
v -0.375 1.125 0.375
v -0.375 1.125 0.46875
v -0.375 0.875 0.375
v -0.375 0.875 0.75
v -0.625 0.9375 0.375
v -0.375 0.9375 0.375
v -0.375 0.9375 0.75
v -0.625 0.9375 0.75
vt 0.953125 0.17578125
vt 0.953125 0.140625
vt 1 0.140625
vt 0.96484375 0.17578125
vt 0.96484375 0.17578125
vt 1 0.140625
vt 0.953125 0.140625
vt 0.953125 0.17578125
vt 0.8505859375 0.02734375
vt 0.8505859375 0.07421875
vt 0.8193359375 0.07421875
vt 0.8193359375 0.02734375
vt 0.953125 0.06384273437499999
vt 0.953125 0.095703125
vt 0.9140625 0.095703125
vt 0.9140625 0.06384273437499999
vt 0.919921875 0.17578125
vt 0.919921875 0.140625
vt 0.951171875 0.140625
vt 0.951171875 0.17578125
vt 0.8193359375 0.08984375
vt 0.8193359375 0.05859375
vt 0.8505859375 0.05859375
vt 0.8505859375 0.08984375
vt 0.953125 0.0107421875
vt 0.953125 0.031982421875
vt 0.9140625 0.031982421875
vt 0.9140625 0.0107421875
vt 0.953125 0.12890625
vt 0.953125 0.140625
vt 1 0.140625
vt 1 0.12890625
vt 0.8505859375 0.02734375
vt 0.8505859375 0.05859375
vt 0.8193359375 0.05859375
vt 0.8193359375 0.02734375
vt 1 0.12890625
vt 1 0.140625
vt 0.953125 0.140625
vt 0.953125 0.12890625
vn -1 0 0
vn 1 0 0
vn 0 1 0
vn 0 -1 0
vn 0 0 -1
vn 0 0.8320502943378438 0.5547001962252291
vn 0 0 -1
vn 1 0 0
vn 0 0 1
vn -1 0 0
usemtl m_c4285295-d1e0-dcfc-0036-196fac025b3b
f 61/193/49 69/194/49 72/195/49 62/196/49
f 66/197/50 71/198/50 70/199/50 65/200/50
f 61/201/51 62/202/51 66/203/51 65/204/51
f 64/205/52 63/206/52 67/207/52 68/208/52
f 65/209/53 70/210/53 69/211/53 61/212/53
f 62/213/54 72/214/54 71/215/54 66/216/54
f 63/217/55 69/218/55 70/219/55 67/220/55
f 67/221/56 70/222/56 71/223/56 68/224/56
f 68/225/57 71/226/57 72/227/57 64/228/57
f 64/229/58 72/230/58 69/231/58 63/232/58
o right
v -0.4375 0.3750000000000001 0
v -0.4375 2.25 0
v -0.44587375 0.3750000000000001 -0.03125
v -0.44587375 2.25 -0.03125
v -0.46037625 0.3750000000000001 -0.02287625
v -0.46037625 2.25 -0.02287625
v -0.46875 0.3750000000000001 -0.00837375
v -0.46875 2.25 -0.00837375
v -0.46875 0.3750000000000001 0.00837375
v -0.46875 2.25 0.00837375
v -0.46037625 0.3750000000000001 0.02287625
v -0.46037625 2.25 0.02287625
v -0.44587375 0.3750000000000001 0.03125
v -0.44587375 2.25 0.03125
v -0.42912625 0.3750000000000001 0.03125
v -0.42912625 2.25 0.03125
v -0.41462375 0.3750000000000001 0.02287625
v -0.41462375 2.25 0.02287625
v -0.40625 0.3750000000000001 0.00837375
v -0.40625 2.25 0.00837375
v -0.40625 0.3750000000000001 -0.00837375
v -0.40625 2.25 -0.00837375
v -0.41462375 0.3750000000000001 -0.02287625
v -0.41462375 2.25 -0.02287625
v -0.42912625 0.3750000000000001 -0.03125
v -0.42912625 2.25 -0.03125
vt 0.928846953125 0.11059874999999997
vt 0.925821640625 0.1123046875
vt 0.90625 0.11059874999999997
vt 0.90625 0.0595703125
vt 0.917950078125 0.0595703125
vt 0.917950078125 0.1123046875
vt 0.90625 0.1123046875
vt 0.90625 0.10889249999999995
vt 0.9175475 0.10934976562499998
vt 0.90625 0.1123046875
vt 0.92884875 0.11059882812499999
vt 0.925820078125 0.1123046875
vt 0.90625 0.11059882812499999
vt 0.90625 0.0595703125
vt 0.917950078125 0.0595703125
vt 0.917950078125 0.1123046875
vt 0.90625 0.1123046875
vt 0.90625 0.10889273437500002
vt 0.9175484375 0.10934953125000002
vt 0.90625 0.1123046875
vt 0.9280784375 0.11053804687500002
vt 0.9280784375 0.1123046875
vt 0.90625 0.11142140624999997
vt 0.90625 0.0595703125
vt 0.917950078125 0.0595703125
vt 0.917950078125 0.1123046875
vt 0.90625 0.1123046875
vt 0.9280784375 0.11053804687500002
vt 0.9280784375 0.1123046875
vt 0.90625 0.11142140624999997
vt 0.90625 0.10889273437500002
vt 0.9175484375 0.10934953125000002
vt 0.90625 0.1123046875
vt 0.90625 0.0595703125
vt 0.917950078125 0.0595703125
vt 0.917950078125 0.1123046875
vt 0.90625 0.1123046875
vt 0.92884875 0.11059882812499999
vt 0.925820078125 0.1123046875
vt 0.90625 0.11059882812499999
vt 0.90625 0.10889249999999995
vt 0.9175475 0.10934976562499998
vt 0.90625 0.1123046875
vt 0.90625 0.0595703125
vt 0.917950078125 0.0595703125
vt 0.917950078125 0.1123046875
vt 0.90625 0.1123046875
vt 0.928846953125 0.11059874999999997
vt 0.925821640625 0.1123046875
vt 0.90625 0.11059874999999997
vt 0.90625 0.10900874999999999
vt 0.917950078125 0.10900874999999999
vt 0.9121 0.1123046875
vt 0.90625 0.0595703125
vt 0.917950078125 0.0595703125
vt 0.917950078125 0.1123046875
vt 0.90625 0.1123046875
vt 0.917950078125 0.1123046875
vt 0.90625 0.1123046875
vt 0.9121 0.10900874999999999
vt 0.90625 0.1123046875
vt 0.909275234375 0.11059874999999997
vt 0.928846953125 0.1123046875
vt 0.90625 0.0595703125
vt 0.917950078125 0.0595703125
vt 0.917950078125 0.1123046875
vt 0.90625 0.1123046875
vt 0.9175475 0.1123046875
vt 0.90625 0.11184734375000005
vt 0.9175475 0.10889249999999995
vt 0.90625 0.1123046875
vt 0.90927875 0.11059882812499999
vt 0.92884875 0.1123046875
vt 0.90625 0.0595703125
vt 0.917950078125 0.0595703125
vt 0.917950078125 0.1123046875
vt 0.90625 0.1123046875
vt 0.9175484375 0.1123046875
vt 0.90625 0.111847890625
vt 0.9175484375 0.10889273437500002
vt 0.90625 0.1123046875
vt 0.90625 0.11053804687500002
vt 0.9280784375 0.11142140624999997
vt 0.90625 0.0595703125
vt 0.917950078125 0.0595703125
vt 0.917950078125 0.1123046875
vt 0.90625 0.1123046875
vt 0.90625 0.1123046875
vt 0.90625 0.11053804687500002
vt 0.9280784375 0.11142140624999997
vt 0.9175484375 0.1123046875
vt 0.90625 0.111847890625
vt 0.9175484375 0.10889273437500002
vt 0.90625 0.0595703125
vt 0.917950078125 0.0595703125
vt 0.917950078125 0.1123046875
vt 0.90625 0.1123046875
vt 0.90625 0.1123046875
vt 0.90927875 0.11059882812499999
vt 0.92884875 0.1123046875
vt 0.9175475 0.1123046875
vt 0.90625 0.11184734375000005
vt 0.9175475 0.10889249999999995
vt 0.90625 0.0595703125
vt 0.917950078125 0.0595703125
vt 0.917950078125 0.1123046875
vt 0.90625 0.1123046875
vt 0.90625 0.1123046875
vt 0.909275234375 0.11059874999999997
vt 0.928846953125 0.1123046875
vt 0.917950078125 0.1123046875
vt 0.90625 0.1123046875
vt 0.9121 0.10900874999999999
vt 0.90625 0.0595703125
vt 0.917950078125 0.0595703125
vt 0.917950078125 0.1123046875
vt 0.90625 0.1123046875
vt 0.90625 0.10900874999999999
vt 0.917950078125 0.10900874999999999
vt 0.9121 0.1123046875
vn 0 -1 0
vn -0.5000325911601271 0 -0.8660065864516789
vn 0 1 0
vn 0 -1 0
vn -0.8660065864516789 0 -0.5000325911601271
vn 0 1 0
vn 0 -1 0
vn -1 0 0
vn 0 1 0
vn 0 -1 0
vn -0.8660065864516789 0 0.5000325911601271
vn 0 1 0
vn 0 -1 0
vn -0.5000325911601271 0 0.8660065864516789
vn 0 1 0
vn 0 -1 0
vn 0 0 1
vn 0 1 0
vn 0 -1 0
vn 0.5000325911601271 0 0.8660065864516789
vn 0 1 0
vn 0 -1 0
vn 0.8660065864516789 0 0.5000325911601271
vn 0 1 0
vn 0 -1 0
vn 1 0 0
vn 0 1 0
vn 0 -1 0
vn 0.8660065864516789 0 -0.5000325911601271
vn 0 1 0
vn 0 -1 0
vn 0.5000325911601271 0 -0.8660065864516789
vn 0 1 0
vn 0 -1 0
vn 0 0 -1
vn 0 1 0
usemtl m_c4285295-d1e0-dcfc-0036-196fac025b3b
f 77/233/59 75/234/59 73/235/59
f 75/236/60 77/237/60 78/238/60 76/239/60
f 76/240/61 78/241/61 74/242/61
f 79/243/62 77/244/62 73/245/62
f 77/246/63 79/247/63 80/248/63 78/249/63
f 78/250/64 80/251/64 74/252/64
f 81/253/65 79/254/65 73/255/65
f 79/256/66 81/257/66 82/258/66 80/259/66
f 80/260/67 82/261/67 74/262/67
f 83/263/68 81/264/68 73/265/68
f 81/266/69 83/267/69 84/268/69 82/269/69
f 82/270/70 84/271/70 74/272/70
f 85/273/71 83/274/71 73/275/71
f 83/276/72 85/277/72 86/278/72 84/279/72
f 84/280/73 86/281/73 74/282/73
f 87/283/74 85/284/74 73/285/74
f 85/286/75 87/287/75 88/288/75 86/289/75
f 86/290/76 88/291/76 74/292/76
f 89/293/77 87/294/77 73/295/77
f 87/296/78 89/297/78 90/298/78 88/299/78
f 88/300/79 90/301/79 74/302/79
f 91/303/80 89/304/80 73/305/80
f 89/306/81 91/307/81 92/308/81 90/309/81
f 90/310/82 92/311/82 74/312/82
f 93/313/83 91/314/83 73/315/83
f 91/316/84 93/317/84 94/318/84 92/319/84
f 92/320/85 94/321/85 74/322/85
f 95/323/86 93/324/86 73/325/86
f 93/326/87 95/327/87 96/328/87 94/329/87
f 94/330/88 96/331/88 74/332/88
f 97/333/89 95/334/89 73/335/89
f 95/336/90 97/337/90 98/338/90 96/339/90
f 96/340/91 98/341/91 74/342/91
f 75/343/92 97/344/92 73/345/92
f 97/346/93 75/347/93 76/348/93 98/349/93
f 98/350/94 76/351/94 74/352/94
o doorLeft
v 0.4375 2.15625 0
v 0.4375 2.15625 0
v 0.4375 0.4375 0
v 0.4375 0.4375 0
v 0.03125 2.15625 0
v 0.03125 2.15625 0
v 0.03125 0.4375 0
v 0.03125 0.4375 0
vt 0.6552734375 0.21484375
vt 0.7060546875 0.21484375
vt 0.7060546875 0
vt 0.6552734375 0
vt 0.0078125 1
vt 0.0078125 1
vt 0.0078125 0.875
vt 0.0078125 0.875
vt 0.7060546875 0.21484375
vt 0.6552734375 0.21484375
vt 0.6552734375 0
vt 0.7060546875 0
vt 0.0078125 1
vt 0.0078125 1
vt 0.0078125 0.875
vt 0.0078125 0.875
vt 0.03515625 0.9921875
vt 0 0.9921875
vt 0 0.9921875
vt 0.03515625 0.9921875
vt 0.03515625 0.9921875
vt 0 0.9921875
vt 0 0.9921875
vt 0.03515625 0.9921875
vn 0 0 -1
vn 1 0 0
vn 0 0 1
vn -1 0 0
vn 0 1 0
vn 0 -1 0
usemtl m_c4285295-d1e0-dcfc-0036-196fac025b3b
f 102/356/95 105/355/95 103/354/95 100/353/95
f 101/360/96 102/359/96 100/358/96 99/357/96
f 106/364/97 101/363/97 99/362/97 104/361/97
f 105/368/98 106/367/98 104/366/98 103/365/98
f 104/372/99 99/371/99 100/370/99 103/369/99
f 105/376/100 102/375/100 101/374/100 106/373/100
o doorLeft
v 0.15625000000000006 0.4687500000000001 0
v 0.12500000000000006 0.4687500000000001 0
v 0.15625000000000006 0.460376875 -0.03125
v 0.12500000000000006 0.460376875 -0.03125
v 0.15625000000000006 0.445873125 -0.022876875000000005
v 0.12500000000000006 0.445873125 -0.022876875000000005
v 0.15625 0.4375000000000001 -0.008373125000000002
v 0.125 0.4375000000000001 -0.008373125000000002
v 0.15625 0.4375000000000001 0.008373124999999995
v 0.125 0.4375000000000001 0.008373124999999995
v 0.15625000000000006 0.445873125 0.022876875000000005
v 0.12500000000000006 0.445873125 0.022876875000000005
v 0.15625000000000006 0.460376875 0.03125
v 0.12500000000000006 0.460376875 0.03125
v 0.15625000000000006 0.477123125 0.03125
v 0.12500000000000006 0.477123125 0.03125
v 0.15625000000000006 0.491626875 0.022876875000000005
v 0.12500000000000006 0.491626875 0.022876875000000005
v 0.15625000000000006 0.5000000000000001 0.008373124999999995
v 0.12500000000000006 0.5000000000000001 0.008373124999999995
v 0.15625000000000006 0.5000000000000001 -0.008373125000000002
v 0.12500000000000006 0.5000000000000001 -0.008373125000000002
v 0.15625000000000006 0.491626875 -0.022876875000000005
v 0.12500000000000006 0.491626875 -0.022876875000000005
v 0.15625000000000006 0.477123125 -0.03125
v 0.12500000000000006 0.477123125 -0.03125
vt 0.9052721875 0.106242109375
vt 0.903243515625 0.10791015625
vt 0.890119453125 0.106242109375
vt 0.890119453125 0.091796875
vt 0.89796515625 0.091796875
vt 0.89796515625 0.10791015625
vt 0.890119453125 0.10791015625
vt 0.890119453125 0.10457375000000002
vt 0.897695234375 0.10502093749999997
vt 0.890119453125 0.10791015625
vt 0.9052734375 0.10624226562500005
vt 0.9032425 0.10791015625
vt 0.890119453125 0.10624226562500005
vt 0.890119453125 0.091796875
vt 0.89796515625 0.091796875
vt 0.89796515625 0.10791015625
vt 0.890119453125 0.10791015625
vt 0.890119453125 0.10457406250000001
vt 0.897695859375 0.105020703125
vt 0.890119453125 0.10791015625
vt 0.904756875 0.10618281249999995
vt 0.904756875 0.10791015625
vt 0.890119453125 0.10704648437499997
vt 0.890119453125 0.091796875
vt 0.89796515625 0.091796875
vt 0.89796515625 0.10791015625
vt 0.890119453125 0.10791015625
vt 0.904756875 0.10618281249999995
vt 0.904756875 0.10791015625
vt 0.890119453125 0.10704648437499997
vt 0.890119453125 0.10457406250000001
vt 0.897695859375 0.105020703125
vt 0.890119453125 0.10791015625
vt 0.890119453125 0.091796875
vt 0.89796515625 0.091796875
vt 0.89796515625 0.10791015625
vt 0.890119453125 0.10791015625
vt 0.9052734375 0.10624226562500005
vt 0.9032425 0.10791015625
vt 0.890119453125 0.10624226562500005
vt 0.890119453125 0.10457375000000002
vt 0.897695234375 0.10502093749999997
vt 0.890119453125 0.10791015625
vt 0.890119453125 0.091796875
vt 0.89796515625 0.091796875
vt 0.89796515625 0.10791015625
vt 0.890119453125 0.10791015625
vt 0.9052721875 0.106242109375
vt 0.903243515625 0.10791015625
vt 0.890119453125 0.106242109375
vt 0.890119453125 0.10468750000000004
vt 0.89796515625 0.10468750000000004
vt 0.89404234375 0.10791015625
vt 0.890119453125 0.091796875
vt 0.89796515625 0.091796875
vt 0.89796515625 0.10791015625
vt 0.890119453125 0.10791015625
vt 0.89796515625 0.10791015625
vt 0.890119453125 0.10791015625
vt 0.89404234375 0.10468750000000004
vt 0.890119453125 0.10791015625
vt 0.892148125 0.106242109375
vt 0.9052721875 0.10791015625
vt 0.890119453125 0.091796875
vt 0.89796515625 0.091796875
vt 0.89796515625 0.10791015625
vt 0.890119453125 0.10791015625
vt 0.897695234375 0.10791015625
vt 0.890119453125 0.10746296875000005
vt 0.897695234375 0.10457375000000002
vt 0.890119453125 0.10791015625
vt 0.89215046875 0.10624226562500005
vt 0.9052734375 0.10791015625
vt 0.890119453125 0.091796875
vt 0.89796515625 0.091796875
vt 0.89796515625 0.10791015625
vt 0.890119453125 0.10791015625
vt 0.897695859375 0.10791015625
vt 0.890119453125 0.107463515625
vt 0.897695859375 0.10457406250000001
vt 0.890119453125 0.10791015625
vt 0.890119453125 0.10618281249999995
vt 0.904756875 0.10704648437499997
vt 0.890119453125 0.091796875
vt 0.89796515625 0.091796875
vt 0.89796515625 0.10791015625
vt 0.890119453125 0.10791015625
vt 0.890119453125 0.10791015625
vt 0.890119453125 0.10618281249999995
vt 0.904756875 0.10704648437499997
vt 0.897695859375 0.10791015625
vt 0.890119453125 0.107463515625
vt 0.897695859375 0.10457406250000001
vt 0.890119453125 0.091796875
vt 0.89796515625 0.091796875
vt 0.89796515625 0.10791015625
vt 0.890119453125 0.10791015625
vt 0.890119453125 0.10791015625
vt 0.89215046875 0.10624226562500005
vt 0.9052734375 0.10791015625
vt 0.897695234375 0.10791015625
vt 0.890119453125 0.10746296875000005
vt 0.897695234375 0.10457375000000002
vt 0.890119453125 0.091796875
vt 0.89796515625 0.091796875
vt 0.89796515625 0.10791015625
vt 0.890119453125 0.10791015625
vt 0.890119453125 0.10791015625
vt 0.892148125 0.106242109375
vt 0.9052721875 0.10791015625
vt 0.89796515625 0.10791015625
vt 0.890119453125 0.10791015625
vt 0.89404234375 0.10468750000000004
vt 0.890119453125 0.091796875
vt 0.89796515625 0.091796875
vt 0.89796515625 0.10791015625
vt 0.890119453125 0.10791015625
vt 0.890119453125 0.10468750000000004
vt 0.89796515625 0.10468750000000004
vt 0.89404234375 0.10791015625
vn 1 -2.220446049250313e-16 0
vn -1.1101614741826176e-16 -0.49997228014499173 -0.8660414072586934
vn -1 2.220446049250313e-16 0
vn 1 -2.220446049250313e-16 0
vn -1.9229982212347533e-16 -0.8660414072586962 -0.49997228014498707
vn -1 2.220446049250313e-16 0
vn 1 -2.220446049250313e-16 0
vn -2.220446049250313e-16 -1 0
vn -1 2.220446049250313e-16 0
vn 1 -2.220446049250313e-16 0
vn -1.9229982212347536e-16 -0.8660414072586963 0.4999722801449869
vn -1 2.220446049250313e-16 0
vn 1 -2.220446049250313e-16 0
vn -1.1101614741826176e-16 -0.49997228014499173 0.8660414072586934
vn -1 2.220446049250313e-16 0
vn 1 -2.220446049250313e-16 0
vn 0 0 1
vn -1 2.220446049250313e-16 0
vn 1 -2.220446049250313e-16 0
vn 1.1101614741826176e-16 0.49997228014499173 0.8660414072586934
vn -1 2.220446049250313e-16 0
vn 1 -2.220446049250313e-16 0
vn 1.9229982212347407e-16 0.8660414072586905 0.49997228014499684
vn -1 2.220446049250313e-16 0
vn 1 -2.220446049250313e-16 0
vn 2.220446049250313e-16 1 0
vn -1 2.220446049250313e-16 0
vn 1 -2.220446049250313e-16 0
vn 1.9229982212347405e-16 0.8660414072586904 -0.499972280144997
vn -1 2.220446049250313e-16 0
vn 1 -2.220446049250313e-16 0
vn 1.1101614741826176e-16 0.49997228014499173 -0.8660414072586934
vn -1 2.220446049250313e-16 0
vn 1 -2.220446049250313e-16 0
vn 0 0 -1
vn -1 2.220446049250313e-16 0
usemtl m_c4285295-d1e0-dcfc-0036-196fac025b3b
f 111/377/101 109/378/101 107/379/101
f 109/380/102 111/381/102 112/382/102 110/383/102
f 110/384/103 112/385/103 108/386/103
f 113/387/104 111/388/104 107/389/104
f 111/390/105 113/391/105 114/392/105 112/393/105
f 112/394/106 114/395/106 108/396/106
f 115/397/107 113/398/107 107/399/107
f 113/400/108 115/401/108 116/402/108 114/403/108
f 114/404/109 116/405/109 108/406/109
f 117/407/110 115/408/110 107/409/110
f 115/410/111 117/411/111 118/412/111 116/413/111
f 116/414/112 118/415/112 108/416/112
f 119/417/113 117/418/113 107/419/113
f 117/420/114 119/421/114 120/422/114 118/423/114
f 118/424/115 120/425/115 108/426/115
f 121/427/116 119/428/116 107/429/116
f 119/430/117 121/431/117 122/432/117 120/433/117
f 120/434/118 122/435/118 108/436/118
f 123/437/119 121/438/119 107/439/119
f 121/440/120 123/441/120 124/442/120 122/443/120
f 122/444/121 124/445/121 108/446/121
f 125/447/122 123/448/122 107/449/122
f 123/450/123 125/451/123 126/452/123 124/453/123
f 124/454/124 126/455/124 108/456/124
f 127/457/125 125/458/125 107/459/125
f 125/460/126 127/461/126 128/462/126 126/463/126
f 126/464/127 128/465/127 108/466/127
f 129/467/128 127/468/128 107/469/128
f 127/470/129 129/471/129 130/472/129 128/473/129
f 128/474/130 130/475/130 108/476/130
f 131/477/131 129/478/131 107/479/131
f 129/480/132 131/481/132 132/482/132 130/483/132
f 130/484/133 132/485/133 108/486/133
f 109/487/134 131/488/134 107/489/134
f 131/490/135 109/491/135 110/492/135 132/493/135
f 132/494/136 110/495/136 108/496/136
o doorLeft
v 0.4375000000000001 2.125 0
v 0.1250000000000001 2.125 0
v 0.4375000000000001 2.1166268749999997 -0.03125
v 0.1250000000000001 2.1166268749999997 -0.03125
v 0.4375000000000001 2.1021231250000003 -0.022876875000000005
v 0.1250000000000001 2.1021231250000003 -0.022876875000000005
v 0.4375000000000001 2.09375 -0.008373125000000002
v 0.1250000000000001 2.09375 -0.008373125000000002
v 0.4375000000000001 2.09375 0.008373124999999995
v 0.1250000000000001 2.09375 0.008373124999999995
v 0.4375000000000001 2.1021231250000003 0.022876875000000005
v 0.1250000000000001 2.1021231250000003 0.022876875000000005
v 0.4375000000000001 2.1166268749999997 0.03125
v 0.1250000000000001 2.1166268749999997 0.03125
v 0.4375000000000001 2.1333731250000003 0.03125
v 0.1250000000000001 2.1333731250000003 0.03125
v 0.4375000000000001 2.1478768749999997 0.022876875000000005
v 0.1250000000000001 2.1478768749999997 0.022876875000000005
v 0.4375000000000001 2.15625 0.008373124999999995
v 0.1250000000000001 2.15625 0.008373124999999995
v 0.4375000000000001 2.15625 -0.008373125000000002
v 0.1250000000000001 2.15625 -0.008373125000000002
v 0.4375000000000001 2.1478768749999997 -0.022876875000000005
v 0.1250000000000001 2.1478768749999997 -0.022876875000000005
v 0.4375000000000001 2.1333731250000003 -0.03125
v 0.1250000000000001 2.1333731250000003 -0.03125
vt 0.9052721875 0.106242109375
vt 0.903243515625 0.10791015625
vt 0.890119453125 0.106242109375
vt 0.890119453125 0.091796875
vt 0.89796515625 0.091796875
vt 0.89796515625 0.10791015625
vt 0.890119453125 0.10791015625
vt 0.890119453125 0.10457375000000002
vt 0.897695234375 0.10502093749999997
vt 0.890119453125 0.10791015625
vt 0.9052734375 0.10624226562500005
vt 0.9032425 0.10791015625
vt 0.890119453125 0.10624226562500005
vt 0.890119453125 0.091796875
vt 0.89796515625 0.091796875
vt 0.89796515625 0.10791015625
vt 0.890119453125 0.10791015625
vt 0.890119453125 0.10457406250000001
vt 0.897695859375 0.105020703125
vt 0.890119453125 0.10791015625
vt 0.904756875 0.10618281249999995
vt 0.904756875 0.10791015625
vt 0.890119453125 0.10704648437499997
vt 0.890119453125 0.091796875
vt 0.89796515625 0.091796875
vt 0.89796515625 0.10791015625
vt 0.890119453125 0.10791015625
vt 0.904756875 0.10618281249999995
vt 0.904756875 0.10791015625
vt 0.890119453125 0.10704648437499997
vt 0.890119453125 0.10457406250000001
vt 0.897695859375 0.105020703125
vt 0.890119453125 0.10791015625
vt 0.890119453125 0.091796875
vt 0.89796515625 0.091796875
vt 0.89796515625 0.10791015625
vt 0.890119453125 0.10791015625
vt 0.9052734375 0.10624226562500005
vt 0.9032425 0.10791015625
vt 0.890119453125 0.10624226562500005
vt 0.890119453125 0.10457375000000002
vt 0.897695234375 0.10502093749999997
vt 0.890119453125 0.10791015625
vt 0.890119453125 0.091796875
vt 0.89796515625 0.091796875
vt 0.89796515625 0.10791015625
vt 0.890119453125 0.10791015625
vt 0.9052721875 0.106242109375
vt 0.903243515625 0.10791015625
vt 0.890119453125 0.106242109375
vt 0.890119453125 0.10468750000000004
vt 0.89796515625 0.10468750000000004
vt 0.89404234375 0.10791015625
vt 0.890119453125 0.091796875
vt 0.89796515625 0.091796875
vt 0.89796515625 0.10791015625
vt 0.890119453125 0.10791015625
vt 0.89796515625 0.10791015625
vt 0.890119453125 0.10791015625
vt 0.89404234375 0.10468750000000004
vt 0.890119453125 0.10791015625
vt 0.892148125 0.106242109375
vt 0.9052721875 0.10791015625
vt 0.890119453125 0.091796875
vt 0.89796515625 0.091796875
vt 0.89796515625 0.10791015625
vt 0.890119453125 0.10791015625
vt 0.897695234375 0.10791015625
vt 0.890119453125 0.10746296875000005
vt 0.897695234375 0.10457375000000002
vt 0.890119453125 0.10791015625
vt 0.89215046875 0.10624226562500005
vt 0.9052734375 0.10791015625
vt 0.890119453125 0.091796875
vt 0.89796515625 0.091796875
vt 0.89796515625 0.10791015625
vt 0.890119453125 0.10791015625
vt 0.897695859375 0.10791015625
vt 0.890119453125 0.107463515625
vt 0.897695859375 0.10457406250000001
vt 0.890119453125 0.10791015625
vt 0.890119453125 0.10618281249999995
vt 0.904756875 0.10704648437499997
vt 0.890119453125 0.091796875
vt 0.89796515625 0.091796875
vt 0.89796515625 0.10791015625
vt 0.890119453125 0.10791015625
vt 0.890119453125 0.10791015625
vt 0.890119453125 0.10618281249999995
vt 0.904756875 0.10704648437499997
vt 0.897695859375 0.10791015625
vt 0.890119453125 0.107463515625
vt 0.897695859375 0.10457406250000001
vt 0.890119453125 0.091796875
vt 0.89796515625 0.091796875
vt 0.89796515625 0.10791015625
vt 0.890119453125 0.10791015625
vt 0.890119453125 0.10791015625
vt 0.89215046875 0.10624226562500005
vt 0.9052734375 0.10791015625
vt 0.897695234375 0.10791015625
vt 0.890119453125 0.10746296875000005
vt 0.897695234375 0.10457375000000002
vt 0.890119453125 0.091796875
vt 0.89796515625 0.091796875
vt 0.89796515625 0.10791015625
vt 0.890119453125 0.10791015625
vt 0.890119453125 0.10791015625
vt 0.892148125 0.106242109375
vt 0.9052721875 0.10791015625
vt 0.89796515625 0.10791015625
vt 0.890119453125 0.10791015625
vt 0.89404234375 0.10468750000000004
vt 0.890119453125 0.091796875
vt 0.89796515625 0.091796875
vt 0.89796515625 0.10791015625
vt 0.890119453125 0.10791015625
vt 0.890119453125 0.10468750000000004
vt 0.89796515625 0.10468750000000004
vt 0.89404234375 0.10791015625
vn 1 -2.220446049250313e-16 0
vn -1.1101614741826305e-16 -0.4999722801449975 -0.86604140725869
vn -1 2.220446049250313e-16 0
vn 1 -2.220446049250313e-16 0
vn -1.9229982212347407e-16 -0.8660414072586905 -0.49997228014499706
vn -1 2.220446049250313e-16 0
vn 1 -2.220446049250313e-16 0
vn -2.220446049250313e-16 -1 0
vn -1 2.220446049250313e-16 0
vn 1 -2.220446049250313e-16 0
vn -1.9229982212347405e-16 -0.8660414072586904 0.4999722801449968
vn -1 2.220446049250313e-16 0
vn 1 -2.220446049250313e-16 0
vn -1.1101614741826305e-16 -0.4999722801449975 0.86604140725869
vn -1 2.220446049250313e-16 0
vn 1 -2.220446049250313e-16 0
vn 0 0 1
vn -1 2.220446049250313e-16 0
vn 1 -2.220446049250313e-16 0
vn 1.1101614741826305e-16 0.4999722801449975 0.86604140725869
vn -1 2.220446049250313e-16 0
vn 1 -2.220446049250313e-16 0
vn 1.9229982212347405e-16 0.8660414072586904 0.4999722801449968
vn -1 2.220446049250313e-16 0
vn 1 -2.220446049250313e-16 0
vn 2.220446049250313e-16 1 0
vn -1 2.220446049250313e-16 0
vn 1 -2.220446049250313e-16 0
vn 1.9229982212347407e-16 0.8660414072586905 -0.49997228014499706
vn -1 2.220446049250313e-16 0
vn 1 -2.220446049250313e-16 0
vn 1.1101614741826305e-16 0.4999722801449975 -0.86604140725869
vn -1 2.220446049250313e-16 0
vn 1 -2.220446049250313e-16 0
vn 0 0 -1
vn -1 2.220446049250313e-16 0
usemtl m_c4285295-d1e0-dcfc-0036-196fac025b3b
f 137/497/137 135/498/137 133/499/137
f 135/500/138 137/501/138 138/502/138 136/503/138
f 136/504/139 138/505/139 134/506/139
f 139/507/140 137/508/140 133/509/140
f 137/510/141 139/511/141 140/512/141 138/513/141
f 138/514/142 140/515/142 134/516/142
f 141/517/143 139/518/143 133/519/143
f 139/520/144 141/521/144 142/522/144 140/523/144
f 140/524/145 142/525/145 134/526/145
f 143/527/146 141/528/146 133/529/146
f 141/530/147 143/531/147 144/532/147 142/533/147
f 142/534/148 144/535/148 134/536/148
f 145/537/149 143/538/149 133/539/149
f 143/540/150 145/541/150 146/542/150 144/543/150
f 144/544/151 146/545/151 134/546/151
f 147/547/152 145/548/152 133/549/152
f 145/550/153 147/551/153 148/552/153 146/553/153
f 146/554/154 148/555/154 134/556/154
f 149/557/155 147/558/155 133/559/155
f 147/560/156 149/561/156 150/562/156 148/563/156
f 148/564/157 150/565/157 134/566/157
f 151/567/158 149/568/158 133/569/158
f 149/570/159 151/571/159 152/572/159 150/573/159
f 150/574/160 152/575/160 134/576/160
f 153/577/161 151/578/161 133/579/161
f 151/580/162 153/581/162 154/582/162 152/583/162
f 152/584/163 154/585/163 134/586/163
f 155/587/164 153/588/164 133/589/164
f 153/590/165 155/591/165 156/592/165 154/593/165
f 154/594/166 156/595/166 134/596/166
f 157/597/167 155/598/167 133/599/167
f 155/600/168 157/601/168 158/602/168 156/603/168
f 156/604/169 158/605/169 134/606/169
f 135/607/170 157/608/170 133/609/170
f 157/610/171 135/611/171 136/612/171 158/613/171
f 158/614/172 136/615/172 134/616/172
o doorLeft
v 0.21875 0.53125 0
v 0.21875 0.6875 0
v 0.210376875 0.53125 -0.03125
v 0.210376875 0.6875 -0.03125
v 0.19587312499999998 0.53125 -0.022876875000000005
v 0.19587312499999998 0.6875 -0.022876875000000005
v 0.1875 0.53125 -0.008373125000000002
v 0.1875 0.6875 -0.008373125000000002
v 0.1875 0.53125 0.008373124999999995
v 0.1875 0.6875 0.008373124999999995
v 0.19587312499999998 0.53125 0.022876875000000005
v 0.19587312499999998 0.6875 0.022876875000000005
v 0.210376875 0.53125 0.03125
v 0.210376875 0.6875 0.03125
v 0.227123125 0.53125 0.03125
v 0.227123125 0.6875 0.03125
v 0.24162687500000002 0.53125 0.022876875000000005
v 0.24162687500000002 0.6875 0.022876875000000005
v 0.25 0.53125 0.008373124999999995
v 0.25 0.6875 0.008373124999999995
v 0.25 0.53125 -0.008373125000000002
v 0.25 0.6875 -0.008373125000000002
v 0.24162687500000002 0.53125 -0.022876875000000005
v 0.24162687500000002 0.6875 -0.022876875000000005
v 0.227123125 0.53125 -0.03125
v 0.227123125 0.6875 -0.03125
vt 0.9052721875 0.106242109375
vt 0.903243515625 0.10791015625
vt 0.890119453125 0.106242109375
vt 0.890119453125 0.091796875
vt 0.89796515625 0.091796875
vt 0.89796515625 0.10791015625
vt 0.890119453125 0.10791015625
vt 0.890119453125 0.10457375000000002
vt 0.897695234375 0.10502093749999997
vt 0.890119453125 0.10791015625
vt 0.9052734375 0.10624226562500005
vt 0.9032425 0.10791015625
vt 0.890119453125 0.10624226562500005
vt 0.890119453125 0.091796875
vt 0.89796515625 0.091796875
vt 0.89796515625 0.10791015625
vt 0.890119453125 0.10791015625
vt 0.890119453125 0.10457406250000001
vt 0.897695859375 0.105020703125
vt 0.890119453125 0.10791015625
vt 0.904756875 0.10618281249999995
vt 0.904756875 0.10791015625
vt 0.890119453125 0.10704648437499997
vt 0.890119453125 0.091796875
vt 0.89796515625 0.091796875
vt 0.89796515625 0.10791015625
vt 0.890119453125 0.10791015625
vt 0.904756875 0.10618281249999995
vt 0.904756875 0.10791015625
vt 0.890119453125 0.10704648437499997
vt 0.890119453125 0.10457406250000001
vt 0.897695859375 0.105020703125
vt 0.890119453125 0.10791015625
vt 0.890119453125 0.091796875
vt 0.89796515625 0.091796875
vt 0.89796515625 0.10791015625
vt 0.890119453125 0.10791015625
vt 0.9052734375 0.10624226562500005
vt 0.9032425 0.10791015625
vt 0.890119453125 0.10624226562500005
vt 0.890119453125 0.10457375000000002
vt 0.897695234375 0.10502093749999997
vt 0.890119453125 0.10791015625
vt 0.890119453125 0.091796875
vt 0.89796515625 0.091796875
vt 0.89796515625 0.10791015625
vt 0.890119453125 0.10791015625
vt 0.9052721875 0.106242109375
vt 0.903243515625 0.10791015625
vt 0.890119453125 0.106242109375
vt 0.890119453125 0.10468750000000004
vt 0.89796515625 0.10468750000000004
vt 0.89404234375 0.10791015625
vt 0.890119453125 0.091796875
vt 0.89796515625 0.091796875
vt 0.89796515625 0.10791015625
vt 0.890119453125 0.10791015625
vt 0.89796515625 0.10791015625
vt 0.890119453125 0.10791015625
vt 0.89404234375 0.10468750000000004
vt 0.890119453125 0.10791015625
vt 0.892148125 0.106242109375
vt 0.9052721875 0.10791015625
vt 0.890119453125 0.091796875
vt 0.89796515625 0.091796875
vt 0.89796515625 0.10791015625
vt 0.890119453125 0.10791015625
vt 0.897695234375 0.10791015625
vt 0.890119453125 0.10746296875000005
vt 0.897695234375 0.10457375000000002
vt 0.890119453125 0.10791015625
vt 0.89215046875 0.10624226562500005
vt 0.9052734375 0.10791015625
vt 0.890119453125 0.091796875
vt 0.89796515625 0.091796875
vt 0.89796515625 0.10791015625
vt 0.890119453125 0.10791015625
vt 0.897695859375 0.10791015625
vt 0.890119453125 0.107463515625
vt 0.897695859375 0.10457406250000001
vt 0.890119453125 0.10791015625
vt 0.890119453125 0.10618281249999995
vt 0.904756875 0.10704648437499997
vt 0.890119453125 0.091796875
vt 0.89796515625 0.091796875
vt 0.89796515625 0.10791015625
vt 0.890119453125 0.10791015625
vt 0.890119453125 0.10791015625
vt 0.890119453125 0.10618281249999995
vt 0.904756875 0.10704648437499997
vt 0.897695859375 0.10791015625
vt 0.890119453125 0.107463515625
vt 0.897695859375 0.10457406250000001
vt 0.890119453125 0.091796875
vt 0.89796515625 0.091796875
vt 0.89796515625 0.10791015625
vt 0.890119453125 0.10791015625
vt 0.890119453125 0.10791015625
vt 0.89215046875 0.10624226562500005
vt 0.9052734375 0.10791015625
vt 0.897695234375 0.10791015625
vt 0.890119453125 0.10746296875000005
vt 0.897695234375 0.10457375000000002
vt 0.890119453125 0.091796875
vt 0.89796515625 0.091796875
vt 0.89796515625 0.10791015625
vt 0.890119453125 0.10791015625
vt 0.890119453125 0.10791015625
vt 0.892148125 0.106242109375
vt 0.9052721875 0.10791015625
vt 0.89796515625 0.10791015625
vt 0.890119453125 0.10791015625
vt 0.89404234375 0.10468750000000004
vt 0.890119453125 0.091796875
vt 0.89796515625 0.091796875
vt 0.89796515625 0.10791015625
vt 0.890119453125 0.10791015625
vt 0.890119453125 0.10468750000000004
vt 0.89796515625 0.10468750000000004
vt 0.89404234375 0.10791015625
vn 0 -1 0
vn -0.49997228014499245 0 -0.8660414072586929
vn 0 1 0
vn 0 -1 0
vn -0.8660414072586934 0 -0.49997228014499207
vn 0 1 0
vn 0 -1 0
vn -1 0 0
vn 0 1 0
vn 0 -1 0
vn -0.8660414072586934 0 0.4999722801449919
vn 0 1 0
vn 0 -1 0
vn -0.49997228014499245 0 0.8660414072586929
vn 0 1 0
vn 0 -1 0
vn 0 0 1
vn 0 1 0
vn 0 -1 0
vn 0.49997228014499245 0 0.8660414072586929
vn 0 1 0
vn 0 -1 0
vn 0.8660414072586934 0 0.4999722801449919
vn 0 1 0
vn 0 -1 0
vn 1 0 0
vn 0 1 0
vn 0 -1 0
vn 0.8660414072586934 0 -0.49997228014499207
vn 0 1 0
vn 0 -1 0
vn 0.49997228014499245 0 -0.8660414072586929
vn 0 1 0
vn 0 -1 0
vn 0 0 -1
vn 0 1 0
usemtl m_c4285295-d1e0-dcfc-0036-196fac025b3b
f 163/617/173 161/618/173 159/619/173
f 161/620/174 163/621/174 164/622/174 162/623/174
f 162/624/175 164/625/175 160/626/175
f 165/627/176 163/628/176 159/629/176
f 163/630/177 165/631/177 166/632/177 164/633/177
f 164/634/178 166/635/178 160/636/178
f 167/637/179 165/638/179 159/639/179
f 165/640/180 167/641/180 168/642/180 166/643/180
f 166/644/181 168/645/181 160/646/181
f 169/647/182 167/648/182 159/649/182
f 167/650/183 169/651/183 170/652/183 168/653/183
f 168/654/184 170/655/184 160/656/184
f 171/657/185 169/658/185 159/659/185
f 169/660/186 171/661/186 172/662/186 170/663/186
f 170/664/187 172/665/187 160/666/187
f 173/667/188 171/668/188 159/669/188
f 171/670/189 173/671/189 174/672/189 172/673/189
f 172/674/190 174/675/190 160/676/190
f 175/677/191 173/678/191 159/679/191
f 173/680/192 175/681/192 176/682/192 174/683/192
f 174/684/193 176/685/193 160/686/193
f 177/687/194 175/688/194 159/689/194
f 175/690/195 177/691/195 178/692/195 176/693/195
f 176/694/196 178/695/196 160/696/196
f 179/697/197 177/698/197 159/699/197
f 177/700/198 179/701/198 180/702/198 178/703/198
f 178/704/199 180/705/199 160/706/199
f 181/707/200 179/708/200 159/709/200
f 179/710/201 181/711/201 182/712/201 180/713/201
f 180/714/202 182/715/202 160/716/202
f 183/717/203 181/718/203 159/719/203
f 181/720/204 183/721/204 184/722/204 182/723/204
f 182/724/205 184/725/205 160/726/205
f 161/727/206 183/728/206 159/729/206
f 183/730/207 161/731/207 162/732/207 184/733/207
f 184/734/208 162/735/208 160/736/208
o doorLeft
v 0.0625 0.53125 0
v 0.0625 2.0625 0
v 0.05412687500000002 0.53125 -0.03125
v 0.05412687500000002 2.0625 -0.03125
v 0.03962312499999998 0.53125 -0.022876875000000005
v 0.03962312499999998 2.0625 -0.022876875000000005
v 0.03125 0.53125 -0.008373125000000002
v 0.03125 2.0625 -0.008373125000000002
v 0.03125 0.53125 0.008373124999999995
v 0.03125 2.0625 0.008373124999999995
v 0.03962312499999998 0.53125 0.022876875000000005
v 0.03962312499999998 2.0625 0.022876875000000005
v 0.05412687500000002 0.53125 0.03125
v 0.05412687500000002 2.0625 0.03125
v 0.07087312499999998 0.53125 0.03125
v 0.07087312499999998 2.0625 0.03125
v 0.08537687500000002 0.53125 0.022876875000000005
v 0.08537687500000002 2.0625 0.022876875000000005
v 0.09375 0.53125 0.008373124999999995
v 0.09375 2.0625 0.008373124999999995
v 0.09375 0.53125 -0.008373125000000002
v 0.09375 2.0625 -0.008373125000000002
v 0.08537687500000002 0.53125 -0.022876875000000005
v 0.08537687500000002 2.0625 -0.022876875000000005
v 0.07087312499999998 0.53125 -0.03125
v 0.07087312499999998 2.0625 -0.03125
vt 0.9052721875 0.106242109375
vt 0.903243515625 0.10791015625
vt 0.890119453125 0.106242109375
vt 0.890119453125 0.091796875
vt 0.89796515625 0.091796875
vt 0.89796515625 0.10791015625
vt 0.890119453125 0.10791015625
vt 0.890119453125 0.10457375000000002
vt 0.897695234375 0.10502093749999997
vt 0.890119453125 0.10791015625
vt 0.9052734375 0.10624226562500005
vt 0.9032425 0.10791015625
vt 0.890119453125 0.10624226562500005
vt 0.890119453125 0.091796875
vt 0.89796515625 0.091796875
vt 0.89796515625 0.10791015625
vt 0.890119453125 0.10791015625
vt 0.890119453125 0.10457406250000001
vt 0.897695859375 0.105020703125
vt 0.890119453125 0.10791015625
vt 0.904756875 0.10618281249999995
vt 0.904756875 0.10791015625
vt 0.890119453125 0.10704648437499997
vt 0.890119453125 0.091796875
vt 0.89796515625 0.091796875
vt 0.89796515625 0.10791015625
vt 0.890119453125 0.10791015625
vt 0.904756875 0.10618281249999995
vt 0.904756875 0.10791015625
vt 0.890119453125 0.10704648437499997
vt 0.890119453125 0.10457406250000001
vt 0.897695859375 0.105020703125
vt 0.890119453125 0.10791015625
vt 0.890119453125 0.091796875
vt 0.89796515625 0.091796875
vt 0.89796515625 0.10791015625
vt 0.890119453125 0.10791015625
vt 0.9052734375 0.10624226562500005
vt 0.9032425 0.10791015625
vt 0.890119453125 0.10624226562500005
vt 0.890119453125 0.10457375000000002
vt 0.897695234375 0.10502093749999997
vt 0.890119453125 0.10791015625
vt 0.890119453125 0.091796875
vt 0.89796515625 0.091796875
vt 0.89796515625 0.10791015625
vt 0.890119453125 0.10791015625
vt 0.9052721875 0.106242109375
vt 0.903243515625 0.10791015625
vt 0.890119453125 0.106242109375
vt 0.890119453125 0.10468750000000004
vt 0.89796515625 0.10468750000000004
vt 0.89404234375 0.10791015625
vt 0.890119453125 0.091796875
vt 0.89796515625 0.091796875
vt 0.89796515625 0.10791015625
vt 0.890119453125 0.10791015625
vt 0.89796515625 0.10791015625
vt 0.890119453125 0.10791015625
vt 0.89404234375 0.10468750000000004
vt 0.890119453125 0.10791015625
vt 0.892148125 0.106242109375
vt 0.9052721875 0.10791015625
vt 0.890119453125 0.091796875
vt 0.89796515625 0.091796875
vt 0.89796515625 0.10791015625
vt 0.890119453125 0.10791015625
vt 0.897695234375 0.10791015625
vt 0.890119453125 0.10746296875000005
vt 0.897695234375 0.10457375000000002
vt 0.890119453125 0.10791015625
vt 0.89215046875 0.10624226562500005
vt 0.9052734375 0.10791015625
vt 0.890119453125 0.091796875
vt 0.89796515625 0.091796875
vt 0.89796515625 0.10791015625
vt 0.890119453125 0.10791015625
vt 0.897695859375 0.10791015625
vt 0.890119453125 0.107463515625
vt 0.897695859375 0.10457406250000001
vt 0.890119453125 0.10791015625
vt 0.890119453125 0.10618281249999995
vt 0.904756875 0.10704648437499997
vt 0.890119453125 0.091796875
vt 0.89796515625 0.091796875
vt 0.89796515625 0.10791015625
vt 0.890119453125 0.10791015625
vt 0.890119453125 0.10791015625
vt 0.890119453125 0.10618281249999995
vt 0.904756875 0.10704648437499997
vt 0.897695859375 0.10791015625
vt 0.890119453125 0.107463515625
vt 0.897695859375 0.10457406250000001
vt 0.890119453125 0.091796875
vt 0.89796515625 0.091796875
vt 0.89796515625 0.10791015625
vt 0.890119453125 0.10791015625
vt 0.890119453125 0.10791015625
vt 0.89215046875 0.10624226562500005
vt 0.9052734375 0.10791015625
vt 0.897695234375 0.10791015625
vt 0.890119453125 0.10746296875000005
vt 0.897695234375 0.10457375000000002
vt 0.890119453125 0.091796875
vt 0.89796515625 0.091796875
vt 0.89796515625 0.10791015625
vt 0.890119453125 0.10791015625
vt 0.890119453125 0.10791015625
vt 0.892148125 0.106242109375
vt 0.9052721875 0.10791015625
vt 0.89796515625 0.10791015625
vt 0.890119453125 0.10791015625
vt 0.89404234375 0.10468750000000004
vt 0.890119453125 0.091796875
vt 0.89796515625 0.091796875
vt 0.89796515625 0.10791015625
vt 0.890119453125 0.10791015625
vt 0.890119453125 0.10468750000000004
vt 0.89796515625 0.10468750000000004
vt 0.89404234375 0.10791015625
vn 0 -1 0
vn -0.49997228014499173 0 -0.8660414072586934
vn 0 1 0
vn 0 -1 0
vn -0.8660414072586934 0 -0.49997228014499207
vn 0 1 0
vn 0 -1 0
vn -1 0 0
vn 0 1 0
vn 0 -1 0
vn -0.8660414072586933 0 0.4999722801449918
vn 0 1 0
vn 0 -1 0
vn -0.49997228014499173 0 0.8660414072586934
vn 0 1 0
vn 0 -1 0
vn 0 0 1
vn 0 1 0
vn 0 -1 0
vn 0.49997228014499173 0 0.8660414072586934
vn 0 1 0
vn 0 -1 0
vn 0.8660414072586933 0 0.4999722801449918
vn 0 1 0
vn 0 -1 0
vn 1 0 0
vn 0 1 0
vn 0 -1 0
vn 0.8660414072586934 0 -0.49997228014499207
vn 0 1 0
vn 0 -1 0
vn 0.49997228014499173 0 -0.8660414072586934
vn 0 1 0
vn 0 -1 0
vn 0 0 -1
vn 0 1 0
usemtl m_c4285295-d1e0-dcfc-0036-196fac025b3b
f 189/737/209 187/738/209 185/739/209
f 187/740/210 189/741/210 190/742/210 188/743/210
f 188/744/211 190/745/211 186/746/211
f 191/747/212 189/748/212 185/749/212
f 189/750/213 191/751/213 192/752/213 190/753/213
f 190/754/214 192/755/214 186/756/214
f 193/757/215 191/758/215 185/759/215
f 191/760/216 193/761/216 194/762/216 192/763/216
f 192/764/217 194/765/217 186/766/217
f 195/767/218 193/768/218 185/769/218
f 193/770/219 195/771/219 196/772/219 194/773/219
f 194/774/220 196/775/220 186/776/220
f 197/777/221 195/778/221 185/779/221
f 195/780/222 197/781/222 198/782/222 196/783/222
f 196/784/223 198/785/223 186/786/223
f 199/787/224 197/788/224 185/789/224
f 197/790/225 199/791/225 200/792/225 198/793/225
f 198/794/226 200/795/226 186/796/226
f 201/797/227 199/798/227 185/799/227
f 199/800/228 201/801/228 202/802/228 200/803/228
f 200/804/229 202/805/229 186/806/229
f 203/807/230 201/808/230 185/809/230
f 201/810/231 203/811/231 204/812/231 202/813/231
f 202/814/232 204/815/232 186/816/232
f 205/817/233 203/818/233 185/819/233
f 203/820/234 205/821/234 206/822/234 204/823/234
f 204/824/235 206/825/235 186/826/235
f 207/827/236 205/828/236 185/829/236
f 205/830/237 207/831/237 208/832/237 206/833/237
f 206/834/238 208/835/238 186/836/238
f 209/837/239 207/838/239 185/839/239
f 207/840/240 209/841/240 210/842/240 208/843/240
f 208/844/241 210/845/241 186/846/241
f 187/847/242 209/848/242 185/849/242
f 209/850/243 187/851/243 188/852/243 210/853/243
f 210/854/244 188/855/244 186/856/244
o doorLeft
v 0.21875000000000006 0.53125 0
v 0.15625000000000006 0.4687500000000001 0
v 0.22712312500000006 0.53125 -0.03125
v 0.15625000000000006 0.460376875 -0.03125
v 0.24162687500000002 0.53125 -0.022876875000000005
v 0.15625000000000006 0.445873125 -0.022876875000000005
v 0.25000000000000006 0.53125 -0.008373125000000002
v 0.15625 0.4375000000000001 -0.008373125000000002
v 0.25000000000000006 0.53125 0.008373124999999995
v 0.15625 0.4375000000000001 0.008373124999999995
v 0.24162687500000002 0.53125 0.022876875000000005
v 0.15625000000000006 0.445873125 0.022876875000000005
v 0.22712312500000006 0.53125 0.03125
v 0.15625000000000006 0.460376875 0.03125
v 0.21037687500000007 0.53125 0.03125
v 0.15625000000000006 0.477123125 0.03125
v 0.19587312500000004 0.53125 0.022876875000000005
v 0.15625000000000006 0.491626875 0.022876875000000005
v 0.18750000000000006 0.53125 0.008373124999999995
v 0.15625000000000006 0.5000000000000001 0.008373124999999995
v 0.18750000000000006 0.53125 -0.008373125000000002
v 0.15625000000000006 0.5000000000000001 -0.008373125000000002
v 0.19587312500000004 0.53125 -0.022876875000000005
v 0.15625000000000006 0.491626875 -0.022876875000000005
v 0.21037687500000007 0.53125 -0.03125
v 0.15625000000000006 0.477123125 -0.03125
v 0.19112562500000002 0.4963743749999999 0.03125
v 0.20731187500000003 0.48018812499999997 0.03125
v 0.21456312500000002 0.4729368749999999 0.022876875000000005
v 0.21875000000000003 0.46875 0.008373124999999995
v 0.21875000000000003 0.46875 -0.008373125000000002
v 0.21456312500000002 0.4729368749999999 -0.022876875000000005
v 0.20731187500000003 0.48018812499999997 -0.03125
v 0.19112562500000002 0.4963743749999999 -0.03125
v 0.18387437500000003 0.5036256250000001 -0.022876875000000005
v 0.17968750000000006 0.5078125000000001 -0.008373125000000002
v 0.17968750000000006 0.5078125000000001 0.008373124999999995
v 0.18387437500000003 0.5036256250000001 0.022876875000000005
vt 0.9052721875 0.106242109375
vt 0.903243515625 0.10791015625
vt 0.890119453125 0.106242109375
vt 0.890119453125 0.10791015625
vt 0.890119453125 0.099853515625
vt 0.89796515625 0.099853515625
vt 0.89796515625 0.10791015625
vt 0.890119453125 0.10457375000000002
vt 0.897695234375 0.10502093749999997
vt 0.890119453125 0.10791015625
vt 0.9052734375 0.10624226562500005
vt 0.9032425 0.10791015625
vt 0.890119453125 0.10624226562500005
vt 0.890119453125 0.10791015625
vt 0.890119453125 0.099853515625
vt 0.89796515625 0.099853515625
vt 0.89796515625 0.10791015625
vt 0.890119453125 0.10457406250000001
vt 0.897695859375 0.105020703125
vt 0.890119453125 0.10791015625
vt 0.904756875 0.10618281249999995
vt 0.904756875 0.10791015625
vt 0.890119453125 0.10704648437499997
vt 0.890119453125 0.10791015625
vt 0.890119453125 0.099853515625
vt 0.89796515625 0.099853515625
vt 0.89796515625 0.10791015625
vt 0.904756875 0.10618281249999995
vt 0.904756875 0.10791015625
vt 0.890119453125 0.10704648437499997
vt 0.890119453125 0.10457406250000001
vt 0.897695859375 0.105020703125
vt 0.890119453125 0.10791015625
vt 0.890119453125 0.10791015625
vt 0.890119453125 0.099853515625
vt 0.89796515625 0.099853515625
vt 0.89796515625 0.10791015625
vt 0.9052734375 0.10624226562500005
vt 0.9032425 0.10791015625
vt 0.890119453125 0.10624226562500005
vt 0.890119453125 0.10457375000000002
vt 0.897695234375 0.10502093749999997
vt 0.890119453125 0.10791015625
vt 0.890119453125 0.10791015625
vt 0.890119453125 0.099853515625
vt 0.89796515625 0.099853515625
vt 0.89796515625 0.10791015625
vt 0.9052721875 0.106242109375
vt 0.903243515625 0.10791015625
vt 0.890119453125 0.106242109375
vt 0.890119453125 0.10468750000000004
vt 0.89796515625 0.10468750000000004
vt 0.89404234375 0.10791015625
vt 0.890119453125 0.10791015625
vt 0.890119453125 0.099853515625
vt 0.89796515625 0.099853515625
vt 0.89796515625 0.10791015625
vt 0.89796515625 0.10791015625
vt 0.890119453125 0.10791015625
vt 0.89404234375 0.10468750000000004
vt 0.890119453125 0.10791015625
vt 0.892148125 0.106242109375
vt 0.9052721875 0.10791015625
vt 0.890119453125 0.10791015625
vt 0.890119453125 0.099853515625
vt 0.89796515625 0.099853515625
vt 0.89796515625 0.10791015625
vt 0.897695234375 0.10791015625
vt 0.890119453125 0.10746296875000005
vt 0.897695234375 0.10457375000000002
vt 0.890119453125 0.10791015625
vt 0.89215046875 0.10624226562500005
vt 0.9052734375 0.10791015625
vt 0.890119453125 0.10791015625
vt 0.890119453125 0.099853515625
vt 0.89796515625 0.099853515625
vt 0.89796515625 0.10791015625
vt 0.897695859375 0.10791015625
vt 0.890119453125 0.107463515625
vt 0.897695859375 0.10457406250000001
vt 0.890119453125 0.10791015625
vt 0.890119453125 0.10618281249999995
vt 0.904756875 0.10704648437499997
vt 0.890119453125 0.10791015625
vt 0.890119453125 0.099853515625
vt 0.89796515625 0.099853515625
vt 0.89796515625 0.10791015625
vt 0.890119453125 0.10791015625
vt 0.890119453125 0.10618281249999995
vt 0.904756875 0.10704648437499997
vt 0.897695859375 0.10791015625
vt 0.890119453125 0.107463515625
vt 0.897695859375 0.10457406250000001
vt 0.890119453125 0.10791015625
vt 0.890119453125 0.099853515625
vt 0.89796515625 0.099853515625
vt 0.89796515625 0.10791015625
vt 0.890119453125 0.10791015625
vt 0.89215046875 0.10624226562500005
vt 0.9052734375 0.10791015625
vt 0.897695234375 0.10791015625
vt 0.890119453125 0.10746296875000005
vt 0.897695234375 0.10457375000000002
vt 0.890119453125 0.10791015625
vt 0.890119453125 0.099853515625
vt 0.89796515625 0.099853515625
vt 0.89796515625 0.10791015625
vt 0.890119453125 0.10791015625
vt 0.892148125 0.106242109375
vt 0.9052721875 0.10791015625
vt 0.89796515625 0.10791015625
vt 0.890119453125 0.10791015625
vt 0.89404234375 0.10468750000000004
vt 0.890119453125 0.10791015625
vt 0.890119453125 0.099853515625
vt 0.89796515625 0.099853515625
vt 0.89796515625 0.10791015625
vt 0.890119453125 0.10468750000000004
vt 0.89796515625 0.10468750000000004
vt 0.89404234375 0.10791015625
vt 0.89796515625 0.099853515625
vt 0.89796515625 0.10791015625
vt 0.890119453125 0.10791015625
vt 0.890119453125 0.099853515625
vt 0.89796515625 0.099853515625
vt 0.89796515625 0.10791015625
vt 0.890119453125 0.10791015625
vt 0.890119453125 0.099853515625
vt 0.89796515625 0.099853515625
vt 0.89796515625 0.10791015625
vt 0.890119453125 0.10791015625
vt 0.890119453125 0.099853515625
vt 0.89796515625 0.099853515625
vt 0.89796515625 0.10791015625
vt 0.890119453125 0.10791015625
vt 0.890119453125 0.099853515625
vt 0.89796515625 0.099853515625
vt 0.89796515625 0.10791015625
vt 0.890119453125 0.10791015625
vt 0.890119453125 0.099853515625
vt 0.89796515625 0.099853515625
vt 0.89796515625 0.10791015625
vt 0.890119453125 0.10791015625
vt 0.890119453125 0.099853515625
vt 0.89796515625 0.099853515625
vt 0.89796515625 0.10791015625
vt 0.890119453125 0.10791015625
vt 0.890119453125 0.099853515625
vt 0.89796515625 0.099853515625
vt 0.89796515625 0.10791015625
vt 0.890119453125 0.10791015625
vt 0.890119453125 0.099853515625
vt 0.89796515625 0.099853515625
vt 0.89796515625 0.10791015625
vt 0.890119453125 0.10791015625
vt 0.890119453125 0.099853515625
vt 0.89796515625 0.099853515625
vt 0.89796515625 0.10791015625
vt 0.890119453125 0.10791015625
vt 0.890119453125 0.099853515625
vt 0.89796515625 0.099853515625
vt 0.89796515625 0.10791015625
vt 0.890119453125 0.10791015625
vt 0.890119453125 0.099853515625
vt 0.89796515625 0.099853515625
vt 0.89796515625 0.10791015625
vt 0.890119453125 0.10791015625
vt 0.890119453125 0.099853515625
vn 2.220446049250313e-16 1 0
vn 0.24083252156399257 -0.6207261082483622 -0.7461225067614378
vn -1 2.220446049250313e-16 0
vn 2.220446049250313e-16 1 0
vn 0.3930836295690822 -0.8469607806204074 -0.3579702449305907
vn -1 2.220446049250313e-16 0
vn 2.220446049250313e-16 1 0
vn 0.4472135954999577 -0.894427190999916 0
vn -1 2.220446049250313e-16 0
vn 2.220446049250313e-16 1 0
vn 0.4170287889227675 -0.8340575778455355 0.3611577855287752
vn -1 2.220446049250313e-16 0
vn 2.220446049250313e-16 1 0
vn 0.27622340568827386 -0.5951669662861208 0.7546369407812917
vn -1 2.220446049250313e-16 0
vn 2.220446049250313e-16 1 0
vn 0 0 1
vn -1 2.220446049250313e-16 0
vn 2.220446049250313e-16 1 0
vn -0.31294965867110547 0.5669405851407803 0.761997955415806
vn -1 2.220446049250313e-16 0
vn 2.220446049250313e-16 1 0
vn -0.3724400492630913 0.8574579506917018 0.35504122648009945
vn -1 2.220446049250313e-16 0
vn 2.220446049250313e-16 1 0
vn -0.3162277660168377 0.9486832980505139 0
vn -1 2.220446049250313e-16 0
vn 2.220446049250313e-16 1 0
vn -0.29704423771429994 0.8911327131429005 -0.34299738833889615
vn -1 2.220446049250313e-16 0
vn 2.220446049250313e-16 1 0
vn -0.2628032670405837 0.6050443587835556 -0.7515688702554092
vn -1 2.220446049250313e-16 0
vn 2.220446049250313e-16 1 0
vn 0 0 -1
vn -1 2.220446049250313e-16 0
vn 0 0 1
vn 0.6207261082483637 -0.24083252156399262 0.7461225067614365
vn 0.8469607806204071 -0.3930836295690807 0.3579702449305926
vn 0.894427190999916 -0.44721359549995826 0
vn 0.8340575778455344 -0.4170287889227674 -0.3611577855287774
vn 0.5951669662861222 -0.2762234056882736 -0.7546369407812907
vn 0 0 -1
vn -0.566940585140781 0.312949658671105 -0.7619979554158053
vn -0.857457950691703 0.3724400492630899 -0.35504122648009767
vn -0.9486832980505139 0.3162277660168382 0
vn -0.8911327131429011 0.2970442377143006 0.342997388338894
vn -0.6050443587835568 0.26280326704058277 0.7515688702554083
usemtl m_c4285295-d1e0-dcfc-0036-196fac025b3b
f 215/857/245 213/858/245 211/859/245
f 214/860/246 243/861/246 242/862/246 216/863/246
f 214/864/247 216/865/247 212/866/247
f 217/867/248 215/868/248 211/869/248
f 216/870/249 242/871/249 241/872/249 218/873/249
f 216/874/250 218/875/250 212/876/250
f 219/877/251 217/878/251 211/879/251
f 218/880/252 241/881/252 240/882/252 220/883/252
f 218/884/253 220/885/253 212/886/253
f 221/887/254 219/888/254 211/889/254
f 220/890/255 240/891/255 239/892/255 222/893/255
f 220/894/256 222/895/256 212/896/256
f 223/897/257 221/898/257 211/899/257
f 222/900/258 239/901/258 238/902/258 224/903/258
f 222/904/259 224/905/259 212/906/259
f 225/907/260 223/908/260 211/909/260
f 224/910/261 238/911/261 237/912/261 226/913/261
f 224/914/262 226/915/262 212/916/262
f 227/917/263 225/918/263 211/919/263
f 226/920/264 237/921/264 248/922/264 228/923/264
f 226/924/265 228/925/265 212/926/265
f 229/927/266 227/928/266 211/929/266
f 228/930/267 248/931/267 247/932/267 230/933/267
f 228/934/268 230/935/268 212/936/268
f 231/937/269 229/938/269 211/939/269
f 230/940/270 247/941/270 246/942/270 232/943/270
f 230/944/271 232/945/271 212/946/271
f 233/947/272 231/948/272 211/949/272
f 232/950/273 246/951/273 245/952/273 234/953/273
f 232/954/274 234/955/274 212/956/274
f 235/957/275 233/958/275 211/959/275
f 234/960/276 245/961/276 244/962/276 236/963/276
f 234/964/277 236/965/277 212/966/277
f 213/967/278 235/968/278 211/969/278
f 236/970/279 244/971/279 243/972/279 214/973/279
f 236/974/280 214/975/280 212/976/280
f 225/977/281 237/978/281 238/979/281 223/980/281
f 223/981/282 238/982/282 239/983/282 221/984/282
f 221/985/283 239/986/283 240/987/283 219/988/283
f 219/989/284 240/990/284 241/991/284 217/992/284
f 217/993/285 241/994/285 242/995/285 215/996/285
f 215/997/286 242/998/286 243/999/286 213/1000/286
f 213/1001/287 243/1002/287 244/1003/287 235/1004/287
f 235/1005/288 244/1006/288 245/1007/288 233/1008/288
f 233/1009/289 245/1010/289 246/1011/289 231/1012/289
f 231/1013/290 246/1014/290 247/1015/290 229/1016/290
f 229/1017/291 247/1018/291 248/1019/291 227/1020/291
f 227/1021/292 248/1022/292 237/1023/292 225/1024/292
o doorLeft
v 0.0625 0.5312500000000001 -9.548209973445294e-18
v 0.125 0.4687500000000001 -1.7202252468116253e-17
v 0.05412687500000002 0.5312500000000001 0.03124999999999999
v 0.125 0.460376875 0.031249999999999983
v 0.03962312500000004 0.5312500000000001 0.022876874999999994
v 0.125 0.445873125 0.022876874999999984
v 0.03125 0.5312500000000001 0.008373124999999999
v 0.125 0.4375000000000001 0.008373124999999988
v 0.03125 0.5312500000000001 -0.008373125000000006
v 0.125 0.4375000000000001 -0.008373125000000016
v 0.03962312500000004 0.5312500000000001 -0.022876875
v 0.125 0.445873125 -0.022876875000000012
v 0.05412687500000002 0.5312500000000001 -0.03125
v 0.125 0.460376875 -0.031250000000000014
v 0.07087312499999998 0.5312500000000001 -0.03125
v 0.125 0.477123125 -0.03125000000000001
v 0.08537687500000002 0.5312500000000001 -0.022876875
v 0.125 0.491626875 -0.022876875000000005
v 0.09375 0.5312500000000001 -0.008373125000000006
v 0.125 0.5000000000000001 -0.008373125000000009
v 0.09375 0.5312500000000001 0.008373124999999999
v 0.125 0.5000000000000001 0.008373124999999995
v 0.08537687500000002 0.5312500000000001 0.022876874999999994
v 0.125 0.491626875 0.02287687499999999
v 0.07087312499999998 0.5312500000000001 0.03124999999999999
v 0.125 0.477123125 0.031249999999999983
v 0.09012437500000003 0.49637437500000003 -0.03125000000000001
v 0.07393812500000002 0.4801881250000001 -0.03125000000000001
v 0.06668687500000003 0.47293687500000003 -0.02287687500000001
v 0.0625 0.4687500000000001 -0.008373125000000013
v 0.0625 0.4687500000000001 0.008373124999999992
v 0.06668687500000003 0.47293687500000003 0.022876874999999987
v 0.07393812500000002 0.4801881250000001 0.031249999999999983
v 0.09012437500000003 0.49637437500000003 0.031249999999999986
v 0.09737562500000002 0.5036256250000001 0.02287687499999999
v 0.1015625 0.5078125000000001 0.008373124999999997
v 0.1015625 0.5078125000000001 -0.008373125000000007
v 0.09737562500000002 0.5036256250000001 -0.022876875000000005
vt 0.9052721875 0.106242109375
vt 0.903243515625 0.10791015625
vt 0.890119453125 0.106242109375
vt 0.890119453125 0.10791015625
vt 0.890119453125 0.099853515625
vt 0.89796515625 0.099853515625
vt 0.89796515625 0.10791015625
vt 0.890119453125 0.10457375000000002
vt 0.897695234375 0.10502093749999997
vt 0.890119453125 0.10791015625
vt 0.9052734375 0.10624226562500005
vt 0.9032425 0.10791015625
vt 0.890119453125 0.10624226562500005
vt 0.890119453125 0.10791015625
vt 0.890119453125 0.099853515625
vt 0.89796515625 0.099853515625
vt 0.89796515625 0.10791015625
vt 0.890119453125 0.10457406250000001
vt 0.897695859375 0.105020703125
vt 0.890119453125 0.10791015625
vt 0.904756875 0.10618281249999995
vt 0.904756875 0.10791015625
vt 0.890119453125 0.10704648437499997
vt 0.890119453125 0.10791015625
vt 0.890119453125 0.099853515625
vt 0.89796515625 0.099853515625
vt 0.89796515625 0.10791015625
vt 0.904756875 0.10618281249999995
vt 0.904756875 0.10791015625
vt 0.890119453125 0.10704648437499997
vt 0.890119453125 0.10457406250000001
vt 0.897695859375 0.105020703125
vt 0.890119453125 0.10791015625
vt 0.890119453125 0.10791015625
vt 0.890119453125 0.099853515625
vt 0.89796515625 0.099853515625
vt 0.89796515625 0.10791015625
vt 0.9052734375 0.10624226562500005
vt 0.9032425 0.10791015625
vt 0.890119453125 0.10624226562500005
vt 0.890119453125 0.10457375000000002
vt 0.897695234375 0.10502093749999997
vt 0.890119453125 0.10791015625
vt 0.890119453125 0.10791015625
vt 0.890119453125 0.099853515625
vt 0.89796515625 0.099853515625
vt 0.89796515625 0.10791015625
vt 0.9052721875 0.106242109375
vt 0.903243515625 0.10791015625
vt 0.890119453125 0.106242109375
vt 0.890119453125 0.10468750000000004
vt 0.89796515625 0.10468750000000004
vt 0.89404234375 0.10791015625
vt 0.890119453125 0.10791015625
vt 0.890119453125 0.099853515625
vt 0.89796515625 0.099853515625
vt 0.89796515625 0.10791015625
vt 0.89796515625 0.10791015625
vt 0.890119453125 0.10791015625
vt 0.89404234375 0.10468750000000004
vt 0.890119453125 0.10791015625
vt 0.892148125 0.106242109375
vt 0.9052721875 0.10791015625
vt 0.890119453125 0.10791015625
vt 0.890119453125 0.099853515625
vt 0.89796515625 0.099853515625
vt 0.89796515625 0.10791015625
vt 0.897695234375 0.10791015625
vt 0.890119453125 0.10746296875000005
vt 0.897695234375 0.10457375000000002
vt 0.890119453125 0.10791015625
vt 0.89215046875 0.10624226562500005
vt 0.9052734375 0.10791015625
vt 0.890119453125 0.10791015625
vt 0.890119453125 0.099853515625
vt 0.89796515625 0.099853515625
vt 0.89796515625 0.10791015625
vt 0.897695859375 0.10791015625
vt 0.890119453125 0.107463515625
vt 0.897695859375 0.10457406250000001
vt 0.890119453125 0.10791015625
vt 0.890119453125 0.10618281249999995
vt 0.904756875 0.10704648437499997
vt 0.890119453125 0.10791015625
vt 0.890119453125 0.099853515625
vt 0.89796515625 0.099853515625
vt 0.89796515625 0.10791015625
vt 0.890119453125 0.10791015625
vt 0.890119453125 0.10618281249999995
vt 0.904756875 0.10704648437499997
vt 0.897695859375 0.10791015625
vt 0.890119453125 0.107463515625
vt 0.897695859375 0.10457406250000001
vt 0.890119453125 0.10791015625
vt 0.890119453125 0.099853515625
vt 0.89796515625 0.099853515625
vt 0.89796515625 0.10791015625
vt 0.890119453125 0.10791015625
vt 0.89215046875 0.10624226562500005
vt 0.9052734375 0.10791015625
vt 0.897695234375 0.10791015625
vt 0.890119453125 0.10746296875000005
vt 0.897695234375 0.10457375000000002
vt 0.890119453125 0.10791015625
vt 0.890119453125 0.099853515625
vt 0.89796515625 0.099853515625
vt 0.89796515625 0.10791015625
vt 0.890119453125 0.10791015625
vt 0.892148125 0.106242109375
vt 0.9052721875 0.10791015625
vt 0.89796515625 0.10791015625
vt 0.890119453125 0.10791015625
vt 0.89404234375 0.10468750000000004
vt 0.890119453125 0.10791015625
vt 0.890119453125 0.099853515625
vt 0.89796515625 0.099853515625
vt 0.89796515625 0.10791015625
vt 0.890119453125 0.10468750000000004
vt 0.89796515625 0.10468750000000004
vt 0.89404234375 0.10791015625
vt 0.89796515625 0.099853515625
vt 0.89796515625 0.10791015625
vt 0.890119453125 0.10791015625
vt 0.890119453125 0.099853515625
vt 0.89796515625 0.099853515625
vt 0.89796515625 0.10791015625
vt 0.890119453125 0.10791015625
vt 0.890119453125 0.099853515625
vt 0.89796515625 0.099853515625
vt 0.89796515625 0.10791015625
vt 0.890119453125 0.10791015625
vt 0.890119453125 0.099853515625
vt 0.89796515625 0.099853515625
vt 0.89796515625 0.10791015625
vt 0.890119453125 0.10791015625
vt 0.890119453125 0.099853515625
vt 0.89796515625 0.099853515625
vt 0.89796515625 0.10791015625
vt 0.890119453125 0.10791015625
vt 0.890119453125 0.099853515625
vt 0.89796515625 0.099853515625
vt 0.89796515625 0.10791015625
vt 0.890119453125 0.10791015625
vt 0.890119453125 0.099853515625
vt 0.89796515625 0.099853515625
vt 0.89796515625 0.10791015625
vt 0.890119453125 0.10791015625
vt 0.890119453125 0.099853515625
vt 0.89796515625 0.099853515625
vt 0.89796515625 0.10791015625
vt 0.890119453125 0.10791015625
vt 0.890119453125 0.099853515625
vt 0.89796515625 0.099853515625
vt 0.89796515625 0.10791015625
vt 0.890119453125 0.10791015625
vt 0.890119453125 0.099853515625
vt 0.89796515625 0.099853515625
vt 0.89796515625 0.10791015625
vt 0.890119453125 0.10791015625
vt 0.890119453125 0.099853515625
vt 0.89796515625 0.099853515625
vt 0.89796515625 0.10791015625
vt 0.890119453125 0.10791015625
vt 0.890119453125 0.099853515625
vt 0.89796515625 0.099853515625
vt 0.89796515625 0.10791015625
vt 0.890119453125 0.10791015625
vt 0.890119453125 0.099853515625
vn 2.220446049250313e-16 1 1.2246467991473532e-16
vn -0.24083252156399287 -0.620726108248362 0.7461225067614377
vn 1 -2.220446049250313e-16 -2.719262146893782e-32
vn 2.220446049250313e-16 1 1.2246467991473532e-16
vn -0.3930836295690825 -0.8469607806204067 0.35797024493059143
vn 1 -2.220446049250313e-16 -2.719262146893782e-32
vn 2.220446049250313e-16 1 1.2246467991473532e-16
vn -0.4472135954999582 -0.8944271909999159 -1.0953573965284052e-16
vn 1 -2.220446049250313e-16 -2.719262146893782e-32
vn 2.220446049250313e-16 1 1.2246467991473532e-16
vn -0.41702878892276757 -0.8340575778455347 -0.3611577855287763
vn 1 -2.220446049250313e-16 -2.719262146893782e-32
vn 2.220446049250313e-16 1 1.2246467991473532e-16
vn -0.2762234056882743 -0.5951669662861206 -0.7546369407812918
vn 1 -2.220446049250313e-16 -2.719262146893782e-32
vn 2.220446049250313e-16 1 1.2246467991473532e-16
vn 2.5407181807812022e-33 1.2246467991473532e-16 -1
vn 1 -2.220446049250313e-16 -2.719262146893782e-32
vn 2.220446049250313e-16 1 1.2246467991473532e-16
vn 0.3129496586711063 0.5669405851407807 -0.7619979554158052
vn 1 -2.220446049250313e-16 -2.719262146893782e-32
vn 2.220446049250313e-16 1 1.2246467991473532e-16
vn 0.37244004926309165 0.8574579506917017 -0.3550412264800997
vn 1 -2.220446049250313e-16 -2.719262146893782e-32
vn 2.220446049250313e-16 1 1.2246467991473532e-16
vn 0.3162277660168382 0.9486832980505139 1.1618019643621164e-16
vn 1 -2.220446049250313e-16 -2.719262146893782e-32
vn 2.220446049250313e-16 1 1.2246467991473532e-16
vn 0.2970442377143004 0.8911327131429004 0.3429973883388964
vn 1 -2.220446049250313e-16 -2.719262146893782e-32
vn 2.220446049250313e-16 1 1.2246467991473532e-16
vn 0.2628032670405841 0.6050443587835557 0.751568870255409
vn 1 -2.220446049250313e-16 -2.719262146893782e-32
vn 2.220446049250313e-16 1 1.2246467991473532e-16
vn -2.5407181807812022e-33 -1.2246467991473532e-16 1
vn 1 -2.220446049250313e-16 -2.719262146893782e-32
vn 2.5407181807812022e-33 1.2246467991473532e-16 -1
vn -0.620726108248364 -0.2408325215639924 -0.7461225067614363
vn -0.8469607806204065 -0.39308362956908033 -0.35797024493059443
vn -0.8944271909999161 -0.44721359549995776 -5.4767869826420244e-17
vn -0.8340575778455341 -0.4170287889227669 0.3611577855287789
vn -0.5951669662861222 -0.2762234056882737 0.7546369407812908
vn -2.5407181807812022e-33 -1.2246467991473532e-16 1
vn 0.5669405851407819 0.3129496586711055 0.7619979554158047
vn 0.8574579506917034 0.3724400492630895 0.35504122648009795
vn 0.9486832980505139 0.3162277660168377 3.872673214540385e-17
vn 0.8911327131429011 0.29704423771430016 -0.3429973883388942
vn 0.6050443587835581 0.26280326704058316 -0.7515688702554071
usemtl m_c4285295-d1e0-dcfc-0036-196fac025b3b
f 253/1025/293 251/1026/293 249/1027/293
f 252/1028/294 281/1029/294 280/1030/294 254/1031/294
f 252/1032/295 254/1033/295 250/1034/295
f 255/1035/296 253/1036/296 249/1037/296
f 254/1038/297 280/1039/297 279/1040/297 256/1041/297
f 254/1042/298 256/1043/298 250/1044/298
f 257/1045/299 255/1046/299 249/1047/299
f 256/1048/300 279/1049/300 278/1050/300 258/1051/300
f 256/1052/301 258/1053/301 250/1054/301
f 259/1055/302 257/1056/302 249/1057/302
f 258/1058/303 278/1059/303 277/1060/303 260/1061/303
f 258/1062/304 260/1063/304 250/1064/304
f 261/1065/305 259/1066/305 249/1067/305
f 260/1068/306 277/1069/306 276/1070/306 262/1071/306
f 260/1072/307 262/1073/307 250/1074/307
f 263/1075/308 261/1076/308 249/1077/308
f 262/1078/309 276/1079/309 275/1080/309 264/1081/309
f 262/1082/310 264/1083/310 250/1084/310
f 265/1085/311 263/1086/311 249/1087/311
f 264/1088/312 275/1089/312 286/1090/312 266/1091/312
f 264/1092/313 266/1093/313 250/1094/313
f 267/1095/314 265/1096/314 249/1097/314
f 266/1098/315 286/1099/315 285/1100/315 268/1101/315
f 266/1102/316 268/1103/316 250/1104/316
f 269/1105/317 267/1106/317 249/1107/317
f 268/1108/318 285/1109/318 284/1110/318 270/1111/318
f 268/1112/319 270/1113/319 250/1114/319
f 271/1115/320 269/1116/320 249/1117/320
f 270/1118/321 284/1119/321 283/1120/321 272/1121/321
f 270/1122/322 272/1123/322 250/1124/322
f 273/1125/323 271/1126/323 249/1127/323
f 272/1128/324 283/1129/324 282/1130/324 274/1131/324
f 272/1132/325 274/1133/325 250/1134/325
f 251/1135/326 273/1136/326 249/1137/326
f 274/1138/327 282/1139/327 281/1140/327 252/1141/327
f 274/1142/328 252/1143/328 250/1144/328
f 263/1145/329 275/1146/329 276/1147/329 261/1148/329
f 261/1149/330 276/1150/330 277/1151/330 259/1152/330
f 259/1153/331 277/1154/331 278/1155/331 257/1156/331
f 257/1157/332 278/1158/332 279/1159/332 255/1160/332
f 255/1161/333 279/1162/333 280/1163/333 253/1164/333
f 253/1165/334 280/1166/334 281/1167/334 251/1168/334
f 251/1169/335 281/1170/335 282/1171/335 273/1172/335
f 273/1173/336 282/1174/336 283/1175/336 271/1176/336
f 271/1177/337 283/1178/337 284/1179/337 269/1180/337
f 269/1181/338 284/1182/338 285/1183/338 267/1184/338
f 267/1185/339 285/1186/339 286/1187/339 265/1188/339
f 265/1189/340 286/1190/340 275/1191/340 263/1192/340
o doorLeft
v 0.062499999999999944 2.0625 0
v 0.12499999999999994 2.125 0
v 0.05412687499999996 2.0625 -0.03125
v 0.12499999999999994 2.133373125 -0.03125
v 0.03962312499999998 2.0625 -0.022876875000000005
v 0.12499999999999994 2.147876875 -0.022876875000000005
v 0.031249999999999944 2.0625 -0.008373125000000002
v 0.12499999999999994 2.15625 -0.008373125000000002
v 0.031249999999999944 2.0625 0.008373124999999995
v 0.12499999999999994 2.15625 0.008373124999999995
v 0.03962312499999998 2.0625 0.022876875000000005
v 0.12499999999999994 2.147876875 0.022876875000000005
v 0.05412687499999996 2.0625 0.03125
v 0.12499999999999994 2.133373125 0.03125
v 0.07087312499999993 2.0625 0.03125
v 0.12499999999999994 2.116626875 0.03125
v 0.08537687499999996 2.0625 0.022876875000000005
v 0.12499999999999994 2.102123125 0.022876875000000005
v 0.09374999999999994 2.0625 0.008373124999999995
v 0.12499999999999994 2.09375 0.008373124999999995
v 0.09374999999999994 2.0625 -0.008373125000000002
v 0.12499999999999994 2.09375 -0.008373125000000002
v 0.08537687499999996 2.0625 -0.022876875000000005
v 0.12499999999999994 2.102123125 -0.022876875000000005
v 0.07087312499999993 2.0625 -0.03125
v 0.12499999999999994 2.116626875 -0.03125
v 0.09012437499999992 2.0973756249999997 0.03125
v 0.07393812499999997 2.1135618750000003 0.03125
v 0.06668687499999992 2.1208131249999997 0.022876875000000005
v 0.062499999999999944 2.125 0.008373124999999995
v 0.062499999999999944 2.125 -0.008373125000000002
v 0.06668687499999992 2.1208131249999997 -0.022876875000000005
v 0.07393812499999997 2.1135618750000003 -0.03125
v 0.09012437499999992 2.0973756249999997 -0.03125
v 0.09737562499999997 2.0901243750000003 -0.022876875000000005
v 0.10156249999999994 2.0859375 -0.008373125000000002
v 0.10156249999999994 2.0859375 0.008373124999999995
v 0.09737562499999997 2.0901243750000003 0.022876875000000005
vt 0.9052721875 0.106242109375
vt 0.903243515625 0.10791015625
vt 0.890119453125 0.106242109375
vt 0.890119453125 0.10791015625
vt 0.890119453125 0.099853515625
vt 0.89796515625 0.099853515625
vt 0.89796515625 0.10791015625
vt 0.890119453125 0.10457375000000002
vt 0.897695234375 0.10502093749999997
vt 0.890119453125 0.10791015625
vt 0.9052734375 0.10624226562500005
vt 0.9032425 0.10791015625
vt 0.890119453125 0.10624226562500005
vt 0.890119453125 0.10791015625
vt 0.890119453125 0.099853515625
vt 0.89796515625 0.099853515625
vt 0.89796515625 0.10791015625
vt 0.890119453125 0.10457406250000001
vt 0.897695859375 0.105020703125
vt 0.890119453125 0.10791015625
vt 0.904756875 0.10618281249999995
vt 0.904756875 0.10791015625
vt 0.890119453125 0.10704648437499997
vt 0.890119453125 0.10791015625
vt 0.890119453125 0.099853515625
vt 0.89796515625 0.099853515625
vt 0.89796515625 0.10791015625
vt 0.904756875 0.10618281249999995
vt 0.904756875 0.10791015625
vt 0.890119453125 0.10704648437499997
vt 0.890119453125 0.10457406250000001
vt 0.897695859375 0.105020703125
vt 0.890119453125 0.10791015625
vt 0.890119453125 0.10791015625
vt 0.890119453125 0.099853515625
vt 0.89796515625 0.099853515625
vt 0.89796515625 0.10791015625
vt 0.9052734375 0.10624226562500005
vt 0.9032425 0.10791015625
vt 0.890119453125 0.10624226562500005
vt 0.890119453125 0.10457375000000002
vt 0.897695234375 0.10502093749999997
vt 0.890119453125 0.10791015625
vt 0.890119453125 0.10791015625
vt 0.890119453125 0.099853515625
vt 0.89796515625 0.099853515625
vt 0.89796515625 0.10791015625
vt 0.9052721875 0.106242109375
vt 0.903243515625 0.10791015625
vt 0.890119453125 0.106242109375
vt 0.890119453125 0.10468750000000004
vt 0.89796515625 0.10468750000000004
vt 0.89404234375 0.10791015625
vt 0.890119453125 0.10791015625
vt 0.890119453125 0.099853515625
vt 0.89796515625 0.099853515625
vt 0.89796515625 0.10791015625
vt 0.89796515625 0.10791015625
vt 0.890119453125 0.10791015625
vt 0.89404234375 0.10468750000000004
vt 0.890119453125 0.10791015625
vt 0.892148125 0.106242109375
vt 0.9052721875 0.10791015625
vt 0.890119453125 0.10791015625
vt 0.890119453125 0.099853515625
vt 0.89796515625 0.099853515625
vt 0.89796515625 0.10791015625
vt 0.897695234375 0.10791015625
vt 0.890119453125 0.10746296875000005
vt 0.897695234375 0.10457375000000002
vt 0.890119453125 0.10791015625
vt 0.89215046875 0.10624226562500005
vt 0.9052734375 0.10791015625
vt 0.890119453125 0.10791015625
vt 0.890119453125 0.099853515625
vt 0.89796515625 0.099853515625
vt 0.89796515625 0.10791015625
vt 0.897695859375 0.10791015625
vt 0.890119453125 0.107463515625
vt 0.897695859375 0.10457406250000001
vt 0.890119453125 0.10791015625
vt 0.890119453125 0.10618281249999995
vt 0.904756875 0.10704648437499997
vt 0.890119453125 0.10791015625
vt 0.890119453125 0.099853515625
vt 0.89796515625 0.099853515625
vt 0.89796515625 0.10791015625
vt 0.890119453125 0.10791015625
vt 0.890119453125 0.10618281249999995
vt 0.904756875 0.10704648437499997
vt 0.897695859375 0.10791015625
vt 0.890119453125 0.107463515625
vt 0.897695859375 0.10457406250000001
vt 0.890119453125 0.10791015625
vt 0.890119453125 0.099853515625
vt 0.89796515625 0.099853515625
vt 0.89796515625 0.10791015625
vt 0.890119453125 0.10791015625
vt 0.89215046875 0.10624226562500005
vt 0.9052734375 0.10791015625
vt 0.897695234375 0.10791015625
vt 0.890119453125 0.10746296875000005
vt 0.897695234375 0.10457375000000002
vt 0.890119453125 0.10791015625
vt 0.890119453125 0.099853515625
vt 0.89796515625 0.099853515625
vt 0.89796515625 0.10791015625
vt 0.890119453125 0.10791015625
vt 0.892148125 0.106242109375
vt 0.9052721875 0.10791015625
vt 0.89796515625 0.10791015625
vt 0.890119453125 0.10791015625
vt 0.89404234375 0.10468750000000004
vt 0.890119453125 0.10791015625
vt 0.890119453125 0.099853515625
vt 0.89796515625 0.099853515625
vt 0.89796515625 0.10791015625
vt 0.890119453125 0.10468750000000004
vt 0.89796515625 0.10468750000000004
vt 0.89404234375 0.10791015625
vt 0.89796515625 0.099853515625
vt 0.89796515625 0.10791015625
vt 0.890119453125 0.10791015625
vt 0.890119453125 0.099853515625
vt 0.89796515625 0.099853515625
vt 0.89796515625 0.10791015625
vt 0.890119453125 0.10791015625
vt 0.890119453125 0.099853515625
vt 0.89796515625 0.099853515625
vt 0.89796515625 0.10791015625
vt 0.890119453125 0.10791015625
vt 0.890119453125 0.099853515625
vt 0.89796515625 0.099853515625
vt 0.89796515625 0.10791015625
vt 0.890119453125 0.10791015625
vt 0.890119453125 0.099853515625
vt 0.89796515625 0.099853515625
vt 0.89796515625 0.10791015625
vt 0.890119453125 0.10791015625
vt 0.890119453125 0.099853515625
vt 0.89796515625 0.099853515625
vt 0.89796515625 0.10791015625
vt 0.890119453125 0.10791015625
vt 0.890119453125 0.099853515625
vt 0.89796515625 0.099853515625
vt 0.89796515625 0.10791015625
vt 0.890119453125 0.10791015625
vt 0.890119453125 0.099853515625
vt 0.89796515625 0.099853515625
vt 0.89796515625 0.10791015625
vt 0.890119453125 0.10791015625
vt 0.890119453125 0.099853515625
vt 0.89796515625 0.099853515625
vt 0.89796515625 0.10791015625
vt 0.890119453125 0.10791015625
vt 0.890119453125 0.099853515625
vt 0.89796515625 0.099853515625
vt 0.89796515625 0.10791015625
vt 0.890119453125 0.10791015625
vt 0.890119453125 0.099853515625
vt 0.89796515625 0.099853515625
vt 0.89796515625 0.10791015625
vt 0.890119453125 0.10791015625
vt 0.890119453125 0.099853515625
vt 0.89796515625 0.099853515625
vt 0.89796515625 0.10791015625
vt 0.890119453125 0.10791015625
vt 0.890119453125 0.099853515625
vn 2.220446049250313e-16 -1 0
vn -0.24083252156399196 0.6207261082483666 -0.7461225067614343
vn 1 2.220446049250313e-16 0
vn 2.220446049250313e-16 -1 0
vn -0.3930836295690828 0.8469607806204048 -0.3579702449305958
vn 1 2.220446049250313e-16 0
vn 2.220446049250313e-16 -1 0
vn -0.44721359549995826 0.894427190999916 0
vn 1 2.220446049250313e-16 0
vn 2.220446049250313e-16 -1 0
vn -0.417028788922767 0.8340575778455336 0.3611577855287801
vn 1 2.220446049250313e-16 0
vn 2.220446049250313e-16 -1 0
vn -0.2762234056882761 0.5951669662861228 0.7546369407812894
vn 1 2.220446049250313e-16 0
vn 2.220446049250313e-16 -1 0
vn 0 0 1
vn 1 2.220446049250313e-16 0
vn 2.220446049250313e-16 -1 0
vn 0.31294965867110836 -0.566940585140782 0.7619979554158032
vn 1 2.220446049250313e-16 0
vn 2.220446049250313e-16 -1 0
vn 0.372440049263086 -0.8574579506917044 0.35504122648009867
vn 1 2.220446049250313e-16 0
vn 2.220446049250313e-16 -1 0
vn 0.3162277660168382 -0.9486832980505139 0
vn 1 2.220446049250313e-16 0
vn 2.220446049250313e-16 -1 0
vn 0.2970442377143004 -0.8911327131429003 -0.34299738833889615
vn 1 2.220446049250313e-16 0
vn 2.220446049250313e-16 -1 0
vn 0.26280326704058166 -0.6050443587835613 -0.7515688702554053
vn 1 2.220446049250313e-16 0
vn 2.220446049250313e-16 -1 0
vn 0 0 -1
vn 1 2.220446049250313e-16 0
vn 0 0 1
vn -0.6207261082483633 0.2408325215639922 0.746122506761437
vn -0.8469607806204068 0.39308362956908044 0.35797024493059393
vn -0.894427190999916 0.4472135954999577 0
vn -0.834057577845534 0.4170287889227668 -0.3611577855287788
vn -0.5951669662861221 0.27622340568827347 -0.7546369407812908
vn 0 0 -1
vn 0.5669405851407819 -0.31294965867110575 -0.7619979554158044
vn 0.8574579506917033 -0.37244004926308955 -0.35504122648009767
vn 0.9486832980505139 -0.3162277660168377 0
vn 0.8911327131429013 -0.29704423771430016 0.342997388338894
vn 0.6050443587835577 -0.2628032670405828 0.7515688702554076
usemtl m_c4285295-d1e0-dcfc-0036-196fac025b3b
f 291/1193/341 289/1194/341 287/1195/341
f 290/1196/342 319/1197/342 318/1198/342 292/1199/342
f 290/1200/343 292/1201/343 288/1202/343
f 293/1203/344 291/1204/344 287/1205/344
f 292/1206/345 318/1207/345 317/1208/345 294/1209/345
f 292/1210/346 294/1211/346 288/1212/346
f 295/1213/347 293/1214/347 287/1215/347
f 294/1216/348 317/1217/348 316/1218/348 296/1219/348
f 294/1220/349 296/1221/349 288/1222/349
f 297/1223/350 295/1224/350 287/1225/350
f 296/1226/351 316/1227/351 315/1228/351 298/1229/351
f 296/1230/352 298/1231/352 288/1232/352
f 299/1233/353 297/1234/353 287/1235/353
f 298/1236/354 315/1237/354 314/1238/354 300/1239/354
f 298/1240/355 300/1241/355 288/1242/355
f 301/1243/356 299/1244/356 287/1245/356
f 300/1246/357 314/1247/357 313/1248/357 302/1249/357
f 300/1250/358 302/1251/358 288/1252/358
f 303/1253/359 301/1254/359 287/1255/359
f 302/1256/360 313/1257/360 324/1258/360 304/1259/360
f 302/1260/361 304/1261/361 288/1262/361
f 305/1263/362 303/1264/362 287/1265/362
f 304/1266/363 324/1267/363 323/1268/363 306/1269/363
f 304/1270/364 306/1271/364 288/1272/364
f 307/1273/365 305/1274/365 287/1275/365
f 306/1276/366 323/1277/366 322/1278/366 308/1279/366
f 306/1280/367 308/1281/367 288/1282/367
f 309/1283/368 307/1284/368 287/1285/368
f 308/1286/369 322/1287/369 321/1288/369 310/1289/369
f 308/1290/370 310/1291/370 288/1292/370
f 311/1293/371 309/1294/371 287/1295/371
f 310/1296/372 321/1297/372 320/1298/372 312/1299/372
f 310/1300/373 312/1301/373 288/1302/373
f 289/1303/374 311/1304/374 287/1305/374
f 312/1306/375 320/1307/375 319/1308/375 290/1309/375
f 312/1310/376 290/1311/376 288/1312/376
f 301/1313/377 313/1314/377 314/1315/377 299/1316/377
f 299/1317/378 314/1318/378 315/1319/378 297/1320/378
f 297/1321/379 315/1322/379 316/1323/379 295/1324/379
f 295/1325/380 316/1326/380 317/1327/380 293/1328/380
f 293/1329/381 317/1330/381 318/1331/381 291/1332/381
f 291/1333/382 318/1334/382 319/1335/382 289/1336/382
f 289/1337/383 319/1338/383 320/1339/383 311/1340/383
f 311/1341/384 320/1342/384 321/1343/384 309/1344/384
f 309/1345/385 321/1346/385 322/1347/385 307/1348/385
f 307/1349/386 322/1350/386 323/1351/386 305/1352/386
f 305/1353/387 323/1354/387 324/1355/387 303/1356/387
f 303/1357/388 324/1358/388 313/1359/388 301/1360/388
o doorLeft
v 0.21875000000000003 0.6875 -5.3776427755280576e-17
v 0.28124999999999967 0.7500000000000002 -2.8622937353616873e-17
v 0.21037687500000005 0.6874999999999999 -0.03125000000000005
v 0.28124999999999967 0.7583731250000003 -0.03125000000000002
v 0.19587312499999998 0.6874999999999998 -0.02287687500000005
v 0.28124999999999956 0.7728768750000004 -0.02287687500000002
v 0.18749999999999994 0.6874999999999998 -0.008373125000000049
v 0.2812499999999995 0.7812500000000002 -0.00837312500000001
v 0.18749999999999994 0.6874999999999998 0.008373124999999955
v 0.2812499999999995 0.7812500000000002 0.008373124999999993
v 0.19587312499999998 0.6874999999999998 0.022876874999999953
v 0.28124999999999956 0.7728768750000004 0.022876874999999984
v 0.21037687500000005 0.6874999999999999 0.031249999999999948
v 0.28124999999999967 0.7583731250000003 0.031249999999999976
v 0.227123125 0.6875 0.031249999999999948
v 0.2812499999999997 0.7416268750000004 0.03124999999999997
v 0.24162687500000005 0.6875 0.022876874999999953
v 0.2812499999999998 0.7271231250000003 0.022876874999999967
v 0.25 0.6875000000000001 0.008373124999999955
v 0.2812499999999999 0.7187500000000002 0.008373124999999967
v 0.25 0.6875000000000001 -0.008373125000000049
v 0.2812499999999999 0.7187500000000002 -0.008373125000000037
v 0.24162687500000005 0.6875 -0.02287687500000005
v 0.2812499999999998 0.7271231250000003 -0.022876875000000036
v 0.227123125 0.6875 -0.03125000000000005
v 0.2812499999999997 0.7416268750000004 -0.03125000000000003
v 0.24637437499999987 0.7223756250000002 0.031249999999999962
v 0.23018812499999974 0.738561875 0.031249999999999965
v 0.2229368749999997 0.745813125 0.022876874999999974
v 0.21874999999999967 0.75 0.008373124999999981
v 0.21874999999999967 0.75 -0.008373125000000023
v 0.2229368749999997 0.745813125 -0.02287687500000003
v 0.23018812499999974 0.738561875 -0.03125000000000003
v 0.24637437499999987 0.7223756250000002 -0.031250000000000035
v 0.25362562499999985 0.7151243750000001 -0.02287687500000004
v 0.2578124999999999 0.7109375000000002 -0.00837312500000004
v 0.2578124999999999 0.7109375000000002 0.008373124999999964
v 0.25362562499999985 0.7151243750000001 0.022876874999999963
vt 0.9052721875 0.106242109375
vt 0.903243515625 0.10791015625
vt 0.890119453125 0.106242109375
vt 0.890119453125 0.10791015625
vt 0.890119453125 0.099853515625
vt 0.89796515625 0.099853515625
vt 0.89796515625 0.10791015625
vt 0.890119453125 0.10457375000000002
vt 0.897695234375 0.10502093749999997
vt 0.890119453125 0.10791015625
vt 0.9052734375 0.10624226562500005
vt 0.9032425 0.10791015625
vt 0.890119453125 0.10624226562500005
vt 0.890119453125 0.10791015625
vt 0.890119453125 0.099853515625
vt 0.89796515625 0.099853515625
vt 0.89796515625 0.10791015625
vt 0.890119453125 0.10457406250000001
vt 0.897695859375 0.105020703125
vt 0.890119453125 0.10791015625
vt 0.904756875 0.10618281249999995
vt 0.904756875 0.10791015625
vt 0.890119453125 0.10704648437499997
vt 0.890119453125 0.10791015625
vt 0.890119453125 0.099853515625
vt 0.89796515625 0.099853515625
vt 0.89796515625 0.10791015625
vt 0.904756875 0.10618281249999995
vt 0.904756875 0.10791015625
vt 0.890119453125 0.10704648437499997
vt 0.890119453125 0.10457406250000001
vt 0.897695859375 0.105020703125
vt 0.890119453125 0.10791015625
vt 0.890119453125 0.10791015625
vt 0.890119453125 0.099853515625
vt 0.89796515625 0.099853515625
vt 0.89796515625 0.10791015625
vt 0.9052734375 0.10624226562500005
vt 0.9032425 0.10791015625
vt 0.890119453125 0.10624226562500005
vt 0.890119453125 0.10457375000000002
vt 0.897695234375 0.10502093749999997
vt 0.890119453125 0.10791015625
vt 0.890119453125 0.10791015625
vt 0.890119453125 0.099853515625
vt 0.89796515625 0.099853515625
vt 0.89796515625 0.10791015625
vt 0.9052721875 0.106242109375
vt 0.903243515625 0.10791015625
vt 0.890119453125 0.106242109375
vt 0.890119453125 0.10468750000000004
vt 0.89796515625 0.10468750000000004
vt 0.89404234375 0.10791015625
vt 0.890119453125 0.10791015625
vt 0.890119453125 0.099853515625
vt 0.89796515625 0.099853515625
vt 0.89796515625 0.10791015625
vt 0.89796515625 0.10791015625
vt 0.890119453125 0.10791015625
vt 0.89404234375 0.10468750000000004
vt 0.890119453125 0.10791015625
vt 0.892148125 0.106242109375
vt 0.9052721875 0.10791015625
vt 0.890119453125 0.10791015625
vt 0.890119453125 0.099853515625
vt 0.89796515625 0.099853515625
vt 0.89796515625 0.10791015625
vt 0.897695234375 0.10791015625
vt 0.890119453125 0.10746296875000005
vt 0.897695234375 0.10457375000000002
vt 0.890119453125 0.10791015625
vt 0.89215046875 0.10624226562500005
vt 0.9052734375 0.10791015625
vt 0.890119453125 0.10791015625
vt 0.890119453125 0.099853515625
vt 0.89796515625 0.099853515625
vt 0.89796515625 0.10791015625
vt 0.897695859375 0.10791015625
vt 0.890119453125 0.107463515625
vt 0.897695859375 0.10457406250000001
vt 0.890119453125 0.10791015625
vt 0.890119453125 0.10618281249999995
vt 0.904756875 0.10704648437499997
vt 0.890119453125 0.10791015625
vt 0.890119453125 0.099853515625
vt 0.89796515625 0.099853515625
vt 0.89796515625 0.10791015625
vt 0.890119453125 0.10791015625
vt 0.890119453125 0.10618281249999995
vt 0.904756875 0.10704648437499997
vt 0.897695859375 0.10791015625
vt 0.890119453125 0.107463515625
vt 0.897695859375 0.10457406250000001
vt 0.890119453125 0.10791015625
vt 0.890119453125 0.099853515625
vt 0.89796515625 0.099853515625
vt 0.89796515625 0.10791015625
vt 0.890119453125 0.10791015625
vt 0.89215046875 0.10624226562500005
vt 0.9052734375 0.10791015625
vt 0.897695234375 0.10791015625
vt 0.890119453125 0.10746296875000005
vt 0.897695234375 0.10457375000000002
vt 0.890119453125 0.10791015625
vt 0.890119453125 0.099853515625
vt 0.89796515625 0.099853515625
vt 0.89796515625 0.10791015625
vt 0.890119453125 0.10791015625
vt 0.892148125 0.106242109375
vt 0.9052721875 0.10791015625
vt 0.89796515625 0.10791015625
vt 0.890119453125 0.10791015625
vt 0.89404234375 0.10468750000000004
vt 0.890119453125 0.10791015625
vt 0.890119453125 0.099853515625
vt 0.89796515625 0.099853515625
vt 0.89796515625 0.10791015625
vt 0.890119453125 0.10468750000000004
vt 0.89796515625 0.10468750000000004
vt 0.89404234375 0.10791015625
vt 0.89796515625 0.099853515625
vt 0.89796515625 0.10791015625
vt 0.890119453125 0.10791015625
vt 0.890119453125 0.099853515625
vt 0.89796515625 0.099853515625
vt 0.89796515625 0.10791015625
vt 0.890119453125 0.10791015625
vt 0.890119453125 0.099853515625
vt 0.89796515625 0.099853515625
vt 0.89796515625 0.10791015625
vt 0.890119453125 0.10791015625
vt 0.890119453125 0.099853515625
vt 0.89796515625 0.099853515625
vt 0.89796515625 0.10791015625
vt 0.890119453125 0.10791015625
vt 0.890119453125 0.099853515625
vt 0.89796515625 0.099853515625
vt 0.89796515625 0.10791015625
vt 0.890119453125 0.10791015625
vt 0.890119453125 0.099853515625
vt 0.89796515625 0.099853515625
vt 0.89796515625 0.10791015625
vt 0.890119453125 0.10791015625
vt 0.890119453125 0.099853515625
vt 0.89796515625 0.099853515625
vt 0.89796515625 0.10791015625
vt 0.890119453125 0.10791015625
vt 0.890119453125 0.099853515625
vt 0.89796515625 0.099853515625
vt 0.89796515625 0.10791015625
vt 0.890119453125 0.10791015625
vt 0.890119453125 0.099853515625
vt 0.89796515625 0.099853515625
vt 0.89796515625 0.10791015625
vt 0.890119453125 0.10791015625
vt 0.890119453125 0.099853515625
vt 0.89796515625 0.099853515625
vt 0.89796515625 0.10791015625
vt 0.890119453125 0.10791015625
vt 0.890119453125 0.099853515625
vt 0.89796515625 0.099853515625
vt 0.89796515625 0.10791015625
vt 0.890119453125 0.10791015625
vt 0.890119453125 0.099853515625
vt 0.89796515625 0.099853515625
vt 0.89796515625 0.10791015625
vt 0.890119453125 0.10791015625
vt 0.890119453125 0.099853515625
vn 5.551115123125783e-15 -1 -4.024558464266193e-16
vn -0.24083252156399554 0.6207261082483614 -0.7461225067614374
vn 1 5.551115123125783e-15 1.5407439555098237e-32
vn 5.551115123125783e-15 -1 -4.024558464266193e-16
vn -0.39308362956908593 0.8469607806204044 -0.3579702449305931
vn 1 5.551115123125783e-15 1.5407439555098237e-32
vn 5.551115123125783e-15 -1 -4.024558464266193e-16
vn -0.4472135954999629 0.8944271909999135 3.5996745222085464e-16
vn 1 5.551115123125783e-15 1.5407439555098237e-32
vn 5.551115123125783e-15 -1 -4.024558464266193e-16
vn -0.41702878892277173 0.8340575778455318 0.3611577855287786
vn 1 5.551115123125783e-15 1.5407439555098237e-32
vn 5.551115123125783e-15 -1 -4.024558464266193e-16
vn -0.27622340568827686 0.5951669662861191 0.754636940781292
vn 1 5.551115123125783e-15 1.5407439555098237e-32
vn 5.551115123125783e-15 -1 -4.024558464266193e-16
vn 2.234078735489194e-30 -4.024558464266193e-16 1
vn 1 5.551115123125783e-15 1.5407439555098237e-32
vn 5.551115123125783e-15 -1 -4.024558464266193e-16
vn 0.312949658671109 -0.5669405851407804 0.7619979554158042
vn 1 5.551115123125783e-15 1.5407439555098237e-32
vn 5.551115123125783e-15 -1 -4.024558464266193e-16
vn 0.3724400492630945 -0.8574579506917013 0.35504122648009756
vn 1 5.551115123125783e-15 1.5407439555098237e-32
vn 5.551115123125783e-15 -1 -4.024558464266193e-16
vn 0.31622776601684127 -0.9486832980505129 -3.818031397077166e-16
vn 1 5.551115123125783e-15 1.5407439555098237e-32
vn 5.551115123125783e-15 -1 -4.024558464266193e-16
vn 0.2970442377143035 -0.8911327131429002 -0.34299738833889415
vn 1 5.551115123125783e-15 1.5407439555098237e-32
vn 5.551115123125783e-15 -1 -4.024558464266193e-16
vn 0.2628032670405863 -0.6050443587835558 -0.7515688702554079
vn 1 5.551115123125783e-15 1.5407439555098237e-32
vn 5.551115123125783e-15 -1 -4.024558464266193e-16
vn -2.234078735489194e-30 4.024558464266193e-16 -1
vn 1 5.551115123125783e-15 1.5407439555098237e-32
vn 2.234078735489194e-30 -4.024558464266193e-16 1
vn -0.620726108248365 0.24083252156398868 0.7461225067614367
vn -0.8469607806204081 0.39308362956907666 0.3579702449305947
vn -0.8944271909999181 0.4472135954999537 1.7998372611042757e-16
vn -0.8340575778455361 0.41702878892276324 -0.36115778552877875
vn -0.5951669662861231 0.27622340568827125 -0.7546369407812908
vn -2.234078735489194e-30 4.024558464266193e-16 -1
vn 0.5669405851407848 -0.31294965867110347 -0.7619979554158034
vn 0.8574579506917052 -0.3724400492630837 -0.35504122648009934
vn 0.9486832980505155 -0.31622776601683267 -1.272677132359054e-16
vn 0.891132713142902 -0.2970442377142953 0.34299738833889615
vn 0.6050443587835614 -0.2628032670405802 0.7515688702554056
usemtl m_c4285295-d1e0-dcfc-0036-196fac025b3b
f 329/1361/389 327/1362/389 325/1363/389
f 328/1364/390 357/1365/390 356/1366/390 330/1367/390
f 328/1368/391 330/1369/391 326/1370/391
f 331/1371/392 329/1372/392 325/1373/392
f 330/1374/393 356/1375/393 355/1376/393 332/1377/393
f 330/1378/394 332/1379/394 326/1380/394
f 333/1381/395 331/1382/395 325/1383/395
f 332/1384/396 355/1385/396 354/1386/396 334/1387/396
f 332/1388/397 334/1389/397 326/1390/397
f 335/1391/398 333/1392/398 325/1393/398
f 334/1394/399 354/1395/399 353/1396/399 336/1397/399
f 334/1398/400 336/1399/400 326/1400/400
f 337/1401/401 335/1402/401 325/1403/401
f 336/1404/402 353/1405/402 352/1406/402 338/1407/402
f 336/1408/403 338/1409/403 326/1410/403
f 339/1411/404 337/1412/404 325/1413/404
f 338/1414/405 352/1415/405 351/1416/405 340/1417/405
f 338/1418/406 340/1419/406 326/1420/406
f 341/1421/407 339/1422/407 325/1423/407
f 340/1424/408 351/1425/408 362/1426/408 342/1427/408
f 340/1428/409 342/1429/409 326/1430/409
f 343/1431/410 341/1432/410 325/1433/410
f 342/1434/411 362/1435/411 361/1436/411 344/1437/411
f 342/1438/412 344/1439/412 326/1440/412
f 345/1441/413 343/1442/413 325/1443/413
f 344/1444/414 361/1445/414 360/1446/414 346/1447/414
f 344/1448/415 346/1449/415 326/1450/415
f 347/1451/416 345/1452/416 325/1453/416
f 346/1454/417 360/1455/417 359/1456/417 348/1457/417
f 346/1458/418 348/1459/418 326/1460/418
f 349/1461/419 347/1462/419 325/1463/419
f 348/1464/420 359/1465/420 358/1466/420 350/1467/420
f 348/1468/421 350/1469/421 326/1470/421
f 327/1471/422 349/1472/422 325/1473/422
f 350/1474/423 358/1475/423 357/1476/423 328/1477/423
f 350/1478/424 328/1479/424 326/1480/424
f 339/1481/425 351/1482/425 352/1483/425 337/1484/425
f 337/1485/426 352/1486/426 353/1487/426 335/1488/426
f 335/1489/427 353/1490/427 354/1491/427 333/1492/427
f 333/1493/428 354/1494/428 355/1495/428 331/1496/428
f 331/1497/429 355/1498/429 356/1499/429 329/1500/429
f 329/1501/430 356/1502/430 357/1503/430 327/1504/430
f 327/1505/431 357/1506/431 358/1507/431 349/1508/431
f 349/1509/432 358/1510/432 359/1511/432 347/1512/432
f 347/1513/433 359/1514/433 360/1515/433 345/1516/433
f 345/1517/434 360/1518/434 361/1519/434 343/1520/434
f 343/1521/435 361/1522/435 362/1523/435 341/1524/435
f 341/1525/436 362/1526/436 351/1527/436 339/1528/436
o right
v -0.625 0.875 -0.75
v -0.625 0.875 -0.375
v -0.625 0 -0.75
v -0.625 0 -0.375
v -0.375 0.875 -0.75
v -0.375 0.875 -0.375
v -0.375 0 -0.75
v -0.375 0 -0.375
vt 0.9150390625 0.013671875
vt 0.9150390625 0.09997554687499999
vt 0.8828125 0.09997554687499999
vt 0.8828125 0.013671875
vt 0.96875 0.013671875
vt 0.96875 0.09997554687499999
vt 0.9365234375 0.09997554687499999
vt 0.9365234375 0.013671875
vt 0.904296875 0.013671875
vt 0.904296875 0.05065914062499999
vt 0.8828125 0.05065914062499999
vt 0.8828125 0.013671875
vt 0.904296875 0.07531734374999999
vt 0.904296875 0.1123046875
vt 0.8828125 0.1123046875
vt 0.8828125 0.07531734374999999
vt 0.904296875 0.013671875
vt 0.904296875 0.09997554687499999
vt 0.8828125 0.09997554687499999
vt 0.8828125 0.013671875
vt 0.904296875 0.013671875
vt 0.904296875 0.09997554687499999
vt 0.8828125 0.09997554687499999
vt 0.8828125 0.013671875
vn -1 0 0
vn 1 0 0
vn 0 1 0
vn 0 -1 0
vn 0 0 -1
vn 0 0 1
usemtl m_c4285295-d1e0-dcfc-0036-196fac025b3b
f 366/1529/437 364/1530/437 363/1531/437 365/1532/437
f 369/1533/438 367/1534/438 368/1535/438 370/1536/438
f 363/1537/439 364/1538/439 368/1539/439 367/1540/439
f 366/1541/440 365/1542/440 369/1543/440 370/1544/440
f 365/1545/441 363/1546/441 367/1547/441 369/1548/441
f 370/1549/442 368/1550/442 364/1551/442 366/1552/442
o cube
v -0.40625 0.734375 -0.750625
v -0.40625 0.734375 -0.750625
v -0.40625 0.546875 -0.750625
v -0.40625 0.546875 -0.750625
v -0.59375 0.734375 -0.750625
v -0.59375 0.734375 -0.750625
v -0.59375 0.546875 -0.750625
v -0.59375 0.546875 -0.750625
vt 0.0341796875 0.03125
vt 0.0654296875 0.03125
vt 0.0654296875 0
vt 0.0341796875 0
vt 0.015625 1
vt 0.015625 1
vt 0.015625 0.9765625
vt 0.015625 0.9765625
vt 0 1
vt 0.0234375 1
vt 0.0234375 0.9765625
vt 0 0.9765625
vt 0 1
vt 0 1
vt 0 0.9765625
vt 0 0.9765625
vt 0.0234375 0.984375
vt 0 0.984375
vt 0 0.984375
vt 0.0234375 0.984375
vt 0.0234375 1
vt 0 1
vt 0 1
vt 0.0234375 1
vn 0 0 -1
vn 1 0 0
vn 0 0 1
vn -1 0 0
vn 0 1 0
vn 0 -1 0
usemtl m_c4285295-d1e0-dcfc-0036-196fac025b3b
f 374/1556/443 377/1555/443 375/1554/443 372/1553/443
f 373/1560/444 374/1559/444 372/1558/444 371/1557/444
f 378/1564/445 373/1563/445 371/1562/445 376/1561/445
f 377/1568/446 378/1567/446 376/1566/446 375/1565/446
f 376/1572/447 371/1571/447 372/1570/447 375/1569/447
f 377/1576/448 374/1575/448 373/1574/448 378/1573/448
o cube
v -0.40625 1.116239969662192 -0.48183769481962846
v -0.40625 1.116239969662192 -0.48183769481962846
v -0.40625 0.9782557233341775 -0.6903091503364205
v -0.40625 0.9782557233341775 -0.6903091503364205
v -0.59375 1.116239969662192 -0.48183769481962846
v -0.59375 1.116239969662192 -0.48183769481962846
v -0.59375 0.9782557233341775 -0.6903091503364205
v -0.59375 0.9782557233341775 -0.6903091503364205
vt 0.2724609375 0.0595703125
vt 0.3134765625 0.0595703125
vt 0.3134765625 0.0048828125
vt 0.2724609375 0.0048828125
vt 0.015625 1
vt 0.015625 1
vt 0.015625 0.96875
vt 0.015625 0.96875
vt 0 1
vt 0.0234375 1
vt 0.0234375 0.96875
vt 0 0.96875
vt 0 1
vt 0 1
vt 0 0.96875
vt 0 0.96875
vt 0.0234375 0.984375
vt 0 0.984375
vt 0 0.984375
vt 0.0234375 0.984375
vt 0.0234375 1
vt 0 1
vt 0 1
vt 0.0234375 1
vn 0 0.8338858220671681 -0.5519369853120581
vn 1 0 0
vn 0 -0.8338858220671681 0.5519369853120581
vn -1 0 0
vn 0 0.5519369853120581 0.8338858220671681
vn 0 -0.5519369853120581 -0.8338858220671681
usemtl m_c4285295-d1e0-dcfc-0036-196fac025b3b
f 382/1580/449 385/1579/449 383/1578/449 380/1577/449
f 381/1584/450 382/1583/450 380/1582/450 379/1581/450
f 386/1588/451 381/1587/451 379/1586/451 384/1585/451
f 385/1592/452 386/1591/452 384/1590/452 383/1589/452
f 384/1596/453 379/1595/453 380/1594/453 383/1593/453
f 385/1600/454 382/1599/454 381/1598/454 386/1597/454
o right
v 0.375 0.875 -0.75
v 0.375 0.875 -0.375
v 0.375 0 -0.75
v 0.375 0 -0.375
v 0.625 0.875 -0.75
v 0.625 0.875 -0.375
v 0.625 0 -0.75
v 0.625 0 -0.375
vt 0.9150390625 0.013671875
vt 0.9150390625 0.09997554687499999
vt 0.8828125 0.09997554687499999
vt 0.8828125 0.013671875
vt 0.96875 0.013671875
vt 0.96875 0.09997554687499999
vt 0.9365234375 0.09997554687499999
vt 0.9365234375 0.013671875
vt 0.904296875 0.013671875
vt 0.904296875 0.05065914062499999
vt 0.8828125 0.05065914062499999
vt 0.8828125 0.013671875
vt 0.904296875 0.07531734374999999
vt 0.904296875 0.1123046875
vt 0.8828125 0.1123046875
vt 0.8828125 0.07531734374999999
vt 0.904296875 0.013671875
vt 0.904296875 0.09997554687499999
vt 0.8828125 0.09997554687499999
vt 0.8828125 0.013671875
vt 0.904296875 0.013671875
vt 0.904296875 0.09997554687499999
vt 0.8828125 0.09997554687499999
vt 0.8828125 0.013671875
vn -1 0 0
vn 1 0 0
vn 0 1 0
vn 0 -1 0
vn 0 0 -1
vn 0 0 1
usemtl m_c4285295-d1e0-dcfc-0036-196fac025b3b
f 390/1601/455 388/1602/455 387/1603/455 389/1604/455
f 393/1605/456 391/1606/456 392/1607/456 394/1608/456
f 387/1609/457 388/1610/457 392/1611/457 391/1612/457
f 390/1613/458 389/1614/458 393/1615/458 394/1616/458
f 389/1617/459 387/1618/459 391/1619/459 393/1620/459
f 394/1621/460 392/1622/460 388/1623/460 390/1624/460
o left
v 0.375 0.875 -0.75
v 0.375 0.875 -0.375
v 0.375 0 -0.75
v 0.375 0 -0.375
v 0.625 0.875 -0.75
v 0.625 0.875 -0.375
v 0.625 0 -0.75
v 0.625 0 -0.375
vt 0.9150390625 0.013671875
vt 0.9150390625 0.09997554687499999
vt 0.8828125 0.09997554687499999
vt 0.8828125 0.013671875
vt 0.96875 0.013671875
vt 0.96875 0.09997554687499999
vt 0.9365234375 0.09997554687499999
vt 0.9365234375 0.013671875
vt 0.904296875 0.013671875
vt 0.904296875 0.05065914062499999
vt 0.8828125 0.05065914062499999
vt 0.8828125 0.013671875
vt 0.904296875 0.07531734374999999
vt 0.904296875 0.1123046875
vt 0.8828125 0.1123046875
vt 0.8828125 0.07531734374999999
vt 0.904296875 0.013671875
vt 0.904296875 0.09997554687499999
vt 0.8828125 0.09997554687499999
vt 0.8828125 0.013671875
vt 0.904296875 0.013671875
vt 0.904296875 0.09997554687499999
vt 0.8828125 0.09997554687499999
vt 0.8828125 0.013671875
vn -1 0 0
vn 1 0 0
vn 0 1 0
vn 0 -1 0
vn 0 0 -1
vn 0 0 1
usemtl m_c4285295-d1e0-dcfc-0036-196fac025b3b
f 398/1625/461 396/1626/461 395/1627/461 397/1628/461
f 401/1629/462 399/1630/462 400/1631/462 402/1632/462
f 395/1633/463 396/1634/463 400/1635/463 399/1636/463
f 398/1637/464 397/1638/464 401/1639/464 402/1640/464
f 397/1641/465 395/1642/465 399/1643/465 401/1644/465
f 402/1645/466 400/1646/466 396/1647/466 398/1648/466
o right
v -0.625 0.875 0.375
v -0.625 0.875 0.75
v -0.625 0 0.375
v -0.625 0 0.75
v -0.375 0.875 0.375
v -0.375 0.875 0.75
v -0.375 0 0.375
v -0.375 0 0.75
vt 0.9150390625 0.013671875
vt 0.9150390625 0.09997554687499999
vt 0.8828125 0.09997554687499999
vt 0.8828125 0.013671875
vt 0.96875 0.013671875
vt 0.96875 0.09997554687499999
vt 0.9365234375 0.09997554687499999
vt 0.9365234375 0.013671875
vt 0.904296875 0.013671875
vt 0.904296875 0.05065914062499999
vt 0.8828125 0.05065914062499999
vt 0.8828125 0.013671875
vt 0.904296875 0.07531734374999999
vt 0.904296875 0.1123046875
vt 0.8828125 0.1123046875
vt 0.8828125 0.07531734374999999
vt 0.904296875 0.013671875
vt 0.904296875 0.09997554687499999
vt 0.8828125 0.09997554687499999
vt 0.8828125 0.013671875
vt 0.904296875 0.013671875
vt 0.904296875 0.09997554687499999
vt 0.8828125 0.09997554687499999
vt 0.8828125 0.013671875
vn -1 0 0
vn 1 0 0
vn 0 1 0
vn 0 -1 0
vn 0 0 -1
vn 0 0 1
usemtl m_c4285295-d1e0-dcfc-0036-196fac025b3b
f 406/1649/467 404/1650/467 403/1651/467 405/1652/467
f 409/1653/468 407/1654/468 408/1655/468 410/1656/468
f 403/1657/469 404/1658/469 408/1659/469 407/1660/469
f 406/1661/470 405/1662/470 409/1663/470 410/1664/470
f 405/1665/471 403/1666/471 407/1667/471 409/1668/471
f 410/1669/472 408/1670/472 404/1671/472 406/1672/472
o left
v 0.375 0.875 0.375
v 0.375 0.875 0.75
v 0.375 0 0.375
v 0.375 0 0.75
v 0.625 0.875 0.375
v 0.625 0.875 0.75
v 0.625 0 0.375
v 0.625 0 0.75
vt 0.9150390625 0.013671875
vt 0.9150390625 0.09997554687499999
vt 0.8828125 0.09997554687499999
vt 0.8828125 0.013671875
vt 0.96875 0.013671875
vt 0.96875 0.09997554687499999
vt 0.9365234375 0.09997554687499999
vt 0.9365234375 0.013671875
vt 0.904296875 0.013671875
vt 0.904296875 0.05065914062499999
vt 0.8828125 0.05065914062499999
vt 0.8828125 0.013671875
vt 0.904296875 0.07531734374999999
vt 0.904296875 0.1123046875
vt 0.8828125 0.1123046875
vt 0.8828125 0.07531734374999999
vt 0.904296875 0.013671875
vt 0.904296875 0.09997554687499999
vt 0.8828125 0.09997554687499999
vt 0.8828125 0.013671875
vt 0.904296875 0.013671875
vt 0.904296875 0.09997554687499999
vt 0.8828125 0.09997554687499999
vt 0.8828125 0.013671875
vn -1 0 0
vn 1 0 0
vn 0 1 0
vn 0 -1 0
vn 0 0 -1
vn 0 0 1
usemtl m_c4285295-d1e0-dcfc-0036-196fac025b3b
f 414/1673/473 412/1674/473 411/1675/473 413/1676/473
f 417/1677/474 415/1678/474 416/1679/474 418/1680/474
f 411/1681/475 412/1682/475 416/1683/475 415/1684/475
f 414/1685/476 413/1686/476 417/1687/476 418/1688/476
f 413/1689/477 411/1690/477 415/1691/477 417/1692/477
f 418/1693/478 416/1694/478 412/1695/478 414/1696/478
o cube
v 0.4062500000000001 0.734375 0.750625
v 0.4062500000000001 0.734375 0.750625
v 0.4062500000000001 0.546875 0.750625
v 0.4062500000000001 0.546875 0.750625
v 0.5937500000000001 0.734375 0.7506249999999999
v 0.5937500000000001 0.734375 0.7506249999999999
v 0.5937500000000001 0.546875 0.7506249999999999
v 0.5937500000000001 0.546875 0.7506249999999999
vt 0 0.03125
vt 0.03125 0.03125
vt 0.03125 0
vt 0 0
vt 0.015625 1
vt 0.015625 1
vt 0.015625 0.9765625
vt 0.015625 0.9765625
vt 0 1
vt 0.0234375 1
vt 0.0234375 0.9765625
vt 0 0.9765625
vt 0 1
vt 0 1
vt 0 0.9765625
vt 0 0.9765625
vt 0.0234375 0.984375
vt 0 0.984375
vt 0 0.984375
vt 0.0234375 0.984375
vt 0.0234375 1
vt 0 1
vt 0 1
vt 0.0234375 1
vn 1.2246467991473532e-16 0 1
vn -1 0 1.2246467991473532e-16
vn -1.2246467991473532e-16 0 -1
vn 1 0 -1.2246467991473532e-16
vn 0 1 0
vn 0 -1 0
usemtl m_c4285295-d1e0-dcfc-0036-196fac025b3b
f 422/1700/479 425/1699/479 423/1698/479 420/1697/479
f 421/1704/480 422/1703/480 420/1702/480 419/1701/480
f 426/1708/481 421/1707/481 419/1706/481 424/1705/481
f 425/1712/482 426/1711/482 424/1710/482 423/1709/482
f 424/1716/483 419/1715/483 420/1714/483 423/1713/483
f 425/1720/484 422/1719/484 421/1718/484 426/1717/484
o left
v -0.46875 1.09375 0.375
v -0.46875 1.09375 -0.375
v -0.46875 0.375 0.375
v -0.46875 0.375 -0.375
v -0.53125 1.09375 -0.375
v -0.53125 1.09375 0.375
v -0.53125 0.375 -0.375
v -0.53125 0.375 0.375
vt 0.8984375 0.0751953125
vt 1 0.0751953125
vt 1 0
vt 0.8984375 0
vt 0.888671875 0.1142578125
vt 0.982421875 0.1142578125
vt 0.982421875 0.0087890625
vt 0.888671875 0.0087890625
vt 0.8984375 0.0751953125
vt 1 0.0751953125
vt 1 0
vt 0.8984375 0
vt 0.888671875 0.1142578125
vt 0.982421875 0.1142578125
vt 0.982421875 0.0087890625
vt 0.888671875 0.0087890625
vt 1 0.0234375
vt 0.8984375 0.0234375
vt 0.8984375 0.0869140625
vt 1 0.0869140625
vt 1 0.0234375
vt 0.8984375 0.0234375
vt 0.8984375 0.0869140625
vt 1 0.0869140625
vn 0 0 -1
vn 1 0 0
vn 0 0 1
vn -1 0 0
vn 0 1 0
vn 0 -1 0
usemtl m_c4285295-d1e0-dcfc-0036-196fac025b3b
f 430/1724/485 433/1723/485 431/1722/485 428/1721/485
f 429/1728/486 430/1727/486 428/1726/486 427/1725/486
f 434/1732/487 429/1731/487 427/1730/487 432/1729/487
f 433/1736/488 434/1735/488 432/1734/488 431/1733/488
f 432/1740/489 427/1739/489 428/1738/489 431/1737/489
f 433/1744/490 430/1743/490 429/1742/490 434/1741/490
o left
v -0.46875 2.34375 0.046875
v -0.46875 2.34375 -0.046875
v -0.46875 1.09375 0.046875
v -0.46875 1.09375 -0.046875
v -0.53125 2.34375 -0.046875
v -0.53125 2.34375 0.046875
v -0.53125 1.09375 -0.046875
v -0.53125 1.09375 0.046875
vt 0.8984375 0.0751953125
vt 1 0.0751953125
vt 1 0
vt 0.8984375 0
vt 0.888671875 0.1142578125
vt 0.982421875 0.1142578125
vt 0.982421875 0.0087890625
vt 0.888671875 0.0087890625
vt 0.8984375 0.0751953125
vt 1 0.0751953125
vt 1 0
vt 0.8984375 0
vt 0.888671875 0.1142578125
vt 0.982421875 0.1142578125
vt 0.982421875 0.0087890625
vt 0.888671875 0.0087890625
vt 1 0.0234375
vt 0.8984375 0.0234375
vt 0.8984375 0.0869140625
vt 1 0.0869140625
vt 1 0.0234375
vt 0.8984375 0.0234375
vt 0.8984375 0.0869140625
vt 1 0.0869140625
vn 0 0 -1
vn 1 0 0
vn 0 0 1
vn -1 0 0
vn 0 1 0
vn 0 -1 0
usemtl m_c4285295-d1e0-dcfc-0036-196fac025b3b
f 438/1748/491 441/1747/491 439/1746/491 436/1745/491
f 437/1752/492 438/1751/492 436/1750/492 435/1749/492
f 442/1756/493 437/1755/493 435/1754/493 440/1753/493
f 441/1760/494 442/1759/494 440/1758/494 439/1757/494
f 440/1764/495 435/1763/495 436/1762/495 439/1761/495
f 441/1768/496 438/1767/496 437/1766/496 442/1765/496
o left
v -0.40625 2.34375 0.03125
v -0.40625 2.34375 -0.03125
v -0.40625 2.25 0.03125
v -0.40625 2.25 -0.03125
v -0.46875 2.34375 -0.03125
v -0.46875 2.34375 0.03125
v -0.46875 2.25 -0.03125
v -0.46875 2.25 0.03125
vt 0.8984375 0.0751953125
vt 1 0.0751953125
vt 1 0
vt 0.8984375 0
vt 0.888671875 0.1142578125
vt 0.982421875 0.1142578125
vt 0.982421875 0.0087890625
vt 0.888671875 0.0087890625
vt 0.8984375 0.0751953125
vt 1 0.0751953125
vt 1 0
vt 0.8984375 0
vt 0.888671875 0.1142578125
vt 0.982421875 0.1142578125
vt 0.982421875 0.0087890625
vt 0.888671875 0.0087890625
vt 1 0.0234375
vt 0.8984375 0.0234375
vt 0.8984375 0.0869140625
vt 1 0.0869140625
vt 1 0.0234375
vt 0.8984375 0.0234375
vt 0.8984375 0.0869140625
vt 1 0.0869140625
vn 0 0 -1
vn 1 0 0
vn 0 0 1
vn -1 0 0
vn 0 1 0
vn 0 -1 0
usemtl m_c4285295-d1e0-dcfc-0036-196fac025b3b
f 446/1772/497 449/1771/497 447/1770/497 444/1769/497
f 445/1776/498 446/1775/498 444/1774/498 443/1773/498
f 450/1780/499 445/1779/499 443/1778/499 448/1777/499
f 449/1784/500 450/1783/500 448/1782/500 447/1781/500
f 448/1788/501 443/1787/501 444/1786/501 447/1785/501
f 449/1792/502 446/1791/502 445/1790/502 450/1789/502
o left
v 0.625 2.53125 0.046875
v 0.625 2.53125 -0.046875
v 0.625 2.34375 0.046875
v 0.625 2.34375 -0.046875
v -0.625 2.53125 -0.046875
v -0.625 2.53125 0.046875
v -0.625 2.34375 -0.046875
v -0.625 2.34375 0.046875
vt 0.8984375 0.0751953125
vt 1 0.0751953125
vt 1 0
vt 0.8984375 0
vt 0.888671875 0.1142578125
vt 0.982421875 0.1142578125
vt 0.982421875 0.0087890625
vt 0.888671875 0.0087890625
vt 0.8984375 0.0751953125
vt 1 0.0751953125
vt 1 0
vt 0.8984375 0
vt 0.888671875 0.1142578125
vt 0.982421875 0.1142578125
vt 0.982421875 0.0087890625
vt 0.888671875 0.0087890625
vt 1 0.0234375
vt 0.8984375 0.0234375
vt 0.8984375 0.0869140625
vt 1 0.0869140625
vt 1 0.0234375
vt 0.8984375 0.0234375
vt 0.8984375 0.0869140625
vt 1 0.0869140625
vn 0 0 -1
vn 1 0 0
vn 0 0 1
vn -1 0 0
vn 0 1 0
vn 0 -1 0
usemtl m_c4285295-d1e0-dcfc-0036-196fac025b3b
f 454/1796/503 457/1795/503 455/1794/503 452/1793/503
f 453/1800/504 454/1799/504 452/1798/504 451/1797/504
f 458/1804/505 453/1803/505 451/1802/505 456/1801/505
f 457/1808/506 458/1807/506 456/1806/506 455/1805/506
f 456/1812/507 451/1811/507 452/1810/507 455/1809/507
f 457/1816/508 454/1815/508 453/1814/508 458/1813/508
o right
v 0.53125 2.34375 0.046875
v 0.53125 2.34375 -0.046875
v 0.53125 1.09375 0.046875
v 0.53125 1.09375 -0.046875
v 0.46875 2.34375 -0.046875
v 0.46875 2.34375 0.046875
v 0.46875 1.09375 -0.046875
v 0.46875 1.09375 0.046875
vt 0.8984375 0.0751953125
vt 1 0.0751953125
vt 1 0
vt 0.8984375 0
vt 0.888671875 0.1142578125
vt 0.982421875 0.1142578125
vt 0.982421875 0.0087890625
vt 0.888671875 0.0087890625
vt 0.8984375 0.0751953125
vt 1 0.0751953125
vt 1 0
vt 0.8984375 0
vt 0.888671875 0.1142578125
vt 0.982421875 0.1142578125
vt 0.982421875 0.0087890625
vt 0.888671875 0.0087890625
vt 1 0.0234375
vt 0.8984375 0.0234375
vt 0.8984375 0.0869140625
vt 1 0.0869140625
vt 1 0.0234375
vt 0.8984375 0.0234375
vt 0.8984375 0.0869140625
vt 1 0.0869140625
vn 0 0 -1
vn 1 0 0
vn 0 0 1
vn -1 0 0
vn 0 1 0
vn 0 -1 0
usemtl m_c4285295-d1e0-dcfc-0036-196fac025b3b
f 462/1820/509 465/1819/509 463/1818/509 460/1817/509
f 461/1824/510 462/1823/510 460/1822/510 459/1821/510
f 466/1828/511 461/1827/511 459/1826/511 464/1825/511
f 465/1832/512 466/1831/512 464/1830/512 463/1829/512
f 464/1836/513 459/1835/513 460/1834/513 463/1833/513
f 465/1840/514 462/1839/514 461/1838/514 466/1837/514
o right
v 0.4375 0.3750000000000001 0
v 0.4375 2.25 0
v 0.42912625 0.3750000000000001 -0.03125
v 0.42912625 2.25 -0.03125
v 0.41462375 0.3750000000000001 -0.02287625
v 0.41462375 2.25 -0.02287625
v 0.40625 0.3750000000000001 -0.00837375
v 0.40625 2.25 -0.00837375
v 0.40625 0.3750000000000001 0.00837375
v 0.40625 2.25 0.00837375
v 0.41462375 0.3750000000000001 0.02287625
v 0.41462375 2.25 0.02287625
v 0.42912625 0.3750000000000001 0.03125
v 0.42912625 2.25 0.03125
v 0.44587375 0.3750000000000001 0.03125
v 0.44587375 2.25 0.03125
v 0.46037625 0.3750000000000001 0.02287625
v 0.46037625 2.25 0.02287625
v 0.46875 0.3750000000000001 0.00837375
v 0.46875 2.25 0.00837375
v 0.46875 0.3750000000000001 -0.00837375
v 0.46875 2.25 -0.00837375
v 0.46037625 0.3750000000000001 -0.02287625
v 0.46037625 2.25 -0.02287625
v 0.44587375 0.3750000000000001 -0.03125
v 0.44587375 2.25 -0.03125
vt 0.928846953125 0.11059874999999997
vt 0.925821640625 0.1123046875
vt 0.90625 0.11059874999999997
vt 0.90625 0.0595703125
vt 0.917950078125 0.0595703125
vt 0.917950078125 0.1123046875
vt 0.90625 0.1123046875
vt 0.90625 0.10889249999999995
vt 0.9175475 0.10934976562499998
vt 0.90625 0.1123046875
vt 0.92884875 0.11059882812499999
vt 0.925820078125 0.1123046875
vt 0.90625 0.11059882812499999
vt 0.90625 0.0595703125
vt 0.917950078125 0.0595703125
vt 0.917950078125 0.1123046875
vt 0.90625 0.1123046875
vt 0.90625 0.10889273437500002
vt 0.9175484375 0.10934953125000002
vt 0.90625 0.1123046875
vt 0.9280784375 0.11053804687500002
vt 0.9280784375 0.1123046875
vt 0.90625 0.11142140624999997
vt 0.90625 0.0595703125
vt 0.917950078125 0.0595703125
vt 0.917950078125 0.1123046875
vt 0.90625 0.1123046875
vt 0.9280784375 0.11053804687500002
vt 0.9280784375 0.1123046875
vt 0.90625 0.11142140624999997
vt 0.90625 0.10889273437500002
vt 0.9175484375 0.10934953125000002
vt 0.90625 0.1123046875
vt 0.90625 0.0595703125
vt 0.917950078125 0.0595703125
vt 0.917950078125 0.1123046875
vt 0.90625 0.1123046875
vt 0.92884875 0.11059882812499999
vt 0.925820078125 0.1123046875
vt 0.90625 0.11059882812499999
vt 0.90625 0.10889249999999995
vt 0.9175475 0.10934976562499998
vt 0.90625 0.1123046875
vt 0.90625 0.0595703125
vt 0.917950078125 0.0595703125
vt 0.917950078125 0.1123046875
vt 0.90625 0.1123046875
vt 0.928846953125 0.11059874999999997
vt 0.925821640625 0.1123046875
vt 0.90625 0.11059874999999997
vt 0.90625 0.10900874999999999
vt 0.917950078125 0.10900874999999999
vt 0.9121 0.1123046875
vt 0.90625 0.0595703125
vt 0.917950078125 0.0595703125
vt 0.917950078125 0.1123046875
vt 0.90625 0.1123046875
vt 0.917950078125 0.1123046875
vt 0.90625 0.1123046875
vt 0.9121 0.10900874999999999
vt 0.90625 0.1123046875
vt 0.909275234375 0.11059874999999997
vt 0.928846953125 0.1123046875
vt 0.90625 0.0595703125
vt 0.917950078125 0.0595703125
vt 0.917950078125 0.1123046875
vt 0.90625 0.1123046875
vt 0.9175475 0.1123046875
vt 0.90625 0.11184734375000005
vt 0.9175475 0.10889249999999995
vt 0.90625 0.1123046875
vt 0.90927875 0.11059882812499999
vt 0.92884875 0.1123046875
vt 0.90625 0.0595703125
vt 0.917950078125 0.0595703125
vt 0.917950078125 0.1123046875
vt 0.90625 0.1123046875
vt 0.9175484375 0.1123046875
vt 0.90625 0.111847890625
vt 0.9175484375 0.10889273437500002
vt 0.90625 0.1123046875
vt 0.90625 0.11053804687500002
vt 0.9280784375 0.11142140624999997
vt 0.90625 0.0595703125
vt 0.917950078125 0.0595703125
vt 0.917950078125 0.1123046875
vt 0.90625 0.1123046875
vt 0.90625 0.1123046875
vt 0.90625 0.11053804687500002
vt 0.9280784375 0.11142140624999997
vt 0.9175484375 0.1123046875
vt 0.90625 0.111847890625
vt 0.9175484375 0.10889273437500002
vt 0.90625 0.0595703125
vt 0.917950078125 0.0595703125
vt 0.917950078125 0.1123046875
vt 0.90625 0.1123046875
vt 0.90625 0.1123046875
vt 0.90927875 0.11059882812499999
vt 0.92884875 0.1123046875
vt 0.9175475 0.1123046875
vt 0.90625 0.11184734375000005
vt 0.9175475 0.10889249999999995
vt 0.90625 0.0595703125
vt 0.917950078125 0.0595703125
vt 0.917950078125 0.1123046875
vt 0.90625 0.1123046875
vt 0.90625 0.1123046875
vt 0.909275234375 0.11059874999999997
vt 0.928846953125 0.1123046875
vt 0.917950078125 0.1123046875
vt 0.90625 0.1123046875
vt 0.9121 0.10900874999999999
vt 0.90625 0.0595703125
vt 0.917950078125 0.0595703125
vt 0.917950078125 0.1123046875
vt 0.90625 0.1123046875
vt 0.90625 0.10900874999999999
vt 0.917950078125 0.10900874999999999
vt 0.9121 0.1123046875
vn 0 -1 0
vn -0.5000325911601271 0 -0.8660065864516789
vn 0 1 0
vn 0 -1 0
vn -0.8660065864516789 0 -0.5000325911601271
vn 0 1 0
vn 0 -1 0
vn -1 0 0
vn 0 1 0
vn 0 -1 0
vn -0.8660065864516789 0 0.5000325911601271
vn 0 1 0
vn 0 -1 0
vn -0.5000325911601271 0 0.8660065864516789
vn 0 1 0
vn 0 -1 0
vn 0 0 1
vn 0 1 0
vn 0 -1 0
vn 0.5000325911601271 0 0.8660065864516789
vn 0 1 0
vn 0 -1 0
vn 0.8660065864516789 0 0.5000325911601271
vn 0 1 0
vn 0 -1 0
vn 1 0 0
vn 0 1 0
vn 0 -1 0
vn 0.8660065864516789 0 -0.5000325911601271
vn 0 1 0
vn 0 -1 0
vn 0.5000325911601271 0 -0.8660065864516789
vn 0 1 0
vn 0 -1 0
vn 0 0 -1
vn 0 1 0
usemtl m_c4285295-d1e0-dcfc-0036-196fac025b3b
f 471/1841/515 469/1842/515 467/1843/515
f 469/1844/516 471/1845/516 472/1846/516 470/1847/516
f 470/1848/517 472/1849/517 468/1850/517
f 473/1851/518 471/1852/518 467/1853/518
f 471/1854/519 473/1855/519 474/1856/519 472/1857/519
f 472/1858/520 474/1859/520 468/1860/520
f 475/1861/521 473/1862/521 467/1863/521
f 473/1864/522 475/1865/522 476/1866/522 474/1867/522
f 474/1868/523 476/1869/523 468/1870/523
f 477/1871/524 475/1872/524 467/1873/524
f 475/1874/525 477/1875/525 478/1876/525 476/1877/525
f 476/1878/526 478/1879/526 468/1880/526
f 479/1881/527 477/1882/527 467/1883/527
f 477/1884/528 479/1885/528 480/1886/528 478/1887/528
f 478/1888/529 480/1889/529 468/1890/529
f 481/1891/530 479/1892/530 467/1893/530
f 479/1894/531 481/1895/531 482/1896/531 480/1897/531
f 480/1898/532 482/1899/532 468/1900/532
f 483/1901/533 481/1902/533 467/1903/533
f 481/1904/534 483/1905/534 484/1906/534 482/1907/534
f 482/1908/535 484/1909/535 468/1910/535
f 485/1911/536 483/1912/536 467/1913/536
f 483/1914/537 485/1915/537 486/1916/537 484/1917/537
f 484/1918/538 486/1919/538 468/1920/538
f 487/1921/539 485/1922/539 467/1923/539
f 485/1924/540 487/1925/540 488/1926/540 486/1927/540
f 486/1928/541 488/1929/541 468/1930/541
f 489/1931/542 487/1932/542 467/1933/542
f 487/1934/543 489/1935/543 490/1936/543 488/1937/543
f 488/1938/544 490/1939/544 468/1940/544
f 491/1941/545 489/1942/545 467/1943/545
f 489/1944/546 491/1945/546 492/1946/546 490/1947/546
f 490/1948/547 492/1949/547 468/1950/547
f 469/1951/548 491/1952/548 467/1953/548
f 491/1954/549 469/1955/549 470/1956/549 492/1957/549
f 492/1958/550 470/1959/550 468/1960/550
o left
v 0.46875 2.34375 0.03125
v 0.46875 2.34375 -0.03125
v 0.46875 2.25 0.03125
v 0.46875 2.25 -0.03125
v 0.40625 2.34375 -0.03125
v 0.40625 2.34375 0.03125
v 0.40625 2.25 -0.03125
v 0.40625 2.25 0.03125
vt 0.8984375 0.0751953125
vt 1 0.0751953125
vt 1 0
vt 0.8984375 0
vt 0.888671875 0.1142578125
vt 0.982421875 0.1142578125
vt 0.982421875 0.0087890625
vt 0.888671875 0.0087890625
vt 0.8984375 0.0751953125
vt 1 0.0751953125
vt 1 0
vt 0.8984375 0
vt 0.888671875 0.1142578125
vt 0.982421875 0.1142578125
vt 0.982421875 0.0087890625
vt 0.888671875 0.0087890625
vt 1 0.0234375
vt 0.8984375 0.0234375
vt 0.8984375 0.0869140625
vt 1 0.0869140625
vt 1 0.0234375
vt 0.8984375 0.0234375
vt 0.8984375 0.0869140625
vt 1 0.0869140625
vn 0 0 -1
vn 1 0 0
vn 0 0 1
vn -1 0 0
vn 0 1 0
vn 0 -1 0
usemtl m_c4285295-d1e0-dcfc-0036-196fac025b3b
f 496/1964/551 499/1963/551 497/1962/551 494/1961/551
f 495/1968/552 496/1967/552 494/1966/552 493/1965/552
f 500/1972/553 495/1971/553 493/1970/553 498/1969/553
f 499/1976/554 500/1975/554 498/1974/554 497/1973/554
f 498/1980/555 493/1979/555 494/1978/555 497/1977/555
f 499/1984/556 496/1983/556 495/1982/556 500/1981/556
o cube
v 0.0625 2.5 -0.0475
v 0.0625 2.5 -0.0475
v 0.0625 2.375 -0.0475
v 0.0625 2.375 -0.0475
v -0.0625 2.5 -0.0475
v -0.0625 2.5 -0.0475
v -0.0625 2.375 -0.0475
v -0.0625 2.375 -0.0475
vt 0.1025390625 0.03125
vt 0.1337890625 0.03125
vt 0.1337890625 0
vt 0.1025390625 0
vt 0.015625 1
vt 0.015625 1
vt 0.015625 0.9765625
vt 0.015625 0.9765625
vt 0 1
vt 0.0234375 1
vt 0.0234375 0.9765625
vt 0 0.9765625
vt 0 1
vt 0 1
vt 0 0.9765625
vt 0 0.9765625
vt 0.0234375 0.984375
vt 0 0.984375
vt 0 0.984375
vt 0.0234375 0.984375
vt 0.0234375 1
vt 0 1
vt 0 1
vt 0.0234375 1
vn 0 0 -1
vn 1 0 0
vn 0 0 1
vn -1 0 0
vn 0 1 0
vn 0 -1 0
usemtl m_c4285295-d1e0-dcfc-0036-196fac025b3b
f 504/1988/557 507/1987/557 505/1986/557 502/1985/557
f 503/1992/558 504/1991/558 502/1990/558 501/1989/558
f 508/1996/559 503/1995/559 501/1994/559 506/1993/559
f 507/2000/560 508/1999/560 506/1998/560 505/1997/560
f 506/2004/561 501/2003/561 502/2002/561 505/2001/561
f 507/2008/562 504/2007/562 503/2006/562 508/2005/562
o cube
v -0.06249999999999999 2.5 0.04750000000000001
v -0.06249999999999999 2.5 0.04750000000000001
v -0.06249999999999999 2.375 0.04750000000000001
v -0.06249999999999999 2.375 0.04750000000000001
v 0.0625 2.5 0.047499999999999994
v 0.0625 2.5 0.047499999999999994
v 0.0625 2.375 0.047499999999999994
v 0.0625 2.375 0.047499999999999994
vt 0.068359375 0.03125
vt 0.099609375 0.03125
vt 0.099609375 0
vt 0.068359375 0
vt 0.015625 1
vt 0.015625 1
vt 0.015625 0.9765625
vt 0.015625 0.9765625
vt 0 1
vt 0.0234375 1
vt 0.0234375 0.9765625
vt 0 0.9765625
vt 0 1
vt 0 1
vt 0 0.9765625
vt 0 0.9765625
vt 0.0234375 0.984375
vt 0 0.984375
vt 0 0.984375
vt 0.0234375 0.984375
vt 0.0234375 1
vt 0 1
vt 0 1
vt 0.0234375 1
vn 1.2246467991473532e-16 0 1
vn -1 0 1.2246467991473532e-16
vn -1.2246467991473532e-16 0 -1
vn 1 0 -1.2246467991473532e-16
vn 0 1 0
vn 0 -1 0
usemtl m_c4285295-d1e0-dcfc-0036-196fac025b3b
f 512/2012/563 515/2011/563 513/2010/563 510/2009/563
f 511/2016/564 512/2015/564 510/2014/564 509/2013/564
f 516/2020/565 511/2019/565 509/2018/565 514/2017/565
f 515/2024/566 516/2023/566 514/2022/566 513/2021/566
f 514/2028/567 509/2027/567 510/2026/567 513/2025/567
f 515/2032/568 512/2031/568 511/2030/568 516/2029/568
o doorLeft
v 0.28125000000000006 0.75 0
v 0.43750000000000006 0.75 0
v 0.28125000000000006 0.7583731249999999 -0.03125
v 0.43750000000000006 0.758373125 -0.03125
v 0.28125000000000006 0.7728768749999999 -0.022876875000000005
v 0.43750000000000006 0.772876875 -0.022876875000000005
v 0.28125000000000006 0.78125 -0.008373125000000002
v 0.43750000000000006 0.78125 -0.008373125000000002
v 0.28125000000000006 0.78125 0.008373124999999995
v 0.43750000000000006 0.78125 0.008373124999999995
v 0.28125000000000006 0.7728768749999999 0.022876875000000005
v 0.43750000000000006 0.772876875 0.022876875000000005
v 0.28125000000000006 0.7583731249999999 0.03125
v 0.43750000000000006 0.758373125 0.03125
v 0.2812500000000001 0.7416268749999999 0.03125
v 0.43750000000000006 0.741626875 0.03125
v 0.2812500000000001 0.7271231249999999 0.022876875000000005
v 0.43750000000000006 0.727123125 0.022876875000000005
v 0.2812500000000001 0.71875 0.008373124999999995
v 0.43750000000000006 0.71875 0.008373124999999995
v 0.2812500000000001 0.71875 -0.008373125000000002
v 0.43750000000000006 0.71875 -0.008373125000000002
v 0.2812500000000001 0.7271231249999999 -0.022876875000000005
v 0.43750000000000006 0.727123125 -0.022876875000000005
v 0.2812500000000001 0.7416268749999999 -0.03125
v 0.43750000000000006 0.741626875 -0.03125
vt 0.9052721875 0.106242109375
vt 0.903243515625 0.10791015625
vt 0.890119453125 0.106242109375
vt 0.890119453125 0.091796875
vt 0.89796515625 0.091796875
vt 0.89796515625 0.10791015625
vt 0.890119453125 0.10791015625
vt 0.890119453125 0.10457375000000002
vt 0.897695234375 0.10502093749999997
vt 0.890119453125 0.10791015625
vt 0.9052734375 0.10624226562500005
vt 0.9032425 0.10791015625
vt 0.890119453125 0.10624226562500005
vt 0.890119453125 0.091796875
vt 0.89796515625 0.091796875
vt 0.89796515625 0.10791015625
vt 0.890119453125 0.10791015625
vt 0.890119453125 0.10457406250000001
vt 0.897695859375 0.105020703125
vt 0.890119453125 0.10791015625
vt 0.904756875 0.10618281249999995
vt 0.904756875 0.10791015625
vt 0.890119453125 0.10704648437499997
vt 0.890119453125 0.091796875
vt 0.89796515625 0.091796875
vt 0.89796515625 0.10791015625
vt 0.890119453125 0.10791015625
vt 0.904756875 0.10618281249999995
vt 0.904756875 0.10791015625
vt 0.890119453125 0.10704648437499997
vt 0.890119453125 0.10457406250000001
vt 0.897695859375 0.105020703125
vt 0.890119453125 0.10791015625
vt 0.890119453125 0.091796875
vt 0.89796515625 0.091796875
vt 0.89796515625 0.10791015625
vt 0.890119453125 0.10791015625
vt 0.9052734375 0.10624226562500005
vt 0.9032425 0.10791015625
vt 0.890119453125 0.10624226562500005
vt 0.890119453125 0.10457375000000002
vt 0.897695234375 0.10502093749999997
vt 0.890119453125 0.10791015625
vt 0.890119453125 0.091796875
vt 0.89796515625 0.091796875
vt 0.89796515625 0.10791015625
vt 0.890119453125 0.10791015625
vt 0.9052721875 0.106242109375
vt 0.903243515625 0.10791015625
vt 0.890119453125 0.106242109375
vt 0.890119453125 0.10468750000000004
vt 0.89796515625 0.10468750000000004
vt 0.89404234375 0.10791015625
vt 0.890119453125 0.091796875
vt 0.89796515625 0.091796875
vt 0.89796515625 0.10791015625
vt 0.890119453125 0.10791015625
vt 0.89796515625 0.10791015625
vt 0.890119453125 0.10791015625
vt 0.89404234375 0.10468750000000004
vt 0.890119453125 0.10791015625
vt 0.892148125 0.106242109375
vt 0.9052721875 0.10791015625
vt 0.890119453125 0.091796875
vt 0.89796515625 0.091796875
vt 0.89796515625 0.10791015625
vt 0.890119453125 0.10791015625
vt 0.897695234375 0.10791015625
vt 0.890119453125 0.10746296875000005
vt 0.897695234375 0.10457375000000002
vt 0.890119453125 0.10791015625
vt 0.89215046875 0.10624226562500005
vt 0.9052734375 0.10791015625
vt 0.890119453125 0.091796875
vt 0.89796515625 0.091796875
vt 0.89796515625 0.10791015625
vt 0.890119453125 0.10791015625
vt 0.897695859375 0.10791015625
vt 0.890119453125 0.107463515625
vt 0.897695859375 0.10457406250000001
vt 0.890119453125 0.10791015625
vt 0.890119453125 0.10618281249999995
vt 0.904756875 0.10704648437499997
vt 0.890119453125 0.091796875
vt 0.89796515625 0.091796875
vt 0.89796515625 0.10791015625
vt 0.890119453125 0.10791015625
vt 0.890119453125 0.10791015625
vt 0.890119453125 0.10618281249999995
vt 0.904756875 0.10704648437499997
vt 0.897695859375 0.10791015625
vt 0.890119453125 0.107463515625
vt 0.897695859375 0.10457406250000001
vt 0.890119453125 0.091796875
vt 0.89796515625 0.091796875
vt 0.89796515625 0.10791015625
vt 0.890119453125 0.10791015625
vt 0.890119453125 0.10791015625
vt 0.89215046875 0.10624226562500005
vt 0.9052734375 0.10791015625
vt 0.897695234375 0.10791015625
vt 0.890119453125 0.10746296875000005
vt 0.897695234375 0.10457375000000002
vt 0.890119453125 0.091796875
vt 0.89796515625 0.091796875
vt 0.89796515625 0.10791015625
vt 0.890119453125 0.10791015625
vt 0.890119453125 0.10791015625
vt 0.892148125 0.106242109375
vt 0.9052721875 0.10791015625
vt 0.89796515625 0.10791015625
vt 0.890119453125 0.10791015625
vt 0.89404234375 0.10468750000000004
vt 0.890119453125 0.091796875
vt 0.89796515625 0.091796875
vt 0.89796515625 0.10791015625
vt 0.890119453125 0.10791015625
vt 0.890119453125 0.10468750000000004
vt 0.89796515625 0.10468750000000004
vt 0.89404234375 0.10791015625
vn -1 -2.220446049250313e-16 0
vn -1.1101614741826178e-16 0.4999722801449918 -0.8660414072586935
vn 1 2.220446049250313e-16 0
vn -1 -2.220446049250313e-16 0
vn -1.9229982212347471e-16 0.8660414072586934 -0.49997228014499207
vn 1 2.220446049250313e-16 0
vn -1 -2.220446049250313e-16 0
vn -2.220446049250313e-16 1 0
vn 1 2.220446049250313e-16 0
vn -1 -2.220446049250313e-16 0
vn -1.9229982212347471e-16 0.8660414072586934 0.4999722801449919
vn 1 2.220446049250313e-16 0
vn -1 -2.220446049250313e-16 0
vn -1.1101614741826178e-16 0.4999722801449918 0.8660414072586935
vn 1 2.220446049250313e-16 0
vn -1 -2.220446049250313e-16 0
vn 0 0 1
vn 1 2.220446049250313e-16 0
vn -1 -2.220446049250313e-16 0
vn 1.1101614741826178e-16 -0.4999722801449918 0.8660414072586935
vn 1 2.220446049250313e-16 0
vn -1 -2.220446049250313e-16 0
vn 1.9229982212347471e-16 -0.8660414072586934 0.4999722801449919
vn 1 2.220446049250313e-16 0
vn -1 -2.220446049250313e-16 0
vn 2.220446049250313e-16 -1 0
vn 1 2.220446049250313e-16 0
vn -1 -2.220446049250313e-16 0
vn 1.9229982212347471e-16 -0.8660414072586934 -0.49997228014499207
vn 1 2.220446049250313e-16 0
vn -1 -2.220446049250313e-16 0
vn 1.1101614741826178e-16 -0.4999722801449918 -0.8660414072586935
vn 1 2.220446049250313e-16 0
vn -1 -2.220446049250313e-16 0
vn 0 0 -1
vn 1 2.220446049250313e-16 0
usemtl m_c4285295-d1e0-dcfc-0036-196fac025b3b
f 521/2033/569 519/2034/569 517/2035/569
f 519/2036/570 521/2037/570 522/2038/570 520/2039/570
f 520/2040/571 522/2041/571 518/2042/571
f 523/2043/572 521/2044/572 517/2045/572
f 521/2046/573 523/2047/573 524/2048/573 522/2049/573
f 522/2050/574 524/2051/574 518/2052/574
f 525/2053/575 523/2054/575 517/2055/575
f 523/2056/576 525/2057/576 526/2058/576 524/2059/576
f 524/2060/577 526/2061/577 518/2062/577
f 527/2063/578 525/2064/578 517/2065/578
f 525/2066/579 527/2067/579 528/2068/579 526/2069/579
f 526/2070/580 528/2071/580 518/2072/580
f 529/2073/581 527/2074/581 517/2075/581
f 527/2076/582 529/2077/582 530/2078/582 528/2079/582
f 528/2080/583 530/2081/583 518/2082/583
f 531/2083/584 529/2084/584 517/2085/584
f 529/2086/585 531/2087/585 532/2088/585 530/2089/585
f 530/2090/586 532/2091/586 518/2092/586
f 533/2093/587 531/2094/587 517/2095/587
f 531/2096/588 533/2097/588 534/2098/588 532/2099/588
f 532/2100/589 534/2101/589 518/2102/589
f 535/2103/590 533/2104/590 517/2105/590
f 533/2106/591 535/2107/591 536/2108/591 534/2109/591
f 534/2110/592 536/2111/592 518/2112/592
f 537/2113/593 535/2114/593 517/2115/593
f 535/2116/594 537/2117/594 538/2118/594 536/2119/594
f 536/2120/595 538/2121/595 518/2122/595
f 539/2123/596 537/2124/596 517/2125/596
f 537/2126/597 539/2127/597 540/2128/597 538/2129/597
f 538/2130/598 540/2131/598 518/2132/598
f 541/2133/599 539/2134/599 517/2135/599
f 539/2136/600 541/2137/600 542/2138/600 540/2139/600
f 540/2140/601 542/2141/601 518/2142/601
f 519/2143/602 541/2144/602 517/2145/602
f 541/2146/603 519/2147/603 520/2148/603 542/2149/603
f 542/2150/604 520/2151/604 518/2152/604
o doorRight
v -0.4375000000000001 2.15625 -9.47789563038954e-16
v -0.4375000000000001 2.15625 -9.47789563038954e-16
v -0.43749999999999994 0.4375 -7.373033944355026e-16
v -0.43749999999999994 0.4375 -7.373033944355026e-16
v -0.03125000000000011 2.15625 -2.2050674573567758e-16
v -0.03125000000000011 2.15625 -2.2050674573567758e-16
v -0.031249999999999944 0.4375 -1.002057713222625e-17
v -0.031249999999999944 0.4375 -1.002057713222625e-17
vt 0.6552734375 0.21484375
vt 0.7060546875 0.21484375
vt 0.7060546875 0
vt 0.6552734375 0
vt 0.0078125 1
vt 0.0078125 1
vt 0.0078125 0.875
vt 0.0078125 0.875
vt 0.7060546875 0.21484375
vt 0.6552734375 0.21484375
vt 0.6552734375 0
vt 0.7060546875 0
vt 0.0078125 1
vt 0.0078125 1
vt 0.0078125 0.875
vt 0.0078125 0.875
vt 0.03515625 0.9921875
vt 0 0.9921875
vt 0 0.9921875
vt 0.03515625 0.9921875
vt 0.03515625 0.9921875
vt 0 0.9921875
vt 0 0.9921875
vt 0.03515625 0.9921875
vn -1.790234627208065e-15 1.224646799147351e-16 1
vn -1 -1.2246467991473535e-16 -1.790234627208065e-15
vn 1.790234627208065e-15 -1.224646799147351e-16 -1
vn 1 1.2246467991473535e-16 1.790234627208065e-15
vn -1.224646799147351e-16 1 -1.2246467991473535e-16
vn 1.224646799147351e-16 -1 1.2246467991473535e-16
usemtl m_c4285295-d1e0-dcfc-0036-196fac025b3b
f 546/2156/605 549/2155/605 547/2154/605 544/2153/605
f 545/2160/606 546/2159/606 544/2158/606 543/2157/606
f 550/2164/607 545/2163/607 543/2162/607 548/2161/607
f 549/2168/608 550/2167/608 548/2166/608 547/2165/608
f 548/2172/609 543/2171/609 544/2170/609 547/2169/609
f 549/2176/610 546/2175/610 545/2174/610 550/2173/610
o doorRight
v -0.15625000000000122 0.46875000000000044 7.048723110312098e-16
v -0.12500000000000122 0.46875000000000033 6.333795619234899e-16
v -0.15625000000000117 0.4603768750000006 0.031250000000000715
v -0.12500000000000117 0.46037687500000046 0.031250000000000645
v -0.15625000000000122 0.44587312500000054 0.022876875000000726
v -0.12500000000000122 0.4458731250000004 0.022876875000000657
v -0.15625000000000128 0.43750000000000044 0.008373125000000736
v -0.12500000000000128 0.43750000000000033 0.008373125000000665
v -0.15625000000000128 0.43750000000000044 -0.008373124999999265
v -0.12500000000000128 0.43750000000000033 -0.008373124999999336
v -0.15625000000000133 0.44587312500000054 -0.022876874999999276
v -0.12500000000000133 0.4458731250000004 -0.022876874999999346
v -0.15625000000000128 0.4603768750000006 -0.03124999999999929
v -0.12500000000000128 0.46037687500000046 -0.03124999999999936
v -0.15625000000000122 0.47712312500000054 -0.031249999999999306
v -0.12500000000000122 0.4771231250000004 -0.03124999999999938
v -0.15625000000000117 0.4916268750000006 -0.02287687499999932
v -0.12500000000000117 0.49162687500000046 -0.022876874999999394
v -0.1562500000000011 0.5000000000000004 -0.008373124999999327
v -0.1250000000000011 0.5000000000000003 -0.008373124999999398
v -0.1562500000000011 0.5000000000000004 0.008373125000000673
v -0.1250000000000011 0.5000000000000003 0.008373125000000602
v -0.15625000000000105 0.4916268750000006 0.02287687500000068
v -0.12500000000000105 0.49162687500000046 0.02287687500000061
v -0.1562500000000011 0.47712312500000054 0.0312500000000007
v -0.1250000000000011 0.4771231250000004 0.031250000000000625
vt 0.9052721875 0.106242109375
vt 0.903243515625 0.10791015625
vt 0.890119453125 0.106242109375
vt 0.890119453125 0.091796875
vt 0.89796515625 0.091796875
vt 0.89796515625 0.10791015625
vt 0.890119453125 0.10791015625
vt 0.890119453125 0.10457375000000002
vt 0.897695234375 0.10502093749999997
vt 0.890119453125 0.10791015625
vt 0.9052734375 0.10624226562500005
vt 0.9032425 0.10791015625
vt 0.890119453125 0.10624226562500005
vt 0.890119453125 0.091796875
vt 0.89796515625 0.091796875
vt 0.89796515625 0.10791015625
vt 0.890119453125 0.10791015625
vt 0.890119453125 0.10457406250000001
vt 0.897695859375 0.105020703125
vt 0.890119453125 0.10791015625
vt 0.904756875 0.10618281249999995
vt 0.904756875 0.10791015625
vt 0.890119453125 0.10704648437499997
vt 0.890119453125 0.091796875
vt 0.89796515625 0.091796875
vt 0.89796515625 0.10791015625
vt 0.890119453125 0.10791015625
vt 0.904756875 0.10618281249999995
vt 0.904756875 0.10791015625
vt 0.890119453125 0.10704648437499997
vt 0.890119453125 0.10457406250000001
vt 0.897695859375 0.105020703125
vt 0.890119453125 0.10791015625
vt 0.890119453125 0.091796875
vt 0.89796515625 0.091796875
vt 0.89796515625 0.10791015625
vt 0.890119453125 0.10791015625
vt 0.9052734375 0.10624226562500005
vt 0.9032425 0.10791015625
vt 0.890119453125 0.10624226562500005
vt 0.890119453125 0.10457375000000002
vt 0.897695234375 0.10502093749999997
vt 0.890119453125 0.10791015625
vt 0.890119453125 0.091796875
vt 0.89796515625 0.091796875
vt 0.89796515625 0.10791015625
vt 0.890119453125 0.10791015625
vt 0.9052721875 0.106242109375
vt 0.903243515625 0.10791015625
vt 0.890119453125 0.106242109375
vt 0.890119453125 0.10468750000000004
vt 0.89796515625 0.10468750000000004
vt 0.89404234375 0.10791015625
vt 0.890119453125 0.091796875
vt 0.89796515625 0.091796875
vt 0.89796515625 0.10791015625
vt 0.890119453125 0.10791015625
vt 0.89796515625 0.10791015625
vt 0.890119453125 0.10791015625
vt 0.89404234375 0.10468750000000004
vt 0.890119453125 0.10791015625
vt 0.892148125 0.106242109375
vt 0.9052721875 0.10791015625
vt 0.890119453125 0.091796875
vt 0.89796515625 0.091796875
vt 0.89796515625 0.10791015625
vt 0.890119453125 0.10791015625
vt 0.897695234375 0.10791015625
vt 0.890119453125 0.10746296875000005
vt 0.897695234375 0.10457375000000002
vt 0.890119453125 0.10791015625
vt 0.89215046875 0.10624226562500005
vt 0.9052734375 0.10791015625
vt 0.890119453125 0.091796875
vt 0.89796515625 0.091796875
vt 0.89796515625 0.10791015625
vt 0.890119453125 0.10791015625
vt 0.897695859375 0.10791015625
vt 0.890119453125 0.107463515625
vt 0.897695859375 0.10457406250000001
vt 0.890119453125 0.10791015625
vt 0.890119453125 0.10618281249999995
vt 0.904756875 0.10704648437499997
vt 0.890119453125 0.091796875
vt 0.89796515625 0.091796875
vt 0.89796515625 0.10791015625
vt 0.890119453125 0.10791015625
vt 0.890119453125 0.10791015625
vt 0.890119453125 0.10618281249999995
vt 0.904756875 0.10704648437499997
vt 0.897695859375 0.10791015625
vt 0.890119453125 0.107463515625
vt 0.897695859375 0.10457406250000001
vt 0.890119453125 0.091796875
vt 0.89796515625 0.091796875
vt 0.89796515625 0.10791015625
vt 0.890119453125 0.10791015625
vt 0.890119453125 0.10791015625
vt 0.89215046875 0.10624226562500005
vt 0.9052734375 0.10791015625
vt 0.897695234375 0.10791015625
vt 0.890119453125 0.10746296875000005
vt 0.897695234375 0.10457375000000002
vt 0.890119453125 0.091796875
vt 0.89796515625 0.091796875
vt 0.89796515625 0.10791015625
vt 0.890119453125 0.10791015625
vt 0.890119453125 0.10791015625
vt 0.892148125 0.106242109375
vt 0.9052721875 0.10791015625
vt 0.89796515625 0.10791015625
vt 0.890119453125 0.10791015625
vt 0.89404234375 0.10468750000000004
vt 0.890119453125 0.091796875
vt 0.89796515625 0.091796875
vt 0.89796515625 0.10791015625
vt 0.890119453125 0.10791015625
vt 0.890119453125 0.10468750000000004
vt 0.89796515625 0.10468750000000004
vt 0.89404234375 0.10791015625
vn -1 3.330669073875472e-15 2.2877679714470317e-15
vn 3.160595821994303e-16 -0.4999722801449912 0.8660414072586937
vn 1 -3.330669073875472e-15 -2.2877679714470317e-15
vn -1 3.330669073875472e-15 2.2877679714470317e-15
vn -1.7406767627250396e-15 -0.8660414072586898 0.499972280144998
vn 1 -3.330669073875472e-15 -2.2877679714470317e-15
vn -1 3.330669073875472e-15 2.2877679714470317e-15
vn -3.3306690738754673e-15 -1 1.0106430996148683e-15
vn 1 -3.330669073875472e-15 -2.2877679714470317e-15
vn -1 3.330669073875472e-15 2.2877679714470317e-15
vn -4.028317900979178e-15 -0.8660414072586909 -0.4999722801449961
vn 1 -3.330669073875472e-15 -2.2877679714470317e-15
vn -1 3.330669073875472e-15 2.2877679714470317e-15
vn -3.646544004747283e-15 -0.49997228014499284 -0.8660414072586928
vn 1 -3.330669073875472e-15 -2.2877679714470317e-15
vn -1 3.330669073875472e-15 2.2877679714470317e-15
vn -2.2877679714470356e-15 -1.0106430996148602e-15 -1
vn 1 -3.330669073875472e-15 -2.2877679714470317e-15
vn -1 3.330669073875472e-15 2.2877679714470317e-15
vn -3.1605958219943115e-16 0.49997228014499107 -0.8660414072586939
vn 1 -3.330669073875472e-15 -2.2877679714470317e-15
vn -1 3.330669073875472e-15 2.2877679714470317e-15
vn 1.7406767627250816e-15 0.8660414072586956 -0.49997228014498796
vn 1 -3.330669073875472e-15 -2.2877679714470317e-15
vn -1 3.330669073875472e-15 2.2877679714470317e-15
vn 3.3306690738754673e-15 1 -1.0106430996148683e-15
vn 1 -3.330669073875472e-15 -2.2877679714470317e-15
vn -1 3.330669073875472e-15 2.2877679714470317e-15
vn 4.028317900979174e-15 0.8660414072586967 0.4999722801449863
vn 1 -3.330669073875472e-15 -2.2877679714470317e-15
vn -1 3.330669073875472e-15 2.2877679714470317e-15
vn 3.646544004747283e-15 0.49997228014499295 0.8660414072586926
vn 1 -3.330669073875472e-15 -2.2877679714470317e-15
vn -1 3.330669073875472e-15 2.2877679714470317e-15
vn 2.2877679714470356e-15 1.0106430996148602e-15 1
vn 1 -3.330669073875472e-15 -2.2877679714470317e-15
usemtl m_c4285295-d1e0-dcfc-0036-196fac025b3b
f 555/2177/611 553/2178/611 551/2179/611
f 553/2180/612 555/2181/612 556/2182/612 554/2183/612
f 554/2184/613 556/2185/613 552/2186/613
f 557/2187/614 555/2188/614 551/2189/614
f 555/2190/615 557/2191/615 558/2192/615 556/2193/615
f 556/2194/616 558/2195/616 552/2196/616
f 559/2197/617 557/2198/617 551/2199/617
f 557/2200/618 559/2201/618 560/2202/618 558/2203/618
f 558/2204/619 560/2205/619 552/2206/619
f 561/2207/620 559/2208/620 551/2209/620
f 559/2210/621 561/2211/621 562/2212/621 560/2213/621
f 560/2214/622 562/2215/622 552/2216/622
f 563/2217/623 561/2218/623 551/2219/623
f 561/2220/624 563/2221/624 564/2222/624 562/2223/624
f 562/2224/625 564/2225/625 552/2226/625
f 565/2227/626 563/2228/626 551/2229/626
f 563/2230/627 565/2231/627 566/2232/627 564/2233/627
f 564/2234/628 566/2235/628 552/2236/628
f 567/2237/629 565/2238/629 551/2239/629
f 565/2240/630 567/2241/630 568/2242/630 566/2243/630
f 566/2244/631 568/2245/631 552/2246/631
f 569/2247/632 567/2248/632 551/2249/632
f 567/2250/633 569/2251/633 570/2252/633 568/2253/633
f 568/2254/634 570/2255/634 552/2256/634
f 571/2257/635 569/2258/635 551/2259/635
f 569/2260/636 571/2261/636 572/2262/636 570/2263/636
f 570/2264/637 572/2265/637 552/2266/637
f 573/2267/638 571/2268/638 551/2269/638
f 571/2270/639 573/2271/639 574/2272/639 572/2273/639
f 572/2274/640 574/2275/640 552/2276/640
f 575/2277/641 573/2278/641 551/2279/641
f 573/2280/642 575/2281/642 576/2282/642 574/2283/642
f 574/2284/643 576/2285/643 552/2286/643
f 553/2287/644 575/2288/644 551/2289/644
f 575/2290/645 553/2291/645 554/2292/645 576/2293/645
f 576/2294/646 554/2295/646 552/2296/646
o doorRight
v -0.218750000000001 0.5312500000000006 7.8469261552072e-16
v -0.15625000000000122 0.46875000000000044 7.048723110312098e-16
v -0.22712312500000092 0.5312500000000007 0.031250000000000805
v -0.15625000000000117 0.4603768750000006 0.031250000000000715
v -0.2416268750000009 0.5312500000000007 0.022876875000000838
v -0.15625000000000122 0.44587312500000054 0.022876875000000726
v -0.250000000000001 0.5312500000000007 0.008373125000000856
v -0.15625000000000128 0.43750000000000044 0.008373125000000736
v -0.250000000000001 0.5312500000000007 -0.008373124999999145
v -0.15625000000000128 0.43750000000000044 -0.008373124999999265
v -0.24162687500000102 0.5312500000000007 -0.022876874999999165
v -0.15625000000000133 0.44587312500000054 -0.022876874999999276
v -0.2271231250000011 0.5312500000000007 -0.0312499999999992
v -0.15625000000000128 0.4603768750000006 -0.03124999999999929
v -0.2103768750000011 0.5312500000000006 -0.031249999999999237
v -0.15625000000000122 0.47712312500000054 -0.031249999999999306
v -0.19587312500000104 0.5312500000000006 -0.022876874999999273
v -0.15625000000000117 0.4916268750000006 -0.02287687499999932
v -0.18750000000000103 0.5312500000000004 -0.008373124999999287
v -0.1562500000000011 0.5000000000000004 -0.008373124999999327
v -0.18750000000000097 0.5312500000000004 0.008373125000000713
v -0.1562500000000011 0.5000000000000004 0.008373125000000673
v -0.19587312500000092 0.5312500000000006 0.02287687500000073
v -0.15625000000000105 0.4916268750000006 0.02287687500000068
v -0.21037687500000093 0.5312500000000006 0.03125000000000076
v -0.1562500000000011 0.47712312500000054 0.0312500000000007
v -0.1911256250000012 0.4963743750000006 -0.031249999999999247
v -0.20731187500000126 0.48018812500000063 -0.03124999999999919
v -0.21456312500000124 0.4729368750000006 -0.02287687499999917
v -0.21875000000000122 0.46875000000000056 -0.008373124999999154
v -0.21875000000000117 0.46875000000000056 0.008373125000000847
v -0.21456312500000113 0.4729368750000006 0.022876875000000834
v -0.2073118750000011 0.48018812500000063 0.03125000000000081
v -0.19112562500000102 0.4963743750000006 0.031250000000000756
v -0.1838743750000011 0.5036256250000005 0.022876875000000733
v -0.17968750000000105 0.5078125000000004 0.008373125000000719
v -0.17968750000000105 0.5078125000000004 -0.008373124999999282
v -0.1838743750000012 0.5036256250000005 -0.02287687499999927
vt 0.9052721875 0.106242109375
vt 0.903243515625 0.10791015625
vt 0.890119453125 0.106242109375
vt 0.890119453125 0.10791015625
vt 0.890119453125 0.099853515625
vt 0.89796515625 0.099853515625
vt 0.89796515625 0.10791015625
vt 0.890119453125 0.10457375000000002
vt 0.897695234375 0.10502093749999997
vt 0.890119453125 0.10791015625
vt 0.9052734375 0.10624226562500005
vt 0.9032425 0.10791015625
vt 0.890119453125 0.10624226562500005
vt 0.890119453125 0.10791015625
vt 0.890119453125 0.099853515625
vt 0.89796515625 0.099853515625
vt 0.89796515625 0.10791015625
vt 0.890119453125 0.10457406250000001
vt 0.897695859375 0.105020703125
vt 0.890119453125 0.10791015625
vt 0.904756875 0.10618281249999995
vt 0.904756875 0.10791015625
vt 0.890119453125 0.10704648437499997
vt 0.890119453125 0.10791015625
vt 0.890119453125 0.099853515625
vt 0.89796515625 0.099853515625
vt 0.89796515625 0.10791015625
vt 0.904756875 0.10618281249999995
vt 0.904756875 0.10791015625
vt 0.890119453125 0.10704648437499997
vt 0.890119453125 0.10457406250000001
vt 0.897695859375 0.105020703125
vt 0.890119453125 0.10791015625
vt 0.890119453125 0.10791015625
vt 0.890119453125 0.099853515625
vt 0.89796515625 0.099853515625
vt 0.89796515625 0.10791015625
vt 0.9052734375 0.10624226562500005
vt 0.9032425 0.10791015625
vt 0.890119453125 0.10624226562500005
vt 0.890119453125 0.10457375000000002
vt 0.897695234375 0.10502093749999997
vt 0.890119453125 0.10791015625
vt 0.890119453125 0.10791015625
vt 0.890119453125 0.099853515625
vt 0.89796515625 0.099853515625
vt 0.89796515625 0.10791015625
vt 0.9052721875 0.106242109375
vt 0.903243515625 0.10791015625
vt 0.890119453125 0.106242109375
vt 0.890119453125 0.10468750000000004
vt 0.89796515625 0.10468750000000004
vt 0.89404234375 0.10791015625
vt 0.890119453125 0.10791015625
vt 0.890119453125 0.099853515625
vt 0.89796515625 0.099853515625
vt 0.89796515625 0.10791015625
vt 0.89796515625 0.10791015625
vt 0.890119453125 0.10791015625
vt 0.89404234375 0.10468750000000004
vt 0.890119453125 0.10791015625
vt 0.892148125 0.106242109375
vt 0.9052721875 0.10791015625
vt 0.890119453125 0.10791015625
vt 0.890119453125 0.099853515625
vt 0.89796515625 0.099853515625
vt 0.89796515625 0.10791015625
vt 0.897695234375 0.10791015625
vt 0.890119453125 0.10746296875000005
vt 0.897695234375 0.10457375000000002
vt 0.890119453125 0.10791015625
vt 0.89215046875 0.10624226562500005
vt 0.9052734375 0.10791015625
vt 0.890119453125 0.10791015625
vt 0.890119453125 0.099853515625
vt 0.89796515625 0.099853515625
vt 0.89796515625 0.10791015625
vt 0.897695859375 0.10791015625
vt 0.890119453125 0.107463515625
vt 0.897695859375 0.10457406250000001
vt 0.890119453125 0.10791015625
vt 0.890119453125 0.10618281249999995
vt 0.904756875 0.10704648437499997
vt 0.890119453125 0.10791015625
vt 0.890119453125 0.099853515625
vt 0.89796515625 0.099853515625
vt 0.89796515625 0.10791015625
vt 0.890119453125 0.10791015625
vt 0.890119453125 0.10618281249999995
vt 0.904756875 0.10704648437499997
vt 0.897695859375 0.10791015625
vt 0.890119453125 0.107463515625
vt 0.897695859375 0.10457406250000001
vt 0.890119453125 0.10791015625
vt 0.890119453125 0.099853515625
vt 0.89796515625 0.099853515625
vt 0.89796515625 0.10791015625
vt 0.890119453125 0.10791015625
vt 0.89215046875 0.10624226562500005
vt 0.9052734375 0.10791015625
vt 0.897695234375 0.10791015625
vt 0.890119453125 0.10746296875000005
vt 0.897695234375 0.10457375000000002
vt 0.890119453125 0.10791015625
vt 0.890119453125 0.099853515625
vt 0.89796515625 0.099853515625
vt 0.89796515625 0.10791015625
vt 0.890119453125 0.10791015625
vt 0.892148125 0.106242109375
vt 0.9052721875 0.10791015625
vt 0.89796515625 0.10791015625
vt 0.890119453125 0.10791015625
vt 0.89404234375 0.10468750000000004
vt 0.890119453125 0.10791015625
vt 0.890119453125 0.099853515625
vt 0.89796515625 0.099853515625
vt 0.89796515625 0.10791015625
vt 0.890119453125 0.10468750000000004
vt 0.89796515625 0.10468750000000004
vt 0.89404234375 0.10791015625
vt 0.89796515625 0.099853515625
vt 0.89796515625 0.10791015625
vt 0.890119453125 0.10791015625
vt 0.890119453125 0.099853515625
vt 0.89796515625 0.099853515625
vt 0.89796515625 0.10791015625
vt 0.890119453125 0.10791015625
vt 0.890119453125 0.099853515625
vt 0.89796515625 0.099853515625
vt 0.89796515625 0.10791015625
vt 0.890119453125 0.10791015625
vt 0.890119453125 0.099853515625
vt 0.89796515625 0.099853515625
vt 0.89796515625 0.10791015625
vt 0.890119453125 0.10791015625
vt 0.890119453125 0.099853515625
vt 0.89796515625 0.099853515625
vt 0.89796515625 0.10791015625
vt 0.890119453125 0.10791015625
vt 0.890119453125 0.099853515625
vt 0.89796515625 0.099853515625
vt 0.89796515625 0.10791015625
vt 0.890119453125 0.10791015625
vt 0.890119453125 0.099853515625
vt 0.89796515625 0.099853515625
vt 0.89796515625 0.10791015625
vt 0.890119453125 0.10791015625
vt 0.890119453125 0.099853515625
vt 0.89796515625 0.099853515625
vt 0.89796515625 0.10791015625
vt 0.890119453125 0.10791015625
vt 0.890119453125 0.099853515625
vt 0.89796515625 0.099853515625
vt 0.89796515625 0.10791015625
vt 0.890119453125 0.10791015625
vt 0.890119453125 0.099853515625
vt 0.89796515625 0.099853515625
vt 0.89796515625 0.10791015625
vt 0.890119453125 0.10791015625
vt 0.890119453125 0.099853515625
vt 0.89796515625 0.099853515625
vt 0.89796515625 0.10791015625
vt 0.890119453125 0.10791015625
vt 0.890119453125 0.099853515625
vt 0.89796515625 0.099853515625
vt 0.89796515625 0.10791015625
vt 0.890119453125 0.10791015625
vt 0.890119453125 0.099853515625
vn 3.3306690738754673e-15 1 -1.0106430996148683e-15
vn -0.24083252156399207 -0.6207261082483615 0.7461225067614385
vn 1 -3.330669073875472e-15 -2.2877679714470317e-15
vn 3.3306690738754673e-15 1 -1.0106430996148683e-15
vn -0.3930836295690821 -0.8469607806204043 0.3579702449305981
vn 1 -3.330669073875472e-15 -2.2877679714470317e-15
vn 3.3306690738754673e-15 1 -1.0106430996148683e-15
vn -0.44721359549996087 -0.8944271909999143 1.9270676088724468e-15
vn 1 -3.330669073875472e-15 -2.2877679714470317e-15
vn 3.3306690738754673e-15 1 -1.0106430996148683e-15
vn -0.41702878892277023 -0.8340575778455321 -0.36115778552877914
vn 1 -3.330669073875472e-15 -2.2877679714470317e-15
vn 3.3306690738754673e-15 1 -1.0106430996148683e-15
vn -0.2762234056882769 -0.5951669662861213 -0.7546369407812903
vn 1 -3.330669073875472e-15 -2.2877679714470317e-15
vn 3.3306690738754673e-15 1 -1.0106430996148683e-15
vn -2.2877679714470356e-15 -1.0106430996148602e-15 -1
vn 1 -3.330669073875472e-15 -2.2877679714470317e-15
vn 3.3306690738754673e-15 1 -1.0106430996148683e-15
vn 0.312949658671105 0.5669405851407804 -0.7619979554158058
vn 1 -3.330669073875472e-15 -2.2877679714470317e-15
vn 3.3306690738754673e-15 1 -1.0106430996148683e-15
vn 0.3724400492630907 0.8574579506917034 -0.35504122648009634
vn 1 -3.330669073875472e-15 -2.2877679714470317e-15
vn 3.3306690738754673e-15 1 -1.0106430996148683e-15
vn 0.3162277660168411 0.9486832980505128 -1.682235983670195e-15
vn 1 -3.330669073875472e-15 -2.2877679714470317e-15
vn 3.3306690738754673e-15 1 -1.0106430996148683e-15
vn 0.2970442377143045 0.8911327131429017 0.34299738833888965
vn 1 -3.330669073875472e-15 -2.2877679714470317e-15
vn 3.3306690738754673e-15 1 -1.0106430996148683e-15
vn 0.2628032670405857 0.605044358783558 0.7515688702554064
vn 1 -3.330669073875472e-15 -2.2877679714470317e-15
vn 3.3306690738754673e-15 1 -1.0106430996148683e-15
vn 2.2877679714470356e-15 1.0106430996148602e-15 1
vn 1 -3.330669073875472e-15 -2.2877679714470317e-15
vn -2.2877679714470356e-15 -1.0106430996148602e-15 -1
vn -0.620726108248366 -0.24083252156399168 -0.7461225067614349
vn -0.846960780620408 -0.3930836295690782 -0.3579702449305932
vn -0.8944271909999174 -0.447213595499955 2.4982152147069317e-15
vn -0.834057577845534 -0.4170287889227635 0.3611577855287826
vn -0.5951669662861215 -0.2762234056882713 0.7546369407812921
vn 2.2877679714470356e-15 1.0106430996148602e-15 1
vn 0.5669405851407853 0.3129496586711056 0.761997955415802
vn 0.8574579506917053 0.37244004926308694 0.35504122648009584
vn 0.948683298050515 0.31622776601683483 -2.4899606739582463e-15
vn 0.891132713142901 0.297044237714297 -0.3429973883388975
vn 0.6050443587835581 0.2628032670405806 -0.7515688702554081
usemtl m_c4285295-d1e0-dcfc-0036-196fac025b3b
f 581/2297/647 579/2298/647 577/2299/647
f 580/2300/648 609/2301/648 608/2302/648 582/2303/648
f 580/2304/649 582/2305/649 578/2306/649
f 583/2307/650 581/2308/650 577/2309/650
f 582/2310/651 608/2311/651 607/2312/651 584/2313/651
f 582/2314/652 584/2315/652 578/2316/652
f 585/2317/653 583/2318/653 577/2319/653
f 584/2320/654 607/2321/654 606/2322/654 586/2323/654
f 584/2324/655 586/2325/655 578/2326/655
f 587/2327/656 585/2328/656 577/2329/656
f 586/2330/657 606/2331/657 605/2332/657 588/2333/657
f 586/2334/658 588/2335/658 578/2336/658
f 589/2337/659 587/2338/659 577/2339/659
f 588/2340/660 605/2341/660 604/2342/660 590/2343/660
f 588/2344/661 590/2345/661 578/2346/661
f 591/2347/662 589/2348/662 577/2349/662
f 590/2350/663 604/2351/663 603/2352/663 592/2353/663
f 590/2354/664 592/2355/664 578/2356/664
f 593/2357/665 591/2358/665 577/2359/665
f 592/2360/666 603/2361/666 614/2362/666 594/2363/666
f 592/2364/667 594/2365/667 578/2366/667
f 595/2367/668 593/2368/668 577/2369/668
f 594/2370/669 614/2371/669 613/2372/669 596/2373/669
f 594/2374/670 596/2375/670 578/2376/670
f 597/2377/671 595/2378/671 577/2379/671
f 596/2380/672 613/2381/672 612/2382/672 598/2383/672
f 596/2384/673 598/2385/673 578/2386/673
f 599/2387/674 597/2388/674 577/2389/674
f 598/2390/675 612/2391/675 611/2392/675 600/2393/675
f 598/2394/676 600/2395/676 578/2396/676
f 601/2397/677 599/2398/677 577/2399/677
f 600/2400/678 611/2401/678 610/2402/678 602/2403/678
f 600/2404/679 602/2405/679 578/2406/679
f 579/2407/680 601/2408/680 577/2409/680
f 602/2410/681 610/2411/681 609/2412/681 580/2413/681
f 602/2414/682 580/2415/682 578/2416/682
f 591/2417/683 603/2418/683 604/2419/683 589/2420/683
f 589/2421/684 604/2422/684 605/2423/684 587/2424/684
f 587/2425/685 605/2426/685 606/2427/685 585/2428/685
f 585/2429/686 606/2430/686 607/2431/686 583/2432/686
f 583/2433/687 607/2434/687 608/2435/687 581/2436/687
f 581/2437/688 608/2438/688 609/2439/688 579/2440/688
f 579/2441/689 609/2442/689 610/2443/689 601/2444/689
f 601/2445/690 610/2446/690 611/2447/690 599/2448/690
f 599/2449/691 611/2450/691 612/2451/691 597/2452/691
f 597/2453/692 612/2454/692 613/2455/692 595/2456/692
f 595/2457/693 613/2458/693 614/2459/693 593/2460/693
f 593/2461/694 614/2462/694 603/2463/694 591/2464/694
o doorRight
v -0.21875000000000058 0.6875000000000009 -8.545968737528778e-16
v -0.28125 0.7500000000000014 -9.528430291639013e-16
v -0.21037687500000068 0.6875000000000008 0.031249999999999164
v -0.28125 0.7583731250000014 0.031249999999999053
v -0.1958731250000006 0.6875000000000007 0.022876874999999214
v -0.28124999999999983 0.7728768750000015 0.02287687499999908
v -0.1875000000000005 0.6875000000000007 0.008373124999999237
v -0.2812499999999997 0.7812500000000014 0.00837312499999909
v -0.18750000000000044 0.6875000000000007 -0.008373125000000764
v -0.28124999999999967 0.7812500000000014 -0.008373125000000911
v -0.19587312500000048 0.6875000000000007 -0.02287687500000079
v -0.2812499999999997 0.7728768750000015 -0.022876875000000924
v -0.21037687500000052 0.6875000000000009 -0.03125000000000083
v -0.28124999999999983 0.7583731250000014 -0.031250000000000944
v -0.22712312500000048 0.6875000000000011 -0.03125000000000088
v -0.28125 0.7416268750000015 -0.031250000000000965
v -0.24162687500000055 0.6875000000000011 -0.022876875000000928
v -0.2812500000000001 0.7271231250000014 -0.02287687500000099
v -0.25000000000000056 0.6875000000000012 -0.008373125000000953
v -0.2812500000000002 0.7187500000000014 -0.008373125000001003
v -0.2500000000000006 0.6875000000000012 0.008373124999999048
v -0.28125000000000033 0.7187500000000014 0.008373124999998998
v -0.24162687500000066 0.6875000000000011 0.022876874999999075
v -0.2812500000000002 0.7271231250000014 0.022876874999999013
v -0.22712312500000065 0.6875000000000009 0.031249999999999112
v -0.2812500000000001 0.7416268750000015 0.03124999999999903
v -0.2463743750000002 0.7223756250000012 -0.03125000000000089
v -0.230188125 0.7385618750000009 -0.03125000000000081
v -0.22293687499999998 0.745813125000001 -0.02287687500000079
v -0.21874999999999994 0.7500000000000009 -0.008373125000000767
v -0.21875 0.7500000000000009 0.008373124999999234
v -0.2229368750000001 0.7458131250000009 0.022876874999999214
v -0.23018812500000016 0.7385618750000009 0.031249999999999178
v -0.24637437500000037 0.7223756250000011 0.031249999999999105
v -0.2536256250000003 0.7151243750000011 0.02287687499999908
v -0.2578125000000004 0.7109375000000012 0.008373124999999058
v -0.25781250000000033 0.7109375000000012 -0.008373125000000942
v -0.2536256250000002 0.7151243750000011 -0.022876875000000924
vt 0.9052721875 0.106242109375
vt 0.903243515625 0.10791015625
vt 0.890119453125 0.106242109375
vt 0.890119453125 0.10791015625
vt 0.890119453125 0.099853515625
vt 0.89796515625 0.099853515625
vt 0.89796515625 0.10791015625
vt 0.890119453125 0.10457375000000002
vt 0.897695234375 0.10502093749999997
vt 0.890119453125 0.10791015625
vt 0.9052734375 0.10624226562500005
vt 0.9032425 0.10791015625
vt 0.890119453125 0.10624226562500005
vt 0.890119453125 0.10791015625
vt 0.890119453125 0.099853515625
vt 0.89796515625 0.099853515625
vt 0.89796515625 0.10791015625
vt 0.890119453125 0.10457406250000001
vt 0.897695859375 0.105020703125
vt 0.890119453125 0.10791015625
vt 0.904756875 0.10618281249999995
vt 0.904756875 0.10791015625
vt 0.890119453125 0.10704648437499997
vt 0.890119453125 0.10791015625
vt 0.890119453125 0.099853515625
vt 0.89796515625 0.099853515625
vt 0.89796515625 0.10791015625
vt 0.904756875 0.10618281249999995
vt 0.904756875 0.10791015625
vt 0.890119453125 0.10704648437499997
vt 0.890119453125 0.10457406250000001
vt 0.897695859375 0.105020703125
vt 0.890119453125 0.10791015625
vt 0.890119453125 0.10791015625
vt 0.890119453125 0.099853515625
vt 0.89796515625 0.099853515625
vt 0.89796515625 0.10791015625
vt 0.9052734375 0.10624226562500005
vt 0.9032425 0.10791015625
vt 0.890119453125 0.10624226562500005
vt 0.890119453125 0.10457375000000002
vt 0.897695234375 0.10502093749999997
vt 0.890119453125 0.10791015625
vt 0.890119453125 0.10791015625
vt 0.890119453125 0.099853515625
vt 0.89796515625 0.099853515625
vt 0.89796515625 0.10791015625
vt 0.9052721875 0.106242109375
vt 0.903243515625 0.10791015625
vt 0.890119453125 0.106242109375
vt 0.890119453125 0.10468750000000004
vt 0.89796515625 0.10468750000000004
vt 0.89404234375 0.10791015625
vt 0.890119453125 0.10791015625
vt 0.890119453125 0.099853515625
vt 0.89796515625 0.099853515625
vt 0.89796515625 0.10791015625
vt 0.89796515625 0.10791015625
vt 0.890119453125 0.10791015625
vt 0.89404234375 0.10468750000000004
vt 0.890119453125 0.10791015625
vt 0.892148125 0.106242109375
vt 0.9052721875 0.10791015625
vt 0.890119453125 0.10791015625
vt 0.890119453125 0.099853515625
vt 0.89796515625 0.099853515625
vt 0.89796515625 0.10791015625
vt 0.897695234375 0.10791015625
vt 0.890119453125 0.10746296875000005
vt 0.897695234375 0.10457375000000002
vt 0.890119453125 0.10791015625
vt 0.89215046875 0.10624226562500005
vt 0.9052734375 0.10791015625
vt 0.890119453125 0.10791015625
vt 0.890119453125 0.099853515625
vt 0.89796515625 0.099853515625
vt 0.89796515625 0.10791015625
vt 0.897695859375 0.10791015625
vt 0.890119453125 0.107463515625
vt 0.897695859375 0.10457406250000001
vt 0.890119453125 0.10791015625
vt 0.890119453125 0.10618281249999995
vt 0.904756875 0.10704648437499997
vt 0.890119453125 0.10791015625
vt 0.890119453125 0.099853515625
vt 0.89796515625 0.099853515625
vt 0.89796515625 0.10791015625
vt 0.890119453125 0.10791015625
vt 0.890119453125 0.10618281249999995
vt 0.904756875 0.10704648437499997
vt 0.897695859375 0.10791015625
vt 0.890119453125 0.107463515625
vt 0.897695859375 0.10457406250000001
vt 0.890119453125 0.10791015625
vt 0.890119453125 0.099853515625
vt 0.89796515625 0.099853515625
vt 0.89796515625 0.10791015625
vt 0.890119453125 0.10791015625
vt 0.89215046875 0.10624226562500005
vt 0.9052734375 0.10791015625
vt 0.897695234375 0.10791015625
vt 0.890119453125 0.10746296875000005
vt 0.897695234375 0.10457375000000002
vt 0.890119453125 0.10791015625
vt 0.890119453125 0.099853515625
vt 0.89796515625 0.099853515625
vt 0.89796515625 0.10791015625
vt 0.890119453125 0.10791015625
vt 0.892148125 0.106242109375
vt 0.9052721875 0.10791015625
vt 0.89796515625 0.10791015625
vt 0.890119453125 0.10791015625
vt 0.89404234375 0.10468750000000004
vt 0.890119453125 0.10791015625
vt 0.890119453125 0.099853515625
vt 0.89796515625 0.099853515625
vt 0.89796515625 0.10791015625
vt 0.890119453125 0.10468750000000004
vt 0.89796515625 0.10468750000000004
vt 0.89404234375 0.10791015625
vt 0.89796515625 0.099853515625
vt 0.89796515625 0.10791015625
vt 0.890119453125 0.10791015625
vt 0.890119453125 0.099853515625
vt 0.89796515625 0.099853515625
vt 0.89796515625 0.10791015625
vt 0.890119453125 0.10791015625
vt 0.890119453125 0.099853515625
vt 0.89796515625 0.099853515625
vt 0.89796515625 0.10791015625
vt 0.890119453125 0.10791015625
vt 0.890119453125 0.099853515625
vt 0.89796515625 0.099853515625
vt 0.89796515625 0.10791015625
vt 0.890119453125 0.10791015625
vt 0.890119453125 0.099853515625
vt 0.89796515625 0.099853515625
vt 0.89796515625 0.10791015625
vt 0.890119453125 0.10791015625
vt 0.890119453125 0.099853515625
vt 0.89796515625 0.099853515625
vt 0.89796515625 0.10791015625
vt 0.890119453125 0.10791015625
vt 0.890119453125 0.099853515625
vt 0.89796515625 0.099853515625
vt 0.89796515625 0.10791015625
vt 0.890119453125 0.10791015625
vt 0.890119453125 0.099853515625
vt 0.89796515625 0.099853515625
vt 0.89796515625 0.10791015625
vt 0.890119453125 0.10791015625
vt 0.890119453125 0.099853515625
vt 0.89796515625 0.099853515625
vt 0.89796515625 0.10791015625
vt 0.890119453125 0.10791015625
vt 0.890119453125 0.099853515625
vt 0.89796515625 0.099853515625
vt 0.89796515625 0.10791015625
vt 0.890119453125 0.10791015625
vt 0.890119453125 0.099853515625
vt 0.89796515625 0.099853515625
vt 0.89796515625 0.10791015625
vt 0.890119453125 0.10791015625
vt 0.890119453125 0.099853515625
vt 0.89796515625 0.099853515625
vt 0.89796515625 0.10791015625
vt 0.890119453125 0.10791015625
vt 0.890119453125 0.099853515625
vn -9.547918011776342e-15 -1 -1.454732309464952e-15
vn 0.2408325215639958 0.6207261082483589 0.7461225067614393
vn -1 9.547918011776351e-15 -3.026670796041329e-15
vn -9.547918011776342e-15 -1 -1.454732309464952e-15
vn 0.3930836295690882 0.8469607806204023 0.357970244930596
vn -1 9.547918011776351e-15 -3.026670796041329e-15
vn -9.547918011776342e-15 -1 -1.454732309464952e-15
vn 0.44721359549996653 0.8944271909999117 2.65472046230392e-15
vn -1 9.547918011776351e-15 -3.026670796041329e-15
vn -9.547918011776342e-15 -1 -1.454732309464952e-15
vn 0.4170287889227761 0.8340575778455307 -0.36115778552877564
vn -1 9.547918011776351e-15 -3.026670796041329e-15
vn -9.547918011776342e-15 -1 -1.454732309464952e-15
vn 0.27622340568828146 0.5951669662861194 -0.7546369407812901
vn -1 9.547918011776351e-15 -3.026670796041329e-15
vn -9.547918011776342e-15 -1 -1.454732309464952e-15
vn 3.0266707960413423e-15 1.4547323094649234e-15 -1
vn -1 9.547918011776351e-15 -3.026670796041329e-15
vn -9.547918011776342e-15 -1 -1.454732309464952e-15
vn -0.31294965867110897 -0.5669405851407777 -0.7619979554158062
vn -1 9.547918011776351e-15 -3.026670796041329e-15
vn -9.547918011776342e-15 -1 -1.454732309464952e-15
vn -0.3724400492630968 -0.8574579506916993 -0.35504122648010017
vn -1 9.547918011776351e-15 -3.026670796041329e-15
vn -9.547918011776342e-15 -1 -1.454732309464952e-15
vn -0.316227766016847 -0.9486832980505108 -2.337197589424405e-15
vn -1 9.547918011776351e-15 -3.026670796041329e-15
vn -9.547918011776342e-15 -1 -1.454732309464952e-15
vn -0.29704423771430993 -0.8911327131428988 0.342997388338892
vn -1 9.547918011776351e-15 -3.026670796041329e-15
vn -9.547918011776342e-15 -1 -1.454732309464952e-15
vn -0.262803267040591 -0.6050443587835561 0.751568870255406
vn -1 9.547918011776351e-15 -3.026670796041329e-15
vn -9.547918011776342e-15 -1 -1.454732309464952e-15
vn -3.0266707960413423e-15 -1.4547323094649234e-15 1
vn -1 9.547918011776351e-15 -3.026670796041329e-15
vn 3.0266707960413423e-15 1.4547323094649234e-15 -1
vn 0.620726108248368 0.24083252156398777 -0.7461225067614344
vn 0.8469607806204107 0.3930836295690743 -0.3579702449305913
vn 0.8944271909999194 0.447213595499951 3.357712724790504e-15
vn 0.8340575778455362 0.4170287889227601 0.36115778552878197
vn 0.5951669662861218 0.27622340568826764 0.7546369407812933
vn -3.0266707960413423e-15 -1.4547323094649234e-15 1
vn -0.5669405851407882 -0.31294965867110297 0.761997955415801
vn -0.8574579506917075 -0.3724400492630816 0.3550412264800962
vn -0.9486832980505165 -0.31622776601682956 -3.3313787812762795e-15
vn -0.891132713142902 -0.2970442377142918 -0.3429973883388995
vn -0.60504435878356 -0.2628032670405768 -0.7515688702554078
usemtl m_c4285295-d1e0-dcfc-0036-196fac025b3b
f 619/2465/695 617/2466/695 615/2467/695
f 618/2468/696 647/2469/696 646/2470/696 620/2471/696
f 618/2472/697 620/2473/697 616/2474/697
f 621/2475/698 619/2476/698 615/2477/698
f 620/2478/699 646/2479/699 645/2480/699 622/2481/699
f 620/2482/700 622/2483/700 616/2484/700
f 623/2485/701 621/2486/701 615/2487/701
f 622/2488/702 645/2489/702 644/2490/702 624/2491/702
f 622/2492/703 624/2493/703 616/2494/703
f 625/2495/704 623/2496/704 615/2497/704
f 624/2498/705 644/2499/705 643/2500/705 626/2501/705
f 624/2502/706 626/2503/706 616/2504/706
f 627/2505/707 625/2506/707 615/2507/707
f 626/2508/708 643/2509/708 642/2510/708 628/2511/708
f 626/2512/709 628/2513/709 616/2514/709
f 629/2515/710 627/2516/710 615/2517/710
f 628/2518/711 642/2519/711 641/2520/711 630/2521/711
f 628/2522/712 630/2523/712 616/2524/712
f 631/2525/713 629/2526/713 615/2527/713
f 630/2528/714 641/2529/714 652/2530/714 632/2531/714
f 630/2532/715 632/2533/715 616/2534/715
f 633/2535/716 631/2536/716 615/2537/716
f 632/2538/717 652/2539/717 651/2540/717 634/2541/717
f 632/2542/718 634/2543/718 616/2544/718
f 635/2545/719 633/2546/719 615/2547/719
f 634/2548/720 651/2549/720 650/2550/720 636/2551/720
f 634/2552/721 636/2553/721 616/2554/721
f 637/2555/722 635/2556/722 615/2557/722
f 636/2558/723 650/2559/723 649/2560/723 638/2561/723
f 636/2562/724 638/2563/724 616/2564/724
f 639/2565/725 637/2566/725 615/2567/725
f 638/2568/726 649/2569/726 648/2570/726 640/2571/726
f 638/2572/727 640/2573/727 616/2574/727
f 617/2575/728 639/2576/728 615/2577/728
f 640/2578/729 648/2579/729 647/2580/729 618/2581/729
f 640/2582/730 618/2583/730 616/2584/730
f 629/2585/731 641/2586/731 642/2587/731 627/2588/731
f 627/2589/732 642/2590/732 643/2591/732 625/2592/732
f 625/2593/733 643/2594/733 644/2595/733 623/2596/733
f 623/2597/734 644/2598/734 645/2599/734 621/2600/734
f 621/2601/735 645/2602/735 646/2603/735 619/2604/735
f 619/2605/736 646/2606/736 647/2607/736 617/2608/736
f 617/2609/737 647/2610/737 648/2611/737 639/2612/737
f 639/2613/738 648/2614/738 649/2615/738 637/2616/738
f 637/2617/739 649/2618/739 650/2619/739 635/2620/739
f 635/2621/740 650/2622/740 651/2623/740 633/2624/740
f 633/2625/741 651/2626/741 652/2627/741 631/2628/741
f 631/2629/742 652/2630/742 641/2631/742 629/2632/742
o doorRight
v -0.06250000000000433 2.0625 1.4062893727340246e-15
v -0.12500000000000455 2.1249999999999996 1.612440064675393e-15
v -0.05412687500000429 2.0625 0.03125000000000139
v -0.1250000000000045 2.1333731249999994 0.031250000000001624
v -0.039623125000004256 2.0625 0.022876875000001354
v -0.12500000000000455 2.1478768749999997 0.022876875000001635
v -0.03125000000000433 2.0625 0.008373125000001334
v -0.12500000000000466 2.1562499999999996 0.008373125000001643
v -0.03125000000000433 2.0625 -0.008373124999998666
v -0.12500000000000466 2.1562499999999996 -0.008373124999998358
v -0.03962312500000437 2.0625 -0.02287687499999865
v -0.12500000000000466 2.1478768749999997 -0.022876874999998367
v -0.054126875000004404 2.0625 -0.031249999999998612
v -0.1250000000000046 2.1333731249999994 -0.03124999999999838
v -0.07087312500000437 2.0625 -0.031249999999998574
v -0.12500000000000455 2.1166268749999997 -0.031249999999998397
v -0.0853768750000044 2.0625 -0.022876874999998544
v -0.1250000000000045 2.1021231249999994 -0.022876874999998412
v -0.09375000000000433 2.0624999999999996 -0.008373124999998524
v -0.12500000000000444 2.0937499999999996 -0.00837312499999842
v -0.09375000000000433 2.0624999999999996 0.008373125000001477
v -0.12500000000000444 2.0937499999999996 0.00837312500000158
v -0.0853768750000043 2.0625 0.02287687500000146
v -0.12500000000000439 2.1021231249999994 0.02287687500000159
v -0.07087312500000426 2.0625 0.03125000000000143
v -0.12500000000000444 2.1166268749999997 0.03125000000000161
v -0.09012437500000453 2.0973756249999997 -0.031249999999998498
v -0.07393812500000452 2.113561875 -0.03124999999999852
v -0.06668687500000459 2.1208131249999997 -0.022876874999998527
v -0.06250000000000455 2.125 -0.008373124999998533
v -0.06250000000000455 2.125 0.008373125000001468
v -0.06668687500000448 2.1208131249999997 0.022876875000001476
v -0.0739381250000044 2.113561875 0.031250000000001485
v -0.09012437500000442 2.0973756249999997 0.031250000000001506
v -0.09737562500000435 2.090124375 0.022876875000001514
v -0.10156250000000439 2.0859374999999996 0.008373125000001518
v -0.10156250000000439 2.0859374999999996 -0.008373124999998482
v -0.09737562500000446 2.090124375 -0.02287687499999849
vt 0.9052721875 0.106242109375
vt 0.903243515625 0.10791015625
vt 0.890119453125 0.106242109375
vt 0.890119453125 0.10791015625
vt 0.890119453125 0.099853515625
vt 0.89796515625 0.099853515625
vt 0.89796515625 0.10791015625
vt 0.890119453125 0.10457375000000002
vt 0.897695234375 0.10502093749999997
vt 0.890119453125 0.10791015625
vt 0.9052734375 0.10624226562500005
vt 0.9032425 0.10791015625
vt 0.890119453125 0.10624226562500005
vt 0.890119453125 0.10791015625
vt 0.890119453125 0.099853515625
vt 0.89796515625 0.099853515625
vt 0.89796515625 0.10791015625
vt 0.890119453125 0.10457406250000001
vt 0.897695859375 0.105020703125
vt 0.890119453125 0.10791015625
vt 0.904756875 0.10618281249999995
vt 0.904756875 0.10791015625
vt 0.890119453125 0.10704648437499997
vt 0.890119453125 0.10791015625
vt 0.890119453125 0.099853515625
vt 0.89796515625 0.099853515625
vt 0.89796515625 0.10791015625
vt 0.904756875 0.10618281249999995
vt 0.904756875 0.10791015625
vt 0.890119453125 0.10704648437499997
vt 0.890119453125 0.10457406250000001
vt 0.897695859375 0.105020703125
vt 0.890119453125 0.10791015625
vt 0.890119453125 0.10791015625
vt 0.890119453125 0.099853515625
vt 0.89796515625 0.099853515625
vt 0.89796515625 0.10791015625
vt 0.9052734375 0.10624226562500005
vt 0.9032425 0.10791015625
vt 0.890119453125 0.10624226562500005
vt 0.890119453125 0.10457375000000002
vt 0.897695234375 0.10502093749999997
vt 0.890119453125 0.10791015625
vt 0.890119453125 0.10791015625
vt 0.890119453125 0.099853515625
vt 0.89796515625 0.099853515625
vt 0.89796515625 0.10791015625
vt 0.9052721875 0.106242109375
vt 0.903243515625 0.10791015625
vt 0.890119453125 0.106242109375
vt 0.890119453125 0.10468750000000004
vt 0.89796515625 0.10468750000000004
vt 0.89404234375 0.10791015625
vt 0.890119453125 0.10791015625
vt 0.890119453125 0.099853515625
vt 0.89796515625 0.099853515625
vt 0.89796515625 0.10791015625
vt 0.89796515625 0.10791015625
vt 0.890119453125 0.10791015625
vt 0.89404234375 0.10468750000000004
vt 0.890119453125 0.10791015625
vt 0.892148125 0.106242109375
vt 0.9052721875 0.10791015625
vt 0.890119453125 0.10791015625
vt 0.890119453125 0.099853515625
vt 0.89796515625 0.099853515625
vt 0.89796515625 0.10791015625
vt 0.897695234375 0.10791015625
vt 0.890119453125 0.10746296875000005
vt 0.897695234375 0.10457375000000002
vt 0.890119453125 0.10791015625
vt 0.89215046875 0.10624226562500005
vt 0.9052734375 0.10791015625
vt 0.890119453125 0.10791015625
vt 0.890119453125 0.099853515625
vt 0.89796515625 0.099853515625
vt 0.89796515625 0.10791015625
vt 0.897695859375 0.10791015625
vt 0.890119453125 0.107463515625
vt 0.897695859375 0.10457406250000001
vt 0.890119453125 0.10791015625
vt 0.890119453125 0.10618281249999995
vt 0.904756875 0.10704648437499997
vt 0.890119453125 0.10791015625
vt 0.890119453125 0.099853515625
vt 0.89796515625 0.099853515625
vt 0.89796515625 0.10791015625
vt 0.890119453125 0.10791015625
vt 0.890119453125 0.10618281249999995
vt 0.904756875 0.10704648437499997
vt 0.897695859375 0.10791015625
vt 0.890119453125 0.107463515625
vt 0.897695859375 0.10457406250000001
vt 0.890119453125 0.10791015625
vt 0.890119453125 0.099853515625
vt 0.89796515625 0.099853515625
vt 0.89796515625 0.10791015625
vt 0.890119453125 0.10791015625
vt 0.89215046875 0.10624226562500005
vt 0.9052734375 0.10791015625
vt 0.897695234375 0.10791015625
vt 0.890119453125 0.10746296875000005
vt 0.897695234375 0.10457375000000002
vt 0.890119453125 0.10791015625
vt 0.890119453125 0.099853515625
vt 0.89796515625 0.099853515625
vt 0.89796515625 0.10791015625
vt 0.890119453125 0.10791015625
vt 0.892148125 0.106242109375
vt 0.9052721875 0.10791015625
vt 0.89796515625 0.10791015625
vt 0.890119453125 0.10791015625
vt 0.89404234375 0.10468750000000004
vt 0.890119453125 0.10791015625
vt 0.890119453125 0.099853515625
vt 0.89796515625 0.099853515625
vt 0.89796515625 0.10791015625
vt 0.890119453125 0.10468750000000004
vt 0.89796515625 0.10468750000000004
vt 0.89404234375 0.10791015625
vt 0.89796515625 0.099853515625
vt 0.89796515625 0.10791015625
vt 0.890119453125 0.10791015625
vt 0.890119453125 0.099853515625
vt 0.89796515625 0.099853515625
vt 0.89796515625 0.10791015625
vt 0.890119453125 0.10791015625
vt 0.890119453125 0.099853515625
vt 0.89796515625 0.099853515625
vt 0.89796515625 0.10791015625
vt 0.890119453125 0.10791015625
vt 0.890119453125 0.099853515625
vt 0.89796515625 0.099853515625
vt 0.89796515625 0.10791015625
vt 0.890119453125 0.10791015625
vt 0.890119453125 0.099853515625
vt 0.89796515625 0.099853515625
vt 0.89796515625 0.10791015625
vt 0.890119453125 0.10791015625
vt 0.890119453125 0.099853515625
vt 0.89796515625 0.099853515625
vt 0.89796515625 0.10791015625
vt 0.890119453125 0.10791015625
vt 0.890119453125 0.099853515625
vt 0.89796515625 0.099853515625
vt 0.89796515625 0.10791015625
vt 0.890119453125 0.10791015625
vt 0.890119453125 0.099853515625
vt 0.89796515625 0.099853515625
vt 0.89796515625 0.10791015625
vt 0.890119453125 0.10791015625
vt 0.890119453125 0.099853515625
vt 0.89796515625 0.099853515625
vt 0.89796515625 0.10791015625
vt 0.890119453125 0.10791015625
vt 0.890119453125 0.099853515625
vt 0.89796515625 0.099853515625
vt 0.89796515625 0.10791015625
vt 0.890119453125 0.10791015625
vt 0.890119453125 0.099853515625
vt 0.89796515625 0.099853515625
vt 0.89796515625 0.10791015625
vt 0.890119453125 0.10791015625
vt 0.890119453125 0.099853515625
vt 0.89796515625 0.099853515625
vt 0.89796515625 0.10791015625
vt 0.890119453125 0.10791015625
vt 0.890119453125 0.099853515625
vn 3.3306690738754673e-15 -1 -1.0106430996148683e-15
vn 0.2408325215639898 0.6207261082483699 0.7461225067614322
vn -1 -3.330669073875472e-15 2.2877679714470317e-15
vn 3.3306690738754673e-15 -1 -1.0106430996148683e-15
vn 0.39308362956907994 0.8469607806204105 0.35797024493058555
vn -1 -3.330669073875472e-15 2.2877679714470317e-15
vn 3.3306690738754673e-15 -1 -1.0106430996148683e-15
vn 0.447213595499955 0.8944271909999174 -1.1917427148849725e-16
vn -1 -3.330669073875472e-15 2.2877679714470317e-15
vn 3.3306690738754673e-15 -1 -1.0106430996148683e-15
vn 0.4170287889227648 0.8340575778455386 -0.36115778552877065
vn -1 -3.330669073875472e-15 2.2877679714470317e-15
vn 3.3306690738754673e-15 -1 -1.0106430996148683e-15
vn 0.2762234056882716 0.5951669662861274 -0.7546369407812873
vn -1 -3.330669073875472e-15 2.2877679714470317e-15
vn 3.3306690738754673e-15 -1 -1.0106430996148683e-15
vn -2.2877679714470356e-15 1.0106430996148602e-15 -1
vn -1 -3.330669073875472e-15 2.2877679714470317e-15
vn 3.3306690738754673e-15 -1 -1.0106430996148683e-15
vn -0.31294965867110697 -0.566940585140786 -0.7619979554158008
vn -1 -3.330669073875472e-15 2.2877679714470317e-15
vn 3.3306690738754673e-15 -1 -1.0106430996148683e-15
vn -0.3724400492630756 -0.8574579506917042 -0.3550412264801106
vn -1 -3.330669073875472e-15 2.2877679714470317e-15
vn 3.3306690738754673e-15 -1 -1.0106430996148683e-15
vn -0.31622776601683483 -0.948683298050515 -2.353244741190593e-16
vn -1 -3.330669073875472e-15 2.2877679714470317e-15
vn 3.3306690738754673e-15 -1 -1.0106430996148683e-15
vn -0.29704423771429495 -0.8911327131428973 0.342997388338909
vn -1 -3.330669073875472e-15 2.2877679714470317e-15
vn 3.3306690738754673e-15 -1 -1.0106430996148683e-15
vn -0.26280326704057444 -0.6050443587835679 0.7515688702554024
vn -1 -3.330669073875472e-15 2.2877679714470317e-15
vn 3.3306690738754673e-15 -1 -1.0106430996148683e-15
vn 2.2877679714470356e-15 -1.0106430996148602e-15 1
vn -1 -3.330669073875472e-15 2.2877679714470317e-15
vn -2.2877679714470356e-15 1.0106430996148602e-15 -1
vn 0.6207261082483654 0.2408325215639957 -0.746122506761434
vn 0.8469607806204049 0.39308362956908494 -0.35797024493059326
vn 0.8944271909999142 0.44721359549996165 -1.5942685460149556e-15
vn 0.834057577845534 0.4170287889227705 0.3611577855287747
vn 0.5951669662861264 0.2762234056882771 0.7546369407812863
vn 2.2877679714470356e-15 -1.0106430996148602e-15 1
vn -0.5669405851407827 -0.3129496586711104 0.7619979554158018
vn -0.8574579506916997 -0.372440049263089 0.35504122648010683
vn -0.9486832980505123 -0.31622776601684244 1.850773854695159e-15
vn -0.8911327131428979 -0.2970442377143034 -0.34299738833889964
vn -0.6050443587835634 -0.2628032670405841 -0.7515688702554025
usemtl m_c4285295-d1e0-dcfc-0036-196fac025b3b
f 657/2633/743 655/2634/743 653/2635/743
f 656/2636/744 685/2637/744 684/2638/744 658/2639/744
f 656/2640/745 658/2641/745 654/2642/745
f 659/2643/746 657/2644/746 653/2645/746
f 658/2646/747 684/2647/747 683/2648/747 660/2649/747
f 658/2650/748 660/2651/748 654/2652/748
f 661/2653/749 659/2654/749 653/2655/749
f 660/2656/750 683/2657/750 682/2658/750 662/2659/750
f 660/2660/751 662/2661/751 654/2662/751
f 663/2663/752 661/2664/752 653/2665/752
f 662/2666/753 682/2667/753 681/2668/753 664/2669/753
f 662/2670/754 664/2671/754 654/2672/754
f 665/2673/755 663/2674/755 653/2675/755
f 664/2676/756 681/2677/756 680/2678/756 666/2679/756
f 664/2680/757 666/2681/757 654/2682/757
f 667/2683/758 665/2684/758 653/2685/758
f 666/2686/759 680/2687/759 679/2688/759 668/2689/759
f 666/2690/760 668/2691/760 654/2692/760
f 669/2693/761 667/2694/761 653/2695/761
f 668/2696/762 679/2697/762 690/2698/762 670/2699/762
f 668/2700/763 670/2701/763 654/2702/763
f 671/2703/764 669/2704/764 653/2705/764
f 670/2706/765 690/2707/765 689/2708/765 672/2709/765
f 670/2710/766 672/2711/766 654/2712/766
f 673/2713/767 671/2714/767 653/2715/767
f 672/2716/768 689/2717/768 688/2718/768 674/2719/768
f 672/2720/769 674/2721/769 654/2722/769
f 675/2723/770 673/2724/770 653/2725/770
f 674/2726/771 688/2727/771 687/2728/771 676/2729/771
f 674/2730/772 676/2731/772 654/2732/772
f 677/2733/773 675/2734/773 653/2735/773
f 676/2736/774 687/2737/774 686/2738/774 678/2739/774
f 676/2740/775 678/2741/775 654/2742/775
f 655/2743/776 677/2744/776 653/2745/776
f 678/2746/777 686/2747/777 685/2748/777 656/2749/777
f 678/2750/778 656/2751/778 654/2752/778
f 667/2753/779 679/2754/779 680/2755/779 665/2756/779
f 665/2757/780 680/2758/780 681/2759/780 663/2760/780
f 663/2761/781 681/2762/781 682/2763/781 661/2764/781
f 661/2765/782 682/2766/782 683/2767/782 659/2768/782
f 659/2769/783 683/2770/783 684/2771/783 657/2772/783
f 657/2773/784 684/2774/784 685/2775/784 655/2776/784
f 655/2777/785 685/2778/785 686/2779/785 677/2780/785
f 677/2781/786 686/2782/786 687/2783/786 675/2784/786
f 675/2785/787 687/2786/787 688/2787/787 673/2788/787
f 673/2789/788 688/2790/788 689/2791/788 671/2792/788
f 671/2793/789 689/2794/789 690/2795/789 669/2796/789
f 669/2797/790 690/2798/790 679/2799/790 667/2800/790
o doorRight
v -0.06250000000000067 0.53125 -4.744033928510594e-16
v -0.12500000000000083 0.4687500000000001 -7.087416889154802e-16
v -0.054126875000000574 0.53125 -0.03125000000000045
v -0.12500000000000072 0.46037687500000024 -0.031250000000000715
v -0.03962312500000065 0.5312499999999999 -0.022876875000000407
v -0.12500000000000078 0.4458731250000002 -0.02287687500000073
v -0.031250000000000666 0.5312499999999999 -0.008373125000000384
v -0.1250000000000009 0.4375000000000001 -0.008373125000000736
v -0.031250000000000666 0.5312499999999999 0.008373124999999617
v -0.1250000000000009 0.4375000000000001 0.008373124999999265
v -0.03962312500000076 0.5312499999999999 0.022876874999999595
v -0.1250000000000009 0.4458731250000002 0.022876874999999273
v -0.054126875000000796 0.53125 0.031249999999999552
v -0.12500000000000094 0.46037687500000024 0.031249999999999285
v -0.07087312500000076 0.53125 0.031249999999999504
v -0.1250000000000009 0.4771231250000002 0.031249999999999303
v -0.08537687500000074 0.53125 0.022876874999999464
v -0.12500000000000083 0.49162687500000024 0.022876874999999314
v -0.09375000000000067 0.53125 0.008373124999999438
v -0.12500000000000072 0.5000000000000001 0.008373124999999322
v -0.09375000000000067 0.53125 -0.008373125000000562
v -0.12500000000000072 0.5000000000000001 -0.008373125000000679
v -0.08537687500000063 0.53125 -0.02287687500000054
v -0.12500000000000072 0.49162687500000024 -0.02287687500000069
v -0.07087312500000054 0.53125 -0.0312500000000005
v -0.12500000000000067 0.4771231250000002 -0.0312500000000007
v -0.09012437500000092 0.49637437500000003 0.031249999999999417
v -0.07393812500000091 0.4801881250000001 0.03124999999999945
v -0.06668687500000087 0.47293687500000003 0.022876874999999464
v -0.06250000000000083 0.46875 0.008373124999999471
v -0.06250000000000083 0.46875 -0.00837312500000053
v -0.06668687500000076 0.47293687500000003 -0.02287687500000054
v -0.07393812500000069 0.4801881250000001 -0.031250000000000555
v -0.0901243750000007 0.49637437500000003 -0.03125000000000058
v -0.09737562500000069 0.5036256250000002 -0.022876875000000598
v -0.10156250000000072 0.5078125000000001 -0.008373125000000606
v -0.10156250000000072 0.5078125000000001 0.008373124999999395
v -0.0973756250000008 0.5036256250000002 0.022876874999999405
vt 0.9052721875 0.106242109375
vt 0.903243515625 0.10791015625
vt 0.890119453125 0.106242109375
vt 0.890119453125 0.10791015625
vt 0.890119453125 0.099853515625
vt 0.89796515625 0.099853515625
vt 0.89796515625 0.10791015625
vt 0.890119453125 0.10457375000000002
vt 0.897695234375 0.10502093749999997
vt 0.890119453125 0.10791015625
vt 0.9052734375 0.10624226562500005
vt 0.9032425 0.10791015625
vt 0.890119453125 0.10624226562500005
vt 0.890119453125 0.10791015625
vt 0.890119453125 0.099853515625
vt 0.89796515625 0.099853515625
vt 0.89796515625 0.10791015625
vt 0.890119453125 0.10457406250000001
vt 0.897695859375 0.105020703125
vt 0.890119453125 0.10791015625
vt 0.904756875 0.10618281249999995
vt 0.904756875 0.10791015625
vt 0.890119453125 0.10704648437499997
vt 0.890119453125 0.10791015625
vt 0.890119453125 0.099853515625
vt 0.89796515625 0.099853515625
vt 0.89796515625 0.10791015625
vt 0.904756875 0.10618281249999995
vt 0.904756875 0.10791015625
vt 0.890119453125 0.10704648437499997
vt 0.890119453125 0.10457406250000001
vt 0.897695859375 0.105020703125
vt 0.890119453125 0.10791015625
vt 0.890119453125 0.10791015625
vt 0.890119453125 0.099853515625
vt 0.89796515625 0.099853515625
vt 0.89796515625 0.10791015625
vt 0.9052734375 0.10624226562500005
vt 0.9032425 0.10791015625
vt 0.890119453125 0.10624226562500005
vt 0.890119453125 0.10457375000000002
vt 0.897695234375 0.10502093749999997
vt 0.890119453125 0.10791015625
vt 0.890119453125 0.10791015625
vt 0.890119453125 0.099853515625
vt 0.89796515625 0.099853515625
vt 0.89796515625 0.10791015625
vt 0.9052721875 0.106242109375
vt 0.903243515625 0.10791015625
vt 0.890119453125 0.106242109375
vt 0.890119453125 0.10468750000000004
vt 0.89796515625 0.10468750000000004
vt 0.89404234375 0.10791015625
vt 0.890119453125 0.10791015625
vt 0.890119453125 0.099853515625
vt 0.89796515625 0.099853515625
vt 0.89796515625 0.10791015625
vt 0.89796515625 0.10791015625
vt 0.890119453125 0.10791015625
vt 0.89404234375 0.10468750000000004
vt 0.890119453125 0.10791015625
vt 0.892148125 0.106242109375
vt 0.9052721875 0.10791015625
vt 0.890119453125 0.10791015625
vt 0.890119453125 0.099853515625
vt 0.89796515625 0.099853515625
vt 0.89796515625 0.10791015625
vt 0.897695234375 0.10791015625
vt 0.890119453125 0.10746296875000005
vt 0.897695234375 0.10457375000000002
vt 0.890119453125 0.10791015625
vt 0.89215046875 0.10624226562500005
vt 0.9052734375 0.10791015625
vt 0.890119453125 0.10791015625
vt 0.890119453125 0.099853515625
vt 0.89796515625 0.099853515625
vt 0.89796515625 0.10791015625
vt 0.897695859375 0.10791015625
vt 0.890119453125 0.107463515625
vt 0.897695859375 0.10457406250000001
vt 0.890119453125 0.10791015625
vt 0.890119453125 0.10618281249999995
vt 0.904756875 0.10704648437499997
vt 0.890119453125 0.10791015625
vt 0.890119453125 0.099853515625
vt 0.89796515625 0.099853515625
vt 0.89796515625 0.10791015625
vt 0.890119453125 0.10791015625
vt 0.890119453125 0.10618281249999995
vt 0.904756875 0.10704648437499997
vt 0.897695859375 0.10791015625
vt 0.890119453125 0.107463515625
vt 0.897695859375 0.10457406250000001
vt 0.890119453125 0.10791015625
vt 0.890119453125 0.099853515625
vt 0.89796515625 0.099853515625
vt 0.89796515625 0.10791015625
vt 0.890119453125 0.10791015625
vt 0.89215046875 0.10624226562500005
vt 0.9052734375 0.10791015625
vt 0.897695234375 0.10791015625
vt 0.890119453125 0.10746296875000005
vt 0.897695234375 0.10457375000000002
vt 0.890119453125 0.10791015625
vt 0.890119453125 0.099853515625
vt 0.89796515625 0.099853515625
vt 0.89796515625 0.10791015625
vt 0.890119453125 0.10791015625
vt 0.892148125 0.106242109375
vt 0.9052721875 0.10791015625
vt 0.89796515625 0.10791015625
vt 0.890119453125 0.10791015625
vt 0.89404234375 0.10468750000000004
vt 0.890119453125 0.10791015625
vt 0.890119453125 0.099853515625
vt 0.89796515625 0.099853515625
vt 0.89796515625 0.10791015625
vt 0.890119453125 0.10468750000000004
vt 0.89796515625 0.10468750000000004
vt 0.89404234375 0.10791015625
vt 0.89796515625 0.099853515625
vt 0.89796515625 0.10791015625
vt 0.890119453125 0.10791015625
vt 0.890119453125 0.099853515625
vt 0.89796515625 0.099853515625
vt 0.89796515625 0.10791015625
vt 0.890119453125 0.10791015625
vt 0.890119453125 0.099853515625
vt 0.89796515625 0.099853515625
vt 0.89796515625 0.10791015625
vt 0.890119453125 0.10791015625
vt 0.890119453125 0.099853515625
vt 0.89796515625 0.099853515625
vt 0.89796515625 0.10791015625
vt 0.890119453125 0.10791015625
vt 0.890119453125 0.099853515625
vt 0.89796515625 0.099853515625
vt 0.89796515625 0.10791015625
vt 0.890119453125 0.10791015625
vt 0.890119453125 0.099853515625
vt 0.89796515625 0.099853515625
vt 0.89796515625 0.10791015625
vt 0.890119453125 0.10791015625
vt 0.890119453125 0.099853515625
vt 0.89796515625 0.099853515625
vt 0.89796515625 0.10791015625
vt 0.890119453125 0.10791015625
vt 0.890119453125 0.099853515625
vt 0.89796515625 0.099853515625
vt 0.89796515625 0.10791015625
vt 0.890119453125 0.10791015625
vt 0.890119453125 0.099853515625
vt 0.89796515625 0.099853515625
vt 0.89796515625 0.10791015625
vt 0.890119453125 0.10791015625
vt 0.890119453125 0.099853515625
vt 0.89796515625 0.099853515625
vt 0.89796515625 0.10791015625
vt 0.890119453125 0.10791015625
vt 0.890119453125 0.099853515625
vt 0.89796515625 0.099853515625
vt 0.89796515625 0.10791015625
vt 0.890119453125 0.10791015625
vt 0.890119453125 0.099853515625
vt 0.89796515625 0.099853515625
vt 0.89796515625 0.10791015625
vt 0.890119453125 0.10791015625
vt 0.890119453125 0.099853515625
vn 2.1094237467877947e-15 1 9.049959454443346e-16
vn 0.24083252156399257 -0.6207261082483628 -0.7461225067614371
vn -1 2.1094237467878e-15 -2.8444167915863985e-15
vn 2.1094237467877947e-15 1 9.049959454443346e-16
vn 0.3930836295690794 -0.846960780620406 -0.35797024493059665
vn -1 2.1094237467878e-15 -2.8444167915863985e-15
vn 2.1094237467877947e-15 1 9.049959454443346e-16
vn 0.4472135954999561 -0.8944271909999169 4.626088791157184e-16
vn -1 2.1094237467878e-15 -2.8444167915863985e-15
vn 2.1094237467877947e-15 1 9.049959454443346e-16
vn 0.4170287889227637 -0.8340575778455342 0.3611577855287821
vn -1 2.1094237467878e-15 -2.8444167915863985e-15
vn 2.1094237467877947e-15 1 9.049959454443346e-16
vn 0.27622340568826986 -0.5951669662861226 0.7546369407812917
vn -1 2.1094237467878e-15 -2.8444167915863985e-15
vn 2.1094237467877947e-15 1 9.049959454443346e-16
vn -2.844416791586401e-15 -9.049959454443283e-16 1
vn -1 2.1094237467878e-15 -2.8444167915863985e-15
vn 2.1094237467877947e-15 1 9.049959454443346e-16
vn -0.31294965867110575 0.5669405851407816 0.7619979554158047
vn -1 2.1094237467878e-15 -2.8444167915863985e-15
vn 2.1094237467877947e-15 1 9.049959454443346e-16
vn -0.37244004926308866 0.8574579506917057 0.3550412264800933
vn -1 2.1094237467878e-15 -2.8444167915863985e-15
vn 2.1094237467877947e-15 1 9.049959454443346e-16
vn -0.31622776601683594 0.9486832980505144 -4.092902937767427e-17
vn -1 2.1094237467878e-15 -2.8444167915863985e-15
vn 2.1094237467877947e-15 1 9.049959454443346e-16
vn -0.29704423771429794 0.8911327131429034 -0.3429973883388902
vn -1 2.1094237467878e-15 -2.8444167915863985e-15
vn 2.1094237467877947e-15 1 9.049959454443346e-16
vn -0.26280326704057877 0.6050443587835587 -0.7515688702554082
vn -1 2.1094237467878e-15 -2.8444167915863985e-15
vn 2.1094237467877947e-15 1 9.049959454443346e-16
vn 2.844416791586401e-15 9.049959454443283e-16 -1
vn -1 2.1094237467878e-15 -2.8444167915863985e-15
vn -2.844416791586401e-15 -9.049959454443283e-16 1
vn 0.6207261082483609 -0.24083252156399496 0.7461225067614381
vn 0.8469607806204033 -0.3930836295690828 0.35797024493059904
vn 0.8944271909999149 -0.44721359549995976 2.1393972302565704e-15
vn 0.8340575778455331 -0.41702878892276796 -0.36115778552877964
vn 0.5951669662861236 -0.2762234056882748 -0.7546369407812892
vn 2.844416791586401e-15 9.049959454443283e-16 -1
vn -0.5669405851407786 0.31294965867110847 -0.7619979554158058
vn -0.8574579506917017 0.37244004926309343 -0.35504122648009756
vn -0.9486832980505131 0.31622776601683994 -2.4122658567902875e-15
vn -0.8911327131429021 0.29704423771430216 0.3429973883388899
vn -0.6050443587835589 0.2628032670405845 0.7515688702554061
usemtl m_c4285295-d1e0-dcfc-0036-196fac025b3b
f 695/2801/791 693/2802/791 691/2803/791
f 694/2804/792 723/2805/792 722/2806/792 696/2807/792
f 694/2808/793 696/2809/793 692/2810/793
f 697/2811/794 695/2812/794 691/2813/794
f 696/2814/795 722/2815/795 721/2816/795 698/2817/795
f 696/2818/796 698/2819/796 692/2820/796
f 699/2821/797 697/2822/797 691/2823/797
f 698/2824/798 721/2825/798 720/2826/798 700/2827/798
f 698/2828/799 700/2829/799 692/2830/799
f 701/2831/800 699/2832/800 691/2833/800
f 700/2834/801 720/2835/801 719/2836/801 702/2837/801
f 700/2838/802 702/2839/802 692/2840/802
f 703/2841/803 701/2842/803 691/2843/803
f 702/2844/804 719/2845/804 718/2846/804 704/2847/804
f 702/2848/805 704/2849/805 692/2850/805
f 705/2851/806 703/2852/806 691/2853/806
f 704/2854/807 718/2855/807 717/2856/807 706/2857/807
f 704/2858/808 706/2859/808 692/2860/808
f 707/2861/809 705/2862/809 691/2863/809
f 706/2864/810 717/2865/810 728/2866/810 708/2867/810
f 706/2868/811 708/2869/811 692/2870/811
f 709/2871/812 707/2872/812 691/2873/812
f 708/2874/813 728/2875/813 727/2876/813 710/2877/813
f 708/2878/814 710/2879/814 692/2880/814
f 711/2881/815 709/2882/815 691/2883/815
f 710/2884/816 727/2885/816 726/2886/816 712/2887/816
f 710/2888/817 712/2889/817 692/2890/817
f 713/2891/818 711/2892/818 691/2893/818
f 712/2894/819 726/2895/819 725/2896/819 714/2897/819
f 712/2898/820 714/2899/820 692/2900/820
f 715/2901/821 713/2902/821 691/2903/821
f 714/2904/822 725/2905/822 724/2906/822 716/2907/822
f 714/2908/823 716/2909/823 692/2910/823
f 693/2911/824 715/2912/824 691/2913/824
f 716/2914/825 724/2915/825 723/2916/825 694/2917/825
f 716/2918/826 694/2919/826 692/2920/826
f 705/2921/827 717/2922/827 718/2923/827 703/2924/827
f 703/2925/828 718/2926/828 719/2927/828 701/2928/828
f 701/2929/829 719/2930/829 720/2931/829 699/2932/829
f 699/2933/830 720/2934/830 721/2935/830 697/2936/830
f 697/2937/831 721/2938/831 722/2939/831 695/2940/831
f 695/2941/832 722/2942/832 723/2943/832 693/2944/832
f 693/2945/833 723/2946/833 724/2947/833 715/2948/833
f 715/2949/834 724/2950/834 725/2951/834 713/2952/834
f 713/2953/835 725/2954/835 726/2955/835 711/2956/835
f 711/2957/836 726/2958/836 727/2959/836 709/2960/836
f 709/2961/837 727/2962/837 728/2963/837 707/2964/837
f 707/2965/838 728/2966/838 717/2967/838 705/2968/838
o doorRight
v -0.4374999999999954 2.1250000000000018 -3.255705807364381e-16
v -0.12499999999999539 2.1250000000000004 -1.0404980718136356e-15
v -0.43749999999999534 2.1166268750000015 0.031249999999999684
v -0.12499999999999539 2.116626875 0.03124999999999897
v -0.43749999999999545 2.102123125000001 0.022876874999999696
v -0.12499999999999545 2.1021231250000003 0.02287687499999898
v -0.4374999999999955 2.0937500000000018 0.008373124999999705
v -0.1249999999999955 2.0937500000000004 0.00837312499999899
v -0.4374999999999955 2.0937500000000018 -0.008373125000000295
v -0.1249999999999955 2.0937500000000004 -0.00837312500000101
v -0.43749999999999556 2.102123125000001 -0.022876875000000307
v -0.12499999999999556 2.1021231250000003 -0.02287687500000102
v -0.4374999999999955 2.1166268750000015 -0.03125000000000032
v -0.1249999999999955 2.116626875 -0.031250000000001034
v -0.43749999999999545 2.133373125000001 -0.03125000000000033
v -0.12499999999999545 2.1333731250000003 -0.031250000000001055
v -0.4374999999999954 2.1478768750000015 -0.022876875000000352
v -0.12499999999999539 2.147876875 -0.022876875000001066
v -0.43749999999999534 2.1562500000000018 -0.008373125000000358
v -0.12499999999999528 2.1562500000000004 -0.008373125000001072
v -0.4374999999999953 2.1562500000000018 0.008373124999999643
v -0.12499999999999528 2.1562500000000004 0.008373124999998928
v -0.4374999999999953 2.1478768750000015 0.02287687499999965
v -0.12499999999999528 2.147876875 0.022876874999998936
v -0.4374999999999953 2.133373125000001 0.031249999999999667
v -0.12499999999999534 2.1333731250000003 0.031249999999998952
vt 0.9052721875 0.106242109375
vt 0.903243515625 0.10791015625
vt 0.890119453125 0.106242109375
vt 0.890119453125 0.091796875
vt 0.89796515625 0.091796875
vt 0.89796515625 0.10791015625
vt 0.890119453125 0.10791015625
vt 0.890119453125 0.10457375000000002
vt 0.897695234375 0.10502093749999997
vt 0.890119453125 0.10791015625
vt 0.9052734375 0.10624226562500005
vt 0.9032425 0.10791015625
vt 0.890119453125 0.10624226562500005
vt 0.890119453125 0.091796875
vt 0.89796515625 0.091796875
vt 0.89796515625 0.10791015625
vt 0.890119453125 0.10791015625
vt 0.890119453125 0.10457406250000001
vt 0.897695859375 0.105020703125
vt 0.890119453125 0.10791015625
vt 0.904756875 0.10618281249999995
vt 0.904756875 0.10791015625
vt 0.890119453125 0.10704648437499997
vt 0.890119453125 0.091796875
vt 0.89796515625 0.091796875
vt 0.89796515625 0.10791015625
vt 0.890119453125 0.10791015625
vt 0.904756875 0.10618281249999995
vt 0.904756875 0.10791015625
vt 0.890119453125 0.10704648437499997
vt 0.890119453125 0.10457406250000001
vt 0.897695859375 0.105020703125
vt 0.890119453125 0.10791015625
vt 0.890119453125 0.091796875
vt 0.89796515625 0.091796875
vt 0.89796515625 0.10791015625
vt 0.890119453125 0.10791015625
vt 0.9052734375 0.10624226562500005
vt 0.9032425 0.10791015625
vt 0.890119453125 0.10624226562500005
vt 0.890119453125 0.10457375000000002
vt 0.897695234375 0.10502093749999997
vt 0.890119453125 0.10791015625
vt 0.890119453125 0.091796875
vt 0.89796515625 0.091796875
vt 0.89796515625 0.10791015625
vt 0.890119453125 0.10791015625
vt 0.9052721875 0.106242109375
vt 0.903243515625 0.10791015625
vt 0.890119453125 0.106242109375
vt 0.890119453125 0.10468750000000004
vt 0.89796515625 0.10468750000000004
vt 0.89404234375 0.10791015625
vt 0.890119453125 0.091796875
vt 0.89796515625 0.091796875
vt 0.89796515625 0.10791015625
vt 0.890119453125 0.10791015625
vt 0.89796515625 0.10791015625
vt 0.890119453125 0.10791015625
vt 0.89404234375 0.10468750000000004
vt 0.890119453125 0.10791015625
vt 0.892148125 0.106242109375
vt 0.9052721875 0.10791015625
vt 0.890119453125 0.091796875
vt 0.89796515625 0.091796875
vt 0.89796515625 0.10791015625
vt 0.890119453125 0.10791015625
vt 0.897695234375 0.10791015625
vt 0.890119453125 0.10746296875000005
vt 0.897695234375 0.10457375000000002
vt 0.890119453125 0.10791015625
vt 0.89215046875 0.10624226562500005
vt 0.9052734375 0.10791015625
vt 0.890119453125 0.091796875
vt 0.89796515625 0.091796875
vt 0.89796515625 0.10791015625
vt 0.890119453125 0.10791015625
vt 0.897695859375 0.10791015625
vt 0.890119453125 0.107463515625
vt 0.897695859375 0.10457406250000001
vt 0.890119453125 0.10791015625
vt 0.890119453125 0.10618281249999995
vt 0.904756875 0.10704648437499997
vt 0.890119453125 0.091796875
vt 0.89796515625 0.091796875
vt 0.89796515625 0.10791015625
vt 0.890119453125 0.10791015625
vt 0.890119453125 0.10791015625
vt 0.890119453125 0.10618281249999995
vt 0.904756875 0.10704648437499997
vt 0.897695859375 0.10791015625
vt 0.890119453125 0.107463515625
vt 0.897695859375 0.10457406250000001
vt 0.890119453125 0.091796875
vt 0.89796515625 0.091796875
vt 0.89796515625 0.10791015625
vt 0.890119453125 0.10791015625
vt 0.890119453125 0.10791015625
vt 0.89215046875 0.10624226562500005
vt 0.9052734375 0.10791015625
vt 0.897695234375 0.10791015625
vt 0.890119453125 0.10746296875000005
vt 0.897695234375 0.10457375000000002
vt 0.890119453125 0.091796875
vt 0.89796515625 0.091796875
vt 0.89796515625 0.10791015625
vt 0.890119453125 0.10791015625
vt 0.890119453125 0.10791015625
vt 0.892148125 0.106242109375
vt 0.9052721875 0.10791015625
vt 0.89796515625 0.10791015625
vt 0.890119453125 0.10791015625
vt 0.89404234375 0.10468750000000004
vt 0.890119453125 0.091796875
vt 0.89796515625 0.091796875
vt 0.89796515625 0.10791015625
vt 0.890119453125 0.10791015625
vt 0.890119453125 0.10468750000000004
vt 0.89796515625 0.10468750000000004
vt 0.89404234375 0.10791015625
vn -1 3.330669073875472e-15 2.2877679714470317e-15
vn 3.160595821994035e-16 -0.49997228014499684 0.8660414072586904
vn 1 -3.330669073875472e-15 -2.2877679714470317e-15
vn -1 3.330669073875472e-15 2.2877679714470317e-15
vn -1.7406767627250813e-15 -0.8660414072586955 0.499972280144988
vn 1 -3.330669073875472e-15 -2.2877679714470317e-15
vn -1 3.330669073875472e-15 2.2877679714470317e-15
vn -3.3306690738754673e-15 -1 1.0106430996148683e-15
vn 1 -3.330669073875472e-15 -2.2877679714470317e-15
vn -1 3.330669073875472e-15 2.2877679714470317e-15
vn -4.028317900979173e-15 -0.8660414072586966 -0.49997228014498607
vn 1 -3.330669073875472e-15 -2.2877679714470317e-15
vn -1 3.330669073875472e-15 2.2877679714470317e-15
vn -3.6465440047472935e-15 -0.49997228014499845 -0.8660414072586894
vn 1 -3.330669073875472e-15 -2.2877679714470317e-15
vn -1 3.330669073875472e-15 2.2877679714470317e-15
vn -2.2877679714470356e-15 -1.0106430996148602e-15 -1
vn 1 -3.330669073875472e-15 -2.2877679714470317e-15
vn -1 3.330669073875472e-15 2.2877679714470317e-15
vn -3.160595821994045e-16 0.4999722801449967 -0.8660414072586905
vn 1 -3.330669073875472e-15 -2.2877679714470317e-15
vn -1 3.330669073875472e-15 2.2877679714470317e-15
vn 1.740676762724998e-15 0.8660414072586841 -0.4999722801450078
vn 1 -3.330669073875472e-15 -2.2877679714470317e-15
vn -1 3.330669073875472e-15 2.2877679714470317e-15
vn 3.3306690738754673e-15 1 -1.0106430996148683e-15
vn 1 -3.330669073875472e-15 -2.2877679714470317e-15
vn -1 3.330669073875472e-15 2.2877679714470317e-15
vn 4.028317900979181e-15 0.8660414072586851 0.49997228014500616
vn 1 -3.330669073875472e-15 -2.2877679714470317e-15
vn -1 3.330669073875472e-15 2.2877679714470317e-15
vn 3.646544004747295e-15 0.4999722801449987 0.8660414072586895
vn 1 -3.330669073875472e-15 -2.2877679714470317e-15
vn -1 3.330669073875472e-15 2.2877679714470317e-15
vn 2.2877679714470356e-15 1.0106430996148602e-15 1
vn 1 -3.330669073875472e-15 -2.2877679714470317e-15
usemtl m_c4285295-d1e0-dcfc-0036-196fac025b3b
f 733/2969/839 731/2970/839 729/2971/839
f 731/2972/840 733/2973/840 734/2974/840 732/2975/840
f 732/2976/841 734/2977/841 730/2978/841
f 735/2979/842 733/2980/842 729/2981/842
f 733/2982/843 735/2983/843 736/2984/843 734/2985/843
f 734/2986/844 736/2987/844 730/2988/844
f 737/2989/845 735/2990/845 729/2991/845
f 735/2992/846 737/2993/846 738/2994/846 736/2995/846
f 736/2996/847 738/2997/847 730/2998/847
f 739/2999/848 737/3000/848 729/3001/848
f 737/3002/849 739/3003/849 740/3004/849 738/3005/849
f 738/3006/850 740/3007/850 730/3008/850
f 741/3009/851 739/3010/851 729/3011/851
f 739/3012/852 741/3013/852 742/3014/852 740/3015/852
f 740/3016/853 742/3017/853 730/3018/853
f 743/3019/854 741/3020/854 729/3021/854
f 741/3022/855 743/3023/855 744/3024/855 742/3025/855
f 742/3026/856 744/3027/856 730/3028/856
f 745/3029/857 743/3030/857 729/3031/857
f 743/3032/858 745/3033/858 746/3034/858 744/3035/858
f 744/3036/859 746/3037/859 730/3038/859
f 747/3039/860 745/3040/860 729/3041/860
f 745/3042/861 747/3043/861 748/3044/861 746/3045/861
f 746/3046/862 748/3047/862 730/3048/862
f 749/3049/863 747/3050/863 729/3051/863
f 747/3052/864 749/3053/864 750/3054/864 748/3055/864
f 748/3056/865 750/3057/865 730/3058/865
f 751/3059/866 749/3060/866 729/3061/866
f 749/3062/867 751/3063/867 752/3064/867 750/3065/867
f 750/3066/868 752/3067/868 730/3068/868
f 753/3069/869 751/3070/869 729/3071/869
f 751/3072/870 753/3073/870 754/3074/870 752/3075/870
f 752/3076/871 754/3077/871 730/3078/871
f 731/3079/872 753/3080/872 729/3081/872
f 753/3082/873 731/3083/873 732/3084/873 754/3085/873
f 754/3086/874 732/3087/874 730/3088/874
o doorRight
v -0.21874999999999994 0.53125 -3.5717063347574484e-16
v -0.21874999999999994 0.6875 -3.7630573971242226e-16
v -0.210376875 0.53125 0.03124999999999966
v -0.210376875 0.6875 0.03124999999999964
v -0.19587312499999995 0.53125 0.022876874999999686
v -0.19587312499999995 0.6875 0.02287687499999967
v -0.18749999999999994 0.53125 0.0083731249999997
v -0.18749999999999994 0.6875 0.00837312499999968
v -0.18749999999999994 0.53125 -0.0083731250000003
v -0.18749999999999994 0.6875 -0.008373125000000321
v -0.1958731249999999 0.53125 -0.022876875000000317
v -0.1958731249999999 0.6875 -0.022876875000000334
v -0.21037687499999988 0.53125 -0.03125000000000034
v -0.21037687499999988 0.6875 -0.03125000000000036
v -0.2271231249999999 0.53125 -0.03125000000000037
v -0.2271231249999999 0.6875 -0.03125000000000039
v -0.24162687499999994 0.53125 -0.022876875000000397
v -0.24162687499999994 0.6875 -0.022876875000000418
v -0.24999999999999992 0.53125 -0.008373125000000413
v -0.24999999999999992 0.6875 -0.008373125000000432
v -0.24999999999999997 0.53125 0.008373124999999587
v -0.24999999999999997 0.6875 0.008373124999999568
v -0.241626875 0.53125 0.022876874999999606
v -0.241626875 0.6875 0.022876874999999585
v -0.227123125 0.53125 0.03124999999999963
v -0.227123125 0.6875 0.03124999999999961
vt 0.9052721875 0.106242109375
vt 0.903243515625 0.10791015625
vt 0.890119453125 0.106242109375
vt 0.890119453125 0.091796875
vt 0.89796515625 0.091796875
vt 0.89796515625 0.10791015625
vt 0.890119453125 0.10791015625
vt 0.890119453125 0.10457375000000002
vt 0.897695234375 0.10502093749999997
vt 0.890119453125 0.10791015625
vt 0.9052734375 0.10624226562500005
vt 0.9032425 0.10791015625
vt 0.890119453125 0.10624226562500005
vt 0.890119453125 0.091796875
vt 0.89796515625 0.091796875
vt 0.89796515625 0.10791015625
vt 0.890119453125 0.10791015625
vt 0.890119453125 0.10457406250000001
vt 0.897695859375 0.105020703125
vt 0.890119453125 0.10791015625
vt 0.904756875 0.10618281249999995
vt 0.904756875 0.10791015625
vt 0.890119453125 0.10704648437499997
vt 0.890119453125 0.091796875
vt 0.89796515625 0.091796875
vt 0.89796515625 0.10791015625
vt 0.890119453125 0.10791015625
vt 0.904756875 0.10618281249999995
vt 0.904756875 0.10791015625
vt 0.890119453125 0.10704648437499997
vt 0.890119453125 0.10457406250000001
vt 0.897695859375 0.105020703125
vt 0.890119453125 0.10791015625
vt 0.890119453125 0.091796875
vt 0.89796515625 0.091796875
vt 0.89796515625 0.10791015625
vt 0.890119453125 0.10791015625
vt 0.9052734375 0.10624226562500005
vt 0.9032425 0.10791015625
vt 0.890119453125 0.10624226562500005
vt 0.890119453125 0.10457375000000002
vt 0.897695234375 0.10502093749999997
vt 0.890119453125 0.10791015625
vt 0.890119453125 0.091796875
vt 0.89796515625 0.091796875
vt 0.89796515625 0.10791015625
vt 0.890119453125 0.10791015625
vt 0.9052721875 0.106242109375
vt 0.903243515625 0.10791015625
vt 0.890119453125 0.106242109375
vt 0.890119453125 0.10468750000000004
vt 0.89796515625 0.10468750000000004
vt 0.89404234375 0.10791015625
vt 0.890119453125 0.091796875
vt 0.89796515625 0.091796875
vt 0.89796515625 0.10791015625
vt 0.890119453125 0.10791015625
vt 0.89796515625 0.10791015625
vt 0.890119453125 0.10791015625
vt 0.89404234375 0.10468750000000004
vt 0.890119453125 0.10791015625
vt 0.892148125 0.106242109375
vt 0.9052721875 0.10791015625
vt 0.890119453125 0.091796875
vt 0.89796515625 0.091796875
vt 0.89796515625 0.10791015625
vt 0.890119453125 0.10791015625
vt 0.897695234375 0.10791015625
vt 0.890119453125 0.10746296875000005
vt 0.897695234375 0.10457375000000002
vt 0.890119453125 0.10791015625
vt 0.89215046875 0.10624226562500005
vt 0.9052734375 0.10791015625
vt 0.890119453125 0.091796875
vt 0.89796515625 0.091796875
vt 0.89796515625 0.10791015625
vt 0.890119453125 0.10791015625
vt 0.897695859375 0.10791015625
vt 0.890119453125 0.107463515625
vt 0.897695859375 0.10457406250000001
vt 0.890119453125 0.10791015625
vt 0.890119453125 0.10618281249999995
vt 0.904756875 0.10704648437499997
vt 0.890119453125 0.091796875
vt 0.89796515625 0.091796875
vt 0.89796515625 0.10791015625
vt 0.890119453125 0.10791015625
vt 0.890119453125 0.10791015625
vt 0.890119453125 0.10618281249999995
vt 0.904756875 0.10704648437499997
vt 0.897695859375 0.10791015625
vt 0.890119453125 0.107463515625
vt 0.897695859375 0.10457406250000001
vt 0.890119453125 0.091796875
vt 0.89796515625 0.091796875
vt 0.89796515625 0.10791015625
vt 0.890119453125 0.10791015625
vt 0.890119453125 0.10791015625
vt 0.89215046875 0.10624226562500005
vt 0.9052734375 0.10791015625
vt 0.897695234375 0.10791015625
vt 0.890119453125 0.10746296875000005
vt 0.897695234375 0.10457375000000002
vt 0.890119453125 0.091796875
vt 0.89796515625 0.091796875
vt 0.89796515625 0.10791015625
vt 0.890119453125 0.10791015625
vt 0.890119453125 0.10791015625
vt 0.892148125 0.106242109375
vt 0.9052721875 0.10791015625
vt 0.89796515625 0.10791015625
vt 0.890119453125 0.10791015625
vt 0.89404234375 0.10468750000000004
vt 0.890119453125 0.091796875
vt 0.89796515625 0.091796875
vt 0.89796515625 0.10791015625
vt 0.890119453125 0.10791015625
vt 0.890119453125 0.10468750000000004
vt 0.89796515625 0.10468750000000004
vt 0.89404234375 0.10791015625
vn 1.224646799147353e-16 -1 1.2246467991473554e-16
vn 0.49997228014499107 1.6728842898703977e-16 0.8660414072586939
vn -1.224646799147353e-16 1 -1.2246467991473554e-16
vn 1.224646799147353e-16 -1 1.2246467991473554e-16
vn 0.8660414072586923 1.672884289870398e-16 0.4999722801449935
vn -1.224646799147353e-16 1 -1.2246467991473554e-16
vn 1.224646799147353e-16 -1 1.2246467991473554e-16
vn 1 1.2246467991473554e-16 1.790234627208065e-15
vn -1.224646799147353e-16 1 -1.2246467991473554e-16
vn 1.224646799147353e-16 -1 1.2246467991473554e-16
vn 0.866041407258694 4.4830538478646166e-17 -0.49997228014499057
vn -1.224646799147353e-16 1 -1.2246467991473554e-16
vn 1.224646799147353e-16 -1 1.2246467991473554e-16
vn 0.4999722801449942 -4.483053847864575e-17 -0.8660414072586922
vn -1.224646799147353e-16 1 -1.2246467991473554e-16
vn 1.224646799147353e-16 -1 1.2246467991473554e-16
vn 1.790234627208065e-15 -1.224646799147353e-16 -1
vn -1.224646799147353e-16 1 -1.2246467991473554e-16
vn 1.224646799147353e-16 -1 1.2246467991473554e-16
vn -0.49997228014499107 -1.6728842898703977e-16 -0.8660414072586939
vn -1.224646799147353e-16 1 -1.2246467991473554e-16
vn 1.224646799147353e-16 -1 1.2246467991473554e-16
vn -0.8660414072586923 -1.6728842898703982e-16 -0.4999722801449937
vn -1.224646799147353e-16 1 -1.2246467991473554e-16
vn 1.224646799147353e-16 -1 1.2246467991473554e-16
vn -1 -1.2246467991473554e-16 -1.790234627208065e-15
vn -1.224646799147353e-16 1 -1.2246467991473554e-16
vn 1.224646799147353e-16 -1 1.2246467991473554e-16
vn -0.8660414072586943 -4.483053847864619e-17 0.4999722801449905
vn -1.224646799147353e-16 1 -1.2246467991473554e-16
vn 1.224646799147353e-16 -1 1.2246467991473554e-16
vn -0.4999722801449942 4.483053847864575e-17 0.8660414072586922
vn -1.224646799147353e-16 1 -1.2246467991473554e-16
vn 1.224646799147353e-16 -1 1.2246467991473554e-16
vn -1.790234627208065e-15 1.224646799147353e-16 1
vn -1.224646799147353e-16 1 -1.2246467991473554e-16
usemtl m_c4285295-d1e0-dcfc-0036-196fac025b3b
f 759/3089/875 757/3090/875 755/3091/875
f 757/3092/876 759/3093/876 760/3094/876 758/3095/876
f 758/3096/877 760/3097/877 756/3098/877
f 761/3099/878 759/3100/878 755/3101/878
f 759/3102/879 761/3103/879 762/3104/879 760/3105/879
f 760/3106/880 762/3107/880 756/3108/880
f 763/3109/881 761/3110/881 755/3111/881
f 761/3112/882 763/3113/882 764/3114/882 762/3115/882
f 762/3116/883 764/3117/883 756/3118/883
f 765/3119/884 763/3120/884 755/3121/884
f 763/3122/885 765/3123/885 766/3124/885 764/3125/885
f 764/3126/886 766/3127/886 756/3128/886
f 767/3129/887 765/3130/887 755/3131/887
f 765/3132/888 767/3133/888 768/3134/888 766/3135/888
f 766/3136/889 768/3137/889 756/3138/889
f 769/3139/890 767/3140/890 755/3141/890
f 767/3142/891 769/3143/891 770/3144/891 768/3145/891
f 768/3146/892 770/3147/892 756/3148/892
f 771/3149/893 769/3150/893 755/3151/893
f 769/3152/894 771/3153/894 772/3154/894 770/3155/894
f 770/3156/895 772/3157/895 756/3158/895
f 773/3159/896 771/3160/896 755/3161/896
f 771/3162/897 773/3163/897 774/3164/897 772/3165/897
f 772/3166/898 774/3167/898 756/3168/898
f 775/3169/899 773/3170/899 755/3171/899
f 773/3172/900 775/3173/900 776/3174/900 774/3175/900
f 774/3176/901 776/3177/901 756/3178/901
f 777/3179/902 775/3180/902 755/3181/902
f 775/3182/903 777/3183/903 778/3184/903 776/3185/903
f 776/3186/904 778/3187/904 756/3188/904
f 779/3189/905 777/3190/905 755/3191/905
f 777/3192/906 779/3193/906 780/3194/906 778/3195/906
f 778/3196/907 780/3197/907 756/3198/907
f 757/3199/908 779/3200/908 755/3201/908
f 779/3202/909 757/3203/909 758/3204/909 780/3205/909
f 780/3206/910 758/3207/910 756/3208/910
o doorRight
v -0.2812499999999998 0.749999999999999 5.802695482435483e-16
v -0.4374999999999998 0.7499999999999984 9.37733293782147e-16
v -0.2812499999999998 0.758373124999999 0.03125000000000059
v -0.4374999999999997 0.7583731249999984 0.03125000000000095
v -0.2812499999999998 0.772876874999999 0.022876875000000605
v -0.43749999999999983 0.7728768749999986 0.022876875000000962
v -0.2812499999999999 0.781249999999999 0.008373125000000611
v -0.4374999999999999 0.7812499999999984 0.008373125000000968
v -0.2812499999999999 0.781249999999999 -0.00837312499999939
v -0.4374999999999999 0.7812499999999984 -0.008373124999999032
v -0.2812499999999999 0.772876874999999 -0.022876874999999398
v -0.43749999999999994 0.7728768749999986 -0.02287687499999904
v -0.2812499999999999 0.758373124999999 -0.031249999999999414
v -0.4374999999999999 0.7583731249999985 -0.031249999999999056
v -0.28124999999999983 0.741626874999999 -0.03124999999999943
v -0.43749999999999983 0.7416268749999986 -0.03124999999999907
v -0.2812499999999998 0.727123124999999 -0.022876874999999446
v -0.4374999999999998 0.7271231249999985 -0.02287687499999909
v -0.2812499999999997 0.718749999999999 -0.008373124999999452
v -0.4374999999999997 0.7187499999999984 -0.008373124999999095
v -0.28124999999999967 0.718749999999999 0.008373125000000549
v -0.43749999999999967 0.7187499999999984 0.008373125000000906
v -0.28124999999999967 0.727123124999999 0.022876875000000556
v -0.43749999999999967 0.7271231249999985 0.022876875000000914
v -0.28124999999999967 0.741626874999999 0.031250000000000576
v -0.43749999999999967 0.7416268749999985 0.03125000000000093
vt 0.9052721875 0.106242109375
vt 0.903243515625 0.10791015625
vt 0.890119453125 0.106242109375
vt 0.890119453125 0.091796875
vt 0.89796515625 0.091796875
vt 0.89796515625 0.10791015625
vt 0.890119453125 0.10791015625
vt 0.890119453125 0.10457375000000002
vt 0.897695234375 0.10502093749999997
vt 0.890119453125 0.10791015625
vt 0.9052734375 0.10624226562500005
vt 0.9032425 0.10791015625
vt 0.890119453125 0.10624226562500005
vt 0.890119453125 0.091796875
vt 0.89796515625 0.091796875
vt 0.89796515625 0.10791015625
vt 0.890119453125 0.10791015625
vt 0.890119453125 0.10457406250000001
vt 0.897695859375 0.105020703125
vt 0.890119453125 0.10791015625
vt 0.904756875 0.10618281249999995
vt 0.904756875 0.10791015625
vt 0.890119453125 0.10704648437499997
vt 0.890119453125 0.091796875
vt 0.89796515625 0.091796875
vt 0.89796515625 0.10791015625
vt 0.890119453125 0.10791015625
vt 0.904756875 0.10618281249999995
vt 0.904756875 0.10791015625
vt 0.890119453125 0.10704648437499997
vt 0.890119453125 0.10457406250000001
vt 0.897695859375 0.105020703125
vt 0.890119453125 0.10791015625
vt 0.890119453125 0.091796875
vt 0.89796515625 0.091796875
vt 0.89796515625 0.10791015625
vt 0.890119453125 0.10791015625
vt 0.9052734375 0.10624226562500005
vt 0.9032425 0.10791015625
vt 0.890119453125 0.10624226562500005
vt 0.890119453125 0.10457375000000002
vt 0.897695234375 0.10502093749999997
vt 0.890119453125 0.10791015625
vt 0.890119453125 0.091796875
vt 0.89796515625 0.091796875
vt 0.89796515625 0.10791015625
vt 0.890119453125 0.10791015625
vt 0.9052721875 0.106242109375
vt 0.903243515625 0.10791015625
vt 0.890119453125 0.106242109375
vt 0.890119453125 0.10468750000000004
vt 0.89796515625 0.10468750000000004
vt 0.89404234375 0.10791015625
vt 0.890119453125 0.091796875
vt 0.89796515625 0.091796875
vt 0.89796515625 0.10791015625
vt 0.890119453125 0.10791015625
vt 0.89796515625 0.10791015625
vt 0.890119453125 0.10791015625
vt 0.89404234375 0.10468750000000004
vt 0.890119453125 0.10791015625
vt 0.892148125 0.106242109375
vt 0.9052721875 0.10791015625
vt 0.890119453125 0.091796875
vt 0.89796515625 0.091796875
vt 0.89796515625 0.10791015625
vt 0.890119453125 0.10791015625
vt 0.897695234375 0.10791015625
vt 0.890119453125 0.10746296875000005
vt 0.897695234375 0.10457375000000002
vt 0.890119453125 0.10791015625
vt 0.89215046875 0.10624226562500005
vt 0.9052734375 0.10791015625
vt 0.890119453125 0.091796875
vt 0.89796515625 0.091796875
vt 0.89796515625 0.10791015625
vt 0.890119453125 0.10791015625
vt 0.897695859375 0.10791015625
vt 0.890119453125 0.107463515625
vt 0.897695859375 0.10457406250000001
vt 0.890119453125 0.10791015625
vt 0.890119453125 0.10618281249999995
vt 0.904756875 0.10704648437499997
vt 0.890119453125 0.091796875
vt 0.89796515625 0.091796875
vt 0.89796515625 0.10791015625
vt 0.890119453125 0.10791015625
vt 0.890119453125 0.10791015625
vt 0.890119453125 0.10618281249999995
vt 0.904756875 0.10704648437499997
vt 0.897695859375 0.10791015625
vt 0.890119453125 0.107463515625
vt 0.897695859375 0.10457406250000001
vt 0.890119453125 0.091796875
vt 0.89796515625 0.091796875
vt 0.89796515625 0.10791015625
vt 0.890119453125 0.10791015625
vt 0.890119453125 0.10791015625
vt 0.89215046875 0.10624226562500005
vt 0.9052734375 0.10791015625
vt 0.897695234375 0.10791015625
vt 0.890119453125 0.10746296875000005
vt 0.897695234375 0.10457375000000002
vt 0.890119453125 0.091796875
vt 0.89796515625 0.091796875
vt 0.89796515625 0.10791015625
vt 0.890119453125 0.10791015625
vt 0.890119453125 0.10791015625
vt 0.892148125 0.106242109375
vt 0.9052721875 0.10791015625
vt 0.89796515625 0.10791015625
vt 0.890119453125 0.10791015625
vt 0.89404234375 0.10468750000000004
vt 0.890119453125 0.091796875
vt 0.89796515625 0.091796875
vt 0.89796515625 0.10791015625
vt 0.890119453125 0.10791015625
vt 0.890119453125 0.10468750000000004
vt 0.89796515625 0.10468750000000004
vt 0.89404234375 0.10791015625
vn 1 3.330669073875472e-15 -2.2877679714470317e-15
vn 3.160595821994305e-16 0.4999722801449911 0.8660414072586937
vn -1 -3.330669073875472e-15 2.2877679714470317e-15
vn 1 3.330669073875472e-15 -2.2877679714470317e-15
vn -1.7406767627250605e-15 0.8660414072586926 0.4999722801449929
vn -1 -3.330669073875472e-15 2.2877679714470317e-15
vn 1 3.330669073875472e-15 -2.2877679714470317e-15
vn -3.3306690738754673e-15 1 1.0106430996148683e-15
vn -1 -3.330669073875472e-15 2.2877679714470317e-15
vn 1 3.330669073875472e-15 -2.2877679714470317e-15
vn -4.0283179009791755e-15 0.8660414072586937 -0.4999722801449911
vn -1 -3.330669073875472e-15 2.2877679714470317e-15
vn 1 3.330669073875472e-15 -2.2877679714470317e-15
vn -3.6465440047472824e-15 0.49997228014499273 -0.8660414072586927
vn -1 -3.330669073875472e-15 2.2877679714470317e-15
vn 1 3.330669073875472e-15 -2.2877679714470317e-15
vn -2.2877679714470356e-15 1.0106430996148602e-15 -1
vn -1 -3.330669073875472e-15 2.2877679714470317e-15
vn 1 3.330669073875472e-15 -2.2877679714470317e-15
vn -3.160595821994311e-16 -0.49997228014499095 -0.8660414072586938
vn -1 -3.330669073875472e-15 2.2877679714470317e-15
vn 1 3.330669073875472e-15 -2.2877679714470317e-15
vn 1.7406767627250605e-15 -0.8660414072586926 -0.4999722801449929
vn -1 -3.330669073875472e-15 2.2877679714470317e-15
vn 1 3.330669073875472e-15 -2.2877679714470317e-15
vn 3.3306690738754673e-15 -1 -1.0106430996148683e-15
vn -1 -3.330669073875472e-15 2.2877679714470317e-15
vn 1 3.330669073875472e-15 -2.2877679714470317e-15
vn 4.0283179009791755e-15 -0.8660414072586937 0.4999722801449911
vn -1 -3.330669073875472e-15 2.2877679714470317e-15
vn 1 3.330669073875472e-15 -2.2877679714470317e-15
vn 3.6465440047472824e-15 -0.4999722801449929 0.8660414072586926
vn -1 -3.330669073875472e-15 2.2877679714470317e-15
vn 1 3.330669073875472e-15 -2.2877679714470317e-15
vn 2.2877679714470356e-15 -1.0106430996148602e-15 1
vn -1 -3.330669073875472e-15 2.2877679714470317e-15
usemtl m_c4285295-d1e0-dcfc-0036-196fac025b3b
f 785/3209/911 783/3210/911 781/3211/911
f 783/3212/912 785/3213/912 786/3214/912 784/3215/912
f 784/3216/913 786/3217/913 782/3218/913
f 787/3219/914 785/3220/914 781/3221/914
f 785/3222/915 787/3223/915 788/3224/915 786/3225/915
f 786/3226/916 788/3227/916 782/3228/916
f 789/3229/917 787/3230/917 781/3231/917
f 787/3232/918 789/3233/918 790/3234/918 788/3235/918
f 788/3236/919 790/3237/919 782/3238/919
f 791/3239/920 789/3240/920 781/3241/920
f 789/3242/921 791/3243/921 792/3244/921 790/3245/921
f 790/3246/922 792/3247/922 782/3248/922
f 793/3249/923 791/3250/923 781/3251/923
f 791/3252/924 793/3253/924 794/3254/924 792/3255/924
f 792/3256/925 794/3257/925 782/3258/925
f 795/3259/926 793/3260/926 781/3261/926
f 793/3262/927 795/3263/927 796/3264/927 794/3265/927
f 794/3266/928 796/3267/928 782/3268/928
f 797/3269/929 795/3270/929 781/3271/929
f 795/3272/930 797/3273/930 798/3274/930 796/3275/930
f 796/3276/931 798/3277/931 782/3278/931
f 799/3279/932 797/3280/932 781/3281/932
f 797/3282/933 799/3283/933 800/3284/933 798/3285/933
f 798/3286/934 800/3287/934 782/3288/934
f 801/3289/935 799/3290/935 781/3291/935
f 799/3292/936 801/3293/936 802/3294/936 800/3295/936
f 800/3296/937 802/3297/937 782/3298/937
f 803/3299/938 801/3300/938 781/3301/938
f 801/3302/939 803/3303/939 804/3304/939 802/3305/939
f 802/3306/940 804/3307/940 782/3308/940
f 805/3309/941 803/3310/941 781/3311/941
f 803/3312/942 805/3313/942 806/3314/942 804/3315/942
f 804/3316/943 806/3317/943 782/3318/943
f 783/3319/944 805/3320/944 781/3321/944
f 805/3322/945 783/3323/945 784/3324/945 806/3325/945
f 806/3326/946 784/3327/946 782/3328/946
o doorRight
v -0.062499999999999944 0.53125 -7.74464729744847e-17
v -0.06250000000000011 2.0625 -2.649705140939235e-16
v -0.05412687500000002 0.53125 0.03124999999999994
v -0.054126875000000185 2.0625 0.031249999999999754
v -0.03962312499999998 0.53125 0.022876874999999967
v -0.03962312500000015 2.0625 0.02287687499999978
v -0.031249999999999944 0.53125 0.00837312499999998
v -0.03125000000000011 2.0625 0.008373124999999792
v -0.031249999999999944 0.53125 -0.008373125000000021
v -0.03125000000000011 2.0625 -0.008373125000000209
v -0.03962312499999987 0.53125 -0.022876875000000036
v -0.03962312500000004 2.0625 -0.022876875000000223
v -0.05412687499999991 0.53125 -0.03125000000000006
v -0.054126875000000074 2.0625 -0.03125000000000025
v -0.07087312499999987 0.53125 -0.03125000000000009
v -0.07087312500000004 2.0625 -0.03125000000000028
v -0.08537687499999991 0.53125 -0.02287687500000012
v -0.08537687500000007 2.0625 -0.022876875000000307
v -0.09374999999999994 0.53125 -0.008373125000000134
v -0.09375000000000011 2.0625 -0.008373125000000321
v -0.09374999999999994 0.53125 0.008373124999999867
v -0.09375000000000011 2.0625 0.00837312499999968
v -0.08537687500000002 0.53125 0.022876874999999883
v -0.08537687500000019 2.0625 0.022876874999999696
v -0.07087312499999998 0.53125 0.03124999999999991
v -0.07087312500000015 2.0625 0.031249999999999722
vt 0.9052721875 0.106242109375
vt 0.903243515625 0.10791015625
vt 0.890119453125 0.106242109375
vt 0.890119453125 0.091796875
vt 0.89796515625 0.091796875
vt 0.89796515625 0.10791015625
vt 0.890119453125 0.10791015625
vt 0.890119453125 0.10457375000000002
vt 0.897695234375 0.10502093749999997
vt 0.890119453125 0.10791015625
vt 0.9052734375 0.10624226562500005
vt 0.9032425 0.10791015625
vt 0.890119453125 0.10624226562500005
vt 0.890119453125 0.091796875
vt 0.89796515625 0.091796875
vt 0.89796515625 0.10791015625
vt 0.890119453125 0.10791015625
vt 0.890119453125 0.10457406250000001
vt 0.897695859375 0.105020703125
vt 0.890119453125 0.10791015625
vt 0.904756875 0.10618281249999995
vt 0.904756875 0.10791015625
vt 0.890119453125 0.10704648437499997
vt 0.890119453125 0.091796875
vt 0.89796515625 0.091796875
vt 0.89796515625 0.10791015625
vt 0.890119453125 0.10791015625
vt 0.904756875 0.10618281249999995
vt 0.904756875 0.10791015625
vt 0.890119453125 0.10704648437499997
vt 0.890119453125 0.10457406250000001
vt 0.897695859375 0.105020703125
vt 0.890119453125 0.10791015625
vt 0.890119453125 0.091796875
vt 0.89796515625 0.091796875
vt 0.89796515625 0.10791015625
vt 0.890119453125 0.10791015625
vt 0.9052734375 0.10624226562500005
vt 0.9032425 0.10791015625
vt 0.890119453125 0.10624226562500005
vt 0.890119453125 0.10457375000000002
vt 0.897695234375 0.10502093749999997
vt 0.890119453125 0.10791015625
vt 0.890119453125 0.091796875
vt 0.89796515625 0.091796875
vt 0.89796515625 0.10791015625
vt 0.890119453125 0.10791015625
vt 0.9052721875 0.106242109375
vt 0.903243515625 0.10791015625
vt 0.890119453125 0.106242109375
vt 0.890119453125 0.10468750000000004
vt 0.89796515625 0.10468750000000004
vt 0.89404234375 0.10791015625
vt 0.890119453125 0.091796875
vt 0.89796515625 0.091796875
vt 0.89796515625 0.10791015625
vt 0.890119453125 0.10791015625
vt 0.89796515625 0.10791015625
vt 0.890119453125 0.10791015625
vt 0.89404234375 0.10468750000000004
vt 0.890119453125 0.10791015625
vt 0.892148125 0.106242109375
vt 0.9052721875 0.10791015625
vt 0.890119453125 0.091796875
vt 0.89796515625 0.091796875
vt 0.89796515625 0.10791015625
vt 0.890119453125 0.10791015625
vt 0.897695234375 0.10791015625
vt 0.890119453125 0.10746296875000005
vt 0.897695234375 0.10457375000000002
vt 0.890119453125 0.10791015625
vt 0.89215046875 0.10624226562500005
vt 0.9052734375 0.10791015625
vt 0.890119453125 0.091796875
vt 0.89796515625 0.091796875
vt 0.89796515625 0.10791015625
vt 0.890119453125 0.10791015625
vt 0.897695859375 0.10791015625
vt 0.890119453125 0.107463515625
vt 0.897695859375 0.10457406250000001
vt 0.890119453125 0.10791015625
vt 0.890119453125 0.10618281249999995
vt 0.904756875 0.10704648437499997
vt 0.890119453125 0.091796875
vt 0.89796515625 0.091796875
vt 0.89796515625 0.10791015625
vt 0.890119453125 0.10791015625
vt 0.890119453125 0.10791015625
vt 0.890119453125 0.10618281249999995
vt 0.904756875 0.10704648437499997
vt 0.897695859375 0.10791015625
vt 0.890119453125 0.107463515625
vt 0.897695859375 0.10457406250000001
vt 0.890119453125 0.091796875
vt 0.89796515625 0.091796875
vt 0.89796515625 0.10791015625
vt 0.890119453125 0.10791015625
vt 0.890119453125 0.10791015625
vt 0.89215046875 0.10624226562500005
vt 0.9052734375 0.10791015625
vt 0.897695234375 0.10791015625
vt 0.890119453125 0.10746296875000005
vt 0.897695234375 0.10457375000000002
vt 0.890119453125 0.091796875
vt 0.89796515625 0.091796875
vt 0.89796515625 0.10791015625
vt 0.890119453125 0.10791015625
vt 0.890119453125 0.10791015625
vt 0.892148125 0.106242109375
vt 0.9052721875 0.10791015625
vt 0.89796515625 0.10791015625
vt 0.890119453125 0.10791015625
vt 0.89404234375 0.10468750000000004
vt 0.890119453125 0.091796875
vt 0.89796515625 0.091796875
vt 0.89796515625 0.10791015625
vt 0.890119453125 0.10791015625
vt 0.890119453125 0.10468750000000004
vt 0.89796515625 0.10468750000000004
vt 0.89404234375 0.10791015625
vn 1.224646799147353e-16 -1 1.2246467991473554e-16
vn 0.49997228014499034 1.672884289870397e-16 0.8660414072586942
vn -1.224646799147353e-16 1 -1.2246467991473554e-16
vn 1.224646799147353e-16 -1 1.2246467991473554e-16
vn 0.8660414072586923 1.672884289870398e-16 0.4999722801449935
vn -1.224646799147353e-16 1 -1.2246467991473554e-16
vn 1.224646799147353e-16 -1 1.2246467991473554e-16
vn 1 1.2246467991473554e-16 1.790234627208065e-15
vn -1.224646799147353e-16 1 -1.2246467991473554e-16
vn 1.224646799147353e-16 -1 1.2246467991473554e-16
vn 0.8660414072586942 4.4830538478646166e-17 -0.4999722801449906
vn -1.224646799147353e-16 1 -1.2246467991473554e-16
vn 1.224646799147353e-16 -1 1.2246467991473554e-16
vn 0.49997228014499345 -4.483053847864586e-17 -0.8660414072586924
vn -1.224646799147353e-16 1 -1.2246467991473554e-16
vn 1.224646799147353e-16 -1 1.2246467991473554e-16
vn 1.790234627208065e-15 -1.224646799147353e-16 -1
vn -1.224646799147353e-16 1 -1.2246467991473554e-16
vn 1.224646799147353e-16 -1 1.2246467991473554e-16
vn -0.49997228014499034 -1.672884289870397e-16 -0.8660414072586942
vn -1.224646799147353e-16 1 -1.2246467991473554e-16
vn 1.224646799147353e-16 -1 1.2246467991473554e-16
vn -0.8660414072586924 -1.6728842898703985e-16 -0.49997228014499373
vn -1.224646799147353e-16 1 -1.2246467991473554e-16
vn 1.224646799147353e-16 -1 1.2246467991473554e-16
vn -1 -1.2246467991473554e-16 -1.790234627208065e-15
vn -1.224646799147353e-16 1 -1.2246467991473554e-16
vn 1.224646799147353e-16 -1 1.2246467991473554e-16
vn -0.8660414072586943 -4.483053847864619e-17 0.4999722801449905
vn -1.224646799147353e-16 1 -1.2246467991473554e-16
vn 1.224646799147353e-16 -1 1.2246467991473554e-16
vn -0.49997228014499345 4.483053847864586e-17 0.8660414072586924
vn -1.224646799147353e-16 1 -1.2246467991473554e-16
vn 1.224646799147353e-16 -1 1.2246467991473554e-16
vn -1.790234627208065e-15 1.224646799147353e-16 1
vn -1.224646799147353e-16 1 -1.2246467991473554e-16
usemtl m_c4285295-d1e0-dcfc-0036-196fac025b3b
f 811/3329/947 809/3330/947 807/3331/947
f 809/3332/948 811/3333/948 812/3334/948 810/3335/948
f 810/3336/949 812/3337/949 808/3338/949
f 813/3339/950 811/3340/950 807/3341/950
f 811/3342/951 813/3343/951 814/3344/951 812/3345/951
f 812/3346/952 814/3347/952 808/3348/952
f 815/3349/953 813/3350/953 807/3351/953
f 813/3352/954 815/3353/954 816/3354/954 814/3355/954
f 814/3356/955 816/3357/955 808/3358/955
f 817/3359/956 815/3360/956 807/3361/956
f 815/3362/957 817/3363/957 818/3364/957 816/3365/957
f 816/3366/958 818/3367/958 808/3368/958
f 819/3369/959 817/3370/959 807/3371/959
f 817/3372/960 819/3373/960 820/3374/960 818/3375/960
f 818/3376/961 820/3377/961 808/3378/961
f 821/3379/962 819/3380/962 807/3381/962
f 819/3382/963 821/3383/963 822/3384/963 820/3385/963
f 820/3386/964 822/3387/964 808/3388/964
f 823/3389/965 821/3390/965 807/3391/965
f 821/3392/966 823/3393/966 824/3394/966 822/3395/966
f 822/3396/967 824/3397/967 808/3398/967
f 825/3399/968 823/3400/968 807/3401/968
f 823/3402/969 825/3403/969 826/3404/969 824/3405/969
f 824/3406/970 826/3407/970 808/3408/970
f 827/3409/971 825/3410/971 807/3411/971
f 825/3412/972 827/3413/972 828/3414/972 826/3415/972
f 826/3416/973 828/3417/973 808/3418/973
f 829/3419/974 827/3420/974 807/3421/974
f 827/3422/975 829/3423/975 830/3424/975 828/3425/975
f 828/3426/976 830/3427/976 808/3428/976
f 831/3429/977 829/3430/977 807/3431/977
f 829/3432/978 831/3433/978 832/3434/978 830/3435/978
f 830/3436/979 832/3437/979 808/3438/979
f 809/3439/980 831/3440/980 807/3441/980
f 831/3442/981 809/3443/981 810/3444/981 832/3445/981
f 832/3446/982 810/3447/982 808/3448/982