# Made in Blockbench 5.1.6
mtllib nyc_subway_fare_gate_4_twoway_closed.mtl

o left
v -0.375 0 -0.375
v -0.625 0 -0.375
v -0.625 0.375 -0.375
v -0.375 0.375 -0.375
v -0.375 0 0.375
v -0.375 0.375 0.375
v -0.625 0 0.375
v -0.625 0.375 0.375
vt 0.8828125 0.013671875
vt 0.904296875 0.013671875
vt 0.904296875 0.05065914062499999
vt 0.8828125 0.05065914062499999
vt 0.904296875 0.013671875
vt 0.96875 0.013671875
vt 0.96875 0.05065914062499999
vt 0.904296875 0.05065914062499999
vt 0.8828125 0.013671875
vt 0.904296875 0.013671875
vt 0.904296875 0.05065914062499999
vt 0.8828125 0.05065914062499999
vt 0.8828125 0.013671875
vt 0.947265625 0.013671875
vt 0.947265625 0.05065914062499999
vt 0.8828125 0.05065914062499999
vt 0.8828125 0.038330078125
vt 0.904296875 0.038330078125
vt 0.904296875 0.1123046875
vt 0.8828125 0.1123046875
vt 0.8828125 0.013671875
vt 0.904296875 0.013671875
vt 0.904296875 0.087646484375
vt 0.8828125 0.087646484375
vn 0 0 -1
vn 1 0 0
vn 0 0 1
vn -1 0 0
vn 0 1 0
vn 0 -1 0
usemtl m_d6dd9b6e-c937-c416-c9c0-f28f832954e4
f 1/1/1 2/2/1 3/3/1 4/4/1
f 5/5/2 1/6/2 4/7/2 6/8/2
f 7/9/3 5/10/3 6/11/3 8/12/3
f 2/13/4 7/14/4 8/15/4 3/16/4
f 8/17/5 6/18/5 4/19/5 3/20/5
f 2/21/6 1/22/6 5/23/6 7/24/6
o left
v -0.375 1.125 0.46875
v -0.375 0.9375 0.75
v -0.375 0.9375 0.375
v -0.375 1.125 0.375
v -0.625 1.125 0.375
v -0.625 0.9375 0.375
v -0.625 0.9375 0.75
v -0.625 1.125 0.46875
v -0.375 0.875 0.375
v -0.375 0.875 0.75
v -0.625 0.875 0.75
v -0.625 0.875 0.375
vt 0.96484375 0.17578125
vt 1 0.140625
vt 0.953125 0.140625
vt 0.953125 0.17578125
vt 0.953125 0.17578125
vt 0.953125 0.140625
vt 1 0.140625
vt 0.96484375 0.17578125
vt 0.8173828125 0.03125
vt 0.8173828125 0.078125
vt 0.7861328125 0.078125
vt 0.7861328125 0.03125
vt 0.953125 0.06384273437499999
vt 0.953125 0.095703125
vt 0.9140625 0.095703125
vt 0.9140625 0.06384273437499999
vt 0.7861328125 0.09375
vt 0.7861328125 0.0625
vt 0.8173828125 0.0625
vt 0.8173828125 0.09375
vt 0.919921875 0.17578125
vt 0.919921875 0.140625
vt 0.951171875 0.140625
vt 0.951171875 0.17578125
vt 0.8173828125 0.03125
vt 0.8173828125 0.0625
vt 0.7861328125 0.0625
vt 0.7861328125 0.03125
vt 1 0.12890625
vt 1 0.140625
vt 0.953125 0.140625
vt 0.953125 0.12890625
vt 0.953125 0.0107421875
vt 0.953125 0.031982421875
vt 0.9140625 0.031982421875
vt 0.9140625 0.0107421875
vt 0.953125 0.12890625
vt 0.953125 0.140625
vt 1 0.140625
vt 1 0.12890625
vn 1 0 0
vn -1 0 0
vn 0 1 0
vn 0 -1 0
vn 0 0.8320502943378438 0.5547001962252291
vn 0 0 -1
vn 0 0 1
vn -1 0 0
vn 0 0 -1
vn 1 0 0
usemtl m_d6dd9b6e-c937-c416-c9c0-f28f832954e4
f 9/25/7 10/26/7 11/27/7 12/28/7
f 13/29/8 14/30/8 15/31/8 16/32/8
f 9/33/9 12/34/9 13/35/9 16/36/9
f 17/37/10 18/38/10 19/39/10 20/40/10
f 16/41/11 15/42/11 10/43/11 9/44/11
f 12/45/12 11/46/12 14/47/12 13/48/12
f 18/49/13 10/50/13 15/51/13 19/52/13
f 19/53/14 15/54/14 14/55/14 20/56/14
f 20/57/15 14/58/15 11/59/15 17/60/15
f 17/61/16 11/62/16 10/63/16 18/64/16
o left
v -0.375 1.125 -0.375
v -0.375 0.9375 -0.375
v -0.375 0.9375 -0.75
v -0.375 1.125 -0.46875
v -0.625 1.125 -0.46875
v -0.625 0.9375 -0.75
v -0.625 0.9375 -0.375
v -0.625 1.125 -0.375
v -0.375 0.875 -0.75
v -0.375 0.875 -0.375
v -0.625 0.875 -0.375
v -0.625 0.875 -0.75
vt 0.953125 0.17578125
vt 0.953125 0.140625
vt 1 0.140625
vt 0.96484375 0.17578125
vt 0.96484375 0.17578125
vt 1 0.140625
vt 0.953125 0.140625
vt 0.953125 0.17578125
vt 0.7978515625 0.0341796875
vt 0.7978515625 0.0810546875
vt 0.7666015625 0.0810546875
vt 0.7666015625 0.0341796875
vt 0.953125 0.06384273437499999
vt 0.953125 0.095703125
vt 0.9140625 0.095703125
vt 0.9140625 0.06384273437499999
vt 0.919921875 0.17578125
vt 0.919921875 0.140625
vt 0.951171875 0.140625
vt 0.951171875 0.17578125
vt 0.791015625 0.064453125
vt 0.791015625 0.033203125
vt 0.822265625 0.033203125
vt 0.822265625 0.064453125
vt 0.953125 0.0107421875
vt 0.953125 0.031982421875
vt 0.9140625 0.031982421875
vt 0.9140625 0.0107421875
vt 0.953125 0.12890625
vt 0.953125 0.140625
vt 1 0.140625
vt 1 0.12890625
vt 0.7978515625 0.0341796875
vt 0.7978515625 0.0654296875
vt 0.7666015625 0.0654296875
vt 0.7666015625 0.0341796875
vt 1 0.12890625
vt 1 0.140625
vt 0.953125 0.140625
vt 0.953125 0.12890625
vn 1 0 0
vn -1 0 0
vn 0 1 0
vn 0 -1 0
vn 0 0 1
vn 0 0.8320502943378438 -0.5547001962252291
vn 0 0 1
vn -1 0 0
vn 0 0 -1
vn 1 0 0
usemtl m_d6dd9b6e-c937-c416-c9c0-f28f832954e4
f 21/65/17 22/66/17 23/67/17 24/68/17
f 25/69/18 26/70/18 27/71/18 28/72/18
f 21/73/19 24/74/19 25/75/19 28/76/19
f 29/77/20 30/78/20 31/79/20 32/80/20
f 28/81/21 27/82/21 22/83/21 21/84/21
f 24/85/22 23/86/22 26/87/22 25/88/22
f 30/89/23 22/90/23 27/91/23 31/92/23
f 31/93/24 27/94/24 26/95/24 32/96/24
f 32/97/25 26/98/25 23/99/25 29/100/25
f 29/101/26 23/102/26 22/103/26 30/104/26
o right
v -0.46875 0.375 -0.375
v -0.53125 0.375 -0.375
v -0.53125 1.09375 -0.375
v -0.46875 1.09375 -0.375
v -0.46875 0.375 0.375
v -0.46875 1.09375 0.375
v -0.53125 0.375 0.375
v -0.53125 1.09375 0.375
vt 0.8984375 0
vt 1 0
vt 1 0.0751953125
vt 0.8984375 0.0751953125
vt 0.888671875 0.0087890625
vt 0.982421875 0.0087890625
vt 0.982421875 0.1142578125
vt 0.888671875 0.1142578125
vt 0.8984375 0
vt 1 0
vt 1 0.0751953125
vt 0.8984375 0.0751953125
vt 0.888671875 0.0087890625
vt 0.982421875 0.0087890625
vt 0.982421875 0.1142578125
vt 0.888671875 0.1142578125
vt 0.8984375 0.0234375
vt 1 0.0234375
vt 1 0.0869140625
vt 0.8984375 0.0869140625
vt 0.8984375 0.0234375
vt 1 0.0234375
vt 1 0.0869140625
vt 0.8984375 0.0869140625
vn 0 0 -1
vn 1 0 0
vn 0 0 1
vn -1 0 0
vn 0 1 0
vn 0 -1 0
usemtl m_d6dd9b6e-c937-c416-c9c0-f28f832954e4
f 33/105/27 34/106/27 35/107/27 36/108/27
f 37/109/28 33/110/28 36/111/28 38/112/28
f 39/113/29 37/114/29 38/115/29 40/116/29
f 34/117/30 39/118/30 40/119/30 35/120/30
f 40/121/31 38/122/31 36/123/31 35/124/31
f 34/125/32 33/126/32 37/127/32 39/128/32
o right
v 0.625 0 -0.375
v 0.375 0 -0.375
v 0.375 0.375 -0.375
v 0.625 0.375 -0.375
v 0.625 0 0.375
v 0.625 0.375 0.375
v 0.375 0 0.375
v 0.375 0.375 0.375
vt 0.8828125 0.013671875
vt 0.904296875 0.013671875
vt 0.904296875 0.05065914062499999
vt 0.8828125 0.05065914062499999
vt 0.8828125 0.013671875
vt 0.947265625 0.013671875
vt 0.947265625 0.05065914062499999
vt 0.8828125 0.05065914062499999
vt 0.8828125 0.013671875
vt 0.904296875 0.013671875
vt 0.904296875 0.05065914062499999
vt 0.8828125 0.05065914062499999
vt 0.904296875 0.013671875
vt 0.96875 0.013671875
vt 0.96875 0.05065914062499999
vt 0.904296875 0.05065914062499999
vt 0.8828125 0.013671875
vt 0.904296875 0.013671875
vt 0.904296875 0.087646484375
vt 0.8828125 0.087646484375
vt 0.8828125 0.038330078125
vt 0.904296875 0.038330078125
vt 0.904296875 0.1123046875
vt 0.8828125 0.1123046875
vn 0 0 -1
vn 1 0 0
vn 0 0 1
vn -1 0 0
vn 0 1 0
vn 0 -1 0
usemtl m_d6dd9b6e-c937-c416-c9c0-f28f832954e4
f 41/129/33 42/130/33 43/131/33 44/132/33
f 45/133/34 41/134/34 44/135/34 46/136/34
f 47/137/35 45/138/35 46/139/35 48/140/35
f 42/141/36 47/142/36 48/143/36 43/144/36
f 48/145/37 46/146/37 44/147/37 43/148/37
f 42/149/38 41/150/38 45/151/38 47/152/38
o right
v 0.625 1.125 0.46875
v 0.625 0.9375 0.75
v 0.625 0.9375 0.375
v 0.625 1.125 0.375
v 0.375 1.125 0.375
v 0.375 0.9375 0.375
v 0.375 0.9375 0.75
v 0.375 1.125 0.46875
v 0.625 0.875 0.375
v 0.625 0.875 0.75
v 0.375 0.875 0.75
v 0.375 0.875 0.375
vt 0.96484375 0.17578125
vt 1 0.140625
vt 0.953125 0.140625
vt 0.953125 0.17578125
vt 0.953125 0.17578125
vt 0.953125 0.140625
vt 1 0.140625
vt 0.96484375 0.17578125
vt 0.83203125 0.0361328125
vt 0.83203125 0.0830078125
vt 0.80078125 0.0830078125
vt 0.80078125 0.0361328125
vt 0.953125 0.06384273437499999
vt 0.953125 0.095703125
vt 0.9140625 0.095703125
vt 0.9140625 0.06384273437499999
vt 0.80078125 0.0986328125
vt 0.80078125 0.0673828125
vt 0.83203125 0.0673828125
vt 0.83203125 0.0986328125
vt 0.919921875 0.17578125
vt 0.919921875 0.140625
vt 0.951171875 0.140625
vt 0.951171875 0.17578125
vt 0.83203125 0.0361328125
vt 0.83203125 0.0673828125
vt 0.80078125 0.0673828125
vt 0.80078125 0.0361328125
vt 1 0.12890625
vt 1 0.140625
vt 0.953125 0.140625
vt 0.953125 0.12890625
vt 0.953125 0.0107421875
vt 0.953125 0.031982421875
vt 0.9140625 0.031982421875
vt 0.9140625 0.0107421875
vt 0.953125 0.12890625
vt 0.953125 0.140625
vt 1 0.140625
vt 1 0.12890625
vn 1 0 0
vn -1 0 0
vn 0 1 0
vn 0 -1 0
vn 0 0.8320502943378438 0.5547001962252291
vn 0 0 -1
vn 0 0 1
vn -1 0 0
vn 0 0 -1
vn 1 0 0
usemtl m_d6dd9b6e-c937-c416-c9c0-f28f832954e4
f 49/153/39 50/154/39 51/155/39 52/156/39
f 53/157/40 54/158/40 55/159/40 56/160/40
f 49/161/41 52/162/41 53/163/41 56/164/41
f 57/165/42 58/166/42 59/167/42 60/168/42
f 56/169/43 55/170/43 50/171/43 49/172/43
f 52/173/44 51/174/44 54/175/44 53/176/44
f 58/177/45 50/178/45 55/179/45 59/180/45
f 59/181/46 55/182/46 54/183/46 60/184/46
f 60/185/47 54/186/47 51/187/47 57/188/47
f 57/189/48 51/190/48 50/191/48 58/192/48
o right
v 0.625 1.125 -0.375
v 0.625 0.9375 -0.375
v 0.625 0.9375 -0.75
v 0.625 1.125 -0.46875
v 0.375 1.125 -0.46875
v 0.375 0.9375 -0.75
v 0.375 0.9375 -0.375
v 0.375 1.125 -0.375
v 0.625 0.875 -0.75
v 0.625 0.875 -0.375
v 0.375 0.875 -0.375
v 0.375 0.875 -0.75
vt 0.953125 0.17578125
vt 0.953125 0.140625
vt 1 0.140625
vt 0.96484375 0.17578125
vt 0.96484375 0.17578125
vt 1 0.140625
vt 0.953125 0.140625
vt 0.953125 0.17578125
vt 0.8505859375 0.02734375
vt 0.8505859375 0.07421875
vt 0.8193359375 0.07421875
vt 0.8193359375 0.02734375
vt 0.953125 0.06384273437499999
vt 0.953125 0.095703125
vt 0.9140625 0.095703125
vt 0.9140625 0.06384273437499999
vt 0.919921875 0.17578125
vt 0.919921875 0.140625
vt 0.951171875 0.140625
vt 0.951171875 0.17578125
vt 0.8193359375 0.08984375
vt 0.8193359375 0.05859375
vt 0.8505859375 0.05859375
vt 0.8505859375 0.08984375
vt 0.953125 0.0107421875
vt 0.953125 0.031982421875
vt 0.9140625 0.031982421875
vt 0.9140625 0.0107421875
vt 0.953125 0.12890625
vt 0.953125 0.140625
vt 1 0.140625
vt 1 0.12890625
vt 0.8505859375 0.02734375
vt 0.8505859375 0.05859375
vt 0.8193359375 0.05859375
vt 0.8193359375 0.02734375
vt 1 0.12890625
vt 1 0.140625
vt 0.953125 0.140625
vt 0.953125 0.12890625
vn 1 0 0
vn -1 0 0
vn 0 1 0
vn 0 -1 0
vn 0 0 1
vn 0 0.8320502943378438 -0.5547001962252291
vn 0 0 1
vn -1 0 0
vn 0 0 -1
vn 1 0 0
usemtl m_d6dd9b6e-c937-c416-c9c0-f28f832954e4
f 61/193/49 62/194/49 63/195/49 64/196/49
f 65/197/50 66/198/50 67/199/50 68/200/50
f 61/201/51 64/202/51 65/203/51 68/204/51
f 69/205/52 70/206/52 71/207/52 72/208/52
f 68/209/53 67/210/53 62/211/53 61/212/53
f 64/213/54 63/214/54 66/215/54 65/216/54
f 70/217/55 62/218/55 67/219/55 71/220/55
f 71/221/56 67/222/56 66/223/56 72/224/56
f 72/225/57 66/226/57 63/227/57 69/228/57
f 69/229/58 63/230/58 62/231/58 70/232/58
o right
v 0.46037625 0.375 0.02287625
v 0.44587375 0.375 0.03125
v 0.4375 0.375 0
v 0.46037625 2.25 0.02287625
v 0.44587375 2.25 0.03125
v 0.4375 2.25 0
v 0.46875 0.375 0.00837375
v 0.46875 2.25 0.00837375
v 0.46875 0.375 -0.00837375
v 0.46875 2.25 -0.00837375
v 0.46037625 0.375 -0.02287625
v 0.46037625 2.25 -0.02287625
v 0.44587375 0.375 -0.03125
v 0.44587375 2.25 -0.03125
v 0.42912625 0.375 -0.03125
v 0.42912625 2.25 -0.03125
v 0.41462375 0.375 -0.02287625
v 0.41462375 2.25 -0.02287625
v 0.40625 0.375 -0.00837375
v 0.40625 2.25 -0.00837375
v 0.40625 0.375 0.00837375
v 0.40625 2.25 0.00837375
v 0.41462375 0.375 0.02287625
v 0.41462375 2.25 0.02287625
v 0.42912625 0.375 0.03125
v 0.42912625 2.25 0.03125
vt 0.928846953125 0.11059874999999997
vt 0.925821640625 0.1123046875
vt 0.90625 0.11059874999999997
vt 0.90625 0.0595703125
vt 0.917950078125 0.0595703125
vt 0.917950078125 0.1123046875
vt 0.90625 0.1123046875
vt 0.90625 0.10889249999999995
vt 0.9175475 0.10934976562499998
vt 0.90625 0.1123046875
vt 0.92884875 0.11059882812499999
vt 0.925820078125 0.1123046875
vt 0.90625 0.11059882812499999
vt 0.90625 0.0595703125
vt 0.917950078125 0.0595703125
vt 0.917950078125 0.1123046875
vt 0.90625 0.1123046875
vt 0.90625 0.10889273437500002
vt 0.9175484375 0.10934953125000002
vt 0.90625 0.1123046875
vt 0.9280784375 0.11053804687500002
vt 0.9280784375 0.1123046875
vt 0.90625 0.11142140624999997
vt 0.90625 0.0595703125
vt 0.917950078125 0.0595703125
vt 0.917950078125 0.1123046875
vt 0.90625 0.1123046875
vt 0.9280784375 0.11053804687500002
vt 0.9280784375 0.1123046875
vt 0.90625 0.11142140624999997
vt 0.90625 0.10889273437500002
vt 0.9175484375 0.10934953125000002
vt 0.90625 0.1123046875
vt 0.90625 0.0595703125
vt 0.917950078125 0.0595703125
vt 0.917950078125 0.1123046875
vt 0.90625 0.1123046875
vt 0.92884875 0.11059882812499999
vt 0.925820078125 0.1123046875
vt 0.90625 0.11059882812499999
vt 0.90625 0.10889249999999995
vt 0.9175475 0.10934976562499998
vt 0.90625 0.1123046875
vt 0.90625 0.0595703125
vt 0.917950078125 0.0595703125
vt 0.917950078125 0.1123046875
vt 0.90625 0.1123046875
vt 0.928846953125 0.11059874999999997
vt 0.925821640625 0.1123046875
vt 0.90625 0.11059874999999997
vt 0.90625 0.10900874999999999
vt 0.917950078125 0.10900874999999999
vt 0.9121 0.1123046875
vt 0.90625 0.0595703125
vt 0.917950078125 0.0595703125
vt 0.917950078125 0.1123046875
vt 0.90625 0.1123046875
vt 0.917950078125 0.1123046875
vt 0.90625 0.1123046875
vt 0.9121 0.10900874999999999
vt 0.90625 0.1123046875
vt 0.909275234375 0.11059874999999997
vt 0.928846953125 0.1123046875
vt 0.90625 0.0595703125
vt 0.917950078125 0.0595703125
vt 0.917950078125 0.1123046875
vt 0.90625 0.1123046875
vt 0.9175475 0.1123046875
vt 0.90625 0.11184734375000005
vt 0.9175475 0.10889249999999995
vt 0.90625 0.1123046875
vt 0.90927875 0.11059882812499999
vt 0.92884875 0.1123046875
vt 0.90625 0.0595703125
vt 0.917950078125 0.0595703125
vt 0.917950078125 0.1123046875
vt 0.90625 0.1123046875
vt 0.9175484375 0.1123046875
vt 0.90625 0.111847890625
vt 0.9175484375 0.10889273437500002
vt 0.90625 0.1123046875
vt 0.90625 0.11053804687500002
vt 0.9280784375 0.11142140624999997
vt 0.90625 0.0595703125
vt 0.917950078125 0.0595703125
vt 0.917950078125 0.1123046875
vt 0.90625 0.1123046875
vt 0.90625 0.1123046875
vt 0.90625 0.11053804687500002
vt 0.9280784375 0.11142140624999997
vt 0.9175484375 0.1123046875
vt 0.90625 0.111847890625
vt 0.9175484375 0.10889273437500002
vt 0.90625 0.0595703125
vt 0.917950078125 0.0595703125
vt 0.917950078125 0.1123046875
vt 0.90625 0.1123046875
vt 0.90625 0.1123046875
vt 0.90927875 0.11059882812499999
vt 0.92884875 0.1123046875
vt 0.9175475 0.1123046875
vt 0.90625 0.11184734375000005
vt 0.9175475 0.10889249999999995
vt 0.90625 0.0595703125
vt 0.917950078125 0.0595703125
vt 0.917950078125 0.1123046875
vt 0.90625 0.1123046875
vt 0.90625 0.1123046875
vt 0.909275234375 0.11059874999999997
vt 0.928846953125 0.1123046875
vt 0.917950078125 0.1123046875
vt 0.90625 0.1123046875
vt 0.9121 0.10900874999999999
vt 0.90625 0.0595703125
vt 0.917950078125 0.0595703125
vt 0.917950078125 0.1123046875
vt 0.90625 0.1123046875
vt 0.90625 0.10900874999999999
vt 0.917950078125 0.10900874999999999
vt 0.9121 0.1123046875
vn 0 -1 0
vn 0.5000325911601279 0 0.8660065864516786
vn 0 1 0
vn 0 -1 0
vn 0.8660065864516785 0 0.5000325911601278
vn 0 1 0
vn 0 -1 0
vn 1 0 0
vn 0 1 0
vn 0 -1 0
vn 0.8660065864516785 0 -0.5000325911601278
vn 0 1 0
vn 0 -1 0
vn 0.5000325911601279 0 -0.8660065864516786
vn 0 1 0
vn 0 -1 0
vn 0 0 -1
vn 0 1 0
vn 0 -1 0
vn -0.5000325911601279 0 -0.8660065864516786
vn 0 1 0
vn 0 -1 0
vn -0.8660065864516785 0 -0.5000325911601278
vn 0 1 0
vn 0 -1 0
vn -1 0 0
vn 0 1 0
vn 0 -1 0
vn -0.8660065864516785 0 0.5000325911601278
vn 0 1 0
vn 0 -1 0
vn -0.5000325911601279 0 0.8660065864516786
vn 0 1 0
vn 0 -1 0
vn 0 0 1
vn 0 1 0
usemtl m_d6dd9b6e-c937-c416-c9c0-f28f832954e4
f 73/233/59 74/234/59 75/235/59
f 74/236/60 73/237/60 76/238/60 77/239/60
f 77/240/61 76/241/61 78/242/61
f 79/243/62 73/244/62 75/245/62
f 73/246/63 79/247/63 80/248/63 76/249/63
f 76/250/64 80/251/64 78/252/64
f 81/253/65 79/254/65 75/255/65
f 79/256/66 81/257/66 82/258/66 80/259/66
f 80/260/67 82/261/67 78/262/67
f 83/263/68 81/264/68 75/265/68
f 81/266/69 83/267/69 84/268/69 82/269/69
f 82/270/70 84/271/70 78/272/70
f 85/273/71 83/274/71 75/275/71
f 83/276/72 85/277/72 86/278/72 84/279/72
f 84/280/73 86/281/73 78/282/73
f 87/283/74 85/284/74 75/285/74
f 85/286/75 87/287/75 88/288/75 86/289/75
f 86/290/76 88/291/76 78/292/76
f 89/293/77 87/294/77 75/295/77
f 87/296/78 89/297/78 90/298/78 88/299/78
f 88/300/79 90/301/79 78/302/79
f 91/303/80 89/304/80 75/305/80
f 89/306/81 91/307/81 92/308/81 90/309/81
f 90/310/82 92/311/82 78/312/82
f 93/313/83 91/314/83 75/315/83
f 91/316/84 93/317/84 94/318/84 92/319/84
f 92/320/85 94/321/85 78/322/85
f 95/323/86 93/324/86 75/325/86
f 93/326/87 95/327/87 96/328/87 94/329/87
f 94/330/88 96/331/88 78/332/88
f 97/333/89 95/334/89 75/335/89
f 95/336/90 97/337/90 98/338/90 96/339/90
f 96/340/91 98/341/91 78/342/91
f 74/343/92 97/344/92 75/345/92
f 97/346/93 74/347/93 77/348/93 98/349/93
f 98/350/94 77/351/94 78/352/94
o doorLeft
v -0.03125 0.4375 0
v -0.4375 0.4375 0
v -0.4375 2.15625 0
v -0.03125 2.15625 0
v -0.03125 0.4375 0
v -0.03125 2.15625 0
v -0.4375 0.4375 0
v -0.4375 2.15625 0
vt 0.7060546875 0
vt 0.6552734375 0
vt 0.6552734375 0.21484375
vt 0.7060546875 0.21484375
vt 0.0078125 0.875
vt 0.0078125 0.875
vt 0.0078125 1
vt 0.0078125 1
vt 0.6552734375 0
vt 0.7060546875 0
vt 0.7060546875 0.21484375
vt 0.6552734375 0.21484375
vt 0.0078125 0.875
vt 0.0078125 0.875
vt 0.0078125 1
vt 0.0078125 1
vt 0 0.9921875
vt 0.03515625 0.9921875
vt 0.03515625 0.9921875
vt 0 0.9921875
vt 0 0.9921875
vt 0.03515625 0.9921875
vt 0.03515625 0.9921875
vt 0 0.9921875
vn 0 0 -1
vn 0 0 0
vn 0 0 1
vn 0 0 0
vn 0 0 0
vn 0 0 0
usemtl m_d6dd9b6e-c937-c416-c9c0-f28f832954e4
f 99/353/95 100/354/95 101/355/95 102/356/95
f 103/357/96 99/358/96 102/359/96 104/360/96
f 105/361/97 103/362/97 104/363/97 106/364/97
f 100/365/98 105/366/98 106/367/98 101/368/98
f 106/369/99 104/370/99 102/371/99 101/372/99
f 100/373/100 99/374/100 103/375/100 105/376/100
o doorLeft
v -0.15624999999999994 0.4458731249999999 0.022876875
v -0.15624999999999994 0.46037687499999996 0.03125
v -0.15624999999999994 0.46874999999999994 0
v -0.12499999999999993 0.445873125 0.022876875
v -0.12499999999999993 0.460376875 0.03125
v -0.12499999999999994 0.46875 0
v -0.15624999999999994 0.43749999999999994 0.008373125
v -0.12499999999999993 0.4375 0.008373125
v -0.15624999999999994 0.43749999999999994 -0.008373125
v -0.12499999999999993 0.4375 -0.008373125
v -0.15624999999999994 0.4458731249999999 -0.022876875
v -0.12499999999999993 0.445873125 -0.022876875
v -0.15624999999999994 0.46037687499999996 -0.03125
v -0.12499999999999993 0.460376875 -0.03125
v -0.15624999999999994 0.4771231249999999 -0.03125
v -0.12499999999999994 0.477123125 -0.03125
v -0.15624999999999994 0.49162687499999996 -0.022876875
v -0.12499999999999994 0.491626875 -0.022876875
v -0.15624999999999994 0.49999999999999994 -0.008373125
v -0.12499999999999994 0.5 -0.008373125
v -0.15624999999999994 0.49999999999999994 0.008373125
v -0.12499999999999994 0.5 0.008373125
v -0.15624999999999994 0.49162687499999996 0.022876875
v -0.12499999999999994 0.491626875 0.022876875
v -0.15624999999999994 0.4771231249999999 0.03125
v -0.12499999999999994 0.477123125 0.03125
vt 0.9052721875 0.106242109375
vt 0.903243515625 0.10791015625
vt 0.890119453125 0.106242109375
vt 0.890119453125 0.091796875
vt 0.89796515625 0.091796875
vt 0.89796515625 0.10791015625
vt 0.890119453125 0.10791015625
vt 0.890119453125 0.10457375000000002
vt 0.897695234375 0.10502093749999997
vt 0.890119453125 0.10791015625
vt 0.9052734375 0.10624226562500005
vt 0.9032425 0.10791015625
vt 0.890119453125 0.10624226562500005
vt 0.890119453125 0.091796875
vt 0.89796515625 0.091796875
vt 0.89796515625 0.10791015625
vt 0.890119453125 0.10791015625
vt 0.890119453125 0.10457406250000001
vt 0.897695859375 0.105020703125
vt 0.890119453125 0.10791015625
vt 0.904756875 0.10618281249999995
vt 0.904756875 0.10791015625
vt 0.890119453125 0.10704648437499997
vt 0.890119453125 0.091796875
vt 0.89796515625 0.091796875
vt 0.89796515625 0.10791015625
vt 0.890119453125 0.10791015625
vt 0.904756875 0.10618281249999995
vt 0.904756875 0.10791015625
vt 0.890119453125 0.10704648437499997
vt 0.890119453125 0.10457406250000001
vt 0.897695859375 0.105020703125
vt 0.890119453125 0.10791015625
vt 0.890119453125 0.091796875
vt 0.89796515625 0.091796875
vt 0.89796515625 0.10791015625
vt 0.890119453125 0.10791015625
vt 0.9052734375 0.10624226562500005
vt 0.9032425 0.10791015625
vt 0.890119453125 0.10624226562500005
vt 0.890119453125 0.10457375000000002
vt 0.897695234375 0.10502093749999997
vt 0.890119453125 0.10791015625
vt 0.890119453125 0.091796875
vt 0.89796515625 0.091796875
vt 0.89796515625 0.10791015625
vt 0.890119453125 0.10791015625
vt 0.9052721875 0.106242109375
vt 0.903243515625 0.10791015625
vt 0.890119453125 0.106242109375
vt 0.890119453125 0.10468750000000004
vt 0.89796515625 0.10468750000000004
vt 0.89404234375 0.10791015625
vt 0.890119453125 0.091796875
vt 0.89796515625 0.091796875
vt 0.89796515625 0.10791015625
vt 0.890119453125 0.10791015625
vt 0.89796515625 0.10791015625
vt 0.890119453125 0.10791015625
vt 0.89404234375 0.10468750000000004
vt 0.890119453125 0.10791015625
vt 0.892148125 0.106242109375
vt 0.9052721875 0.10791015625
vt 0.890119453125 0.091796875
vt 0.89796515625 0.091796875
vt 0.89796515625 0.10791015625
vt 0.890119453125 0.10791015625
vt 0.897695234375 0.10791015625
vt 0.890119453125 0.10746296875000005
vt 0.897695234375 0.10457375000000002
vt 0.890119453125 0.10791015625
vt 0.89215046875 0.10624226562500005
vt 0.9052734375 0.10791015625
vt 0.890119453125 0.091796875
vt 0.89796515625 0.091796875
vt 0.89796515625 0.10791015625
vt 0.890119453125 0.10791015625
vt 0.897695859375 0.10791015625
vt 0.890119453125 0.107463515625
vt 0.897695859375 0.10457406250000001
vt 0.890119453125 0.10791015625
vt 0.890119453125 0.10618281249999995
vt 0.904756875 0.10704648437499997
vt 0.890119453125 0.091796875
vt 0.89796515625 0.091796875
vt 0.89796515625 0.10791015625
vt 0.890119453125 0.10791015625
vt 0.890119453125 0.10791015625
vt 0.890119453125 0.10618281249999995
vt 0.904756875 0.10704648437499997
vt 0.897695859375 0.10791015625
vt 0.890119453125 0.107463515625
vt 0.897695859375 0.10457406250000001
vt 0.890119453125 0.091796875
vt 0.89796515625 0.091796875
vt 0.89796515625 0.10791015625
vt 0.890119453125 0.10791015625
vt 0.890119453125 0.10791015625
vt 0.89215046875 0.10624226562500005
vt 0.9052734375 0.10791015625
vt 0.897695234375 0.10791015625
vt 0.890119453125 0.10746296875000005
vt 0.897695234375 0.10457375000000002
vt 0.890119453125 0.091796875
vt 0.89796515625 0.091796875
vt 0.89796515625 0.10791015625
vt 0.890119453125 0.10791015625
vt 0.890119453125 0.10791015625
vt 0.892148125 0.106242109375
vt 0.9052721875 0.10791015625
vt 0.89796515625 0.10791015625
vt 0.890119453125 0.10791015625
vt 0.89404234375 0.10468750000000004
vt 0.890119453125 0.091796875
vt 0.89796515625 0.091796875
vt 0.89796515625 0.10791015625
vt 0.890119453125 0.10791015625
vt 0.890119453125 0.10468750000000004
vt 0.89796515625 0.10468750000000004
vt 0.89404234375 0.10791015625
vn -1 0 0
vn 8.80455748539995e-16 -0.49997228014499184 0.8660414072586933
vn 1 2.2203141115134246e-16 -3.8459811354617207e-16
vn -1 0 0
vn 1.527849681289995e-15 -0.8660414072586933 0.49997228014499207
vn 1 3.845981135461719e-16 -2.2203141115134246e-16
vn -1 0 0
vn 1.7763568394002497e-15 -1 0
vn 1 4.440892098500626e-16 0
vn -1 0 0
vn 1.527849681289995e-15 -0.8660414072586933 -0.49997228014499207
vn 1 3.845981135461719e-16 2.2203141115134246e-16
vn -1 0 0
vn 8.80455748539995e-16 -0.49997228014499184 -0.8660414072586933
vn 1 2.2203141115134246e-16 3.8459811354617207e-16
vn -1 0 0
vn 0 0 -1
vn 1 8.287101773719184e-16 2.220446049250313e-16
vn -1 0 0
vn -8.804557485399955e-16 0.49997228014499195 -0.8660414072586934
vn 1 0 0
vn -1 0 0
vn -1.5278496812899957e-15 0.8660414072586932 -0.49997228014499207
vn 1 0 0
vn -1 0 0
vn -1.7763568394002505e-15 1 0
vn 1 0 0
vn -1 0 0
vn -1.5278496812899957e-15 0.8660414072586932 0.49997228014499207
vn 1 0 0
vn -1 0 0
vn -8.804557485399955e-16 0.49997228014499195 0.8660414072586934
vn 1 0 0
vn -1 0 0
vn 0 0 1
vn 1 8.287101773719184e-16 -2.220446049250313e-16
usemtl m_d6dd9b6e-c937-c416-c9c0-f28f832954e4
f 107/377/101 108/378/101 109/379/101
f 108/380/102 107/381/102 110/382/102 111/383/102
f 111/384/103 110/385/103 112/386/103
f 113/387/104 107/388/104 109/389/104
f 107/390/105 113/391/105 114/392/105 110/393/105
f 110/394/106 114/395/106 112/396/106
f 115/397/107 113/398/107 109/399/107
f 113/400/108 115/401/108 116/402/108 114/403/108
f 114/404/109 116/405/109 112/406/109
f 117/407/110 115/408/110 109/409/110
f 115/410/111 117/411/111 118/412/111 116/413/111
f 116/414/112 118/415/112 112/416/112
f 119/417/113 117/418/113 109/419/113
f 117/420/114 119/421/114 120/422/114 118/423/114
f 118/424/115 120/425/115 112/426/115
f 121/427/116 119/428/116 109/429/116
f 119/430/117 121/431/117 122/432/117 120/433/117
f 120/434/118 122/435/118 112/436/118
f 123/437/119 121/438/119 109/439/119
f 121/440/120 123/441/120 124/442/120 122/443/120
f 122/444/121 124/445/121 112/446/121
f 125/447/122 123/448/122 109/449/122
f 123/450/123 125/451/123 126/452/123 124/453/123
f 124/454/124 126/455/124 112/456/124
f 127/457/125 125/458/125 109/459/125
f 125/460/126 127/461/126 128/462/126 126/463/126
f 126/464/127 128/465/127 112/466/127
f 129/467/128 127/468/128 109/469/128
f 127/470/129 129/471/129 130/472/129 128/473/129
f 128/474/130 130/475/130 112/476/130
f 131/477/131 129/478/131 109/479/131
f 129/480/132 131/481/132 132/482/132 130/483/132
f 130/484/133 132/485/133 112/486/133
f 108/487/134 131/488/134 109/489/134
f 131/490/135 108/491/135 111/492/135 132/493/135
f 132/494/136 111/495/136 112/496/136
o doorLeft
v -0.4375000000000003 2.1021231250000003 0.022876875
v -0.4375000000000003 2.1166268749999997 0.03125
v -0.43750000000000033 2.125 0
v -0.1250000000000003 2.1021231250000003 0.022876875
v -0.1250000000000003 2.1166268749999997 0.03125
v -0.1250000000000003 2.125 0
v -0.4375000000000003 2.09375 0.008373125
v -0.1250000000000003 2.09375 0.008373125
v -0.4375000000000003 2.09375 -0.008373125
v -0.1250000000000003 2.09375 -0.008373125
v -0.4375000000000003 2.1021231250000003 -0.022876875
v -0.1250000000000003 2.1021231250000003 -0.022876875
v -0.4375000000000003 2.1166268749999997 -0.03125
v -0.1250000000000003 2.1166268749999997 -0.03125
v -0.43750000000000033 2.1333731250000003 -0.03125
v -0.1250000000000003 2.1333731250000003 -0.03125
v -0.43750000000000033 2.1478768749999997 -0.022876875
v -0.1250000000000003 2.1478768749999997 -0.022876875
v -0.43750000000000033 2.15625 -0.008373125
v -0.1250000000000003 2.15625 -0.008373125
v -0.43750000000000033 2.15625 0.008373125
v -0.1250000000000003 2.15625 0.008373125
v -0.43750000000000033 2.1478768749999997 0.022876875
v -0.1250000000000003 2.1478768749999997 0.022876875
v -0.43750000000000033 2.1333731250000003 0.03125
v -0.1250000000000003 2.1333731250000003 0.03125
vt 0.9052721875 0.106242109375
vt 0.903243515625 0.10791015625
vt 0.890119453125 0.106242109375
vt 0.890119453125 0.091796875
vt 0.89796515625 0.091796875
vt 0.89796515625 0.10791015625
vt 0.890119453125 0.10791015625
vt 0.890119453125 0.10457375000000002
vt 0.897695234375 0.10502093749999997
vt 0.890119453125 0.10791015625
vt 0.9052734375 0.10624226562500005
vt 0.9032425 0.10791015625
vt 0.890119453125 0.10624226562500005
vt 0.890119453125 0.091796875
vt 0.89796515625 0.091796875
vt 0.89796515625 0.10791015625
vt 0.890119453125 0.10791015625
vt 0.890119453125 0.10457406250000001
vt 0.897695859375 0.105020703125
vt 0.890119453125 0.10791015625
vt 0.904756875 0.10618281249999995
vt 0.904756875 0.10791015625
vt 0.890119453125 0.10704648437499997
vt 0.890119453125 0.091796875
vt 0.89796515625 0.091796875
vt 0.89796515625 0.10791015625
vt 0.890119453125 0.10791015625
vt 0.904756875 0.10618281249999995
vt 0.904756875 0.10791015625
vt 0.890119453125 0.10704648437499997
vt 0.890119453125 0.10457406250000001
vt 0.897695859375 0.105020703125
vt 0.890119453125 0.10791015625
vt 0.890119453125 0.091796875
vt 0.89796515625 0.091796875
vt 0.89796515625 0.10791015625
vt 0.890119453125 0.10791015625
vt 0.9052734375 0.10624226562500005
vt 0.9032425 0.10791015625
vt 0.890119453125 0.10624226562500005
vt 0.890119453125 0.10457375000000002
vt 0.897695234375 0.10502093749999997
vt 0.890119453125 0.10791015625
vt 0.890119453125 0.091796875
vt 0.89796515625 0.091796875
vt 0.89796515625 0.10791015625
vt 0.890119453125 0.10791015625
vt 0.9052721875 0.106242109375
vt 0.903243515625 0.10791015625
vt 0.890119453125 0.106242109375
vt 0.890119453125 0.10468750000000004
vt 0.89796515625 0.10468750000000004
vt 0.89404234375 0.10791015625
vt 0.890119453125 0.091796875
vt 0.89796515625 0.091796875
vt 0.89796515625 0.10791015625
vt 0.890119453125 0.10791015625
vt 0.89796515625 0.10791015625
vt 0.890119453125 0.10791015625
vt 0.89404234375 0.10468750000000004
vt 0.890119453125 0.10791015625
vt 0.892148125 0.106242109375
vt 0.9052721875 0.10791015625
vt 0.890119453125 0.091796875
vt 0.89796515625 0.091796875
vt 0.89796515625 0.10791015625
vt 0.890119453125 0.10791015625
vt 0.897695234375 0.10791015625
vt 0.890119453125 0.10746296875000005
vt 0.897695234375 0.10457375000000002
vt 0.890119453125 0.10791015625
vt 0.89215046875 0.10624226562500005
vt 0.9052734375 0.10791015625
vt 0.890119453125 0.091796875
vt 0.89796515625 0.091796875
vt 0.89796515625 0.10791015625
vt 0.890119453125 0.10791015625
vt 0.897695859375 0.10791015625
vt 0.890119453125 0.107463515625
vt 0.897695859375 0.10457406250000001
vt 0.890119453125 0.10791015625
vt 0.890119453125 0.10618281249999995
vt 0.904756875 0.10704648437499997
vt 0.890119453125 0.091796875
vt 0.89796515625 0.091796875
vt 0.89796515625 0.10791015625
vt 0.890119453125 0.10791015625
vt 0.890119453125 0.10791015625
vt 0.890119453125 0.10618281249999995
vt 0.904756875 0.10704648437499997
vt 0.897695859375 0.10791015625
vt 0.890119453125 0.107463515625
vt 0.897695859375 0.10457406250000001
vt 0.890119453125 0.091796875
vt 0.89796515625 0.091796875
vt 0.89796515625 0.10791015625
vt 0.890119453125 0.10791015625
vt 0.890119453125 0.10791015625
vt 0.89215046875 0.10624226562500005
vt 0.9052734375 0.10791015625
vt 0.897695234375 0.10791015625
vt 0.890119453125 0.10746296875000005
vt 0.897695234375 0.10457375000000002
vt 0.890119453125 0.091796875
vt 0.89796515625 0.091796875
vt 0.89796515625 0.10791015625
vt 0.890119453125 0.10791015625
vt 0.890119453125 0.10791015625
vt 0.892148125 0.106242109375
vt 0.9052721875 0.10791015625
vt 0.89796515625 0.10791015625
vt 0.890119453125 0.10791015625
vt 0.89404234375 0.10468750000000004
vt 0.890119453125 0.091796875
vt 0.89796515625 0.091796875
vt 0.89796515625 0.10791015625
vt 0.890119453125 0.10791015625
vt 0.890119453125 0.10468750000000004
vt 0.89796515625 0.10468750000000004
vt 0.89404234375 0.10791015625
vn -1 -8.881256446054004e-16 1.5383924541846705e-15
vn 0 -0.4999722801450091 0.8660414072586834
vn 1 0 0
vn -1 -1.5383924541846794e-15 8.881256446054004e-16
vn 0 -0.8660414072586847 0.49997228014500705
vn 1 0 0
vn -1 -1.7763568394002505e-15 0
vn 0 -1 0
vn 1 0 0
vn -1 -1.5383924541846794e-15 -8.881256446054004e-16
vn 0 -0.8660414072586847 -0.49997228014500705
vn 1 0 0
vn -1 -8.881256446054004e-16 -1.5383924541846705e-15
vn 0 -0.4999722801450091 -0.8660414072586834
vn 1 0 0
vn -1 -3.3148407094875417e-15 -8.881784197001252e-16
vn 0 0 -1
vn 1 0 0
vn -1 0 0
vn 0 0.4999722801450091 -0.8660414072586834
vn 1 0 0
vn -1 0 0
vn 0 0.8660414072586847 -0.49997228014500705
vn 1 0 0
vn -1 0 0
vn 0 1 0
vn 1 0 0
vn -1 0 0
vn 0 0.8660414072586847 0.49997228014500705
vn 1 0 0
vn -1 0 0
vn 0 0.4999722801450091 0.8660414072586834
vn 1 0 0
vn -1 -3.3148407094875417e-15 8.881784197001252e-16
vn 0 0 1
vn 1 0 0
usemtl m_d6dd9b6e-c937-c416-c9c0-f28f832954e4
f 133/497/137 134/498/137 135/499/137
f 134/500/138 133/501/138 136/502/138 137/503/138
f 137/504/139 136/505/139 138/506/139
f 139/507/140 133/508/140 135/509/140
f 133/510/141 139/511/141 140/512/141 136/513/141
f 136/514/142 140/515/142 138/516/142
f 141/517/143 139/518/143 135/519/143
f 139/520/144 141/521/144 142/522/144 140/523/144
f 140/524/145 142/525/145 138/526/145
f 143/527/146 141/528/146 135/529/146
f 141/530/147 143/531/147 144/532/147 142/533/147
f 142/534/148 144/535/148 138/536/148
f 145/537/149 143/538/149 135/539/149
f 143/540/150 145/541/150 146/542/150 144/543/150
f 144/544/151 146/545/151 138/546/151
f 147/547/152 145/548/152 135/549/152
f 145/550/153 147/551/153 148/552/153 146/553/153
f 146/554/154 148/555/154 138/556/154
f 149/557/155 147/558/155 135/559/155
f 147/560/156 149/561/156 150/562/156 148/563/156
f 148/564/157 150/565/157 138/566/157
f 151/567/158 149/568/158 135/569/158
f 149/570/159 151/571/159 152/572/159 150/573/159
f 150/574/160 152/575/160 138/576/160
f 153/577/161 151/578/161 135/579/161
f 151/580/162 153/581/162 154/582/162 152/583/162
f 152/584/163 154/585/163 138/586/163
f 155/587/164 153/588/164 135/589/164
f 153/590/165 155/591/165 156/592/165 154/593/165
f 154/594/166 156/595/166 138/596/166
f 157/597/167 155/598/167 135/599/167
f 155/600/168 157/601/168 158/602/168 156/603/168
f 156/604/169 158/605/169 138/606/169
f 134/607/170 157/608/170 135/609/170
f 157/610/171 134/611/171 137/612/171 158/613/171
f 158/614/172 137/615/172 138/616/172
o doorLeft
v -0.195873125 0.53125 0.022876875
v -0.210376875 0.53125 0.03125
v -0.21875 0.53125 0
v -0.195873125 0.6875 0.022876875
v -0.210376875 0.6875 0.03125
v -0.21875 0.6875 0
v -0.1875 0.53125 0.008373125
v -0.1875 0.6875 0.008373125
v -0.1875 0.53125 -0.008373125
v -0.1875 0.6875 -0.008373125
v -0.195873125 0.53125 -0.022876875
v -0.195873125 0.6875 -0.022876875
v -0.210376875 0.53125 -0.03125
v -0.210376875 0.6875 -0.03125
v -0.227123125 0.53125 -0.03125
v -0.227123125 0.6875 -0.03125
v -0.241626875 0.53125 -0.022876875
v -0.241626875 0.6875 -0.022876875
v -0.25 0.53125 -0.008373125
v -0.25 0.6875 -0.008373125
v -0.25 0.53125 0.008373125
v -0.25 0.6875 0.008373125
v -0.241626875 0.53125 0.022876875
v -0.241626875 0.6875 0.022876875
v -0.227123125 0.53125 0.03125
v -0.227123125 0.6875 0.03125
vt 0.9052721875 0.106242109375
vt 0.903243515625 0.10791015625
vt 0.890119453125 0.106242109375
vt 0.890119453125 0.091796875
vt 0.89796515625 0.091796875
vt 0.89796515625 0.10791015625
vt 0.890119453125 0.10791015625
vt 0.890119453125 0.10457375000000002
vt 0.897695234375 0.10502093749999997
vt 0.890119453125 0.10791015625
vt 0.9052734375 0.10624226562500005
vt 0.9032425 0.10791015625
vt 0.890119453125 0.10624226562500005
vt 0.890119453125 0.091796875
vt 0.89796515625 0.091796875
vt 0.89796515625 0.10791015625
vt 0.890119453125 0.10791015625
vt 0.890119453125 0.10457406250000001
vt 0.897695859375 0.105020703125
vt 0.890119453125 0.10791015625
vt 0.904756875 0.10618281249999995
vt 0.904756875 0.10791015625
vt 0.890119453125 0.10704648437499997
vt 0.890119453125 0.091796875
vt 0.89796515625 0.091796875
vt 0.89796515625 0.10791015625
vt 0.890119453125 0.10791015625
vt 0.904756875 0.10618281249999995
vt 0.904756875 0.10791015625
vt 0.890119453125 0.10704648437499997
vt 0.890119453125 0.10457406250000001
vt 0.897695859375 0.105020703125
vt 0.890119453125 0.10791015625
vt 0.890119453125 0.091796875
vt 0.89796515625 0.091796875
vt 0.89796515625 0.10791015625
vt 0.890119453125 0.10791015625
vt 0.9052734375 0.10624226562500005
vt 0.9032425 0.10791015625
vt 0.890119453125 0.10624226562500005
vt 0.890119453125 0.10457375000000002
vt 0.897695234375 0.10502093749999997
vt 0.890119453125 0.10791015625
vt 0.890119453125 0.091796875
vt 0.89796515625 0.091796875
vt 0.89796515625 0.10791015625
vt 0.890119453125 0.10791015625
vt 0.9052721875 0.106242109375
vt 0.903243515625 0.10791015625
vt 0.890119453125 0.106242109375
vt 0.890119453125 0.10468750000000004
vt 0.89796515625 0.10468750000000004
vt 0.89404234375 0.10791015625
vt 0.890119453125 0.091796875
vt 0.89796515625 0.091796875
vt 0.89796515625 0.10791015625
vt 0.890119453125 0.10791015625
vt 0.89796515625 0.10791015625
vt 0.890119453125 0.10791015625
vt 0.89404234375 0.10468750000000004
vt 0.890119453125 0.10791015625
vt 0.892148125 0.106242109375
vt 0.9052721875 0.10791015625
vt 0.890119453125 0.091796875
vt 0.89796515625 0.091796875
vt 0.89796515625 0.10791015625
vt 0.890119453125 0.10791015625
vt 0.897695234375 0.10791015625
vt 0.890119453125 0.10746296875000005
vt 0.897695234375 0.10457375000000002
vt 0.890119453125 0.10791015625
vt 0.89215046875 0.10624226562500005
vt 0.9052734375 0.10791015625
vt 0.890119453125 0.091796875
vt 0.89796515625 0.091796875
vt 0.89796515625 0.10791015625
vt 0.890119453125 0.10791015625
vt 0.897695859375 0.10791015625
vt 0.890119453125 0.107463515625
vt 0.897695859375 0.10457406250000001
vt 0.890119453125 0.10791015625
vt 0.890119453125 0.10618281249999995
vt 0.904756875 0.10704648437499997
vt 0.890119453125 0.091796875
vt 0.89796515625 0.091796875
vt 0.89796515625 0.10791015625
vt 0.890119453125 0.10791015625
vt 0.890119453125 0.10791015625
vt 0.890119453125 0.10618281249999995
vt 0.904756875 0.10704648437499997
vt 0.897695859375 0.10791015625
vt 0.890119453125 0.107463515625
vt 0.897695859375 0.10457406250000001
vt 0.890119453125 0.091796875
vt 0.89796515625 0.091796875
vt 0.89796515625 0.10791015625
vt 0.890119453125 0.10791015625
vt 0.890119453125 0.10791015625
vt 0.89215046875 0.10624226562500005
vt 0.9052734375 0.10791015625
vt 0.897695234375 0.10791015625
vt 0.890119453125 0.10746296875000005
vt 0.897695234375 0.10457375000000002
vt 0.890119453125 0.091796875
vt 0.89796515625 0.091796875
vt 0.89796515625 0.10791015625
vt 0.890119453125 0.10791015625
vt 0.890119453125 0.10791015625
vt 0.892148125 0.106242109375
vt 0.9052721875 0.10791015625
vt 0.89796515625 0.10791015625
vt 0.890119453125 0.10791015625
vt 0.89404234375 0.10468750000000004
vt 0.890119453125 0.091796875
vt 0.89796515625 0.091796875
vt 0.89796515625 0.10791015625
vt 0.890119453125 0.10791015625
vt 0.890119453125 0.10468750000000004
vt 0.89796515625 0.10468750000000004
vt 0.89404234375 0.10791015625
vn 0 -1 0
vn 0.4999722801449934 0 0.8660414072586926
vn 0 1 0
vn 0 -1 0
vn 0.8660414072586926 0 0.4999722801449934
vn 0 1 0
vn 0 -1 0
vn 1 0 0
vn 0 1 0
vn 0 -1 0
vn 0.8660414072586926 0 -0.4999722801449934
vn 0 1 0
vn 0 -1 0
vn 0.4999722801449934 0 -0.8660414072586926
vn 0 1 0
vn 0 -1 0
vn 0 0 -1
vn 0 1 0
vn 0 -1 0
vn -0.4999722801449934 0 -0.8660414072586926
vn 0 1 0
vn 0 -1 0
vn -0.8660414072586926 0 -0.4999722801449934
vn 0 1 0
vn 0 -1 0
vn -1 0 0
vn 0 1 0
vn 0 -1 0
vn -0.8660414072586926 0 0.4999722801449934
vn 0 1 0
vn 0 -1 0
vn -0.4999722801449934 0 0.8660414072586926
vn 0 1 0
vn 0 -1 0
vn 0 0 1
vn 0 1 0
usemtl m_d6dd9b6e-c937-c416-c9c0-f28f832954e4
f 159/617/173 160/618/173 161/619/173
f 160/620/174 159/621/174 162/622/174 163/623/174
f 163/624/175 162/625/175 164/626/175
f 165/627/176 159/628/176 161/629/176
f 159/630/177 165/631/177 166/632/177 162/633/177
f 162/634/178 166/635/178 164/636/178
f 167/637/179 165/638/179 161/639/179
f 165/640/180 167/641/180 168/642/180 166/643/180
f 166/644/181 168/645/181 164/646/181
f 169/647/182 167/648/182 161/649/182
f 167/650/183 169/651/183 170/652/183 168/653/183
f 168/654/184 170/655/184 164/656/184
f 171/657/185 169/658/185 161/659/185
f 169/660/186 171/661/186 172/662/186 170/663/186
f 170/664/187 172/665/187 164/666/187
f 173/667/188 171/668/188 161/669/188
f 171/670/189 173/671/189 174/672/189 172/673/189
f 172/674/190 174/675/190 164/676/190
f 175/677/191 173/678/191 161/679/191
f 173/680/192 175/681/192 176/682/192 174/683/192
f 174/684/193 176/685/193 164/686/193
f 177/687/194 175/688/194 161/689/194
f 175/690/195 177/691/195 178/692/195 176/693/195
f 176/694/196 178/695/196 164/696/196
f 179/697/197 177/698/197 161/699/197
f 177/700/198 179/701/198 180/702/198 178/703/198
f 178/704/199 180/705/199 164/706/199
f 181/707/200 179/708/200 161/709/200
f 179/710/201 181/711/201 182/712/201 180/713/201
f 180/714/202 182/715/202 164/716/202
f 183/717/203 181/718/203 161/719/203
f 181/720/204 183/721/204 184/722/204 182/723/204
f 182/724/205 184/725/205 164/726/205
f 160/727/206 183/728/206 161/729/206
f 183/730/207 160/731/207 163/732/207 184/733/207
f 184/734/208 163/735/208 164/736/208
o doorLeft
v -0.039623125 0.53125 0.022876875
v -0.054126875 0.53125 0.03125
v -0.0625 0.53125 0
v -0.039623125 2.0625 0.022876875
v -0.054126875 2.0625 0.03125
v -0.0625 2.0625 0
v -0.03125 0.53125 0.008373125
v -0.03125 2.0625 0.008373125
v -0.03125 0.53125 -0.008373125
v -0.03125 2.0625 -0.008373125
v -0.039623125 0.53125 -0.022876875
v -0.039623125 2.0625 -0.022876875
v -0.054126875 0.53125 -0.03125
v -0.054126875 2.0625 -0.03125
v -0.070873125 0.53125 -0.03125
v -0.070873125 2.0625 -0.03125
v -0.085376875 0.53125 -0.022876875
v -0.085376875 2.0625 -0.022876875
v -0.09375 0.53125 -0.008373125
v -0.09375 2.0625 -0.008373125
v -0.09375 0.53125 0.008373125
v -0.09375 2.0625 0.008373125
v -0.085376875 0.53125 0.022876875
v -0.085376875 2.0625 0.022876875
v -0.070873125 0.53125 0.03125
v -0.070873125 2.0625 0.03125
vt 0.9052721875 0.106242109375
vt 0.903243515625 0.10791015625
vt 0.890119453125 0.106242109375
vt 0.890119453125 0.091796875
vt 0.89796515625 0.091796875
vt 0.89796515625 0.10791015625
vt 0.890119453125 0.10791015625
vt 0.890119453125 0.10457375000000002
vt 0.897695234375 0.10502093749999997
vt 0.890119453125 0.10791015625
vt 0.9052734375 0.10624226562500005
vt 0.9032425 0.10791015625
vt 0.890119453125 0.10624226562500005
vt 0.890119453125 0.091796875
vt 0.89796515625 0.091796875
vt 0.89796515625 0.10791015625
vt 0.890119453125 0.10791015625
vt 0.890119453125 0.10457406250000001
vt 0.897695859375 0.105020703125
vt 0.890119453125 0.10791015625
vt 0.904756875 0.10618281249999995
vt 0.904756875 0.10791015625
vt 0.890119453125 0.10704648437499997
vt 0.890119453125 0.091796875
vt 0.89796515625 0.091796875
vt 0.89796515625 0.10791015625
vt 0.890119453125 0.10791015625
vt 0.904756875 0.10618281249999995
vt 0.904756875 0.10791015625
vt 0.890119453125 0.10704648437499997
vt 0.890119453125 0.10457406250000001
vt 0.897695859375 0.105020703125
vt 0.890119453125 0.10791015625
vt 0.890119453125 0.091796875
vt 0.89796515625 0.091796875
vt 0.89796515625 0.10791015625
vt 0.890119453125 0.10791015625
vt 0.9052734375 0.10624226562500005
vt 0.9032425 0.10791015625
vt 0.890119453125 0.10624226562500005
vt 0.890119453125 0.10457375000000002
vt 0.897695234375 0.10502093749999997
vt 0.890119453125 0.10791015625
vt 0.890119453125 0.091796875
vt 0.89796515625 0.091796875
vt 0.89796515625 0.10791015625
vt 0.890119453125 0.10791015625
vt 0.9052721875 0.106242109375
vt 0.903243515625 0.10791015625
vt 0.890119453125 0.106242109375
vt 0.890119453125 0.10468750000000004
vt 0.89796515625 0.10468750000000004
vt 0.89404234375 0.10791015625
vt 0.890119453125 0.091796875
vt 0.89796515625 0.091796875
vt 0.89796515625 0.10791015625
vt 0.890119453125 0.10791015625
vt 0.89796515625 0.10791015625
vt 0.890119453125 0.10791015625
vt 0.89404234375 0.10468750000000004
vt 0.890119453125 0.10791015625
vt 0.892148125 0.106242109375
vt 0.9052721875 0.10791015625
vt 0.890119453125 0.091796875
vt 0.89796515625 0.091796875
vt 0.89796515625 0.10791015625
vt 0.890119453125 0.10791015625
vt 0.897695234375 0.10791015625
vt 0.890119453125 0.10746296875000005
vt 0.897695234375 0.10457375000000002
vt 0.890119453125 0.10791015625
vt 0.89215046875 0.10624226562500005
vt 0.9052734375 0.10791015625
vt 0.890119453125 0.091796875
vt 0.89796515625 0.091796875
vt 0.89796515625 0.10791015625
vt 0.890119453125 0.10791015625
vt 0.897695859375 0.10791015625
vt 0.890119453125 0.107463515625
vt 0.897695859375 0.10457406250000001
vt 0.890119453125 0.10791015625
vt 0.890119453125 0.10618281249999995
vt 0.904756875 0.10704648437499997
vt 0.890119453125 0.091796875
vt 0.89796515625 0.091796875
vt 0.89796515625 0.10791015625
vt 0.890119453125 0.10791015625
vt 0.890119453125 0.10791015625
vt 0.890119453125 0.10618281249999995
vt 0.904756875 0.10704648437499997
vt 0.897695859375 0.10791015625
vt 0.890119453125 0.107463515625
vt 0.897695859375 0.10457406250000001
vt 0.890119453125 0.091796875
vt 0.89796515625 0.091796875
vt 0.89796515625 0.10791015625
vt 0.890119453125 0.10791015625
vt 0.890119453125 0.10791015625
vt 0.89215046875 0.10624226562500005
vt 0.9052734375 0.10791015625
vt 0.897695234375 0.10791015625
vt 0.890119453125 0.10746296875000005
vt 0.897695234375 0.10457375000000002
vt 0.890119453125 0.091796875
vt 0.89796515625 0.091796875
vt 0.89796515625 0.10791015625
vt 0.890119453125 0.10791015625
vt 0.890119453125 0.10791015625
vt 0.892148125 0.106242109375
vt 0.9052721875 0.10791015625
vt 0.89796515625 0.10791015625
vt 0.890119453125 0.10791015625
vt 0.89404234375 0.10468750000000004
vt 0.890119453125 0.091796875
vt 0.89796515625 0.091796875
vt 0.89796515625 0.10791015625
vt 0.890119453125 0.10791015625
vt 0.890119453125 0.10468750000000004
vt 0.89796515625 0.10468750000000004
vt 0.89404234375 0.10791015625
vn 0 -1 0
vn 0.4999722801449929 0 0.8660414072586926
vn 0 1 0
vn 0 -1 0
vn 0.8660414072586926 0 0.49997228014499295
vn 0 1 0
vn 0 -1 0
vn 1 0 0
vn 0 1 0
vn 0 -1 0
vn 0.8660414072586926 0 -0.49997228014499295
vn 0 1 0
vn 0 -1 0
vn 0.4999722801449929 0 -0.8660414072586926
vn 0 1 0
vn 0 -1 0
vn 0 0 -1
vn 0 1 0
vn 0 -1 0
vn -0.49997228014499256 0 -0.8660414072586928
vn 0 1 0
vn 0 -1 0
vn -0.8660414072586929 0 -0.49997228014499273
vn 0 1 0
vn 0 -1 0
vn -1 0 0
vn 0 1 0
vn 0 -1 0
vn -0.8660414072586929 0 0.49997228014499273
vn 0 1 0
vn 0 -1 0
vn -0.49997228014499256 0 0.8660414072586928
vn 0 1 0
vn 0 -1 0
vn 0 0 1
vn 0 1 0
usemtl m_d6dd9b6e-c937-c416-c9c0-f28f832954e4
f 185/737/209 186/738/209 187/739/209
f 186/740/210 185/741/210 188/742/210 189/743/210
f 189/744/211 188/745/211 190/746/211
f 191/747/212 185/748/212 187/749/212
f 185/750/213 191/751/213 192/752/213 188/753/213
f 188/754/214 192/755/214 190/756/214
f 193/757/215 191/758/215 187/759/215
f 191/760/216 193/761/216 194/762/216 192/763/216
f 192/764/217 194/765/217 190/766/217
f 195/767/218 193/768/218 187/769/218
f 193/770/219 195/771/219 196/772/219 194/773/219
f 194/774/220 196/775/220 190/776/220
f 197/777/221 195/778/221 187/779/221
f 195/780/222 197/781/222 198/782/222 196/783/222
f 196/784/223 198/785/223 190/786/223
f 199/787/224 197/788/224 187/789/224
f 197/790/225 199/791/225 200/792/225 198/793/225
f 198/794/226 200/795/226 190/796/226
f 201/797/227 199/798/227 187/799/227
f 199/800/228 201/801/228 202/802/228 200/803/228
f 200/804/229 202/805/229 190/806/229
f 203/807/230 201/808/230 187/809/230
f 201/810/231 203/811/231 204/812/231 202/813/231
f 202/814/232 204/815/232 190/816/232
f 205/817/233 203/818/233 187/819/233
f 203/820/234 205/821/234 206/822/234 204/823/234
f 204/824/235 206/825/235 190/826/235
f 207/827/236 205/828/236 187/829/236
f 205/830/237 207/831/237 208/832/237 206/833/237
f 206/834/238 208/835/238 190/836/238
f 209/837/239 207/838/239 187/839/239
f 207/840/240 209/841/240 210/842/240 208/843/240
f 208/844/241 210/845/241 190/846/241
f 186/847/242 209/848/242 187/849/242
f 209/850/243 186/851/243 189/852/243 210/853/243
f 210/854/244 189/855/244 190/856/244
o doorLeft
v -0.24162687499999994 0.53125 0.022876875
v -0.22712312499999995 0.53125 0.03125
v -0.21874999999999994 0.53125 0
v -0.15624999999999994 0.46037687499999996 0.03125
v -0.20731187499999995 0.48018812499999997 0.03125
v -0.21456312499999994 0.4729368749999999 0.022876875
v -0.15624999999999994 0.4458731249999999 0.022876875
v -0.15624999999999994 0.46874999999999994 0
v -0.24999999999999994 0.53125 0.008373125
v -0.21874999999999994 0.46874999999999994 0.008373125
v -0.15624999999999994 0.43749999999999994 0.008373125
v -0.24999999999999994 0.53125 -0.008373125
v -0.21874999999999994 0.46874999999999994 -0.008373125
v -0.15624999999999994 0.43749999999999994 -0.008373125
v -0.24162687499999994 0.53125 -0.022876875
v -0.21456312499999994 0.4729368749999999 -0.022876875
v -0.15624999999999994 0.4458731249999999 -0.022876875
v -0.22712312499999995 0.53125 -0.03125
v -0.20731187499999995 0.48018812499999997 -0.03125
v -0.15624999999999994 0.46037687499999996 -0.03125
v -0.21037687499999994 0.53125 -0.03125
v -0.19112562499999994 0.4963743749999999 -0.03125
v -0.15624999999999994 0.4771231249999999 -0.03125
v -0.19587312499999995 0.53125 -0.022876875
v -0.18387437499999995 0.503625625 -0.022876875
v -0.15624999999999994 0.49162687499999996 -0.022876875
v -0.18749999999999994 0.53125 -0.008373125
v -0.17968749999999994 0.5078125 -0.008373125
v -0.15624999999999994 0.49999999999999994 -0.008373125
v -0.18749999999999994 0.53125 0.008373125
v -0.17968749999999994 0.5078125 0.008373125
v -0.15624999999999994 0.49999999999999994 0.008373125
v -0.19587312499999995 0.53125 0.022876875
v -0.18387437499999995 0.503625625 0.022876875
v -0.15624999999999994 0.49162687499999996 0.022876875
v -0.21037687499999994 0.53125 0.03125
v -0.19112562499999994 0.4963743749999999 0.03125
v -0.15624999999999994 0.4771231249999999 0.03125
vt 0.9052721875 0.106242109375
vt 0.903243515625 0.10791015625
vt 0.890119453125 0.106242109375
vt 0.890119453125 0.10791015625
vt 0.890119453125 0.099853515625
vt 0.89796515625 0.099853515625
vt 0.89796515625 0.10791015625
vt 0.890119453125 0.10457375000000002
vt 0.897695234375 0.10502093749999997
vt 0.890119453125 0.10791015625
vt 0.9052734375 0.10624226562500005
vt 0.9032425 0.10791015625
vt 0.890119453125 0.10624226562500005
vt 0.890119453125 0.10791015625
vt 0.890119453125 0.099853515625
vt 0.89796515625 0.099853515625
vt 0.89796515625 0.10791015625
vt 0.890119453125 0.10457406250000001
vt 0.897695859375 0.105020703125
vt 0.890119453125 0.10791015625
vt 0.904756875 0.10618281249999995
vt 0.904756875 0.10791015625
vt 0.890119453125 0.10704648437499997
vt 0.890119453125 0.10791015625
vt 0.890119453125 0.099853515625
vt 0.89796515625 0.099853515625
vt 0.89796515625 0.10791015625
vt 0.904756875 0.10618281249999995
vt 0.904756875 0.10791015625
vt 0.890119453125 0.10704648437499997
vt 0.890119453125 0.10457406250000001
vt 0.897695859375 0.105020703125
vt 0.890119453125 0.10791015625
vt 0.890119453125 0.10791015625
vt 0.890119453125 0.099853515625
vt 0.89796515625 0.099853515625
vt 0.89796515625 0.10791015625
vt 0.9052734375 0.10624226562500005
vt 0.9032425 0.10791015625
vt 0.890119453125 0.10624226562500005
vt 0.890119453125 0.10457375000000002
vt 0.897695234375 0.10502093749999997
vt 0.890119453125 0.10791015625
vt 0.890119453125 0.10791015625
vt 0.890119453125 0.099853515625
vt 0.89796515625 0.099853515625
vt 0.89796515625 0.10791015625
vt 0.9052721875 0.106242109375
vt 0.903243515625 0.10791015625
vt 0.890119453125 0.106242109375
vt 0.890119453125 0.10468750000000004
vt 0.89796515625 0.10468750000000004
vt 0.89404234375 0.10791015625
vt 0.890119453125 0.10791015625
vt 0.890119453125 0.099853515625
vt 0.89796515625 0.099853515625
vt 0.89796515625 0.10791015625
vt 0.89796515625 0.10791015625
vt 0.890119453125 0.10791015625
vt 0.89404234375 0.10468750000000004
vt 0.890119453125 0.10791015625
vt 0.892148125 0.106242109375
vt 0.9052721875 0.10791015625
vt 0.890119453125 0.10791015625
vt 0.890119453125 0.099853515625
vt 0.89796515625 0.099853515625
vt 0.89796515625 0.10791015625
vt 0.897695234375 0.10791015625
vt 0.890119453125 0.10746296875000005
vt 0.897695234375 0.10457375000000002
vt 0.890119453125 0.10791015625
vt 0.89215046875 0.10624226562500005
vt 0.9052734375 0.10791015625
vt 0.890119453125 0.10791015625
vt 0.890119453125 0.099853515625
vt 0.89796515625 0.099853515625
vt 0.89796515625 0.10791015625
vt 0.897695859375 0.10791015625
vt 0.890119453125 0.107463515625
vt 0.897695859375 0.10457406250000001
vt 0.890119453125 0.10791015625
vt 0.890119453125 0.10618281249999995
vt 0.904756875 0.10704648437499997
vt 0.890119453125 0.10791015625
vt 0.890119453125 0.099853515625
vt 0.89796515625 0.099853515625
vt 0.89796515625 0.10791015625
vt 0.890119453125 0.10791015625
vt 0.890119453125 0.10618281249999995
vt 0.904756875 0.10704648437499997
vt 0.897695859375 0.10791015625
vt 0.890119453125 0.107463515625
vt 0.897695859375 0.10457406250000001
vt 0.890119453125 0.10791015625
vt 0.890119453125 0.099853515625
vt 0.89796515625 0.099853515625
vt 0.89796515625 0.10791015625
vt 0.890119453125 0.10791015625
vt 0.89215046875 0.10624226562500005
vt 0.9052734375 0.10791015625
vt 0.897695234375 0.10791015625
vt 0.890119453125 0.10746296875000005
vt 0.897695234375 0.10457375000000002
vt 0.890119453125 0.10791015625
vt 0.890119453125 0.099853515625
vt 0.89796515625 0.099853515625
vt 0.89796515625 0.10791015625
vt 0.890119453125 0.10791015625
vt 0.892148125 0.106242109375
vt 0.9052721875 0.10791015625
vt 0.89796515625 0.10791015625
vt 0.890119453125 0.10791015625
vt 0.89404234375 0.10468750000000004
vt 0.890119453125 0.10791015625
vt 0.890119453125 0.099853515625
vt 0.89796515625 0.099853515625
vt 0.89796515625 0.10791015625
vt 0.890119453125 0.10468750000000004
vt 0.89796515625 0.10468750000000004
vt 0.89404234375 0.10791015625
vt 0.89796515625 0.099853515625
vt 0.89796515625 0.10791015625
vt 0.890119453125 0.10791015625
vt 0.890119453125 0.099853515625
vt 0.89796515625 0.099853515625
vt 0.89796515625 0.10791015625
vt 0.890119453125 0.10791015625
vt 0.890119453125 0.099853515625
vt 0.89796515625 0.099853515625
vt 0.89796515625 0.10791015625
vt 0.890119453125 0.10791015625
vt 0.890119453125 0.099853515625
vt 0.89796515625 0.099853515625
vt 0.89796515625 0.10791015625
vt 0.890119453125 0.10791015625
vt 0.890119453125 0.099853515625
vt 0.89796515625 0.099853515625
vt 0.89796515625 0.10791015625
vt 0.890119453125 0.10791015625
vt 0.890119453125 0.099853515625
vt 0.89796515625 0.099853515625
vt 0.89796515625 0.10791015625
vt 0.890119453125 0.10791015625
vt 0.890119453125 0.099853515625
vt 0.89796515625 0.099853515625
vt 0.89796515625 0.10791015625
vt 0.890119453125 0.10791015625
vt 0.890119453125 0.099853515625
vt 0.89796515625 0.099853515625
vt 0.89796515625 0.10791015625
vt 0.890119453125 0.10791015625
vt 0.890119453125 0.099853515625
vt 0.89796515625 0.099853515625
vt 0.89796515625 0.10791015625
vt 0.890119453125 0.10791015625
vt 0.890119453125 0.099853515625
vt 0.89796515625 0.099853515625
vt 0.89796515625 0.10791015625
vt 0.890119453125 0.10791015625
vt 0.890119453125 0.099853515625
vt 0.89796515625 0.099853515625
vt 0.89796515625 0.10791015625
vt 0.890119453125 0.10791015625
vt 0.890119453125 0.099853515625
vt 0.89796515625 0.099853515625
vt 0.89796515625 0.10791015625
vt 0.890119453125 0.10791015625
vt 0.890119453125 0.099853515625
vn 0 1 0
vn -0.24083252156399218 -0.6207261082483625 0.7461225067614375
vn 1 0 0
vn 0 1 0
vn -0.3930836295690811 -0.8469607806204064 0.3579702449305935
vn 1 0 0
vn 0 1 0
vn -0.447213595499958 -0.894427190999916 0
vn 1 0 0
vn 0 1 0
vn -0.41702878892276707 -0.8340575778455341 -0.36115778552877814
vn 1 0 0
vn 0 1 0
vn -0.27622340568827364 -0.5951669662861212 -0.7546369407812917
vn 1 0 0
vn 0 1 0
vn 0 0 -1
vn 1 0 0
vn 0 1 0
vn 0.31294965867110525 0.5669405851407812 -0.7619979554158052
vn 1 0 0
vn 0 1 0
vn 0.37244004926308966 0.8574579506917023 -0.3550412264801
vn 1 0 0
vn 0 1 0
vn 0.31622776601684 0.9486832980505132 0
vn 1 0 0
vn 0 1 0
vn 0.29704423771430194 0.8911327131428994 0.34299738833889704
vn 1 0 0
vn 0 1 0
vn 0.2628032670405829 0.6050443587835568 0.7515688702554083
vn 1 0 0
vn 0 1 0
vn 0 0 1
vn 1 0 0
vn 0 0 -1
vn -0.6207261082483638 -0.24083252156399254 -0.7461225067614364
vn -0.8469607806204065 -0.3930836295690806 -0.35797024493059426
vn -0.8944271909999162 -0.44721359549995776 0
vn -0.834057577845534 -0.4170287889227667 0.361157785528779
vn -0.5951669662861223 -0.27622340568827375 0.7546369407812907
vn 0 0 1
vn 0.5669405851407825 0.3129496586711052 0.7619979554158044
vn 0.8574579506917028 0.37244004926308955 0.3550412264800992
vn 0.948683298050514 0.316227766016838 0
vn 0.8911327131429007 0.2970442377143002 -0.3429973883388957
vn 0.605044358783558 0.2628032670405831 -0.7515688702554073
usemtl m_d6dd9b6e-c937-c416-c9c0-f28f832954e4
f 211/857/245 212/858/245 213/859/245
f 214/860/246 215/861/246 216/862/246 217/863/246
f 214/864/247 217/865/247 218/866/247
f 219/867/248 211/868/248 213/869/248
f 217/870/249 216/871/249 220/872/249 221/873/249
f 217/874/250 221/875/250 218/876/250
f 222/877/251 219/878/251 213/879/251
f 221/880/252 220/881/252 223/882/252 224/883/252
f 221/884/253 224/885/253 218/886/253
f 225/887/254 222/888/254 213/889/254
f 224/890/255 223/891/255 226/892/255 227/893/255
f 224/894/256 227/895/256 218/896/256
f 228/897/257 225/898/257 213/899/257
f 227/900/258 226/901/258 229/902/258 230/903/258
f 227/904/259 230/905/259 218/906/259
f 231/907/260 228/908/260 213/909/260
f 230/910/261 229/911/261 232/912/261 233/913/261
f 230/914/262 233/915/262 218/916/262
f 234/917/263 231/918/263 213/919/263
f 233/920/264 232/921/264 235/922/264 236/923/264
f 233/924/265 236/925/265 218/926/265
f 237/927/266 234/928/266 213/929/266
f 236/930/267 235/931/267 238/932/267 239/933/267
f 236/934/268 239/935/268 218/936/268
f 240/937/269 237/938/269 213/939/269
f 239/940/270 238/941/270 241/942/270 242/943/270
f 239/944/271 242/945/271 218/946/271
f 243/947/272 240/948/272 213/949/272
f 242/950/273 241/951/273 244/952/273 245/953/273
f 242/954/274 245/955/274 218/956/274
f 246/957/275 243/958/275 213/959/275
f 245/960/276 244/961/276 247/962/276 248/963/276
f 245/964/277 248/965/277 218/966/277
f 212/967/278 246/968/278 213/969/278
f 248/970/279 247/971/279 215/972/279 214/973/279
f 248/974/280 214/975/280 218/976/280
f 231/977/281 232/978/281 229/979/281 228/980/281
f 228/981/282 229/982/282 226/983/282 225/984/282
f 225/985/283 226/986/283 223/987/283 222/988/283
f 222/989/284 223/990/284 220/991/284 219/992/284
f 219/993/285 220/994/285 216/995/285 211/996/285
f 211/997/286 216/998/286 215/999/286 212/1000/286
f 212/1001/287 215/1002/287 247/1003/287 246/1004/287
f 246/1005/288 247/1006/288 244/1007/288 243/1008/288
f 243/1009/289 244/1010/289 241/1011/289 240/1012/289
f 240/1013/290 241/1014/290 238/1015/290 237/1016/290
f 237/1017/291 238/1018/291 235/1019/291 234/1020/291
f 234/1021/292 235/1022/292 232/1023/292 231/1024/292
o doorLeft
v -0.039623124999999954 0.53125 -0.022876874999999974
v -0.05412687499999995 0.53125 -0.031249999999999972
v -0.06249999999999995 0.53125 2.678914873134835e-17
v -0.12499999999999993 0.460376875 -0.031249999999999965
v -0.07393812499999994 0.480188125 -0.031249999999999965
v -0.06668687499999995 0.472936875 -0.022876874999999967
v -0.12499999999999993 0.445873125 -0.022876874999999963
v -0.12499999999999994 0.46875 3.444319122601931e-17
v -0.03124999999999995 0.53125 -0.008373124999999974
v -0.06249999999999994 0.46875 -0.008373124999999966
v -0.12499999999999993 0.4375 -0.008373124999999962
v -0.03124999999999995 0.53125 0.008373125000000026
v -0.06249999999999994 0.46875 0.008373125000000035
v -0.12499999999999993 0.4375 0.008373125000000039
v -0.039623124999999954 0.53125 0.02287687500000003
v -0.06668687499999995 0.472936875 0.022876875000000036
v -0.12499999999999993 0.445873125 0.02287687500000004
v -0.05412687499999995 0.53125 0.03125000000000003
v -0.07393812499999994 0.480188125 0.031250000000000035
v -0.12499999999999993 0.460376875 0.031250000000000035
v -0.07087312499999995 0.53125 0.03125000000000003
v -0.09012437499999995 0.496374375 0.03125000000000003
v -0.12499999999999994 0.477123125 0.031250000000000035
v -0.08537687499999996 0.53125 0.02287687500000003
v -0.09737562499999994 0.503625625 0.022876875000000033
v -0.12499999999999994 0.491626875 0.022876875000000033
v -0.09374999999999994 0.53125 0.008373125000000026
v -0.10156249999999994 0.5078125 0.00837312500000003
v -0.12499999999999994 0.5 0.008373125000000032
v -0.09374999999999994 0.53125 -0.008373124999999974
v -0.10156249999999994 0.5078125 -0.008373124999999971
v -0.12499999999999994 0.5 -0.00837312499999997
v -0.08537687499999996 0.53125 -0.022876874999999974
v -0.09737562499999994 0.503625625 -0.02287687499999997
v -0.12499999999999994 0.491626875 -0.02287687499999997
v -0.07087312499999995 0.53125 -0.031249999999999972
v -0.09012437499999995 0.496374375 -0.03124999999999997
v -0.12499999999999994 0.477123125 -0.031249999999999965
vt 0.9052721875 0.106242109375
vt 0.903243515625 0.10791015625
vt 0.890119453125 0.106242109375
vt 0.890119453125 0.10791015625
vt 0.890119453125 0.099853515625
vt 0.89796515625 0.099853515625
vt 0.89796515625 0.10791015625
vt 0.890119453125 0.10457375000000002
vt 0.897695234375 0.10502093749999997
vt 0.890119453125 0.10791015625
vt 0.9052734375 0.10624226562500005
vt 0.9032425 0.10791015625
vt 0.890119453125 0.10624226562500005
vt 0.890119453125 0.10791015625
vt 0.890119453125 0.099853515625
vt 0.89796515625 0.099853515625
vt 0.89796515625 0.10791015625
vt 0.890119453125 0.10457406250000001
vt 0.897695859375 0.105020703125
vt 0.890119453125 0.10791015625
vt 0.904756875 0.10618281249999995
vt 0.904756875 0.10791015625
vt 0.890119453125 0.10704648437499997
vt 0.890119453125 0.10791015625
vt 0.890119453125 0.099853515625
vt 0.89796515625 0.099853515625
vt 0.89796515625 0.10791015625
vt 0.904756875 0.10618281249999995
vt 0.904756875 0.10791015625
vt 0.890119453125 0.10704648437499997
vt 0.890119453125 0.10457406250000001
vt 0.897695859375 0.105020703125
vt 0.890119453125 0.10791015625
vt 0.890119453125 0.10791015625
vt 0.890119453125 0.099853515625
vt 0.89796515625 0.099853515625
vt 0.89796515625 0.10791015625
vt 0.9052734375 0.10624226562500005
vt 0.9032425 0.10791015625
vt 0.890119453125 0.10624226562500005
vt 0.890119453125 0.10457375000000002
vt 0.897695234375 0.10502093749999997
vt 0.890119453125 0.10791015625
vt 0.890119453125 0.10791015625
vt 0.890119453125 0.099853515625
vt 0.89796515625 0.099853515625
vt 0.89796515625 0.10791015625
vt 0.9052721875 0.106242109375
vt 0.903243515625 0.10791015625
vt 0.890119453125 0.106242109375
vt 0.890119453125 0.10468750000000004
vt 0.89796515625 0.10468750000000004
vt 0.89404234375 0.10791015625
vt 0.890119453125 0.10791015625
vt 0.890119453125 0.099853515625
vt 0.89796515625 0.099853515625
vt 0.89796515625 0.10791015625
vt 0.89796515625 0.10791015625
vt 0.890119453125 0.10791015625
vt 0.89404234375 0.10468750000000004
vt 0.890119453125 0.10791015625
vt 0.892148125 0.106242109375
vt 0.9052721875 0.10791015625
vt 0.890119453125 0.10791015625
vt 0.890119453125 0.099853515625
vt 0.89796515625 0.099853515625
vt 0.89796515625 0.10791015625
vt 0.897695234375 0.10791015625
vt 0.890119453125 0.10746296875000005
vt 0.897695234375 0.10457375000000002
vt 0.890119453125 0.10791015625
vt 0.89215046875 0.10624226562500005
vt 0.9052734375 0.10791015625
vt 0.890119453125 0.10791015625
vt 0.890119453125 0.099853515625
vt 0.89796515625 0.099853515625
vt 0.89796515625 0.10791015625
vt 0.897695859375 0.10791015625
vt 0.890119453125 0.107463515625
vt 0.897695859375 0.10457406250000001
vt 0.890119453125 0.10791015625
vt 0.890119453125 0.10618281249999995
vt 0.904756875 0.10704648437499997
vt 0.890119453125 0.10791015625
vt 0.890119453125 0.099853515625
vt 0.89796515625 0.099853515625
vt 0.89796515625 0.10791015625
vt 0.890119453125 0.10791015625
vt 0.890119453125 0.10618281249999995
vt 0.904756875 0.10704648437499997
vt 0.897695859375 0.10791015625
vt 0.890119453125 0.107463515625
vt 0.897695859375 0.10457406250000001
vt 0.890119453125 0.10791015625
vt 0.890119453125 0.099853515625
vt 0.89796515625 0.099853515625
vt 0.89796515625 0.10791015625
vt 0.890119453125 0.10791015625
vt 0.89215046875 0.10624226562500005
vt 0.9052734375 0.10791015625
vt 0.897695234375 0.10791015625
vt 0.890119453125 0.10746296875000005
vt 0.897695234375 0.10457375000000002
vt 0.890119453125 0.10791015625
vt 0.890119453125 0.099853515625
vt 0.89796515625 0.099853515625
vt 0.89796515625 0.10791015625
vt 0.890119453125 0.10791015625
vt 0.892148125 0.106242109375
vt 0.9052721875 0.10791015625
vt 0.89796515625 0.10791015625
vt 0.890119453125 0.10791015625
vt 0.89404234375 0.10468750000000004
vt 0.890119453125 0.10791015625
vt 0.890119453125 0.099853515625
vt 0.89796515625 0.099853515625
vt 0.89796515625 0.10791015625
vt 0.890119453125 0.10468750000000004
vt 0.89796515625 0.10468750000000004
vt 0.89404234375 0.10791015625
vt 0.89796515625 0.099853515625
vt 0.89796515625 0.10791015625
vt 0.890119453125 0.10791015625
vt 0.890119453125 0.099853515625
vt 0.89796515625 0.099853515625
vt 0.89796515625 0.10791015625
vt 0.890119453125 0.10791015625
vt 0.890119453125 0.099853515625
vt 0.89796515625 0.099853515625
vt 0.89796515625 0.10791015625
vt 0.890119453125 0.10791015625
vt 0.890119453125 0.099853515625
vt 0.89796515625 0.099853515625
vt 0.89796515625 0.10791015625
vt 0.890119453125 0.10791015625
vt 0.890119453125 0.099853515625
vt 0.89796515625 0.099853515625
vt 0.89796515625 0.10791015625
vt 0.890119453125 0.10791015625
vt 0.890119453125 0.099853515625
vt 0.89796515625 0.099853515625
vt 0.89796515625 0.10791015625
vt 0.890119453125 0.10791015625
vt 0.890119453125 0.099853515625
vt 0.89796515625 0.099853515625
vt 0.89796515625 0.10791015625
vt 0.890119453125 0.10791015625
vt 0.890119453125 0.099853515625
vt 0.89796515625 0.099853515625
vt 0.89796515625 0.10791015625
vt 0.890119453125 0.10791015625
vt 0.890119453125 0.099853515625
vt 0.89796515625 0.099853515625
vt 0.89796515625 0.10791015625
vt 0.890119453125 0.10791015625
vt 0.890119453125 0.099853515625
vt 0.89796515625 0.099853515625
vt 0.89796515625 0.10791015625
vt 0.890119453125 0.10791015625
vt 0.890119453125 0.099853515625
vt 0.89796515625 0.099853515625
vt 0.89796515625 0.10791015625
vt 0.890119453125 0.10791015625
vt 0.890119453125 0.099853515625
vt 0.89796515625 0.099853515625
vt 0.89796515625 0.10791015625
vt 0.890119453125 0.10791015625
vt 0.890119453125 0.099853515625
vn 0 1 0
vn 0.24083252156399224 -0.6207261082483626 -0.7461225067614375
vn -1 -2.2203141115134251e-16 -3.84598113546172e-16
vn 0 1 0
vn 0.39308362956908116 -0.8469607806204064 -0.35797024493059376
vn -1 -3.845981135461719e-16 -2.2203141115134246e-16
vn 0 1 0
vn 0.44721359549995804 -0.8944271909999159 0
vn -1 -4.440892098500626e-16 0
vn 0 1 0
vn 0.4170287889227672 -0.8340575778455342 0.3611577855287782
vn -1 -3.845981135461719e-16 2.2203141115134246e-16
vn 0 1 0
vn 0.2762234056882737 -0.595166966286121 0.7546369407812918
vn -1 -2.2203141115134237e-16 3.8459811354617207e-16
vn 0 1 0
vn -1.1983241152581082e-16 3.0885823046397927e-16 1
vn -1 -8.287101773719184e-16 2.220446049250313e-16
vn 0 1 0
vn -0.312949658671106 0.5669405851407828 0.7619979554158038
vn -1 0 0
vn 0 1 0
vn -0.3724400492630882 0.8574579506917029 0.3550412264800998
vn -1 0 0
vn 0 1 0
vn -0.316227766016838 0.9486832980505138 0
vn -1 0 0
vn 0 1 0
vn -0.29704423771430016 0.8911327131429003 -0.34299738833889676
vn -1 0 0
vn 0 1 0
vn -0.26280326704058277 0.6050443587835592 -0.7515688702554066
vn -1 0 0
vn 0 1 0
vn 1.2137563989226456e-17 -2.0220775700566874e-16 -1
vn -1 -8.287101773719184e-16 -2.220446049250313e-16
vn -2.7621868195873415e-16 1.5247196003105542e-16 1
vn 0.6207261082483638 -0.2408325215639925 0.7461225067614363
vn 0.8469607806204063 -0.39308362956908083 0.35797024493059454
vn 0.8944271909999161 -0.44721359549995787 0
vn 0.8340575778455338 -0.41702878892276674 -0.3611577855287792
vn 0.5951669662861222 -0.2762234056882741 -0.7546369407812906
vn 5.652326017187722e-17 -1.5782206082301784e-16 -1
vn -0.566940585140783 0.31294965867110597 -0.7619979554158035
vn -0.857457950691703 0.37244004926308877 -0.3550412264800991
vn -0.948683298050514 0.316227766016838 0
vn -0.8911327131429007 0.2970442377143003 0.3429973883388957
vn -0.6050443587835589 0.262803267040583 0.7515688702554065
usemtl m_d6dd9b6e-c937-c416-c9c0-f28f832954e4
f 249/1025/293 250/1026/293 251/1027/293
f 252/1028/294 253/1029/294 254/1030/294 255/1031/294
f 252/1032/295 255/1033/295 256/1034/295
f 257/1035/296 249/1036/296 251/1037/296
f 255/1038/297 254/1039/297 258/1040/297 259/1041/297
f 255/1042/298 259/1043/298 256/1044/298
f 260/1045/299 257/1046/299 251/1047/299
f 259/1048/300 258/1049/300 261/1050/300 262/1051/300
f 259/1052/301 262/1053/301 256/1054/301
f 263/1055/302 260/1056/302 251/1057/302
f 262/1058/303 261/1059/303 264/1060/303 265/1061/303
f 262/1062/304 265/1063/304 256/1064/304
f 266/1065/305 263/1066/305 251/1067/305
f 265/1068/306 264/1069/306 267/1070/306 268/1071/306
f 265/1072/307 268/1073/307 256/1074/307
f 269/1075/308 266/1076/308 251/1077/308
f 268/1078/309 267/1079/309 270/1080/309 271/1081/309
f 268/1082/310 271/1083/310 256/1084/310
f 272/1085/311 269/1086/311 251/1087/311
f 271/1088/312 270/1089/312 273/1090/312 274/1091/312
f 271/1092/313 274/1093/313 256/1094/313
f 275/1095/314 272/1096/314 251/1097/314
f 274/1098/315 273/1099/315 276/1100/315 277/1101/315
f 274/1102/316 277/1103/316 256/1104/316
f 278/1105/317 275/1106/317 251/1107/317
f 277/1108/318 276/1109/318 279/1110/318 280/1111/318
f 277/1112/319 280/1113/319 256/1114/319
f 281/1115/320 278/1116/320 251/1117/320
f 280/1118/321 279/1119/321 282/1120/321 283/1121/321
f 280/1122/322 283/1123/322 256/1124/322
f 284/1125/323 281/1126/323 251/1127/323
f 283/1128/324 282/1129/324 285/1130/324 286/1131/324
f 283/1132/325 286/1133/325 256/1134/325
f 250/1135/326 284/1136/326 251/1137/326
f 286/1138/327 285/1139/327 253/1140/327 252/1141/327
f 286/1142/328 252/1143/328 256/1144/328
f 269/1145/329 270/1146/329 267/1147/329 266/1148/329
f 266/1149/330 267/1150/330 264/1151/330 263/1152/330
f 263/1153/331 264/1154/331 261/1155/331 260/1156/331
f 260/1157/332 261/1158/332 258/1159/332 257/1160/332
f 257/1161/333 258/1162/333 254/1163/333 249/1164/333
f 249/1165/334 254/1166/334 253/1167/334 250/1168/334
f 250/1169/335 253/1170/335 285/1171/335 284/1172/335
f 284/1173/336 285/1174/336 282/1175/336 281/1176/336
f 281/1177/337 282/1178/337 279/1179/337 278/1180/337
f 278/1181/338 279/1182/338 276/1183/338 275/1184/338
f 275/1185/339 276/1186/339 273/1187/339 272/1188/339
f 272/1189/340 273/1190/340 270/1191/340 269/1192/340
o doorLeft
v -0.03962312499999971 2.0625 0.022876875
v -0.054126874999999706 2.0625 0.03125
v -0.06249999999999971 2.0625 0
v -0.1249999999999997 2.1333731250000003 0.03125
v -0.07393812499999969 2.1135618750000003 0.03125
v -0.0666868749999997 2.1208131249999997 0.022876875
v -0.1249999999999997 2.1478768749999997 0.022876875
v -0.1249999999999997 2.125 0
v -0.03124999999999971 2.0625 0.008373125
v -0.062499999999999695 2.125 0.008373125
v -0.1249999999999997 2.15625 0.008373125
v -0.03124999999999971 2.0625 -0.008373125
v -0.062499999999999695 2.125 -0.008373125
v -0.1249999999999997 2.15625 -0.008373125
v -0.03962312499999971 2.0625 -0.022876875
v -0.0666868749999997 2.1208131249999997 -0.022876875
v -0.1249999999999997 2.1478768749999997 -0.022876875
v -0.054126874999999706 2.0625 -0.03125
v -0.07393812499999969 2.1135618750000003 -0.03125
v -0.1249999999999997 2.1333731250000003 -0.03125
v -0.0708731249999997 2.0625 -0.03125
v -0.0901243749999997 2.0973756249999997 -0.03125
v -0.1249999999999997 2.1166268749999997 -0.03125
v -0.08537687499999971 2.0625 -0.022876875
v -0.0973756249999997 2.0901243750000003 -0.022876875
v -0.1249999999999997 2.1021231250000003 -0.022876875
v -0.09374999999999971 2.0625 -0.008373125
v -0.10156249999999971 2.0859375 -0.008373125
v -0.1249999999999997 2.09375 -0.008373125
v -0.09374999999999971 2.0625 0.008373125
v -0.10156249999999971 2.0859375 0.008373125
v -0.1249999999999997 2.09375 0.008373125
v -0.08537687499999971 2.0625 0.022876875
v -0.0973756249999997 2.0901243750000003 0.022876875
v -0.1249999999999997 2.1021231250000003 0.022876875
v -0.0708731249999997 2.0625 0.03125
v -0.0901243749999997 2.0973756249999997 0.03125
v -0.1249999999999997 2.1166268749999997 0.03125
vt 0.9052721875 0.106242109375
vt 0.903243515625 0.10791015625
vt 0.890119453125 0.106242109375
vt 0.890119453125 0.10791015625
vt 0.890119453125 0.099853515625
vt 0.89796515625 0.099853515625
vt 0.89796515625 0.10791015625
vt 0.890119453125 0.10457375000000002
vt 0.897695234375 0.10502093749999997
vt 0.890119453125 0.10791015625
vt 0.9052734375 0.10624226562500005
vt 0.9032425 0.10791015625
vt 0.890119453125 0.10624226562500005
vt 0.890119453125 0.10791015625
vt 0.890119453125 0.099853515625
vt 0.89796515625 0.099853515625
vt 0.89796515625 0.10791015625
vt 0.890119453125 0.10457406250000001
vt 0.897695859375 0.105020703125
vt 0.890119453125 0.10791015625
vt 0.904756875 0.10618281249999995
vt 0.904756875 0.10791015625
vt 0.890119453125 0.10704648437499997
vt 0.890119453125 0.10791015625
vt 0.890119453125 0.099853515625
vt 0.89796515625 0.099853515625
vt 0.89796515625 0.10791015625
vt 0.904756875 0.10618281249999995
vt 0.904756875 0.10791015625
vt 0.890119453125 0.10704648437499997
vt 0.890119453125 0.10457406250000001
vt 0.897695859375 0.105020703125
vt 0.890119453125 0.10791015625
vt 0.890119453125 0.10791015625
vt 0.890119453125 0.099853515625
vt 0.89796515625 0.099853515625
vt 0.89796515625 0.10791015625
vt 0.9052734375 0.10624226562500005
vt 0.9032425 0.10791015625
vt 0.890119453125 0.10624226562500005
vt 0.890119453125 0.10457375000000002
vt 0.897695234375 0.10502093749999997
vt 0.890119453125 0.10791015625
vt 0.890119453125 0.10791015625
vt 0.890119453125 0.099853515625
vt 0.89796515625 0.099853515625
vt 0.89796515625 0.10791015625
vt 0.9052721875 0.106242109375
vt 0.903243515625 0.10791015625
vt 0.890119453125 0.106242109375
vt 0.890119453125 0.10468750000000004
vt 0.89796515625 0.10468750000000004
vt 0.89404234375 0.10791015625
vt 0.890119453125 0.10791015625
vt 0.890119453125 0.099853515625
vt 0.89796515625 0.099853515625
vt 0.89796515625 0.10791015625
vt 0.89796515625 0.10791015625
vt 0.890119453125 0.10791015625
vt 0.89404234375 0.10468750000000004
vt 0.890119453125 0.10791015625
vt 0.892148125 0.106242109375
vt 0.9052721875 0.10791015625
vt 0.890119453125 0.10791015625
vt 0.890119453125 0.099853515625
vt 0.89796515625 0.099853515625
vt 0.89796515625 0.10791015625
vt 0.897695234375 0.10791015625
vt 0.890119453125 0.10746296875000005
vt 0.897695234375 0.10457375000000002
vt 0.890119453125 0.10791015625
vt 0.89215046875 0.10624226562500005
vt 0.9052734375 0.10791015625
vt 0.890119453125 0.10791015625
vt 0.890119453125 0.099853515625
vt 0.89796515625 0.099853515625
vt 0.89796515625 0.10791015625
vt 0.897695859375 0.10791015625
vt 0.890119453125 0.107463515625
vt 0.897695859375 0.10457406250000001
vt 0.890119453125 0.10791015625
vt 0.890119453125 0.10618281249999995
vt 0.904756875 0.10704648437499997
vt 0.890119453125 0.10791015625
vt 0.890119453125 0.099853515625
vt 0.89796515625 0.099853515625
vt 0.89796515625 0.10791015625
vt 0.890119453125 0.10791015625
vt 0.890119453125 0.10618281249999995
vt 0.904756875 0.10704648437499997
vt 0.897695859375 0.10791015625
vt 0.890119453125 0.107463515625
vt 0.897695859375 0.10457406250000001
vt 0.890119453125 0.10791015625
vt 0.890119453125 0.099853515625
vt 0.89796515625 0.099853515625
vt 0.89796515625 0.10791015625
vt 0.890119453125 0.10791015625
vt 0.89215046875 0.10624226562500005
vt 0.9052734375 0.10791015625
vt 0.897695234375 0.10791015625
vt 0.890119453125 0.10746296875000005
vt 0.897695234375 0.10457375000000002
vt 0.890119453125 0.10791015625
vt 0.890119453125 0.099853515625
vt 0.89796515625 0.099853515625
vt 0.89796515625 0.10791015625
vt 0.890119453125 0.10791015625
vt 0.892148125 0.106242109375
vt 0.9052721875 0.10791015625
vt 0.89796515625 0.10791015625
vt 0.890119453125 0.10791015625
vt 0.89404234375 0.10468750000000004
vt 0.890119453125 0.10791015625
vt 0.890119453125 0.099853515625
vt 0.89796515625 0.099853515625
vt 0.89796515625 0.10791015625
vt 0.890119453125 0.10468750000000004
vt 0.89796515625 0.10468750000000004
vt 0.89404234375 0.10791015625
vt 0.89796515625 0.099853515625
vt 0.89796515625 0.10791015625
vt 0.890119453125 0.10791015625
vt 0.890119453125 0.099853515625
vt 0.89796515625 0.099853515625
vt 0.89796515625 0.10791015625
vt 0.890119453125 0.10791015625
vt 0.890119453125 0.099853515625
vt 0.89796515625 0.099853515625
vt 0.89796515625 0.10791015625
vt 0.890119453125 0.10791015625
vt 0.890119453125 0.099853515625
vt 0.89796515625 0.099853515625
vt 0.89796515625 0.10791015625
vt 0.890119453125 0.10791015625
vt 0.890119453125 0.099853515625
vt 0.89796515625 0.099853515625
vt 0.89796515625 0.10791015625
vt 0.890119453125 0.10791015625
vt 0.890119453125 0.099853515625
vt 0.89796515625 0.099853515625
vt 0.89796515625 0.10791015625
vt 0.890119453125 0.10791015625
vt 0.890119453125 0.099853515625
vt 0.89796515625 0.099853515625
vt 0.89796515625 0.10791015625
vt 0.890119453125 0.10791015625
vt 0.890119453125 0.099853515625
vt 0.89796515625 0.099853515625
vt 0.89796515625 0.10791015625
vt 0.890119453125 0.10791015625
vt 0.890119453125 0.099853515625
vt 0.89796515625 0.099853515625
vt 0.89796515625 0.10791015625
vt 0.890119453125 0.10791015625
vt 0.890119453125 0.099853515625
vt 0.89796515625 0.099853515625
vt 0.89796515625 0.10791015625
vt 0.890119453125 0.10791015625
vt 0.890119453125 0.099853515625
vt 0.89796515625 0.099853515625
vt 0.89796515625 0.10791015625
vt 0.890119453125 0.10791015625
vt 0.890119453125 0.099853515625
vt 0.89796515625 0.099853515625
vt 0.89796515625 0.10791015625
vt 0.890119453125 0.10791015625
vt 0.890119453125 0.099853515625
vn 0 -1 0
vn 0.24083252156400012 0.6207261082483813 0.7461225067614193
vn -1 0 0
vn 0 -1 0
vn 0.3930836295690783 0.8469607806204019 0.35797024493060764
vn -1 0 0
vn 0 -1 0
vn 0.447213595499958 0.894427190999916 0
vn -1 0 0
vn 0 -1 0
vn 0.4170287889227647 0.8340575778455294 -0.361157785528792
vn -1 0 0
vn 0 -1 0
vn 0.27622340568828135 0.595166966286139 -0.7546369407812746
vn -1 0 0
vn 0 -1 0
vn 0 0 -1
vn -1 0 0
vn 0 -1 0
vn -0.3129496586711136 -0.5669405851407979 -0.7619979554157895
vn -1 0 0
vn 0 -1 0
vn -0.37244004926308955 -0.8574579506916975 -0.3550412264801117
vn -1 0 0
vn 0 -1 0
vn -0.3162277660168381 -0.9486832980505138 0
vn -1 0 0
vn 0 -1 0
vn -0.29704423771429883 -0.891132713142896 0.34299738833890875
vn -1 0 0
vn 0 -1 0
vn -0.2628032670405918 -0.6050443587835741 0.7515688702553914
vn -1 0 0
vn 0 -1 0
vn 0 0 1
vn -1 0 0
vn 0 0 -1
vn 0.6207261082483719 0.24083252156399437 -0.746122506761429
vn 0.8469607806204034 0.3930836295690813 -0.35797024493060103
vn 0.894427190999916 0.44721359549995776 0
vn 0.8340575778455317 0.4170287889227656 0.36115778552878586
vn 0.5951669662861295 0.2762234056882787 0.7546369407812833
vn 0 0 1
vn -0.5669405851407894 -0.31294965867111196 0.7619979554157965
vn -0.8574579506917024 -0.3724400492630859 0.35504122648010367
vn -0.948683298050514 -0.316227766016838 0
vn -0.8911327131428992 -0.2970442377142998 -0.3429973883388997
vn -0.6050443587835668 -0.26280326704058454 -0.7515688702553996
usemtl m_d6dd9b6e-c937-c416-c9c0-f28f832954e4
f 287/1193/341 288/1194/341 289/1195/341
f 290/1196/342 291/1197/342 292/1198/342 293/1199/342
f 290/1200/343 293/1201/343 294/1202/343
f 295/1203/344 287/1204/344 289/1205/344
f 293/1206/345 292/1207/345 296/1208/345 297/1209/345
f 293/1210/346 297/1211/346 294/1212/346
f 298/1213/347 295/1214/347 289/1215/347
f 297/1216/348 296/1217/348 299/1218/348 300/1219/348
f 297/1220/349 300/1221/349 294/1222/349
f 301/1223/350 298/1224/350 289/1225/350
f 300/1226/351 299/1227/351 302/1228/351 303/1229/351
f 300/1230/352 303/1231/352 294/1232/352
f 304/1233/353 301/1234/353 289/1235/353
f 303/1236/354 302/1237/354 305/1238/354 306/1239/354
f 303/1240/355 306/1241/355 294/1242/355
f 307/1243/356 304/1244/356 289/1245/356
f 306/1246/357 305/1247/357 308/1248/357 309/1249/357
f 306/1250/358 309/1251/358 294/1252/358
f 310/1253/359 307/1254/359 289/1255/359
f 309/1256/360 308/1257/360 311/1258/360 312/1259/360
f 309/1260/361 312/1261/361 294/1262/361
f 313/1263/362 310/1264/362 289/1265/362
f 312/1266/363 311/1267/363 314/1268/363 315/1269/363
f 312/1270/364 315/1271/364 294/1272/364
f 316/1273/365 313/1274/365 289/1275/365
f 315/1276/366 314/1277/366 317/1278/366 318/1279/366
f 315/1280/367 318/1281/367 294/1282/367
f 319/1283/368 316/1284/368 289/1285/368
f 318/1286/369 317/1287/369 320/1288/369 321/1289/369
f 318/1290/370 321/1291/370 294/1292/370
f 322/1293/371 319/1294/371 289/1295/371
f 321/1296/372 320/1297/372 323/1298/372 324/1299/372
f 321/1300/373 324/1301/373 294/1302/373
f 288/1303/374 322/1304/374 289/1305/374
f 324/1306/375 323/1307/375 291/1308/375 290/1309/375
f 324/1310/376 290/1311/376 294/1312/376
f 307/1313/377 308/1314/377 305/1315/377 304/1316/377
f 304/1317/378 305/1318/378 302/1319/378 301/1320/378
f 301/1321/379 302/1322/379 299/1323/379 298/1324/379
f 298/1325/380 299/1326/380 296/1327/380 295/1328/380
f 295/1329/381 296/1330/381 292/1331/381 287/1332/381
f 287/1333/382 292/1334/382 291/1335/382 288/1336/382
f 288/1337/383 291/1338/383 323/1339/383 322/1340/383
f 322/1341/384 323/1342/384 320/1343/384 319/1344/384
f 319/1345/385 320/1346/385 317/1347/385 316/1348/385
f 316/1349/386 317/1350/386 314/1351/386 313/1352/386
f 313/1353/387 314/1354/387 311/1355/387 310/1356/387
f 310/1357/388 311/1358/388 308/1359/388 307/1360/388
o doorLeft
v -0.19587312500000004 0.6875 0.022876875
v -0.21037687500000002 0.6875 0.03125
v -0.21875 0.6875 0
v -0.28125 0.7583731250000001 0.03125
v -0.230188125 0.738561875 0.03125
v -0.222936875 0.7458131250000001 0.022876875
v -0.28125 0.772876875 0.022876875
v -0.28125 0.7500000000000001 0
v -0.1875 0.6875 0.008373125
v -0.21875 0.75 0.008373125
v -0.28125 0.7812500000000001 0.008373125
v -0.1875 0.6875 -0.008373125
v -0.21875 0.75 -0.008373125
v -0.28125 0.7812500000000001 -0.008373125
v -0.19587312500000004 0.6875 -0.022876875
v -0.222936875 0.7458131250000001 -0.022876875
v -0.28125 0.772876875 -0.022876875
v -0.21037687500000002 0.6875 -0.03125
v -0.230188125 0.738561875 -0.03125
v -0.28125 0.7583731250000001 -0.03125
v -0.22712312500000004 0.6875 -0.03125
v -0.246374375 0.7223756250000001 -0.03125
v -0.28125 0.741626875 -0.03125
v -0.24162687500000002 0.6875 -0.022876875
v -0.253625625 0.715124375 -0.022876875
v -0.28125 0.7271231250000001 -0.022876875
v -0.25 0.6875 -0.008373125
v -0.2578125 0.7109375 -0.008373125
v -0.28125 0.7187500000000001 -0.008373125
v -0.25 0.6875 0.008373125
v -0.2578125 0.7109375 0.008373125
v -0.28125 0.7187500000000001 0.008373125
v -0.24162687500000002 0.6875 0.022876875
v -0.253625625 0.715124375 0.022876875
v -0.28125 0.7271231250000001 0.022876875
v -0.22712312500000004 0.6875 0.03125
v -0.246374375 0.7223756250000001 0.03125
v -0.28125 0.741626875 0.03125
vt 0.9052721875 0.106242109375
vt 0.903243515625 0.10791015625
vt 0.890119453125 0.106242109375
vt 0.890119453125 0.10791015625
vt 0.890119453125 0.099853515625
vt 0.89796515625 0.099853515625
vt 0.89796515625 0.10791015625
vt 0.890119453125 0.10457375000000002
vt 0.897695234375 0.10502093749999997
vt 0.890119453125 0.10791015625
vt 0.9052734375 0.10624226562500005
vt 0.9032425 0.10791015625
vt 0.890119453125 0.10624226562500005
vt 0.890119453125 0.10791015625
vt 0.890119453125 0.099853515625
vt 0.89796515625 0.099853515625
vt 0.89796515625 0.10791015625
vt 0.890119453125 0.10457406250000001
vt 0.897695859375 0.105020703125
vt 0.890119453125 0.10791015625
vt 0.904756875 0.10618281249999995
vt 0.904756875 0.10791015625
vt 0.890119453125 0.10704648437499997
vt 0.890119453125 0.10791015625
vt 0.890119453125 0.099853515625
vt 0.89796515625 0.099853515625
vt 0.89796515625 0.10791015625
vt 0.904756875 0.10618281249999995
vt 0.904756875 0.10791015625
vt 0.890119453125 0.10704648437499997
vt 0.890119453125 0.10457406250000001
vt 0.897695859375 0.105020703125
vt 0.890119453125 0.10791015625
vt 0.890119453125 0.10791015625
vt 0.890119453125 0.099853515625
vt 0.89796515625 0.099853515625
vt 0.89796515625 0.10791015625
vt 0.9052734375 0.10624226562500005
vt 0.9032425 0.10791015625
vt 0.890119453125 0.10624226562500005
vt 0.890119453125 0.10457375000000002
vt 0.897695234375 0.10502093749999997
vt 0.890119453125 0.10791015625
vt 0.890119453125 0.10791015625
vt 0.890119453125 0.099853515625
vt 0.89796515625 0.099853515625
vt 0.89796515625 0.10791015625
vt 0.9052721875 0.106242109375
vt 0.903243515625 0.10791015625
vt 0.890119453125 0.106242109375
vt 0.890119453125 0.10468750000000004
vt 0.89796515625 0.10468750000000004
vt 0.89404234375 0.10791015625
vt 0.890119453125 0.10791015625
vt 0.890119453125 0.099853515625
vt 0.89796515625 0.099853515625
vt 0.89796515625 0.10791015625
vt 0.89796515625 0.10791015625
vt 0.890119453125 0.10791015625
vt 0.89404234375 0.10468750000000004
vt 0.890119453125 0.10791015625
vt 0.892148125 0.106242109375
vt 0.9052721875 0.10791015625
vt 0.890119453125 0.10791015625
vt 0.890119453125 0.099853515625
vt 0.89796515625 0.099853515625
vt 0.89796515625 0.10791015625
vt 0.897695234375 0.10791015625
vt 0.890119453125 0.10746296875000005
vt 0.897695234375 0.10457375000000002
vt 0.890119453125 0.10791015625
vt 0.89215046875 0.10624226562500005
vt 0.9052734375 0.10791015625
vt 0.890119453125 0.10791015625
vt 0.890119453125 0.099853515625
vt 0.89796515625 0.099853515625
vt 0.89796515625 0.10791015625
vt 0.897695859375 0.10791015625
vt 0.890119453125 0.107463515625
vt 0.897695859375 0.10457406250000001
vt 0.890119453125 0.10791015625
vt 0.890119453125 0.10618281249999995
vt 0.904756875 0.10704648437499997
vt 0.890119453125 0.10791015625
vt 0.890119453125 0.099853515625
vt 0.89796515625 0.099853515625
vt 0.89796515625 0.10791015625
vt 0.890119453125 0.10791015625
vt 0.890119453125 0.10618281249999995
vt 0.904756875 0.10704648437499997
vt 0.897695859375 0.10791015625
vt 0.890119453125 0.107463515625
vt 0.897695859375 0.10457406250000001
vt 0.890119453125 0.10791015625
vt 0.890119453125 0.099853515625
vt 0.89796515625 0.099853515625
vt 0.89796515625 0.10791015625
vt 0.890119453125 0.10791015625
vt 0.89215046875 0.10624226562500005
vt 0.9052734375 0.10791015625
vt 0.897695234375 0.10791015625
vt 0.890119453125 0.10746296875000005
vt 0.897695234375 0.10457375000000002
vt 0.890119453125 0.10791015625
vt 0.890119453125 0.099853515625
vt 0.89796515625 0.099853515625
vt 0.89796515625 0.10791015625
vt 0.890119453125 0.10791015625
vt 0.892148125 0.106242109375
vt 0.9052721875 0.10791015625
vt 0.89796515625 0.10791015625
vt 0.890119453125 0.10791015625
vt 0.89404234375 0.10468750000000004
vt 0.890119453125 0.10791015625
vt 0.890119453125 0.099853515625
vt 0.89796515625 0.099853515625
vt 0.89796515625 0.10791015625
vt 0.890119453125 0.10468750000000004
vt 0.89796515625 0.10468750000000004
vt 0.89404234375 0.10791015625
vt 0.89796515625 0.099853515625
vt 0.89796515625 0.10791015625
vt 0.890119453125 0.10791015625
vt 0.890119453125 0.099853515625
vt 0.89796515625 0.099853515625
vt 0.89796515625 0.10791015625
vt 0.890119453125 0.10791015625
vt 0.890119453125 0.099853515625
vt 0.89796515625 0.099853515625
vt 0.89796515625 0.10791015625
vt 0.890119453125 0.10791015625
vt 0.890119453125 0.099853515625
vt 0.89796515625 0.099853515625
vt 0.89796515625 0.10791015625
vt 0.890119453125 0.10791015625
vt 0.890119453125 0.099853515625
vt 0.89796515625 0.099853515625
vt 0.89796515625 0.10791015625
vt 0.890119453125 0.10791015625
vt 0.890119453125 0.099853515625
vt 0.89796515625 0.099853515625
vt 0.89796515625 0.10791015625
vt 0.890119453125 0.10791015625
vt 0.890119453125 0.099853515625
vt 0.89796515625 0.099853515625
vt 0.89796515625 0.10791015625
vt 0.890119453125 0.10791015625
vt 0.890119453125 0.099853515625
vt 0.89796515625 0.099853515625
vt 0.89796515625 0.10791015625
vt 0.890119453125 0.10791015625
vt 0.890119453125 0.099853515625
vt 0.89796515625 0.099853515625
vt 0.89796515625 0.10791015625
vt 0.890119453125 0.10791015625
vt 0.890119453125 0.099853515625
vt 0.89796515625 0.099853515625
vt 0.89796515625 0.10791015625
vt 0.890119453125 0.10791015625
vt 0.890119453125 0.099853515625
vt 0.89796515625 0.099853515625
vt 0.89796515625 0.10791015625
vt 0.890119453125 0.10791015625
vt 0.890119453125 0.099853515625
vt 0.89796515625 0.099853515625
vt 0.89796515625 0.10791015625
vt 0.890119453125 0.10791015625
vt 0.890119453125 0.099853515625
vn 0 -1 0
vn 0.24083252156399274 0.6207261082483623 0.7461225067614375
vn -1 0 0
vn 0 -1 0
vn 0.393083629569081 0.8469607806204078 0.3579702449305906
vn -1 0 0
vn 0 -1 0
vn 0.4472135954999592 0.8944271909999153 0
vn -1 0 0
vn 0 -1 0
vn 0.41702878892276873 0.8340575778455345 -0.3611577855287755
vn -1 0 0
vn 0 -1 0
vn 0.2762234056882732 0.5951669662861214 -0.7546369407812915
vn -1 0 0
vn 0 -1 0
vn 0 0 -1
vn -1 0 0
vn 0 -1 0
vn -0.3129496586711044 -0.5669405851407813 -0.7619979554158056
vn -1 0 0
vn 0 -1 0
vn -0.3724400492630915 -0.8574579506917016 -0.3550412264800996
vn -1 0 0
vn 0 -1 0
vn -0.31622776601684205 -0.9486832980505124 0
vn -1 0 0
vn 0 -1 0
vn -0.2970442377143039 -0.8911327131428989 0.3429973883388968
vn -1 0 0
vn 0 -1 0
vn -0.2628032670405839 -0.6050443587835557 0.7515688702554091
vn -1 0 0
vn 0 -1 0
vn 0 0 1
vn -1 0 0
vn 0 0 -1
vn 0.6207261082483639 0.24083252156399224 -0.7461225067614363
vn 0.8469607806204072 0.39308362956908055 -0.3579702449305928
vn 0.894427190999916 0.447213595499958 0
vn 0.8340575778455346 0.4170287889227673 0.3611577855287775
vn 0.5951669662861224 0.2762234056882735 0.7546369407812906
vn 0 0 1
vn -0.5669405851407818 -0.3129496586711044 0.7619979554158051
vn -0.8574579506917034 -0.3724400492630897 0.3550412264800978
vn -0.948683298050514 -0.316227766016838 0
vn -0.8911327131429012 -0.2970442377143004 -0.3429973883388942
vn -0.6050443587835571 -0.26280326704058277 -0.7515688702554083
usemtl m_d6dd9b6e-c937-c416-c9c0-f28f832954e4
f 325/1361/389 326/1362/389 327/1363/389
f 328/1364/390 329/1365/390 330/1366/390 331/1367/390
f 328/1368/391 331/1369/391 332/1370/391
f 333/1371/392 325/1372/392 327/1373/392
f 331/1374/393 330/1375/393 334/1376/393 335/1377/393
f 331/1378/394 335/1379/394 332/1380/394
f 336/1381/395 333/1382/395 327/1383/395
f 335/1384/396 334/1385/396 337/1386/396 338/1387/396
f 335/1388/397 338/1389/397 332/1390/397
f 339/1391/398 336/1392/398 327/1393/398
f 338/1394/399 337/1395/399 340/1396/399 341/1397/399
f 338/1398/400 341/1399/400 332/1400/400
f 342/1401/401 339/1402/401 327/1403/401
f 341/1404/402 340/1405/402 343/1406/402 344/1407/402
f 341/1408/403 344/1409/403 332/1410/403
f 345/1411/404 342/1412/404 327/1413/404
f 344/1414/405 343/1415/405 346/1416/405 347/1417/405
f 344/1418/406 347/1419/406 332/1420/406
f 348/1421/407 345/1422/407 327/1423/407
f 347/1424/408 346/1425/408 349/1426/408 350/1427/408
f 347/1428/409 350/1429/409 332/1430/409
f 351/1431/410 348/1432/410 327/1433/410
f 350/1434/411 349/1435/411 352/1436/411 353/1437/411
f 350/1438/412 353/1439/412 332/1440/412
f 354/1441/413 351/1442/413 327/1443/413
f 353/1444/414 352/1445/414 355/1446/414 356/1447/414
f 353/1448/415 356/1449/415 332/1450/415
f 357/1451/416 354/1452/416 327/1453/416
f 356/1454/417 355/1455/417 358/1456/417 359/1457/417
f 356/1458/418 359/1459/418 332/1460/418
f 360/1461/419 357/1462/419 327/1463/419
f 359/1464/420 358/1465/420 361/1466/420 362/1467/420
f 359/1468/421 362/1469/421 332/1470/421
f 326/1471/422 360/1472/422 327/1473/422
f 362/1474/423 361/1475/423 329/1476/423 328/1477/423
f 362/1478/424 328/1479/424 332/1480/424
f 345/1481/425 346/1482/425 343/1483/425 342/1484/425
f 342/1485/426 343/1486/426 340/1487/426 339/1488/426
f 339/1489/427 340/1490/427 337/1491/427 336/1492/427
f 336/1493/428 337/1494/428 334/1495/428 333/1496/428
f 333/1497/429 334/1498/429 330/1499/429 325/1500/429
f 325/1501/430 330/1502/430 329/1503/430 326/1504/430
f 326/1505/431 329/1506/431 361/1507/431 360/1508/431
f 360/1509/432 361/1510/432 358/1511/432 357/1512/432
f 357/1513/433 358/1514/433 355/1515/433 354/1516/433
f 354/1517/434 355/1518/434 352/1519/434 351/1520/434
f 351/1521/435 352/1522/435 349/1523/435 348/1524/435
f 348/1525/436 349/1526/436 346/1527/436 345/1528/436
o right
v 0.625 0 0.375
v 0.625 0.875 0.375
v 0.625 0.875 0.75
v 0.625 0 0.75
v 0.375 0 0.75
v 0.375 0.875 0.75
v 0.375 0.875 0.375
v 0.375 0 0.375
vt 0.9150390625 0.013671875
vt 0.9150390625 0.09997554687499999
vt 0.8828125 0.09997554687499999
vt 0.8828125 0.013671875
vt 0.96875 0.013671875
vt 0.96875 0.09997554687499999
vt 0.9365234375 0.09997554687499999
vt 0.9365234375 0.013671875
vt 0.904296875 0.013671875
vt 0.904296875 0.05065914062499999
vt 0.8828125 0.05065914062499999
vt 0.8828125 0.013671875
vt 0.904296875 0.07531734374999999
vt 0.904296875 0.1123046875
vt 0.8828125 0.1123046875
vt 0.8828125 0.07531734374999999
vt 0.904296875 0.013671875
vt 0.904296875 0.09997554687499999
vt 0.8828125 0.09997554687499999
vt 0.8828125 0.013671875
vt 0.904296875 0.013671875
vt 0.904296875 0.09997554687499999
vt 0.8828125 0.09997554687499999
vt 0.8828125 0.013671875
vn 1 0 0
vn -1 0 0
vn 0 1 0
vn 0 -1 0
vn 0 0 1
vn 0 0 -1
usemtl m_d6dd9b6e-c937-c416-c9c0-f28f832954e4
f 363/1529/437 364/1530/437 365/1531/437 366/1532/437
f 367/1533/438 368/1534/438 369/1535/438 370/1536/438
f 365/1537/439 364/1538/439 369/1539/439 368/1540/439
f 363/1541/440 366/1542/440 367/1543/440 370/1544/440
f 366/1545/441 365/1546/441 368/1547/441 367/1548/441
f 370/1549/442 369/1550/442 364/1551/442 363/1552/442
o right
v -0.375 0 0.375
v -0.375 0.875 0.375
v -0.375 0.875 0.75
v -0.375 0 0.75
v -0.625 0 0.75
v -0.625 0.875 0.75
v -0.625 0.875 0.375
v -0.625 0 0.375
vt 0.9150390625 0.013671875
vt 0.9150390625 0.09997554687499999
vt 0.8828125 0.09997554687499999
vt 0.8828125 0.013671875
vt 0.96875 0.013671875
vt 0.96875 0.09997554687499999
vt 0.9365234375 0.09997554687499999
vt 0.9365234375 0.013671875
vt 0.904296875 0.013671875
vt 0.904296875 0.05065914062499999
vt 0.8828125 0.05065914062499999
vt 0.8828125 0.013671875
vt 0.904296875 0.07531734374999999
vt 0.904296875 0.1123046875
vt 0.8828125 0.1123046875
vt 0.8828125 0.07531734374999999
vt 0.904296875 0.013671875
vt 0.904296875 0.09997554687499999
vt 0.8828125 0.09997554687499999
vt 0.8828125 0.013671875
vt 0.904296875 0.013671875
vt 0.904296875 0.09997554687499999
vt 0.8828125 0.09997554687499999
vt 0.8828125 0.013671875
vn 1 0 0
vn -1 0 0
vn 0 1 0
vn 0 -1 0
vn 0 0 1
vn 0 0 -1
usemtl m_d6dd9b6e-c937-c416-c9c0-f28f832954e4
f 371/1553/443 372/1554/443 373/1555/443 374/1556/443
f 375/1557/444 376/1558/444 377/1559/444 378/1560/444
f 373/1561/445 372/1562/445 377/1563/445 376/1564/445
f 371/1565/446 374/1566/446 375/1567/446 378/1568/446
f 374/1569/447 373/1570/447 376/1571/447 375/1572/447
f 378/1573/448 377/1574/448 372/1575/448 371/1576/448
o left
v -0.375 0 0.375
v -0.375 0.875 0.375
v -0.375 0.875 0.75
v -0.375 0 0.75
v -0.625 0 0.75
v -0.625 0.875 0.75
v -0.625 0.875 0.375
v -0.625 0 0.375
vt 0.9150390625 0.013671875
vt 0.9150390625 0.09997554687499999
vt 0.8828125 0.09997554687499999
vt 0.8828125 0.013671875
vt 0.96875 0.013671875
vt 0.96875 0.09997554687499999
vt 0.9365234375 0.09997554687499999
vt 0.9365234375 0.013671875
vt 0.904296875 0.013671875
vt 0.904296875 0.05065914062499999
vt 0.8828125 0.05065914062499999
vt 0.8828125 0.013671875
vt 0.904296875 0.07531734374999999
vt 0.904296875 0.1123046875
vt 0.8828125 0.1123046875
vt 0.8828125 0.07531734374999999
vt 0.904296875 0.013671875
vt 0.904296875 0.09997554687499999
vt 0.8828125 0.09997554687499999
vt 0.8828125 0.013671875
vt 0.904296875 0.013671875
vt 0.904296875 0.09997554687499999
vt 0.8828125 0.09997554687499999
vt 0.8828125 0.013671875
vn 1 0 0
vn -1 0 0
vn 0 1 0
vn 0 -1 0
vn 0 0 1
vn 0 0 -1
usemtl m_d6dd9b6e-c937-c416-c9c0-f28f832954e4
f 379/1577/449 380/1578/449 381/1579/449 382/1580/449
f 383/1581/450 384/1582/450 385/1583/450 386/1584/450
f 381/1585/451 380/1586/451 385/1587/451 384/1588/451
f 379/1589/452 382/1590/452 383/1591/452 386/1592/452
f 382/1593/453 381/1594/453 384/1595/453 383/1596/453
f 386/1597/454 385/1598/454 380/1599/454 379/1600/454
o right
v 0.625 0 -0.75
v 0.625 0.875 -0.75
v 0.625 0.875 -0.375
v 0.625 0 -0.375
v 0.375 0 -0.375
v 0.375 0.875 -0.375
v 0.375 0.875 -0.75
v 0.375 0 -0.75
vt 0.9150390625 0.013671875
vt 0.9150390625 0.09997554687499999
vt 0.8828125 0.09997554687499999
vt 0.8828125 0.013671875
vt 0.96875 0.013671875
vt 0.96875 0.09997554687499999
vt 0.9365234375 0.09997554687499999
vt 0.9365234375 0.013671875
vt 0.904296875 0.013671875
vt 0.904296875 0.05065914062499999
vt 0.8828125 0.05065914062499999
vt 0.8828125 0.013671875
vt 0.904296875 0.07531734374999999
vt 0.904296875 0.1123046875
vt 0.8828125 0.1123046875
vt 0.8828125 0.07531734374999999
vt 0.904296875 0.013671875
vt 0.904296875 0.09997554687499999
vt 0.8828125 0.09997554687499999
vt 0.8828125 0.013671875
vt 0.904296875 0.013671875
vt 0.904296875 0.09997554687499999
vt 0.8828125 0.09997554687499999
vt 0.8828125 0.013671875
vn 1 0 0
vn -1 0 0
vn 0 1 0
vn 0 -1 0
vn 0 0 1
vn 0 0 -1
usemtl m_d6dd9b6e-c937-c416-c9c0-f28f832954e4
f 387/1601/455 388/1602/455 389/1603/455 390/1604/455
f 391/1605/456 392/1606/456 393/1607/456 394/1608/456
f 389/1609/457 388/1610/457 393/1611/457 392/1612/457
f 387/1613/458 390/1614/458 391/1615/458 394/1616/458
f 390/1617/459 389/1618/459 392/1619/459 391/1620/459
f 394/1621/460 393/1622/460 388/1623/460 387/1624/460
o left
v -0.375 0 -0.75
v -0.375 0.875 -0.75
v -0.375 0.875 -0.375
v -0.375 0 -0.375
v -0.625 0 -0.375
v -0.625 0.875 -0.375
v -0.625 0.875 -0.75
v -0.625 0 -0.75
vt 0.9150390625 0.013671875
vt 0.9150390625 0.09997554687499999
vt 0.8828125 0.09997554687499999
vt 0.8828125 0.013671875
vt 0.96875 0.013671875
vt 0.96875 0.09997554687499999
vt 0.9365234375 0.09997554687499999
vt 0.9365234375 0.013671875
vt 0.904296875 0.013671875
vt 0.904296875 0.05065914062499999
vt 0.8828125 0.05065914062499999
vt 0.8828125 0.013671875
vt 0.904296875 0.07531734374999999
vt 0.904296875 0.1123046875
vt 0.8828125 0.1123046875
vt 0.8828125 0.07531734374999999
vt 0.904296875 0.013671875
vt 0.904296875 0.09997554687499999
vt 0.8828125 0.09997554687499999
vt 0.8828125 0.013671875
vt 0.904296875 0.013671875
vt 0.904296875 0.09997554687499999
vt 0.8828125 0.09997554687499999
vt 0.8828125 0.013671875
vn 1 0 0
vn -1 0 0
vn 0 1 0
vn 0 -1 0
vn 0 0 1
vn 0 0 -1
usemtl m_d6dd9b6e-c937-c416-c9c0-f28f832954e4
f 395/1625/461 396/1626/461 397/1627/461 398/1628/461
f 399/1629/462 400/1630/462 401/1631/462 402/1632/462
f 397/1633/463 396/1634/463 401/1635/463 400/1636/463
f 395/1637/464 398/1638/464 399/1639/464 402/1640/464
f 398/1641/465 397/1642/465 400/1643/465 399/1644/465
f 402/1645/466 401/1646/466 396/1647/466 395/1648/466
o left
v 0.53125 0.375 -0.375
v 0.46875 0.375 -0.375
v 0.46875 1.09375 -0.375
v 0.53125 1.09375 -0.375
v 0.53125 0.375 0.375
v 0.53125 1.09375 0.375
v 0.46875 0.375 0.375
v 0.46875 1.09375 0.375
vt 0.8984375 0
vt 1 0
vt 1 0.0751953125
vt 0.8984375 0.0751953125
vt 0.888671875 0.0087890625
vt 0.982421875 0.0087890625
vt 0.982421875 0.1142578125
vt 0.888671875 0.1142578125
vt 0.8984375 0
vt 1 0
vt 1 0.0751953125
vt 0.8984375 0.0751953125
vt 0.888671875 0.0087890625
vt 0.982421875 0.0087890625
vt 0.982421875 0.1142578125
vt 0.888671875 0.1142578125
vt 0.8984375 0.0234375
vt 1 0.0234375
vt 1 0.0869140625
vt 0.8984375 0.0869140625
vt 0.8984375 0.0234375
vt 1 0.0234375
vt 1 0.0869140625
vt 0.8984375 0.0869140625
vn 0 0 -1
vn 1 0 0
vn 0 0 1
vn -1 0 0
vn 0 1 0
vn 0 -1 0
usemtl m_d6dd9b6e-c937-c416-c9c0-f28f832954e4
f 403/1649/467 404/1650/467 405/1651/467 406/1652/467
f 407/1653/468 403/1654/468 406/1655/468 408/1656/468
f 409/1657/469 407/1658/469 408/1659/469 410/1660/469
f 404/1661/470 409/1662/470 410/1663/470 405/1664/470
f 410/1665/471 408/1666/471 406/1667/471 405/1668/471
f 404/1669/472 403/1670/472 407/1671/472 409/1672/472
o left
v 0.53125 1.09375 -0.046875
v 0.46875 1.09375 -0.046875
v 0.46875 2.34375 -0.046875
v 0.53125 2.34375 -0.046875
v 0.53125 1.09375 0.046875
v 0.53125 2.34375 0.046875
v 0.46875 1.09375 0.046875
v 0.46875 2.34375 0.046875
vt 0.8984375 0
vt 1 0
vt 1 0.0751953125
vt 0.8984375 0.0751953125
vt 0.888671875 0.0087890625
vt 0.982421875 0.0087890625
vt 0.982421875 0.1142578125
vt 0.888671875 0.1142578125
vt 0.8984375 0
vt 1 0
vt 1 0.0751953125
vt 0.8984375 0.0751953125
vt 0.888671875 0.0087890625
vt 0.982421875 0.0087890625
vt 0.982421875 0.1142578125
vt 0.888671875 0.1142578125
vt 0.8984375 0.0234375
vt 1 0.0234375
vt 1 0.0869140625
vt 0.8984375 0.0869140625
vt 0.8984375 0.0234375
vt 1 0.0234375
vt 1 0.0869140625
vt 0.8984375 0.0869140625
vn 0 0 -1
vn 1 0 0
vn 0 0 1
vn -1 0 0
vn 0 1 0
vn 0 -1 0
usemtl m_d6dd9b6e-c937-c416-c9c0-f28f832954e4
f 411/1673/473 412/1674/473 413/1675/473 414/1676/473
f 415/1677/474 411/1678/474 414/1679/474 416/1680/474
f 417/1681/475 415/1682/475 416/1683/475 418/1684/475
f 412/1685/476 417/1686/476 418/1687/476 413/1688/476
f 418/1689/477 416/1690/477 414/1691/477 413/1692/477
f 412/1693/478 411/1694/478 415/1695/478 417/1696/478
o left
v 0.46875 2.25 -0.03125
v 0.40625 2.25 -0.03125
v 0.40625 2.34375 -0.03125
v 0.46875 2.34375 -0.03125
v 0.46875 2.25 0.03125
v 0.46875 2.34375 0.03125
v 0.40625 2.25 0.03125
v 0.40625 2.34375 0.03125
vt 0.8984375 0
vt 1 0
vt 1 0.0751953125
vt 0.8984375 0.0751953125
vt 0.888671875 0.0087890625
vt 0.982421875 0.0087890625
vt 0.982421875 0.1142578125
vt 0.888671875 0.1142578125
vt 0.8984375 0
vt 1 0
vt 1 0.0751953125
vt 0.8984375 0.0751953125
vt 0.888671875 0.0087890625
vt 0.982421875 0.0087890625
vt 0.982421875 0.1142578125
vt 0.888671875 0.1142578125
vt 0.8984375 0.0234375
vt 1 0.0234375
vt 1 0.0869140625
vt 0.8984375 0.0869140625
vt 0.8984375 0.0234375
vt 1 0.0234375
vt 1 0.0869140625
vt 0.8984375 0.0869140625
vn 0 0 -1
vn 1 0 0
vn 0 0 1
vn -1 0 0
vn 0 1 0
vn 0 -1 0
usemtl m_d6dd9b6e-c937-c416-c9c0-f28f832954e4
f 419/1697/479 420/1698/479 421/1699/479 422/1700/479
f 423/1701/480 419/1702/480 422/1703/480 424/1704/480
f 425/1705/481 423/1706/481 424/1707/481 426/1708/481
f 420/1709/482 425/1710/482 426/1711/482 421/1712/482
f 426/1713/483 424/1714/483 422/1715/483 421/1716/483
f 420/1717/484 419/1718/484 423/1719/484 425/1720/484
o left
v 0.625 2.34375 -0.046875
v -0.625 2.34375 -0.046875
v -0.625 2.53125 -0.046875
v 0.625 2.53125 -0.046875
v 0.625 2.34375 0.046875
v 0.625 2.53125 0.046875
v -0.625 2.34375 0.046875
v -0.625 2.53125 0.046875
vt 0.8984375 0
vt 1 0
vt 1 0.0751953125
vt 0.8984375 0.0751953125
vt 0.888671875 0.0087890625
vt 0.982421875 0.0087890625
vt 0.982421875 0.1142578125
vt 0.888671875 0.1142578125
vt 0.8984375 0
vt 1 0
vt 1 0.0751953125
vt 0.8984375 0.0751953125
vt 0.888671875 0.0087890625
vt 0.982421875 0.0087890625
vt 0.982421875 0.1142578125
vt 0.888671875 0.1142578125
vt 0.8984375 0.0234375
vt 1 0.0234375
vt 1 0.0869140625
vt 0.8984375 0.0869140625
vt 0.8984375 0.0234375
vt 1 0.0234375
vt 1 0.0869140625
vt 0.8984375 0.0869140625
vn 0 0 -1
vn 1 0 0
vn 0 0 1
vn -1 0 0
vn 0 1 0
vn 0 -1 0
usemtl m_d6dd9b6e-c937-c416-c9c0-f28f832954e4
f 427/1721/485 428/1722/485 429/1723/485 430/1724/485
f 431/1725/486 427/1726/486 430/1727/486 432/1728/486
f 433/1729/487 431/1730/487 432/1731/487 434/1732/487
f 428/1733/488 433/1734/488 434/1735/488 429/1736/488
f 434/1737/489 432/1738/489 430/1739/489 429/1740/489
f 428/1741/490 427/1742/490 431/1743/490 433/1744/490
o right
v -0.46875 1.09375 -0.046875
v -0.53125 1.09375 -0.046875
v -0.53125 2.34375 -0.046875
v -0.46875 2.34375 -0.046875
v -0.46875 1.09375 0.046875
v -0.46875 2.34375 0.046875
v -0.53125 1.09375 0.046875
v -0.53125 2.34375 0.046875
vt 0.8984375 0
vt 1 0
vt 1 0.0751953125
vt 0.8984375 0.0751953125
vt 0.888671875 0.0087890625
vt 0.982421875 0.0087890625
vt 0.982421875 0.1142578125
vt 0.888671875 0.1142578125
vt 0.8984375 0
vt 1 0
vt 1 0.0751953125
vt 0.8984375 0.0751953125
vt 0.888671875 0.0087890625
vt 0.982421875 0.0087890625
vt 0.982421875 0.1142578125
vt 0.888671875 0.1142578125
vt 0.8984375 0.0234375
vt 1 0.0234375
vt 1 0.0869140625
vt 0.8984375 0.0869140625
vt 0.8984375 0.0234375
vt 1 0.0234375
vt 1 0.0869140625
vt 0.8984375 0.0869140625
vn 0 0 -1
vn 1 0 0
vn 0 0 1
vn -1 0 0
vn 0 1 0
vn 0 -1 0
usemtl m_d6dd9b6e-c937-c416-c9c0-f28f832954e4
f 435/1745/491 436/1746/491 437/1747/491 438/1748/491
f 439/1749/492 435/1750/492 438/1751/492 440/1752/492
f 441/1753/493 439/1754/493 440/1755/493 442/1756/493
f 436/1757/494 441/1758/494 442/1759/494 437/1760/494
f 442/1761/495 440/1762/495 438/1763/495 437/1764/495
f 436/1765/496 435/1766/496 439/1767/496 441/1768/496
o right
v -0.41462375 0.375 0.02287625
v -0.42912625 0.375 0.03125
v -0.4375 0.375 0
v -0.41462375 2.25 0.02287625
v -0.42912625 2.25 0.03125
v -0.4375 2.25 0
v -0.40625 0.375 0.00837375
v -0.40625 2.25 0.00837375
v -0.40625 0.375 -0.00837375
v -0.40625 2.25 -0.00837375
v -0.41462375 0.375 -0.02287625
v -0.41462375 2.25 -0.02287625
v -0.42912625 0.375 -0.03125
v -0.42912625 2.25 -0.03125
v -0.44587375 0.375 -0.03125
v -0.44587375 2.25 -0.03125
v -0.46037625 0.375 -0.02287625
v -0.46037625 2.25 -0.02287625
v -0.46875 0.375 -0.00837375
v -0.46875 2.25 -0.00837375
v -0.46875 0.375 0.00837375
v -0.46875 2.25 0.00837375
v -0.46037625 0.375 0.02287625
v -0.46037625 2.25 0.02287625
v -0.44587375 0.375 0.03125
v -0.44587375 2.25 0.03125
vt 0.928846953125 0.11059874999999997
vt 0.925821640625 0.1123046875
vt 0.90625 0.11059874999999997
vt 0.90625 0.0595703125
vt 0.917950078125 0.0595703125
vt 0.917950078125 0.1123046875
vt 0.90625 0.1123046875
vt 0.90625 0.10889249999999995
vt 0.9175475 0.10934976562499998
vt 0.90625 0.1123046875
vt 0.92884875 0.11059882812499999
vt 0.925820078125 0.1123046875
vt 0.90625 0.11059882812499999
vt 0.90625 0.0595703125
vt 0.917950078125 0.0595703125
vt 0.917950078125 0.1123046875
vt 0.90625 0.1123046875
vt 0.90625 0.10889273437500002
vt 0.9175484375 0.10934953125000002
vt 0.90625 0.1123046875
vt 0.9280784375 0.11053804687500002
vt 0.9280784375 0.1123046875
vt 0.90625 0.11142140624999997
vt 0.90625 0.0595703125
vt 0.917950078125 0.0595703125
vt 0.917950078125 0.1123046875
vt 0.90625 0.1123046875
vt 0.9280784375 0.11053804687500002
vt 0.9280784375 0.1123046875
vt 0.90625 0.11142140624999997
vt 0.90625 0.10889273437500002
vt 0.9175484375 0.10934953125000002
vt 0.90625 0.1123046875
vt 0.90625 0.0595703125
vt 0.917950078125 0.0595703125
vt 0.917950078125 0.1123046875
vt 0.90625 0.1123046875
vt 0.92884875 0.11059882812499999
vt 0.925820078125 0.1123046875
vt 0.90625 0.11059882812499999
vt 0.90625 0.10889249999999995
vt 0.9175475 0.10934976562499998
vt 0.90625 0.1123046875
vt 0.90625 0.0595703125
vt 0.917950078125 0.0595703125
vt 0.917950078125 0.1123046875
vt 0.90625 0.1123046875
vt 0.928846953125 0.11059874999999997
vt 0.925821640625 0.1123046875
vt 0.90625 0.11059874999999997
vt 0.90625 0.10900874999999999
vt 0.917950078125 0.10900874999999999
vt 0.9121 0.1123046875
vt 0.90625 0.0595703125
vt 0.917950078125 0.0595703125
vt 0.917950078125 0.1123046875
vt 0.90625 0.1123046875
vt 0.917950078125 0.1123046875
vt 0.90625 0.1123046875
vt 0.9121 0.10900874999999999
vt 0.90625 0.1123046875
vt 0.909275234375 0.11059874999999997
vt 0.928846953125 0.1123046875
vt 0.90625 0.0595703125
vt 0.917950078125 0.0595703125
vt 0.917950078125 0.1123046875
vt 0.90625 0.1123046875
vt 0.9175475 0.1123046875
vt 0.90625 0.11184734375000005
vt 0.9175475 0.10889249999999995
vt 0.90625 0.1123046875
vt 0.90927875 0.11059882812499999
vt 0.92884875 0.1123046875
vt 0.90625 0.0595703125
vt 0.917950078125 0.0595703125
vt 0.917950078125 0.1123046875
vt 0.90625 0.1123046875
vt 0.9175484375 0.1123046875
vt 0.90625 0.111847890625
vt 0.9175484375 0.10889273437500002
vt 0.90625 0.1123046875
vt 0.90625 0.11053804687500002
vt 0.9280784375 0.11142140624999997
vt 0.90625 0.0595703125
vt 0.917950078125 0.0595703125
vt 0.917950078125 0.1123046875
vt 0.90625 0.1123046875
vt 0.90625 0.1123046875
vt 0.90625 0.11053804687500002
vt 0.9280784375 0.11142140624999997
vt 0.9175484375 0.1123046875
vt 0.90625 0.111847890625
vt 0.9175484375 0.10889273437500002
vt 0.90625 0.0595703125
vt 0.917950078125 0.0595703125
vt 0.917950078125 0.1123046875
vt 0.90625 0.1123046875
vt 0.90625 0.1123046875
vt 0.90927875 0.11059882812499999
vt 0.92884875 0.1123046875
vt 0.9175475 0.1123046875
vt 0.90625 0.11184734375000005
vt 0.9175475 0.10889249999999995
vt 0.90625 0.0595703125
vt 0.917950078125 0.0595703125
vt 0.917950078125 0.1123046875
vt 0.90625 0.1123046875
vt 0.90625 0.1123046875
vt 0.909275234375 0.11059874999999997
vt 0.928846953125 0.1123046875
vt 0.917950078125 0.1123046875
vt 0.90625 0.1123046875
vt 0.9121 0.10900874999999999
vt 0.90625 0.0595703125
vt 0.917950078125 0.0595703125
vt 0.917950078125 0.1123046875
vt 0.90625 0.1123046875
vt 0.90625 0.10900874999999999
vt 0.917950078125 0.10900874999999999
vt 0.9121 0.1123046875
vn 0 -1 0
vn 0.5000325911601279 0 0.8660065864516786
vn 0 1 0
vn 0 -1 0
vn 0.8660065864516785 0 0.5000325911601278
vn 0 1 0
vn 0 -1 0
vn 1 0 0
vn 0 1 0
vn 0 -1 0
vn 0.8660065864516785 0 -0.5000325911601278
vn 0 1 0
vn 0 -1 0
vn 0.5000325911601279 0 -0.8660065864516786
vn 0 1 0
vn 0 -1 0
vn 0 0 -1
vn 0 1 0
vn 0 -1 0
vn -0.5000325911601279 0 -0.8660065864516786
vn 0 1 0
vn 0 -1 0
vn -0.8660065864516785 0 -0.5000325911601278
vn 0 1 0
vn 0 -1 0
vn -1 0 0
vn 0 1 0
vn 0 -1 0
vn -0.8660065864516785 0 0.5000325911601278
vn 0 1 0
vn 0 -1 0
vn -0.5000325911601279 0 0.8660065864516786
vn 0 1 0
vn 0 -1 0
vn 0 0 1
vn 0 1 0
usemtl m_d6dd9b6e-c937-c416-c9c0-f28f832954e4
f 443/1769/497 444/1770/497 445/1771/497
f 444/1772/498 443/1773/498 446/1774/498 447/1775/498
f 447/1776/499 446/1777/499 448/1778/499
f 449/1779/500 443/1780/500 445/1781/500
f 443/1782/501 449/1783/501 450/1784/501 446/1785/501
f 446/1786/502 450/1787/502 448/1788/502
f 451/1789/503 449/1790/503 445/1791/503
f 449/1792/504 451/1793/504 452/1794/504 450/1795/504
f 450/1796/505 452/1797/505 448/1798/505
f 453/1799/506 451/1800/506 445/1801/506
f 451/1802/507 453/1803/507 454/1804/507 452/1805/507
f 452/1806/508 454/1807/508 448/1808/508
f 455/1809/509 453/1810/509 445/1811/509
f 453/1812/510 455/1813/510 456/1814/510 454/1815/510
f 454/1816/511 456/1817/511 448/1818/511
f 457/1819/512 455/1820/512 445/1821/512
f 455/1822/513 457/1823/513 458/1824/513 456/1825/513
f 456/1826/514 458/1827/514 448/1828/514
f 459/1829/515 457/1830/515 445/1831/515
f 457/1832/516 459/1833/516 460/1834/516 458/1835/516
f 458/1836/517 460/1837/517 448/1838/517
f 461/1839/518 459/1840/518 445/1841/518
f 459/1842/519 461/1843/519 462/1844/519 460/1845/519
f 460/1846/520 462/1847/520 448/1848/520
f 463/1849/521 461/1850/521 445/1851/521
f 461/1852/522 463/1853/522 464/1854/522 462/1855/522
f 462/1856/523 464/1857/523 448/1858/523
f 465/1859/524 463/1860/524 445/1861/524
f 463/1862/525 465/1863/525 466/1864/525 464/1865/525
f 464/1866/526 466/1867/526 448/1868/526
f 467/1869/527 465/1870/527 445/1871/527
f 465/1872/528 467/1873/528 468/1874/528 466/1875/528
f 466/1876/529 468/1877/529 448/1878/529
f 444/1879/530 467/1880/530 445/1881/530
f 467/1882/531 444/1883/531 447/1884/531 468/1885/531
f 468/1886/532 447/1887/532 448/1888/532
o left
v -0.40625 2.25 -0.03125
v -0.46875 2.25 -0.03125
v -0.46875 2.34375 -0.03125
v -0.40625 2.34375 -0.03125
v -0.40625 2.25 0.03125
v -0.40625 2.34375 0.03125
v -0.46875 2.25 0.03125
v -0.46875 2.34375 0.03125
vt 0.8984375 0
vt 1 0
vt 1 0.0751953125
vt 0.8984375 0.0751953125
vt 0.888671875 0.0087890625
vt 0.982421875 0.0087890625
vt 0.982421875 0.1142578125
vt 0.888671875 0.1142578125
vt 0.8984375 0
vt 1 0
vt 1 0.0751953125
vt 0.8984375 0.0751953125
vt 0.888671875 0.0087890625
vt 0.982421875 0.0087890625
vt 0.982421875 0.1142578125
vt 0.888671875 0.1142578125
vt 0.8984375 0.0234375
vt 1 0.0234375
vt 1 0.0869140625
vt 0.8984375 0.0869140625
vt 0.8984375 0.0234375
vt 1 0.0234375
vt 1 0.0869140625
vt 0.8984375 0.0869140625
vn 0 0 -1
vn 1 0 0
vn 0 0 1
vn -1 0 0
vn 0 1 0
vn 0 -1 0
usemtl m_d6dd9b6e-c937-c416-c9c0-f28f832954e4
f 469/1889/533 470/1890/533 471/1891/533 472/1892/533
f 473/1893/534 469/1894/534 472/1895/534 474/1896/534
f 475/1897/535 473/1898/535 474/1899/535 476/1900/535
f 470/1901/536 475/1902/536 476/1903/536 471/1904/536
f 476/1905/537 474/1906/537 472/1907/537 471/1908/537
f 470/1909/538 469/1910/538 473/1911/538 475/1912/538
o doorLeft
v -0.28125 0.772876875 0.022876875
v -0.28125 0.7583731250000001 0.03125
v -0.28125 0.7500000000000001 0
v -0.4375 0.7728768750000001 0.022876875
v -0.4375 0.7583731250000001 0.03125
v -0.4375 0.7500000000000001 0
v -0.28125 0.7812500000000001 0.008373125
v -0.4375 0.7812500000000001 0.008373125
v -0.28125 0.7812500000000001 -0.008373125
v -0.4375 0.7812500000000001 -0.008373125
v -0.28125 0.772876875 -0.022876875
v -0.4375 0.7728768750000001 -0.022876875
v -0.28125 0.7583731250000001 -0.03125
v -0.4375 0.7583731250000001 -0.03125
v -0.28125 0.741626875 -0.03125
v -0.4375 0.7416268750000001 -0.03125
v -0.28125 0.7271231250000001 -0.022876875
v -0.4375 0.7271231250000001 -0.022876875
v -0.28125 0.7187500000000001 -0.008373125
v -0.4375 0.7187500000000001 -0.008373125
v -0.28125 0.7187500000000001 0.008373125
v -0.4375 0.7187500000000001 0.008373125
v -0.28125 0.7271231250000001 0.022876875
v -0.4375 0.7271231250000001 0.022876875
v -0.28125 0.741626875 0.03125
v -0.4375 0.7416268750000001 0.03125
vt 0.9052721875 0.106242109375
vt 0.903243515625 0.10791015625
vt 0.890119453125 0.106242109375
vt 0.890119453125 0.091796875
vt 0.89796515625 0.091796875
vt 0.89796515625 0.10791015625
vt 0.890119453125 0.10791015625
vt 0.890119453125 0.10457375000000002
vt 0.897695234375 0.10502093749999997
vt 0.890119453125 0.10791015625
vt 0.9052734375 0.10624226562500005
vt 0.9032425 0.10791015625
vt 0.890119453125 0.10624226562500005
vt 0.890119453125 0.091796875
vt 0.89796515625 0.091796875
vt 0.89796515625 0.10791015625
vt 0.890119453125 0.10791015625
vt 0.890119453125 0.10457406250000001
vt 0.897695859375 0.105020703125
vt 0.890119453125 0.10791015625
vt 0.904756875 0.10618281249999995
vt 0.904756875 0.10791015625
vt 0.890119453125 0.10704648437499997
vt 0.890119453125 0.091796875
vt 0.89796515625 0.091796875
vt 0.89796515625 0.10791015625
vt 0.890119453125 0.10791015625
vt 0.904756875 0.10618281249999995
vt 0.904756875 0.10791015625
vt 0.890119453125 0.10704648437499997
vt 0.890119453125 0.10457406250000001
vt 0.897695859375 0.105020703125
vt 0.890119453125 0.10791015625
vt 0.890119453125 0.091796875
vt 0.89796515625 0.091796875
vt 0.89796515625 0.10791015625
vt 0.890119453125 0.10791015625
vt 0.9052734375 0.10624226562500005
vt 0.9032425 0.10791015625
vt 0.890119453125 0.10624226562500005
vt 0.890119453125 0.10457375000000002
vt 0.897695234375 0.10502093749999997
vt 0.890119453125 0.10791015625
vt 0.890119453125 0.091796875
vt 0.89796515625 0.091796875
vt 0.89796515625 0.10791015625
vt 0.890119453125 0.10791015625
vt 0.9052721875 0.106242109375
vt 0.903243515625 0.10791015625
vt 0.890119453125 0.106242109375
vt 0.890119453125 0.10468750000000004
vt 0.89796515625 0.10468750000000004
vt 0.89404234375 0.10791015625
vt 0.890119453125 0.091796875
vt 0.89796515625 0.091796875
vt 0.89796515625 0.10791015625
vt 0.890119453125 0.10791015625
vt 0.89796515625 0.10791015625
vt 0.890119453125 0.10791015625
vt 0.89404234375 0.10468750000000004
vt 0.890119453125 0.10791015625
vt 0.892148125 0.106242109375
vt 0.9052721875 0.10791015625
vt 0.890119453125 0.091796875
vt 0.89796515625 0.091796875
vt 0.89796515625 0.10791015625
vt 0.890119453125 0.10791015625
vt 0.897695234375 0.10791015625
vt 0.890119453125 0.10746296875000005
vt 0.897695234375 0.10457375000000002
vt 0.890119453125 0.10791015625
vt 0.89215046875 0.10624226562500005
vt 0.9052734375 0.10791015625
vt 0.890119453125 0.091796875
vt 0.89796515625 0.091796875
vt 0.89796515625 0.10791015625
vt 0.890119453125 0.10791015625
vt 0.897695859375 0.10791015625
vt 0.890119453125 0.107463515625
vt 0.897695859375 0.10457406250000001
vt 0.890119453125 0.10791015625
vt 0.890119453125 0.10618281249999995
vt 0.904756875 0.10704648437499997
vt 0.890119453125 0.091796875
vt 0.89796515625 0.091796875
vt 0.89796515625 0.10791015625
vt 0.890119453125 0.10791015625
vt 0.890119453125 0.10791015625
vt 0.890119453125 0.10618281249999995
vt 0.904756875 0.10704648437499997
vt 0.897695859375 0.10791015625
vt 0.890119453125 0.107463515625
vt 0.897695859375 0.10457406250000001
vt 0.890119453125 0.091796875
vt 0.89796515625 0.091796875
vt 0.89796515625 0.10791015625
vt 0.890119453125 0.10791015625
vt 0.890119453125 0.10791015625
vt 0.89215046875 0.10624226562500005
vt 0.9052734375 0.10791015625
vt 0.897695234375 0.10791015625
vt 0.890119453125 0.10746296875000005
vt 0.897695234375 0.10457375000000002
vt 0.890119453125 0.091796875
vt 0.89796515625 0.091796875
vt 0.89796515625 0.10791015625
vt 0.890119453125 0.10791015625
vt 0.890119453125 0.10791015625
vt 0.892148125 0.106242109375
vt 0.9052721875 0.10791015625
vt 0.89796515625 0.10791015625
vt 0.890119453125 0.10791015625
vt 0.89404234375 0.10468750000000004
vt 0.890119453125 0.091796875
vt 0.89796515625 0.091796875
vt 0.89796515625 0.10791015625
vt 0.890119453125 0.10791015625
vt 0.890119453125 0.10468750000000004
vt 0.89796515625 0.10468750000000004
vt 0.89404234375 0.10791015625
vn 1 0 0
vn 3.5218229941600027e-16 0.4999722801449948 0.8660414072586917
vn -1 0 0
vn 1 0 0
vn 0 0.8660414072586903 0.499972280144997
vn -1 0 0
vn 1 0 0
vn 0 1 0
vn -1 0 0
vn 1 0 0
vn 6.163190239779962e-16 0.8660414072586903 -0.499972280144997
vn -1 0 0
vn 1 0 0
vn 0 0.4999722801449948 -0.8660414072586917
vn -1 0 0
vn 1 0 0
vn 0 0 -1
vn -1 0 0
vn 1 0 0
vn 0 -0.4999722801449948 -0.8660414072586917
vn -1 0 0
vn 1 0 0
vn 0 -0.8660414072586932 -0.499972280144992
vn -1 0 0
vn 1 0 0
vn 0 -1 0
vn -1 0 0
vn 1 0 0
vn 0 -0.8660414072586932 0.499972280144992
vn -1 0 0
vn 1 0 0
vn -3.5218229941600027e-16 -0.4999722801449948 0.8660414072586917
vn -1 0 0
vn 1 0 0
vn 0 0 1
vn -1 0 0
usemtl m_d6dd9b6e-c937-c416-c9c0-f28f832954e4
f 477/1913/539 478/1914/539 479/1915/539
f 478/1916/540 477/1917/540 480/1918/540 481/1919/540
f 481/1920/541 480/1921/541 482/1922/541
f 483/1923/542 477/1924/542 479/1925/542
f 477/1926/543 483/1927/543 484/1928/543 480/1929/543
f 480/1930/544 484/1931/544 482/1932/544
f 485/1933/545 483/1934/545 479/1935/545
f 483/1936/546 485/1937/546 486/1938/546 484/1939/546
f 484/1940/547 486/1941/547 482/1942/547
f 487/1943/548 485/1944/548 479/1945/548
f 485/1946/549 487/1947/549 488/1948/549 486/1949/549
f 486/1950/550 488/1951/550 482/1952/550
f 489/1953/551 487/1954/551 479/1955/551
f 487/1956/552 489/1957/552 490/1958/552 488/1959/552
f 488/1960/553 490/1961/553 482/1962/553
f 491/1963/554 489/1964/554 479/1965/554
f 489/1966/555 491/1967/555 492/1968/555 490/1969/555
f 490/1970/556 492/1971/556 482/1972/556
f 493/1973/557 491/1974/557 479/1975/557
f 491/1976/558 493/1977/558 494/1978/558 492/1979/558
f 492/1980/559 494/1981/559 482/1982/559
f 495/1983/560 493/1984/560 479/1985/560
f 493/1986/561 495/1987/561 496/1988/561 494/1989/561
f 494/1990/562 496/1991/562 482/1992/562
f 497/1993/563 495/1994/563 479/1995/563
f 495/1996/564 497/1997/564 498/1998/564 496/1999/564
f 496/2000/565 498/2001/565 482/2002/565
f 499/2003/566 497/2004/566 479/2005/566
f 497/2006/567 499/2007/567 500/2008/567 498/2009/567
f 498/2010/568 500/2011/568 482/2012/568
f 501/2013/569 499/2014/569 479/2015/569
f 499/2016/570 501/2017/570 502/2018/570 500/2019/570
f 500/2020/571 502/2021/571 482/2022/571
f 478/2023/572 501/2024/572 479/2025/572
f 501/2026/573 478/2027/573 481/2028/573 502/2029/573
f 502/2030/574 481/2031/574 482/2032/574
o doorRight
v 0.031249999999999955 0.4375 -4.592425496802574e-17
v 0.43749999999999994 0.43749999999999994 -4.592425496802574e-17
v 0.43750000000000017 2.15625 1.6456191363542558e-16
v 0.03125000000000017 2.15625 1.6456191363542558e-16
v 0.031249999999999955 0.4375 -4.592425496802574e-17
v 0.03125000000000017 2.15625 1.6456191363542558e-16
v 0.43749999999999994 0.43749999999999994 -4.592425496802574e-17
v 0.43750000000000017 2.15625 1.6456191363542558e-16
vt 0.7060546875 0
vt 0.6552734375 0
vt 0.6552734375 0.21484375
vt 0.7060546875 0.21484375
vt 0.0078125 0.875
vt 0.0078125 0.875
vt 0.0078125 1
vt 0.0078125 1
vt 0.6552734375 0
vt 0.7060546875 0
vt 0.7060546875 0.21484375
vt 0.6552734375 0.21484375
vt 0.0078125 0.875
vt 0.0078125 0.875
vt 0.0078125 1
vt 0.0078125 1
vt 0 0.9921875
vt 0.03515625 0.9921875
vt 0.03515625 0.9921875
vt 0 0.9921875
vt 0 0.9921875
vt 0.03515625 0.9921875
vt 0.03515625 0.9921875
vt 0 0.9921875
vn -1.6733920903961736e-32 -1.2246467991473532e-16 1
vn 0 0 0
vn 1.6733920903961736e-32 1.2246467991473532e-16 -1
vn 0 0 0
vn 0 0 0
vn 0 0 0
usemtl m_d6dd9b6e-c937-c416-c9c0-f28f832954e4
f 503/2033/575 504/2034/575 505/2035/575 506/2036/575
f 507/2037/576 503/2038/576 506/2039/576 508/2040/576
f 509/2041/577 507/2042/577 508/2043/577 510/2044/577
f 504/2045/578 509/2046/578 510/2047/578 505/2048/578
f 510/2049/579 508/2050/579 506/2051/579 505/2052/579
f 504/2053/580 503/2054/580 507/2055/580 509/2056/580
o doorRight
v 0.15625000000000008 0.44587312500000004 -0.022876875000000046
v 0.15625000000000008 0.4603768750000001 -0.03125000000000004
v 0.15625000000000008 0.46875000000000006 -4.209723372069026e-17
v 0.12500000000000008 0.445873125 -0.022876875000000046
v 0.12500000000000008 0.460376875 -0.03125000000000004
v 0.12500000000000008 0.46875 -4.209723372069027e-17
v 0.15625000000000008 0.43750000000000006 -0.008373125000000045
v 0.12500000000000008 0.4375 -0.008373125000000045
v 0.15625000000000008 0.43750000000000006 0.008373124999999955
v 0.12500000000000008 0.4375 0.008373124999999955
v 0.15625000000000008 0.44587312500000004 0.022876874999999956
v 0.12500000000000008 0.445873125 0.022876874999999956
v 0.15625000000000008 0.4603768750000001 0.03124999999999996
v 0.12500000000000008 0.460376875 0.03124999999999996
v 0.15625000000000008 0.47712312500000004 0.03124999999999996
v 0.12500000000000008 0.477123125 0.03124999999999996
v 0.15625000000000008 0.4916268750000001 0.022876874999999963
v 0.12500000000000008 0.491626875 0.022876874999999963
v 0.15625000000000006 0.5 0.008373124999999962
v 0.12500000000000006 0.5 0.008373124999999962
v 0.15625000000000006 0.5 -0.008373125000000039
v 0.12500000000000006 0.5 -0.008373125000000039
v 0.15625000000000008 0.4916268750000001 -0.02287687500000004
v 0.12500000000000008 0.491626875 -0.02287687500000004
v 0.15625000000000008 0.47712312500000004 -0.03125000000000004
v 0.12500000000000008 0.477123125 -0.03125000000000004
vt 0.9052721875 0.106242109375
vt 0.903243515625 0.10791015625
vt 0.890119453125 0.106242109375
vt 0.890119453125 0.091796875
vt 0.89796515625 0.091796875
vt 0.89796515625 0.10791015625
vt 0.890119453125 0.10791015625
vt 0.890119453125 0.10457375000000002
vt 0.897695234375 0.10502093749999997
vt 0.890119453125 0.10791015625
vt 0.9052734375 0.10624226562500005
vt 0.9032425 0.10791015625
vt 0.890119453125 0.10624226562500005
vt 0.890119453125 0.091796875
vt 0.89796515625 0.091796875
vt 0.89796515625 0.10791015625
vt 0.890119453125 0.10791015625
vt 0.890119453125 0.10457406250000001
vt 0.897695859375 0.105020703125
vt 0.890119453125 0.10791015625
vt 0.904756875 0.10618281249999995
vt 0.904756875 0.10791015625
vt 0.890119453125 0.10704648437499997
vt 0.890119453125 0.091796875
vt 0.89796515625 0.091796875
vt 0.89796515625 0.10791015625
vt 0.890119453125 0.10791015625
vt 0.904756875 0.10618281249999995
vt 0.904756875 0.10791015625
vt 0.890119453125 0.10704648437499997
vt 0.890119453125 0.10457406250000001
vt 0.897695859375 0.105020703125
vt 0.890119453125 0.10791015625
vt 0.890119453125 0.091796875
vt 0.89796515625 0.091796875
vt 0.89796515625 0.10791015625
vt 0.890119453125 0.10791015625
vt 0.9052734375 0.10624226562500005
vt 0.9032425 0.10791015625
vt 0.890119453125 0.10624226562500005
vt 0.890119453125 0.10457375000000002
vt 0.897695234375 0.10502093749999997
vt 0.890119453125 0.10791015625
vt 0.890119453125 0.091796875
vt 0.89796515625 0.091796875
vt 0.89796515625 0.10791015625
vt 0.890119453125 0.10791015625
vt 0.9052721875 0.106242109375
vt 0.903243515625 0.10791015625
vt 0.890119453125 0.106242109375
vt 0.890119453125 0.10468750000000004
vt 0.89796515625 0.10468750000000004
vt 0.89404234375 0.10791015625
vt 0.890119453125 0.091796875
vt 0.89796515625 0.091796875
vt 0.89796515625 0.10791015625
vt 0.890119453125 0.10791015625
vt 0.89796515625 0.10791015625
vt 0.890119453125 0.10791015625
vt 0.89404234375 0.10468750000000004
vt 0.890119453125 0.10791015625
vt 0.892148125 0.106242109375
vt 0.9052721875 0.10791015625
vt 0.890119453125 0.091796875
vt 0.89796515625 0.091796875
vt 0.89796515625 0.10791015625
vt 0.890119453125 0.10791015625
vt 0.897695234375 0.10791015625
vt 0.890119453125 0.10746296875000005
vt 0.897695234375 0.10457375000000002
vt 0.890119453125 0.10791015625
vt 0.89215046875 0.10624226562500005
vt 0.9052734375 0.10791015625
vt 0.890119453125 0.091796875
vt 0.89796515625 0.091796875
vt 0.89796515625 0.10791015625
vt 0.890119453125 0.10791015625
vt 0.897695859375 0.10791015625
vt 0.890119453125 0.107463515625
vt 0.897695859375 0.10457406250000001
vt 0.890119453125 0.10791015625
vt 0.890119453125 0.10618281249999995
vt 0.904756875 0.10704648437499997
vt 0.890119453125 0.091796875
vt 0.89796515625 0.091796875
vt 0.89796515625 0.10791015625
vt 0.890119453125 0.10791015625
vt 0.890119453125 0.10791015625
vt 0.890119453125 0.10618281249999995
vt 0.904756875 0.10704648437499997
vt 0.897695859375 0.10791015625
vt 0.890119453125 0.107463515625
vt 0.897695859375 0.10457406250000001
vt 0.890119453125 0.091796875
vt 0.89796515625 0.091796875
vt 0.89796515625 0.10791015625
vt 0.890119453125 0.10791015625
vt 0.890119453125 0.10791015625
vt 0.89215046875 0.10624226562500005
vt 0.9052734375 0.10791015625
vt 0.897695234375 0.10791015625
vt 0.890119453125 0.10746296875000005
vt 0.897695234375 0.10457375000000002
vt 0.890119453125 0.091796875
vt 0.89796515625 0.091796875
vt 0.89796515625 0.10791015625
vt 0.890119453125 0.10791015625
vt 0.890119453125 0.10791015625
vt 0.892148125 0.106242109375
vt 0.9052721875 0.10791015625
vt 0.89796515625 0.10791015625
vt 0.890119453125 0.10791015625
vt 0.89404234375 0.10468750000000004
vt 0.890119453125 0.091796875
vt 0.89796515625 0.091796875
vt 0.89796515625 0.10791015625
vt 0.890119453125 0.10791015625
vt 0.890119453125 0.10468750000000004
vt 0.89796515625 0.10468750000000004
vt 0.89404234375 0.10791015625
vn 1 0 0
vn 9.063515058499954e-16 -0.49997228014499173 -0.8660414072586934
vn -1 0 0
vn 1 0 0
vn 1.5278496812899957e-15 -0.8660414072586932 -0.49997228014499207
vn -1 0 0
vn 1 0 0
vn 1.7763568394002505e-15 -1 0
vn -1 0 0
vn 1 0 0
vn 1.5278496812899957e-15 -0.8660414072586932 0.49997228014499207
vn -1 0 0
vn 1 0 0
vn 8.804557485399953e-16 -0.49997228014499207 0.8660414072586932
vn -1 0 0
vn 1 0 0
vn 0 0 1
vn -1 0 0
vn 1 0 0
vn -8.804557485399955e-16 0.49997228014499173 0.8660414072586934
vn -1 0 0
vn 1 1.213259049395033e-15 -1.2132590493950337e-15
vn 0 0.8660414072586946 0.49997228014498957
vn -1 -1.21325904939503e-15 1.2132590493950307e-15
vn 1 8.881784197001268e-16 0
vn 0 1 0
vn -1 -8.881784197001252e-16 0
vn 1 1.2132590493950325e-15 1.2132590493950337e-15
vn -1.5278496812899982e-15 0.8660414072586946 -0.49997228014498957
vn -1 -1.2132590493950296e-15 -1.2132590493950307e-15
vn 1 0 0
vn -8.804557485399953e-16 0.49997228014499207 -0.8660414072586932
vn -1 0 0
vn 1 0 0
vn 0 0 -1
vn -1 0 0
usemtl m_d6dd9b6e-c937-c416-c9c0-f28f832954e4
f 511/2057/581 512/2058/581 513/2059/581
f 512/2060/582 511/2061/582 514/2062/582 515/2063/582
f 515/2064/583 514/2065/583 516/2066/583
f 517/2067/584 511/2068/584 513/2069/584
f 511/2070/585 517/2071/585 518/2072/585 514/2073/585
f 514/2074/586 518/2075/586 516/2076/586
f 519/2077/587 517/2078/587 513/2079/587
f 517/2080/588 519/2081/588 520/2082/588 518/2083/588
f 518/2084/589 520/2085/589 516/2086/589
f 521/2087/590 519/2088/590 513/2089/590
f 519/2090/591 521/2091/591 522/2092/591 520/2093/591
f 520/2094/592 522/2095/592 516/2096/592
f 523/2097/593 521/2098/593 513/2099/593
f 521/2100/594 523/2101/594 524/2102/594 522/2103/594
f 522/2104/595 524/2105/595 516/2106/595
f 525/2107/596 523/2108/596 513/2109/596
f 523/2110/597 525/2111/597 526/2112/597 524/2113/597
f 524/2114/598 526/2115/598 516/2116/598
f 527/2117/599 525/2118/599 513/2119/599
f 525/2120/600 527/2121/600 528/2122/600 526/2123/600
f 526/2124/601 528/2125/601 516/2126/601
f 529/2127/602 527/2128/602 513/2129/602
f 527/2130/603 529/2131/603 530/2132/603 528/2133/603
f 528/2134/604 530/2135/604 516/2136/604
f 531/2137/605 529/2138/605 513/2139/605
f 529/2140/606 531/2141/606 532/2142/606 530/2143/606
f 530/2144/607 532/2145/607 516/2146/607
f 533/2147/608 531/2148/608 513/2149/608
f 531/2150/609 533/2151/609 534/2152/609 532/2153/609
f 532/2154/610 534/2155/610 516/2156/610
f 535/2157/611 533/2158/611 513/2159/611
f 533/2160/612 535/2161/612 536/2162/612 534/2163/612
f 534/2164/613 536/2165/613 516/2166/613
f 512/2167/614 535/2168/614 513/2169/614
f 535/2170/615 512/2171/615 515/2172/615 536/2173/615
f 536/2174/616 515/2175/616 516/2176/616
o doorRight
v 0.24162687500000005 0.53125 -0.022876875000000036
v 0.22712312500000006 0.53125 -0.031250000000000035
v 0.21875000000000006 0.53125 -3.4443191226019304e-17
v 0.15625000000000008 0.4603768750000001 -0.03125000000000004
v 0.2073118750000001 0.4801881250000001 -0.03125000000000004
v 0.21456312500000008 0.47293687500000003 -0.022876875000000043
v 0.15625000000000008 0.44587312500000004 -0.022876875000000046
v 0.15625000000000008 0.46875000000000006 -4.209723372069026e-17
v 0.25000000000000006 0.53125 -0.008373125000000035
v 0.21875000000000008 0.46875000000000006 -0.008373125000000042
v 0.15625000000000008 0.43750000000000006 -0.008373125000000045
v 0.25000000000000006 0.53125 0.008373124999999966
v 0.21875000000000008 0.46875000000000006 0.008373124999999959
v 0.15625000000000008 0.43750000000000006 0.008373124999999955
v 0.24162687500000005 0.53125 0.022876874999999967
v 0.21456312500000008 0.47293687500000003 0.02287687499999996
v 0.15625000000000008 0.44587312500000004 0.022876874999999956
v 0.22712312500000006 0.53125 0.031249999999999965
v 0.2073118750000001 0.4801881250000001 0.03124999999999996
v 0.15625000000000008 0.4603768750000001 0.03124999999999996
v 0.21037687500000005 0.53125 0.031249999999999965
v 0.19112562500000008 0.49637437500000003 0.031249999999999962
v 0.15625000000000008 0.47712312500000004 0.03124999999999996
v 0.19587312500000006 0.53125 0.022876874999999967
v 0.18387437500000006 0.5036256250000001 0.022876874999999963
v 0.15625000000000008 0.4916268750000001 0.022876874999999963
v 0.18750000000000006 0.53125 0.008373124999999966
v 0.17968750000000006 0.5078125 0.008373124999999962
v 0.15625000000000006 0.5 0.008373124999999962
v 0.18750000000000006 0.53125 -0.008373125000000035
v 0.17968750000000006 0.5078125 -0.008373125000000039
v 0.15625000000000006 0.5 -0.008373125000000039
v 0.19587312500000006 0.53125 -0.022876875000000036
v 0.18387437500000006 0.5036256250000001 -0.02287687500000004
v 0.15625000000000008 0.4916268750000001 -0.02287687500000004
v 0.21037687500000005 0.53125 -0.031250000000000035
v 0.19112562500000008 0.49637437500000003 -0.03125000000000004
v 0.15625000000000008 0.47712312500000004 -0.03125000000000004
vt 0.9052721875 0.106242109375
vt 0.903243515625 0.10791015625
vt 0.890119453125 0.106242109375
vt 0.890119453125 0.10791015625
vt 0.890119453125 0.099853515625
vt 0.89796515625 0.099853515625
vt 0.89796515625 0.10791015625
vt 0.890119453125 0.10457375000000002
vt 0.897695234375 0.10502093749999997
vt 0.890119453125 0.10791015625
vt 0.9052734375 0.10624226562500005
vt 0.9032425 0.10791015625
vt 0.890119453125 0.10624226562500005
vt 0.890119453125 0.10791015625
vt 0.890119453125 0.099853515625
vt 0.89796515625 0.099853515625
vt 0.89796515625 0.10791015625
vt 0.890119453125 0.10457406250000001
vt 0.897695859375 0.105020703125
vt 0.890119453125 0.10791015625
vt 0.904756875 0.10618281249999995
vt 0.904756875 0.10791015625
vt 0.890119453125 0.10704648437499997
vt 0.890119453125 0.10791015625
vt 0.890119453125 0.099853515625
vt 0.89796515625 0.099853515625
vt 0.89796515625 0.10791015625
vt 0.904756875 0.10618281249999995
vt 0.904756875 0.10791015625
vt 0.890119453125 0.10704648437499997
vt 0.890119453125 0.10457406250000001
vt 0.897695859375 0.105020703125
vt 0.890119453125 0.10791015625
vt 0.890119453125 0.10791015625
vt 0.890119453125 0.099853515625
vt 0.89796515625 0.099853515625
vt 0.89796515625 0.10791015625
vt 0.9052734375 0.10624226562500005
vt 0.9032425 0.10791015625
vt 0.890119453125 0.10624226562500005
vt 0.890119453125 0.10457375000000002
vt 0.897695234375 0.10502093749999997
vt 0.890119453125 0.10791015625
vt 0.890119453125 0.10791015625
vt 0.890119453125 0.099853515625
vt 0.89796515625 0.099853515625
vt 0.89796515625 0.10791015625
vt 0.9052721875 0.106242109375
vt 0.903243515625 0.10791015625
vt 0.890119453125 0.106242109375
vt 0.890119453125 0.10468750000000004
vt 0.89796515625 0.10468750000000004
vt 0.89404234375 0.10791015625
vt 0.890119453125 0.10791015625
vt 0.890119453125 0.099853515625
vt 0.89796515625 0.099853515625
vt 0.89796515625 0.10791015625
vt 0.89796515625 0.10791015625
vt 0.890119453125 0.10791015625
vt 0.89404234375 0.10468750000000004
vt 0.890119453125 0.10791015625
vt 0.892148125 0.106242109375
vt 0.9052721875 0.10791015625
vt 0.890119453125 0.10791015625
vt 0.890119453125 0.099853515625
vt 0.89796515625 0.099853515625
vt 0.89796515625 0.10791015625
vt 0.897695234375 0.10791015625
vt 0.890119453125 0.10746296875000005
vt 0.897695234375 0.10457375000000002
vt 0.890119453125 0.10791015625
vt 0.89215046875 0.10624226562500005
vt 0.9052734375 0.10791015625
vt 0.890119453125 0.10791015625
vt 0.890119453125 0.099853515625
vt 0.89796515625 0.099853515625
vt 0.89796515625 0.10791015625
vt 0.897695859375 0.10791015625
vt 0.890119453125 0.107463515625
vt 0.897695859375 0.10457406250000001
vt 0.890119453125 0.10791015625
vt 0.890119453125 0.10618281249999995
vt 0.904756875 0.10704648437499997
vt 0.890119453125 0.10791015625
vt 0.890119453125 0.099853515625
vt 0.89796515625 0.099853515625
vt 0.89796515625 0.10791015625
vt 0.890119453125 0.10791015625
vt 0.890119453125 0.10618281249999995
vt 0.904756875 0.10704648437499997
vt 0.897695859375 0.10791015625
vt 0.890119453125 0.107463515625
vt 0.897695859375 0.10457406250000001
vt 0.890119453125 0.10791015625
vt 0.890119453125 0.099853515625
vt 0.89796515625 0.099853515625
vt 0.89796515625 0.10791015625
vt 0.890119453125 0.10791015625
vt 0.89215046875 0.10624226562500005
vt 0.9052734375 0.10791015625
vt 0.897695234375 0.10791015625
vt 0.890119453125 0.10746296875000005
vt 0.897695234375 0.10457375000000002
vt 0.890119453125 0.10791015625
vt 0.890119453125 0.099853515625
vt 0.89796515625 0.099853515625
vt 0.89796515625 0.10791015625
vt 0.890119453125 0.10791015625
vt 0.892148125 0.106242109375
vt 0.9052721875 0.10791015625
vt 0.89796515625 0.10791015625
vt 0.890119453125 0.10791015625
vt 0.89404234375 0.10468750000000004
vt 0.890119453125 0.10791015625
vt 0.890119453125 0.099853515625
vt 0.89796515625 0.099853515625
vt 0.89796515625 0.10791015625
vt 0.890119453125 0.10468750000000004
vt 0.89796515625 0.10468750000000004
vt 0.89404234375 0.10791015625
vt 0.89796515625 0.099853515625
vt 0.89796515625 0.10791015625
vt 0.890119453125 0.10791015625
vt 0.890119453125 0.099853515625
vt 0.89796515625 0.099853515625
vt 0.89796515625 0.10791015625
vt 0.890119453125 0.10791015625
vt 0.890119453125 0.099853515625
vt 0.89796515625 0.099853515625
vt 0.89796515625 0.10791015625
vt 0.890119453125 0.10791015625
vt 0.890119453125 0.099853515625
vt 0.89796515625 0.099853515625
vt 0.89796515625 0.10791015625
vt 0.890119453125 0.10791015625
vt 0.890119453125 0.099853515625
vt 0.89796515625 0.099853515625
vt 0.89796515625 0.10791015625
vt 0.890119453125 0.10791015625
vt 0.890119453125 0.099853515625
vt 0.89796515625 0.099853515625
vt 0.89796515625 0.10791015625
vt 0.890119453125 0.10791015625
vt 0.890119453125 0.099853515625
vt 0.89796515625 0.099853515625
vt 0.89796515625 0.10791015625
vt 0.890119453125 0.10791015625
vt 0.890119453125 0.099853515625
vt 0.89796515625 0.099853515625
vt 0.89796515625 0.10791015625
vt 0.890119453125 0.10791015625
vt 0.890119453125 0.099853515625
vt 0.89796515625 0.099853515625
vt 0.89796515625 0.10791015625
vt 0.890119453125 0.10791015625
vt 0.890119453125 0.099853515625
vt 0.89796515625 0.099853515625
vt 0.89796515625 0.10791015625
vt 0.890119453125 0.10791015625
vt 0.890119453125 0.099853515625
vt 0.89796515625 0.099853515625
vt 0.89796515625 0.10791015625
vt 0.890119453125 0.10791015625
vt 0.890119453125 0.099853515625
vt 0.89796515625 0.099853515625
vt 0.89796515625 0.10791015625
vt 0.890119453125 0.10791015625
vt 0.890119453125 0.099853515625
vn 0 1 0
vn 0.24083252156399218 -0.6207261082483625 -0.7461225067614375
vn -1 0 0
vn 0 1 0
vn 0.39308362956908116 -0.8469607806204064 -0.3579702449305935
vn -1 0 0
vn 0 1 0
vn 0.447213595499958 -0.894427190999916 0
vn -1 0 0
vn 0 1 0
vn 0.41702878892276707 -0.8340575778455341 0.36115778552877814
vn -1 0 0
vn 0 1 0
vn 0.27622340568827364 -0.5951669662861212 0.7546369407812917
vn -1 0 0
vn 0 1 0
vn 5.991620576290541e-17 -1.5442911523198968e-16 1
vn -1 0 0
vn 0 1 0
vn -0.312949658671105 0.5669405851407807 0.7619979554158056
vn -1 0 0
vn 0 1 0
vn -0.3724400492630908 0.8574579506917042 0.35504122648009434
vn -1 -1.213259049395033e-15 1.2132590493950337e-15
vn 0 1 0
vn -0.316227766016838 0.948683298050514 0
vn -1 -8.881784197001268e-16 0
vn 0 1 0
vn -0.2970442377143008 0.8911327131429023 -0.34299738833889065
vn -1 -1.2132590493950325e-15 -1.2132590493950337e-15
vn 0 1 0
vn -0.262803267040583 0.6050443587835564 -0.7515688702554087
vn -1 0 0
vn 0 1 0
vn 0 0 -1
vn -1 0 0
vn 7.40109249530657e-17 -1.4033439604182927e-16 1
vn 0.6207261082483636 -0.2408325215639927 0.7461225067614364
vn 0.8469607806204064 -0.39308362956908094 0.35797024493059426
vn 0.8944271909999161 -0.44721359549995804 0
vn 0.8340575778455341 -0.417028788922767 -0.3611577855287786
vn 0.5951669662861224 -0.27622340568827397 -0.7546369407812907
vn 9.79058550601123e-17 9.790585506011265e-17 -1
vn -0.5669405851407815 0.3129496586711053 -0.7619979554158052
vn -0.8574579506917029 0.37244004926309104 -0.35504122648009684
vn -0.948683298050514 0.316227766016838 0
vn -0.8911327131429013 0.29704423771430033 0.34299738833889365
vn -0.6050443587835564 0.26280326704058343 0.7515688702554083
usemtl m_d6dd9b6e-c937-c416-c9c0-f28f832954e4
f 537/2177/617 538/2178/617 539/2179/617
f 540/2180/618 541/2181/618 542/2182/618 543/2183/618
f 540/2184/619 543/2185/619 544/2186/619
f 545/2187/620 537/2188/620 539/2189/620
f 543/2190/621 542/2191/621 546/2192/621 547/2193/621
f 543/2194/622 547/2195/622 544/2196/622
f 548/2197/623 545/2198/623 539/2199/623
f 547/2200/624 546/2201/624 549/2202/624 550/2203/624
f 547/2204/625 550/2205/625 544/2206/625
f 551/2207/626 548/2208/626 539/2209/626
f 550/2210/627 549/2211/627 552/2212/627 553/2213/627
f 550/2214/628 553/2215/628 544/2216/628
f 554/2217/629 551/2218/629 539/2219/629
f 553/2220/630 552/2221/630 555/2222/630 556/2223/630
f 553/2224/631 556/2225/631 544/2226/631
f 557/2227/632 554/2228/632 539/2229/632
f 556/2230/633 555/2231/633 558/2232/633 559/2233/633
f 556/2234/634 559/2235/634 544/2236/634
f 560/2237/635 557/2238/635 539/2239/635
f 559/2240/636 558/2241/636 561/2242/636 562/2243/636
f 559/2244/637 562/2245/637 544/2246/637
f 563/2247/638 560/2248/638 539/2249/638
f 562/2250/639 561/2251/639 564/2252/639 565/2253/639
f 562/2254/640 565/2255/640 544/2256/640
f 566/2257/641 563/2258/641 539/2259/641
f 565/2260/642 564/2261/642 567/2262/642 568/2263/642
f 565/2264/643 568/2265/643 544/2266/643
f 569/2267/644 566/2268/644 539/2269/644
f 568/2270/645 567/2271/645 570/2272/645 571/2273/645
f 568/2274/646 571/2275/646 544/2276/646
f 572/2277/647 569/2278/647 539/2279/647
f 571/2280/648 570/2281/648 573/2282/648 574/2283/648
f 571/2284/649 574/2285/649 544/2286/649
f 538/2287/650 572/2288/650 539/2289/650
f 574/2290/651 573/2291/651 541/2292/651 540/2293/651
f 574/2294/652 540/2295/652 544/2296/652
f 557/2297/653 558/2298/653 555/2299/653 554/2300/653
f 554/2301/654 555/2302/654 552/2303/654 551/2304/654
f 551/2305/655 552/2306/655 549/2307/655 548/2308/655
f 548/2309/656 549/2310/656 546/2311/656 545/2312/656
f 545/2313/657 546/2314/657 542/2315/657 537/2316/657
f 537/2317/658 542/2318/658 541/2319/658 538/2320/658
f 538/2321/659 541/2322/659 573/2323/659 572/2324/659
f 572/2325/660 573/2326/660 570/2327/660 569/2328/660
f 569/2329/661 570/2330/661 567/2331/661 566/2332/661
f 566/2333/662 567/2334/662 564/2335/662 563/2336/662
f 563/2337/663 564/2338/663 561/2339/663 560/2340/663
f 560/2341/664 561/2342/664 558/2343/664 557/2344/664
o doorRight
v 0.19587312499999998 0.6875 -0.022876874999999987
v 0.21037687499999996 0.6875 -0.031249999999999986
v 0.21874999999999997 0.6875 1.530808498934192e-17
v 0.28125 0.758373125 -0.031249999999999993
v 0.23018812499999997 0.7385618749999999 -0.03124999999999999
v 0.22293687499999998 0.745813125 -0.022876874999999994
v 0.28125 0.7728768749999999 -0.022876874999999998
v 0.28125 0.75 7.654042494670965e-18
v 0.18749999999999997 0.6875 -0.008373124999999985
v 0.21875 0.75 -0.008373124999999993
v 0.28125 0.7812499999999999 -0.008373124999999997
v 0.18749999999999997 0.6875 0.008373125000000016
v 0.21875 0.75 0.008373125000000007
v 0.28125 0.7812499999999999 0.008373125000000004
v 0.19587312499999998 0.6875 0.022876875000000015
v 0.22293687499999998 0.745813125 0.02287687500000001
v 0.28125 0.7728768749999999 0.022876875000000005
v 0.21037687499999996 0.6875 0.031250000000000014
v 0.23018812499999997 0.7385618749999999 0.03125000000000001
v 0.28125 0.758373125 0.03125000000000001
v 0.22712312499999998 0.6875 0.031250000000000014
v 0.24637437499999998 0.722375625 0.031250000000000014
v 0.28125 0.7416268749999999 0.03125000000000001
v 0.24162687499999996 0.6875 0.022876875000000015
v 0.253625625 0.7151243749999999 0.022876875000000012
v 0.28125 0.7271231249999999 0.022876875000000012
v 0.24999999999999997 0.6875 0.008373125000000016
v 0.2578125 0.7109375 0.008373125000000013
v 0.28125 0.71875 0.008373125000000013
v 0.24999999999999997 0.6875 -0.008373124999999985
v 0.2578125 0.7109375 -0.008373124999999988
v 0.28125 0.71875 -0.008373124999999988
v 0.24162687499999996 0.6875 -0.022876874999999987
v 0.253625625 0.7151243749999999 -0.02287687499999999
v 0.28125 0.7271231249999999 -0.02287687499999999
v 0.22712312499999998 0.6875 -0.031249999999999986
v 0.24637437499999998 0.722375625 -0.03124999999999999
v 0.28125 0.7416268749999999 -0.03124999999999999
vt 0.9052721875 0.106242109375
vt 0.903243515625 0.10791015625
vt 0.890119453125 0.106242109375
vt 0.890119453125 0.10791015625
vt 0.890119453125 0.099853515625
vt 0.89796515625 0.099853515625
vt 0.89796515625 0.10791015625
vt 0.890119453125 0.10457375000000002
vt 0.897695234375 0.10502093749999997
vt 0.890119453125 0.10791015625
vt 0.9052734375 0.10624226562500005
vt 0.9032425 0.10791015625
vt 0.890119453125 0.10624226562500005
vt 0.890119453125 0.10791015625
vt 0.890119453125 0.099853515625
vt 0.89796515625 0.099853515625
vt 0.89796515625 0.10791015625
vt 0.890119453125 0.10457406250000001
vt 0.897695859375 0.105020703125
vt 0.890119453125 0.10791015625
vt 0.904756875 0.10618281249999995
vt 0.904756875 0.10791015625
vt 0.890119453125 0.10704648437499997
vt 0.890119453125 0.10791015625
vt 0.890119453125 0.099853515625
vt 0.89796515625 0.099853515625
vt 0.89796515625 0.10791015625
vt 0.904756875 0.10618281249999995
vt 0.904756875 0.10791015625
vt 0.890119453125 0.10704648437499997
vt 0.890119453125 0.10457406250000001
vt 0.897695859375 0.105020703125
vt 0.890119453125 0.10791015625
vt 0.890119453125 0.10791015625
vt 0.890119453125 0.099853515625
vt 0.89796515625 0.099853515625
vt 0.89796515625 0.10791015625
vt 0.9052734375 0.10624226562500005
vt 0.9032425 0.10791015625
vt 0.890119453125 0.10624226562500005
vt 0.890119453125 0.10457375000000002
vt 0.897695234375 0.10502093749999997
vt 0.890119453125 0.10791015625
vt 0.890119453125 0.10791015625
vt 0.890119453125 0.099853515625
vt 0.89796515625 0.099853515625
vt 0.89796515625 0.10791015625
vt 0.9052721875 0.106242109375
vt 0.903243515625 0.10791015625
vt 0.890119453125 0.106242109375
vt 0.890119453125 0.10468750000000004
vt 0.89796515625 0.10468750000000004
vt 0.89404234375 0.10791015625
vt 0.890119453125 0.10791015625
vt 0.890119453125 0.099853515625
vt 0.89796515625 0.099853515625
vt 0.89796515625 0.10791015625
vt 0.89796515625 0.10791015625
vt 0.890119453125 0.10791015625
vt 0.89404234375 0.10468750000000004
vt 0.890119453125 0.10791015625
vt 0.892148125 0.106242109375
vt 0.9052721875 0.10791015625
vt 0.890119453125 0.10791015625
vt 0.890119453125 0.099853515625
vt 0.89796515625 0.099853515625
vt 0.89796515625 0.10791015625
vt 0.897695234375 0.10791015625
vt 0.890119453125 0.10746296875000005
vt 0.897695234375 0.10457375000000002
vt 0.890119453125 0.10791015625
vt 0.89215046875 0.10624226562500005
vt 0.9052734375 0.10791015625
vt 0.890119453125 0.10791015625
vt 0.890119453125 0.099853515625
vt 0.89796515625 0.099853515625
vt 0.89796515625 0.10791015625
vt 0.897695859375 0.10791015625
vt 0.890119453125 0.107463515625
vt 0.897695859375 0.10457406250000001
vt 0.890119453125 0.10791015625
vt 0.890119453125 0.10618281249999995
vt 0.904756875 0.10704648437499997
vt 0.890119453125 0.10791015625
vt 0.890119453125 0.099853515625
vt 0.89796515625 0.099853515625
vt 0.89796515625 0.10791015625
vt 0.890119453125 0.10791015625
vt 0.890119453125 0.10618281249999995
vt 0.904756875 0.10704648437499997
vt 0.897695859375 0.10791015625
vt 0.890119453125 0.107463515625
vt 0.897695859375 0.10457406250000001
vt 0.890119453125 0.10791015625
vt 0.890119453125 0.099853515625
vt 0.89796515625 0.099853515625
vt 0.89796515625 0.10791015625
vt 0.890119453125 0.10791015625
vt 0.89215046875 0.10624226562500005
vt 0.9052734375 0.10791015625
vt 0.897695234375 0.10791015625
vt 0.890119453125 0.10746296875000005
vt 0.897695234375 0.10457375000000002
vt 0.890119453125 0.10791015625
vt 0.890119453125 0.099853515625
vt 0.89796515625 0.099853515625
vt 0.89796515625 0.10791015625
vt 0.890119453125 0.10791015625
vt 0.892148125 0.106242109375
vt 0.9052721875 0.10791015625
vt 0.89796515625 0.10791015625
vt 0.890119453125 0.10791015625
vt 0.89404234375 0.10468750000000004
vt 0.890119453125 0.10791015625
vt 0.890119453125 0.099853515625
vt 0.89796515625 0.099853515625
vt 0.89796515625 0.10791015625
vt 0.890119453125 0.10468750000000004
vt 0.89796515625 0.10468750000000004
vt 0.89404234375 0.10791015625
vt 0.89796515625 0.099853515625
vt 0.89796515625 0.10791015625
vt 0.890119453125 0.10791015625
vt 0.890119453125 0.099853515625
vt 0.89796515625 0.099853515625
vt 0.89796515625 0.10791015625
vt 0.890119453125 0.10791015625
vt 0.890119453125 0.099853515625
vt 0.89796515625 0.099853515625
vt 0.89796515625 0.10791015625
vt 0.890119453125 0.10791015625
vt 0.890119453125 0.099853515625
vt 0.89796515625 0.099853515625
vt 0.89796515625 0.10791015625
vt 0.890119453125 0.10791015625
vt 0.890119453125 0.099853515625
vt 0.89796515625 0.099853515625
vt 0.89796515625 0.10791015625
vt 0.890119453125 0.10791015625
vt 0.890119453125 0.099853515625
vt 0.89796515625 0.099853515625
vt 0.89796515625 0.10791015625
vt 0.890119453125 0.10791015625
vt 0.890119453125 0.099853515625
vt 0.89796515625 0.099853515625
vt 0.89796515625 0.10791015625
vt 0.890119453125 0.10791015625
vt 0.890119453125 0.099853515625
vt 0.89796515625 0.099853515625
vt 0.89796515625 0.10791015625
vt 0.890119453125 0.10791015625
vt 0.890119453125 0.099853515625
vt 0.89796515625 0.099853515625
vt 0.89796515625 0.10791015625
vt 0.890119453125 0.10791015625
vt 0.890119453125 0.099853515625
vt 0.89796515625 0.099853515625
vt 0.89796515625 0.10791015625
vt 0.890119453125 0.10791015625
vt 0.890119453125 0.099853515625
vt 0.89796515625 0.099853515625
vt 0.89796515625 0.10791015625
vt 0.890119453125 0.10791015625
vt 0.890119453125 0.099853515625
vt 0.89796515625 0.099853515625
vt 0.89796515625 0.10791015625
vt 0.890119453125 0.10791015625
vt 0.890119453125 0.099853515625
vn 0 -1 0
vn -0.24083252156399257 0.620726108248362 -0.7461225067614378
vn 1 0 0
vn 0 -1 0
vn -0.39308362956908016 0.8469607806204063 -0.3579702449305956
vn 1 0 0
vn 0 -1 0
vn -0.4472135954999567 0.8944271909999166 0
vn 1 0 0
vn 0 -1 0
vn -0.41702878892276557 0.8340575778455341 0.36115778552878014
vn 1 0 0
vn 0 -1 0
vn -0.27622340568827314 0.5951669662861216 0.7546369407812913
vn 1 0 0
vn 0 -1 0
vn -1.19832411525811e-16 3.088582304639791e-16 1
vn 1 0 0
vn 0 -1 0
vn 0.31294965867110414 -0.566940585140781 0.7619979554158057
vn 1 0 0
vn 0 -1 0
vn 0.3724400492630895 -0.8574579506917052 0.3550412264800936
vn 1 0 0
vn 0 -1 0
vn 0.316227766016838 -0.948683298050514 0
vn 1 0 0
vn 0 -1 0
vn 0.2970442377143009 -0.8911327131429027 -0.34299738833889015
vn 1 0 0
vn 0 -1 0
vn 0.2628032670405818 -0.6050443587835566 -0.751568870255409
vn 1 0 0
vn 0 -1 0
vn 0 0 -1
vn 1 0 0
vn -2.76218681958734e-16 1.5247196003105556e-16 1
vn -0.6207261082483635 0.240832521563993 0.7461225067614364
vn -0.8469607806204061 0.3930836295690812 0.35797024493059415
vn -0.894427190999916 0.44721359549995826 0
vn -0.8340575778455338 0.41702878892276724 -0.361157785528779
vn -0.5951669662861219 0.276223405688274 -0.754636940781291
vn -4.8952927530056126e-17 -4.895292753005629e-17 -1
vn 0.5669405851407802 -0.31294965867110497 -0.7619979554158061
vn 0.8574579506917028 -0.37244004926309277 -0.3550412264800956
vn 0.9486832980505135 -0.316227766016839 0
vn 0.8911327131429015 -0.2970442377143015 0.3429973883388924
vn 0.605044358783555 -0.26280326704058404 0.7515688702554094
usemtl m_d6dd9b6e-c937-c416-c9c0-f28f832954e4
f 575/2345/665 576/2346/665 577/2347/665
f 578/2348/666 579/2349/666 580/2350/666 581/2351/666
f 578/2352/667 581/2353/667 582/2354/667
f 583/2355/668 575/2356/668 577/2357/668
f 581/2358/669 580/2359/669 584/2360/669 585/2361/669
f 581/2362/670 585/2363/670 582/2364/670
f 586/2365/671 583/2366/671 577/2367/671
f 585/2368/672 584/2369/672 587/2370/672 588/2371/672
f 585/2372/673 588/2373/673 582/2374/673
f 589/2375/674 586/2376/674 577/2377/674
f 588/2378/675 587/2379/675 590/2380/675 591/2381/675
f 588/2382/676 591/2383/676 582/2384/676
f 592/2385/677 589/2386/677 577/2387/677
f 591/2388/678 590/2389/678 593/2390/678 594/2391/678
f 591/2392/679 594/2393/679 582/2394/679
f 595/2395/680 592/2396/680 577/2397/680
f 594/2398/681 593/2399/681 596/2400/681 597/2401/681
f 594/2402/682 597/2403/682 582/2404/682
f 598/2405/683 595/2406/683 577/2407/683
f 597/2408/684 596/2409/684 599/2410/684 600/2411/684
f 597/2412/685 600/2413/685 582/2414/685
f 601/2415/686 598/2416/686 577/2417/686
f 600/2418/687 599/2419/687 602/2420/687 603/2421/687
f 600/2422/688 603/2423/688 582/2424/688
f 604/2425/689 601/2426/689 577/2427/689
f 603/2428/690 602/2429/690 605/2430/690 606/2431/690
f 603/2432/691 606/2433/691 582/2434/691
f 607/2435/692 604/2436/692 577/2437/692
f 606/2438/693 605/2439/693 608/2440/693 609/2441/693
f 606/2442/694 609/2443/694 582/2444/694
f 610/2445/695 607/2446/695 577/2447/695
f 609/2448/696 608/2449/696 611/2450/696 612/2451/696
f 609/2452/697 612/2453/697 582/2454/697
f 576/2455/698 610/2456/698 577/2457/698
f 612/2458/699 611/2459/699 579/2460/699 578/2461/699
f 612/2462/700 578/2463/700 582/2464/700
f 595/2465/701 596/2466/701 593/2467/701 592/2468/701
f 592/2469/702 593/2470/702 590/2471/702 589/2472/702
f 589/2473/703 590/2474/703 587/2475/703 586/2476/703
f 586/2477/704 587/2478/704 584/2479/704 583/2480/704
f 583/2481/705 584/2482/705 580/2483/705 575/2484/705
f 575/2485/706 580/2486/706 579/2487/706 576/2488/706
f 576/2489/707 579/2490/707 611/2491/707 610/2492/707
f 610/2493/708 611/2494/708 608/2495/708 607/2496/708
f 607/2497/709 608/2498/709 605/2499/709 604/2500/709
f 604/2501/710 605/2502/710 602/2503/710 601/2504/710
f 601/2505/711 602/2506/711 599/2507/711 598/2508/711
f 598/2509/712 599/2510/712 596/2511/712 595/2512/712
o doorRight
v 0.03962312500000028 2.0625 -0.022876875000000154
v 0.054126875000000275 2.0625 -0.03125000000000015
v 0.06250000000000028 2.0625 -1.5308084989341916e-16
v 0.1250000000000003 2.1333731250000003 -0.03125000000000016
v 0.07393812500000028 2.1135618750000003 -0.03125000000000016
v 0.0666868750000003 2.1208131249999997 -0.02287687500000016
v 0.1250000000000003 2.1478768749999997 -0.022876875000000164
v 0.12500000000000028 2.125 -1.607348923880901e-16
v 0.03125000000000028 2.0625 -0.008373125000000153
v 0.06250000000000029 2.125 -0.008373125000000162
v 0.1250000000000003 2.15625 -0.008373125000000165
v 0.03125000000000028 2.0625 0.008373124999999848
v 0.06250000000000029 2.125 0.008373124999999839
v 0.1250000000000003 2.15625 0.008373124999999836
v 0.03962312500000028 2.0625 0.02287687499999985
v 0.0666868750000003 2.1208131249999997 0.022876874999999842
v 0.1250000000000003 2.1478768749999997 0.02287687499999984
v 0.054126875000000275 2.0625 0.031249999999999847
v 0.07393812500000028 2.1135618750000003 0.03124999999999984
v 0.1250000000000003 2.1333731250000003 0.031249999999999837
v 0.07087312500000027 2.0625 0.031249999999999847
v 0.0901243750000003 2.0973756249999997 0.031249999999999844
v 0.12500000000000028 2.1166268749999997 0.03124999999999984
v 0.08537687500000028 2.0625 0.02287687499999985
v 0.09737562500000027 2.0901243750000003 0.022876874999999845
v 0.12500000000000028 2.1021231250000003 0.022876874999999842
v 0.09375000000000028 2.0625 0.008373124999999848
v 0.10156250000000028 2.0859375 0.008373124999999844
v 0.12500000000000028 2.09375 0.008373124999999844
v 0.09375000000000028 2.0625 -0.008373125000000153
v 0.10156250000000028 2.0859375 -0.008373125000000156
v 0.12500000000000028 2.09375 -0.008373125000000156
v 0.08537687500000028 2.0625 -0.022876875000000154
v 0.09737562500000027 2.0901243750000003 -0.022876875000000158
v 0.12500000000000028 2.1021231250000003 -0.02287687500000016
v 0.07087312500000027 2.0625 -0.03125000000000015
v 0.0901243750000003 2.0973756249999997 -0.03125000000000016
v 0.12500000000000028 2.1166268749999997 -0.03125000000000016
vt 0.9052721875 0.106242109375
vt 0.903243515625 0.10791015625
vt 0.890119453125 0.106242109375
vt 0.890119453125 0.10791015625
vt 0.890119453125 0.099853515625
vt 0.89796515625 0.099853515625
vt 0.89796515625 0.10791015625
vt 0.890119453125 0.10457375000000002
vt 0.897695234375 0.10502093749999997
vt 0.890119453125 0.10791015625
vt 0.9052734375 0.10624226562500005
vt 0.9032425 0.10791015625
vt 0.890119453125 0.10624226562500005
vt 0.890119453125 0.10791015625
vt 0.890119453125 0.099853515625
vt 0.89796515625 0.099853515625
vt 0.89796515625 0.10791015625
vt 0.890119453125 0.10457406250000001
vt 0.897695859375 0.105020703125
vt 0.890119453125 0.10791015625
vt 0.904756875 0.10618281249999995
vt 0.904756875 0.10791015625
vt 0.890119453125 0.10704648437499997
vt 0.890119453125 0.10791015625
vt 0.890119453125 0.099853515625
vt 0.89796515625 0.099853515625
vt 0.89796515625 0.10791015625
vt 0.904756875 0.10618281249999995
vt 0.904756875 0.10791015625
vt 0.890119453125 0.10704648437499997
vt 0.890119453125 0.10457406250000001
vt 0.897695859375 0.105020703125
vt 0.890119453125 0.10791015625
vt 0.890119453125 0.10791015625
vt 0.890119453125 0.099853515625
vt 0.89796515625 0.099853515625
vt 0.89796515625 0.10791015625
vt 0.9052734375 0.10624226562500005
vt 0.9032425 0.10791015625
vt 0.890119453125 0.10624226562500005
vt 0.890119453125 0.10457375000000002
vt 0.897695234375 0.10502093749999997
vt 0.890119453125 0.10791015625
vt 0.890119453125 0.10791015625
vt 0.890119453125 0.099853515625
vt 0.89796515625 0.099853515625
vt 0.89796515625 0.10791015625
vt 0.9052721875 0.106242109375
vt 0.903243515625 0.10791015625
vt 0.890119453125 0.106242109375
vt 0.890119453125 0.10468750000000004
vt 0.89796515625 0.10468750000000004
vt 0.89404234375 0.10791015625
vt 0.890119453125 0.10791015625
vt 0.890119453125 0.099853515625
vt 0.89796515625 0.099853515625
vt 0.89796515625 0.10791015625
vt 0.89796515625 0.10791015625
vt 0.890119453125 0.10791015625
vt 0.89404234375 0.10468750000000004
vt 0.890119453125 0.10791015625
vt 0.892148125 0.106242109375
vt 0.9052721875 0.10791015625
vt 0.890119453125 0.10791015625
vt 0.890119453125 0.099853515625
vt 0.89796515625 0.099853515625
vt 0.89796515625 0.10791015625
vt 0.897695234375 0.10791015625
vt 0.890119453125 0.10746296875000005
vt 0.897695234375 0.10457375000000002
vt 0.890119453125 0.10791015625
vt 0.89215046875 0.10624226562500005
vt 0.9052734375 0.10791015625
vt 0.890119453125 0.10791015625
vt 0.890119453125 0.099853515625
vt 0.89796515625 0.099853515625
vt 0.89796515625 0.10791015625
vt 0.897695859375 0.10791015625
vt 0.890119453125 0.107463515625
vt 0.897695859375 0.10457406250000001
vt 0.890119453125 0.10791015625
vt 0.890119453125 0.10618281249999995
vt 0.904756875 0.10704648437499997
vt 0.890119453125 0.10791015625
vt 0.890119453125 0.099853515625
vt 0.89796515625 0.099853515625
vt 0.89796515625 0.10791015625
vt 0.890119453125 0.10791015625
vt 0.890119453125 0.10618281249999995
vt 0.904756875 0.10704648437499997
vt 0.897695859375 0.10791015625
vt 0.890119453125 0.107463515625
vt 0.897695859375 0.10457406250000001
vt 0.890119453125 0.10791015625
vt 0.890119453125 0.099853515625
vt 0.89796515625 0.099853515625
vt 0.89796515625 0.10791015625
vt 0.890119453125 0.10791015625
vt 0.89215046875 0.10624226562500005
vt 0.9052734375 0.10791015625
vt 0.897695234375 0.10791015625
vt 0.890119453125 0.10746296875000005
vt 0.897695234375 0.10457375000000002
vt 0.890119453125 0.10791015625
vt 0.890119453125 0.099853515625
vt 0.89796515625 0.099853515625
vt 0.89796515625 0.10791015625
vt 0.890119453125 0.10791015625
vt 0.892148125 0.106242109375
vt 0.9052721875 0.10791015625
vt 0.89796515625 0.10791015625
vt 0.890119453125 0.10791015625
vt 0.89404234375 0.10468750000000004
vt 0.890119453125 0.10791015625
vt 0.890119453125 0.099853515625
vt 0.89796515625 0.099853515625
vt 0.89796515625 0.10791015625
vt 0.890119453125 0.10468750000000004
vt 0.89796515625 0.10468750000000004
vt 0.89404234375 0.10791015625
vt 0.89796515625 0.099853515625
vt 0.89796515625 0.10791015625
vt 0.890119453125 0.10791015625
vt 0.890119453125 0.099853515625
vt 0.89796515625 0.099853515625
vt 0.89796515625 0.10791015625
vt 0.890119453125 0.10791015625
vt 0.890119453125 0.099853515625
vt 0.89796515625 0.099853515625
vt 0.89796515625 0.10791015625
vt 0.890119453125 0.10791015625
vt 0.890119453125 0.099853515625
vt 0.89796515625 0.099853515625
vt 0.89796515625 0.10791015625
vt 0.890119453125 0.10791015625
vt 0.890119453125 0.099853515625
vt 0.89796515625 0.099853515625
vt 0.89796515625 0.10791015625
vt 0.890119453125 0.10791015625
vt 0.890119453125 0.099853515625
vt 0.89796515625 0.099853515625
vt 0.89796515625 0.10791015625
vt 0.890119453125 0.10791015625
vt 0.890119453125 0.099853515625
vt 0.89796515625 0.099853515625
vt 0.89796515625 0.10791015625
vt 0.890119453125 0.10791015625
vt 0.890119453125 0.099853515625
vt 0.89796515625 0.099853515625
vt 0.89796515625 0.10791015625
vt 0.890119453125 0.10791015625
vt 0.890119453125 0.099853515625
vt 0.89796515625 0.099853515625
vt 0.89796515625 0.10791015625
vt 0.890119453125 0.10791015625
vt 0.890119453125 0.099853515625
vt 0.89796515625 0.099853515625
vt 0.89796515625 0.10791015625
vt 0.890119453125 0.10791015625
vt 0.890119453125 0.099853515625
vt 0.89796515625 0.099853515625
vt 0.89796515625 0.10791015625
vt 0.890119453125 0.10791015625
vt 0.890119453125 0.099853515625
vt 0.89796515625 0.099853515625
vt 0.89796515625 0.10791015625
vt 0.890119453125 0.10791015625
vt 0.890119453125 0.099853515625
vn 0 -1 0
vn -0.24083252156400003 0.6207261082483813 -0.7461225067614194
vn 1 -4.440628223027e-16 7.691962270923353e-16
vn 0 -1 0
vn -0.3930836295690782 0.8469607806204019 -0.3579702449306076
vn 1 -7.691962270923396e-16 4.440628223027002e-16
vn 0 -1 0
vn -0.44721359549995787 0.894427190999916 0
vn 1 -8.881784197001252e-16 0
vn 0 -1 0
vn -0.4170287889227646 0.8340575778455295 0.36115778552879196
vn 1 -7.691962270923398e-16 -4.440628223027002e-16
vn 0 -1 0
vn -0.27622340568828135 0.5951669662861392 0.7546369407812747
vn 1 -4.440628223027002e-16 -7.691962270923353e-16
vn 0 -1 0
vn -1.0963278232847458e-17 2.0338204276204077e-16 1
vn 1 -1.657420354743771e-15 -4.440892098500627e-16
vn 0 -1 0
vn 0.3129496586711139 -0.5669405851407981 0.7619979554157891
vn 1 0 0
vn 0 -1 0
vn 0.3724400492630894 -0.8574579506916977 0.3550412264801117
vn 1 0 0
vn 0 -1 0
vn 0.316227766016838 -0.948683298050514 0
vn 1 0 0
vn 0 -1 0
vn 0.2970442377142987 -0.8911327131428961 -0.34299738833890875
vn 1 0 0
vn 0 -1 0
vn 0.2628032670405918 -0.6050443587835747 -0.7515688702553908
vn 1 0 0
vn 0 -1 0
vn 0 0 -1
vn 1 -1.6574203547437708e-15 4.440892098500626e-16
vn -7.401092495306195e-17 1.4033439604182824e-16 1
vn -0.6207261082483716 0.24083252156399468 0.7461225067614291
vn -0.8469607806204033 0.3930836295690817 0.357970244930601
vn -0.894427190999916 0.44721359549995804 0
vn -0.8340575778455316 0.41702878892276596 -0.3611577855287858
vn -0.5951669662861298 0.2762234056882789 -0.7546369407812831
vn -9.79058550601142e-17 -9.790585506011118e-17 -1
vn 0.56694058514079 -0.3129496586711129 -0.7619979554157954
vn 0.8574579506917023 -0.37244004926308594 -0.3550412264801037
vn 0.948683298050514 -0.316227766016838 0
vn 0.8911327131428993 -0.2970442377142997 0.3429973883388997
vn 0.6050443587835677 -0.2628032670405848 0.7515688702553988
usemtl m_d6dd9b6e-c937-c416-c9c0-f28f832954e4
f 613/2513/713 614/2514/713 615/2515/713
f 616/2516/714 617/2517/714 618/2518/714 619/2519/714
f 616/2520/715 619/2521/715 620/2522/715
f 621/2523/716 613/2524/716 615/2525/716
f 619/2526/717 618/2527/717 622/2528/717 623/2529/717
f 619/2530/718 623/2531/718 620/2532/718
f 624/2533/719 621/2534/719 615/2535/719
f 623/2536/720 622/2537/720 625/2538/720 626/2539/720
f 623/2540/721 626/2541/721 620/2542/721
f 627/2543/722 624/2544/722 615/2545/722
f 626/2546/723 625/2547/723 628/2548/723 629/2549/723
f 626/2550/724 629/2551/724 620/2552/724
f 630/2553/725 627/2554/725 615/2555/725
f 629/2556/726 628/2557/726 631/2558/726 632/2559/726
f 629/2560/727 632/2561/727 620/2562/727
f 633/2563/728 630/2564/728 615/2565/728
f 632/2566/729 631/2567/729 634/2568/729 635/2569/729
f 632/2570/730 635/2571/730 620/2572/730
f 636/2573/731 633/2574/731 615/2575/731
f 635/2576/732 634/2577/732 637/2578/732 638/2579/732
f 635/2580/733 638/2581/733 620/2582/733
f 639/2583/734 636/2584/734 615/2585/734
f 638/2586/735 637/2587/735 640/2588/735 641/2589/735
f 638/2590/736 641/2591/736 620/2592/736
f 642/2593/737 639/2594/737 615/2595/737
f 641/2596/738 640/2597/738 643/2598/738 644/2599/738
f 641/2600/739 644/2601/739 620/2602/739
f 645/2603/740 642/2604/740 615/2605/740
f 644/2606/741 643/2607/741 646/2608/741 647/2609/741
f 644/2610/742 647/2611/742 620/2612/742
f 648/2613/743 645/2614/743 615/2615/743
f 647/2616/744 646/2617/744 649/2618/744 650/2619/744
f 647/2620/745 650/2621/745 620/2622/745
f 614/2623/746 648/2624/746 615/2625/746
f 650/2626/747 649/2627/747 617/2628/747 616/2629/747
f 650/2630/748 616/2631/748 620/2632/748
f 633/2633/749 634/2634/749 631/2635/749 630/2636/749
f 630/2637/750 631/2638/750 628/2639/750 627/2640/750
f 627/2641/751 628/2642/751 625/2643/751 624/2644/751
f 624/2645/752 625/2646/752 622/2647/752 621/2648/752
f 621/2649/753 622/2650/753 618/2651/753 613/2652/753
f 613/2653/754 618/2654/754 617/2655/754 614/2656/754
f 614/2657/755 617/2658/755 649/2659/755 648/2660/755
f 648/2661/756 649/2662/756 646/2663/756 645/2664/756
f 645/2665/757 646/2666/757 643/2667/757 642/2668/757
f 642/2669/758 643/2670/758 640/2671/758 639/2672/758
f 639/2673/759 640/2674/759 637/2675/759 636/2676/759
f 636/2677/760 637/2678/760 634/2679/760 633/2680/760
o doorRight
v 0.039623125000000065 0.53125 0.022876875
v 0.05412687500000006 0.53125 0.03125
v 0.06250000000000006 0.53125 0
v 0.12500000000000008 0.460376875 0.03125
v 0.07393812500000006 0.480188125 0.03125
v 0.06668687500000008 0.472936875 0.022876875
v 0.12500000000000008 0.445873125 0.022876875
v 0.12500000000000008 0.46875 0
v 0.03125000000000006 0.53125 0.008373125
v 0.06250000000000008 0.46875 0.008373125
v 0.12500000000000008 0.4375 0.008373125
v 0.03125000000000006 0.53125 -0.008373125
v 0.06250000000000008 0.46875 -0.008373125
v 0.12500000000000008 0.4375 -0.008373125
v 0.039623125000000065 0.53125 -0.022876875
v 0.06668687500000008 0.472936875 -0.022876875
v 0.12500000000000008 0.445873125 -0.022876875
v 0.05412687500000006 0.53125 -0.03125
v 0.07393812500000006 0.480188125 -0.03125
v 0.12500000000000008 0.460376875 -0.03125
v 0.07087312500000006 0.53125 -0.03125
v 0.09012437500000008 0.496374375 -0.03125
v 0.12500000000000008 0.477123125 -0.03125
v 0.08537687500000007 0.53125 -0.022876875
v 0.09737562500000006 0.503625625 -0.022876875
v 0.12500000000000008 0.491626875 -0.022876875
v 0.09375000000000006 0.53125 -0.008373125
v 0.10156250000000007 0.5078125 -0.008373125
v 0.12500000000000006 0.5 -0.008373125
v 0.09375000000000006 0.53125 0.008373125
v 0.10156250000000007 0.5078125 0.008373125
v 0.12500000000000006 0.5 0.008373125
v 0.08537687500000007 0.53125 0.022876875
v 0.09737562500000006 0.503625625 0.022876875
v 0.12500000000000008 0.491626875 0.022876875
v 0.07087312500000006 0.53125 0.03125
v 0.09012437500000008 0.496374375 0.03125
v 0.12500000000000008 0.477123125 0.03125
vt 0.9052721875 0.106242109375
vt 0.903243515625 0.10791015625
vt 0.890119453125 0.106242109375
vt 0.890119453125 0.10791015625
vt 0.890119453125 0.099853515625
vt 0.89796515625 0.099853515625
vt 0.89796515625 0.10791015625
vt 0.890119453125 0.10457375000000002
vt 0.897695234375 0.10502093749999997
vt 0.890119453125 0.10791015625
vt 0.9052734375 0.10624226562500005
vt 0.9032425 0.10791015625
vt 0.890119453125 0.10624226562500005
vt 0.890119453125 0.10791015625
vt 0.890119453125 0.099853515625
vt 0.89796515625 0.099853515625
vt 0.89796515625 0.10791015625
vt 0.890119453125 0.10457406250000001
vt 0.897695859375 0.105020703125
vt 0.890119453125 0.10791015625
vt 0.904756875 0.10618281249999995
vt 0.904756875 0.10791015625
vt 0.890119453125 0.10704648437499997
vt 0.890119453125 0.10791015625
vt 0.890119453125 0.099853515625
vt 0.89796515625 0.099853515625
vt 0.89796515625 0.10791015625
vt 0.904756875 0.10618281249999995
vt 0.904756875 0.10791015625
vt 0.890119453125 0.10704648437499997
vt 0.890119453125 0.10457406250000001
vt 0.897695859375 0.105020703125
vt 0.890119453125 0.10791015625
vt 0.890119453125 0.10791015625
vt 0.890119453125 0.099853515625
vt 0.89796515625 0.099853515625
vt 0.89796515625 0.10791015625
vt 0.9052734375 0.10624226562500005
vt 0.9032425 0.10791015625
vt 0.890119453125 0.10624226562500005
vt 0.890119453125 0.10457375000000002
vt 0.897695234375 0.10502093749999997
vt 0.890119453125 0.10791015625
vt 0.890119453125 0.10791015625
vt 0.890119453125 0.099853515625
vt 0.89796515625 0.099853515625
vt 0.89796515625 0.10791015625
vt 0.9052721875 0.106242109375
vt 0.903243515625 0.10791015625
vt 0.890119453125 0.106242109375
vt 0.890119453125 0.10468750000000004
vt 0.89796515625 0.10468750000000004
vt 0.89404234375 0.10791015625
vt 0.890119453125 0.10791015625
vt 0.890119453125 0.099853515625
vt 0.89796515625 0.099853515625
vt 0.89796515625 0.10791015625
vt 0.89796515625 0.10791015625
vt 0.890119453125 0.10791015625
vt 0.89404234375 0.10468750000000004
vt 0.890119453125 0.10791015625
vt 0.892148125 0.106242109375
vt 0.9052721875 0.10791015625
vt 0.890119453125 0.10791015625
vt 0.890119453125 0.099853515625
vt 0.89796515625 0.099853515625
vt 0.89796515625 0.10791015625
vt 0.897695234375 0.10791015625
vt 0.890119453125 0.10746296875000005
vt 0.897695234375 0.10457375000000002
vt 0.890119453125 0.10791015625
vt 0.89215046875 0.10624226562500005
vt 0.9052734375 0.10791015625
vt 0.890119453125 0.10791015625
vt 0.890119453125 0.099853515625
vt 0.89796515625 0.099853515625
vt 0.89796515625 0.10791015625
vt 0.897695859375 0.10791015625
vt 0.890119453125 0.107463515625
vt 0.897695859375 0.10457406250000001
vt 0.890119453125 0.10791015625
vt 0.890119453125 0.10618281249999995
vt 0.904756875 0.10704648437499997
vt 0.890119453125 0.10791015625
vt 0.890119453125 0.099853515625
vt 0.89796515625 0.099853515625
vt 0.89796515625 0.10791015625
vt 0.890119453125 0.10791015625
vt 0.890119453125 0.10618281249999995
vt 0.904756875 0.10704648437499997
vt 0.897695859375 0.10791015625
vt 0.890119453125 0.107463515625
vt 0.897695859375 0.10457406250000001
vt 0.890119453125 0.10791015625
vt 0.890119453125 0.099853515625
vt 0.89796515625 0.099853515625
vt 0.89796515625 0.10791015625
vt 0.890119453125 0.10791015625
vt 0.89215046875 0.10624226562500005
vt 0.9052734375 0.10791015625
vt 0.897695234375 0.10791015625
vt 0.890119453125 0.10746296875000005
vt 0.897695234375 0.10457375000000002
vt 0.890119453125 0.10791015625
vt 0.890119453125 0.099853515625
vt 0.89796515625 0.099853515625
vt 0.89796515625 0.10791015625
vt 0.890119453125 0.10791015625
vt 0.892148125 0.106242109375
vt 0.9052721875 0.10791015625
vt 0.89796515625 0.10791015625
vt 0.890119453125 0.10791015625
vt 0.89404234375 0.10468750000000004
vt 0.890119453125 0.10791015625
vt 0.890119453125 0.099853515625
vt 0.89796515625 0.099853515625
vt 0.89796515625 0.10791015625
vt 0.890119453125 0.10468750000000004
vt 0.89796515625 0.10468750000000004
vt 0.89404234375 0.10791015625
vt 0.89796515625 0.099853515625
vt 0.89796515625 0.10791015625
vt 0.890119453125 0.10791015625
vt 0.890119453125 0.099853515625
vt 0.89796515625 0.099853515625
vt 0.89796515625 0.10791015625
vt 0.890119453125 0.10791015625
vt 0.890119453125 0.099853515625
vt 0.89796515625 0.099853515625
vt 0.89796515625 0.10791015625
vt 0.890119453125 0.10791015625
vt 0.890119453125 0.099853515625
vt 0.89796515625 0.099853515625
vt 0.89796515625 0.10791015625
vt 0.890119453125 0.10791015625
vt 0.890119453125 0.099853515625
vt 0.89796515625 0.099853515625
vt 0.89796515625 0.10791015625
vt 0.890119453125 0.10791015625
vt 0.890119453125 0.099853515625
vt 0.89796515625 0.099853515625
vt 0.89796515625 0.10791015625
vt 0.890119453125 0.10791015625
vt 0.890119453125 0.099853515625
vt 0.89796515625 0.099853515625
vt 0.89796515625 0.10791015625
vt 0.890119453125 0.10791015625
vt 0.890119453125 0.099853515625
vt 0.89796515625 0.099853515625
vt 0.89796515625 0.10791015625
vt 0.890119453125 0.10791015625
vt 0.890119453125 0.099853515625
vt 0.89796515625 0.099853515625
vt 0.89796515625 0.10791015625
vt 0.890119453125 0.10791015625
vt 0.890119453125 0.099853515625
vt 0.89796515625 0.099853515625
vt 0.89796515625 0.10791015625
vt 0.890119453125 0.10791015625
vt 0.890119453125 0.099853515625
vt 0.89796515625 0.099853515625
vt 0.89796515625 0.10791015625
vt 0.890119453125 0.10791015625
vt 0.890119453125 0.099853515625
vt 0.89796515625 0.099853515625
vt 0.89796515625 0.10791015625
vt 0.890119453125 0.10791015625
vt 0.890119453125 0.099853515625
vn 0 1 0
vn -0.2408325215639921 -0.6207261082483625 0.7461225067614375
vn 1 0 0
vn 0 1 0
vn -0.39308362956908116 -0.8469607806204066 0.3579702449305932
vn 1 0 0
vn 0 1 0
vn -0.447213595499958 -0.894427190999916 0
vn 1 0 0
vn 0 1 0
vn -0.4170287889227672 -0.8340575778455344 -0.3611577855287778
vn 1 0 0
vn 0 1 0
vn -0.2762234056882735 -0.5951669662861211 -0.7546369407812917
vn 1 0 0
vn 0 1 0
vn 0 0 -1
vn 1 0 0
vn 0 1 0
vn 0.3129496586711061 0.566940585140783 -0.7619979554158034
vn 1 0 0
vn 0 1 0
vn 0.37244004926308805 0.857457950691703 -0.35504122648009984
vn 1 1.2132590493950298e-15 1.2132590493950307e-15
vn 0 1 0
vn 0.3162277660168381 0.9486832980505138 0
vn 1 8.881784197001252e-16 0
vn 0 1 0
vn 0.2970442377143002 0.8911327131429002 0.3429973883388967
vn 1 1.2132590493950298e-15 -1.2132590493950307e-15
vn 0 1 0
vn 0.26280326704058266 0.6050443587835593 0.7515688702554065
vn 1 0 0
vn 0 1 0
vn 0 0 1
vn 1 0 0
vn 0 0 -1
vn -0.6207261082483637 -0.24083252156399274 -0.7461225067614363
vn -0.8469607806204065 -0.39308362956908116 -0.3579702449305935
vn -0.894427190999916 -0.44721359549995826 0
vn -0.8340575778455341 -0.4170287889227674 0.36115778552877814
vn -0.5951669662861221 -0.27622340568827414 0.7546369407812908
vn 0 0 1
vn 0.5669405851407829 0.3129496586711062 0.7619979554158034
vn 0.8574579506917028 0.37244004926308916 0.3550412264800991
vn 0.9486832980505137 0.3162277660168385 0
vn 0.8911327131429005 0.2970442377143007 -0.3429973883388958
vn 0.6050443587835589 0.26280326704058327 -0.7515688702554064
usemtl m_d6dd9b6e-c937-c416-c9c0-f28f832954e4
f 651/2681/761 652/2682/761 653/2683/761
f 654/2684/762 655/2685/762 656/2686/762 657/2687/762
f 654/2688/763 657/2689/763 658/2690/763
f 659/2691/764 651/2692/764 653/2693/764
f 657/2694/765 656/2695/765 660/2696/765 661/2697/765
f 657/2698/766 661/2699/766 658/2700/766
f 662/2701/767 659/2702/767 653/2703/767
f 661/2704/768 660/2705/768 663/2706/768 664/2707/768
f 661/2708/769 664/2709/769 658/2710/769
f 665/2711/770 662/2712/770 653/2713/770
f 664/2714/771 663/2715/771 666/2716/771 667/2717/771
f 664/2718/772 667/2719/772 658/2720/772
f 668/2721/773 665/2722/773 653/2723/773
f 667/2724/774 666/2725/774 669/2726/774 670/2727/774
f 667/2728/775 670/2729/775 658/2730/775
f 671/2731/776 668/2732/776 653/2733/776
f 670/2734/777 669/2735/777 672/2736/777 673/2737/777
f 670/2738/778 673/2739/778 658/2740/778
f 674/2741/779 671/2742/779 653/2743/779
f 673/2744/780 672/2745/780 675/2746/780 676/2747/780
f 673/2748/781 676/2749/781 658/2750/781
f 677/2751/782 674/2752/782 653/2753/782
f 676/2754/783 675/2755/783 678/2756/783 679/2757/783
f 676/2758/784 679/2759/784 658/2760/784
f 680/2761/785 677/2762/785 653/2763/785
f 679/2764/786 678/2765/786 681/2766/786 682/2767/786
f 679/2768/787 682/2769/787 658/2770/787
f 683/2771/788 680/2772/788 653/2773/788
f 682/2774/789 681/2775/789 684/2776/789 685/2777/789
f 682/2778/790 685/2779/790 658/2780/790
f 686/2781/791 683/2782/791 653/2783/791
f 685/2784/792 684/2785/792 687/2786/792 688/2787/792
f 685/2788/793 688/2789/793 658/2790/793
f 652/2791/794 686/2792/794 653/2793/794
f 688/2794/795 687/2795/795 655/2796/795 654/2797/795
f 688/2798/796 654/2799/796 658/2800/796
f 671/2801/797 672/2802/797 669/2803/797 668/2804/797
f 668/2805/798 669/2806/798 666/2807/798 665/2808/798
f 665/2809/799 666/2810/799 663/2811/799 662/2812/799
f 662/2813/800 663/2814/800 660/2815/800 659/2816/800
f 659/2817/801 660/2818/801 656/2819/801 651/2820/801
f 651/2821/802 656/2822/802 655/2823/802 652/2824/802
f 652/2825/803 655/2826/803 687/2827/803 686/2828/803
f 686/2829/804 687/2830/804 684/2831/804 683/2832/804
f 683/2833/805 684/2834/805 681/2835/805 680/2836/805
f 680/2837/806 681/2838/806 678/2839/806 677/2840/806
f 677/2841/807 678/2842/807 675/2843/807 674/2844/807
f 674/2845/808 675/2846/808 672/2847/808 671/2848/808
o doorRight
v 0.4374999999999997 2.1021231250000003 -0.022876874999999842
v 0.4374999999999997 2.1166268749999997 -0.03124999999999984
v 0.4374999999999997 2.125 1.607348923880901e-16
v 0.12499999999999971 2.1021231250000003 -0.022876874999999842
v 0.12499999999999971 2.1166268749999997 -0.03124999999999984
v 0.12499999999999971 2.125 1.607348923880901e-16
v 0.4374999999999997 2.09375 -0.008373124999999844
v 0.12499999999999972 2.09375 -0.008373124999999844
v 0.4374999999999997 2.09375 0.008373125000000156
v 0.12499999999999972 2.09375 0.008373125000000156
v 0.4374999999999997 2.1021231250000003 0.02287687500000016
v 0.12499999999999971 2.1021231250000003 0.02287687500000016
v 0.4374999999999997 2.1166268749999997 0.03125000000000016
v 0.12499999999999971 2.1166268749999997 0.03125000000000016
v 0.4374999999999997 2.1333731250000003 0.03125000000000016
v 0.12499999999999971 2.1333731250000003 0.03125000000000016
v 0.4374999999999997 2.1478768749999997 0.022876875000000164
v 0.12499999999999971 2.1478768749999997 0.022876875000000164
v 0.4374999999999997 2.15625 0.008373125000000165
v 0.1249999999999997 2.15625 0.008373125000000165
v 0.4374999999999997 2.15625 -0.008373124999999836
v 0.1249999999999997 2.15625 -0.008373124999999836
v 0.4374999999999997 2.1478768749999997 -0.02287687499999984
v 0.12499999999999971 2.1478768749999997 -0.02287687499999984
v 0.4374999999999997 2.1333731250000003 -0.031249999999999837
v 0.12499999999999971 2.1333731250000003 -0.031249999999999837
vt 0.9052721875 0.106242109375
vt 0.903243515625 0.10791015625
vt 0.890119453125 0.106242109375
vt 0.890119453125 0.091796875
vt 0.89796515625 0.091796875
vt 0.89796515625 0.10791015625
vt 0.890119453125 0.10791015625
vt 0.890119453125 0.10457375000000002
vt 0.897695234375 0.10502093749999997
vt 0.890119453125 0.10791015625
vt 0.9052734375 0.10624226562500005
vt 0.9032425 0.10791015625
vt 0.890119453125 0.10624226562500005
vt 0.890119453125 0.091796875
vt 0.89796515625 0.091796875
vt 0.89796515625 0.10791015625
vt 0.890119453125 0.10791015625
vt 0.890119453125 0.10457406250000001
vt 0.897695859375 0.105020703125
vt 0.890119453125 0.10791015625
vt 0.904756875 0.10618281249999995
vt 0.904756875 0.10791015625
vt 0.890119453125 0.10704648437499997
vt 0.890119453125 0.091796875
vt 0.89796515625 0.091796875
vt 0.89796515625 0.10791015625
vt 0.890119453125 0.10791015625
vt 0.904756875 0.10618281249999995
vt 0.904756875 0.10791015625
vt 0.890119453125 0.10704648437499997
vt 0.890119453125 0.10457406250000001
vt 0.897695859375 0.105020703125
vt 0.890119453125 0.10791015625
vt 0.890119453125 0.091796875
vt 0.89796515625 0.091796875
vt 0.89796515625 0.10791015625
vt 0.890119453125 0.10791015625
vt 0.9052734375 0.10624226562500005
vt 0.9032425 0.10791015625
vt 0.890119453125 0.10624226562500005
vt 0.890119453125 0.10457375000000002
vt 0.897695234375 0.10502093749999997
vt 0.890119453125 0.10791015625
vt 0.890119453125 0.091796875
vt 0.89796515625 0.091796875
vt 0.89796515625 0.10791015625
vt 0.890119453125 0.10791015625
vt 0.9052721875 0.106242109375
vt 0.903243515625 0.10791015625
vt 0.890119453125 0.106242109375
vt 0.890119453125 0.10468750000000004
vt 0.89796515625 0.10468750000000004
vt 0.89404234375 0.10791015625
vt 0.890119453125 0.091796875
vt 0.89796515625 0.091796875
vt 0.89796515625 0.10791015625
vt 0.890119453125 0.10791015625
vt 0.89796515625 0.10791015625
vt 0.890119453125 0.10791015625
vt 0.89404234375 0.10468750000000004
vt 0.890119453125 0.10791015625
vt 0.892148125 0.106242109375
vt 0.9052721875 0.10791015625
vt 0.890119453125 0.091796875
vt 0.89796515625 0.091796875
vt 0.89796515625 0.10791015625
vt 0.890119453125 0.10791015625
vt 0.897695234375 0.10791015625
vt 0.890119453125 0.10746296875000005
vt 0.897695234375 0.10457375000000002
vt 0.890119453125 0.10791015625
vt 0.89215046875 0.10624226562500005
vt 0.9052734375 0.10791015625
vt 0.890119453125 0.091796875
vt 0.89796515625 0.091796875
vt 0.89796515625 0.10791015625
vt 0.890119453125 0.10791015625
vt 0.897695859375 0.10791015625
vt 0.890119453125 0.107463515625
vt 0.897695859375 0.10457406250000001
vt 0.890119453125 0.10791015625
vt 0.890119453125 0.10618281249999995
vt 0.904756875 0.10704648437499997
vt 0.890119453125 0.091796875
vt 0.89796515625 0.091796875
vt 0.89796515625 0.10791015625
vt 0.890119453125 0.10791015625
vt 0.890119453125 0.10791015625
vt 0.890119453125 0.10618281249999995
vt 0.904756875 0.10704648437499997
vt 0.897695859375 0.10791015625
vt 0.890119453125 0.107463515625
vt 0.897695859375 0.10457406250000001
vt 0.890119453125 0.091796875
vt 0.89796515625 0.091796875
vt 0.89796515625 0.10791015625
vt 0.890119453125 0.10791015625
vt 0.890119453125 0.10791015625
vt 0.89215046875 0.10624226562500005
vt 0.9052734375 0.10791015625
vt 0.897695234375 0.10791015625
vt 0.890119453125 0.10746296875000005
vt 0.897695234375 0.10457375000000002
vt 0.890119453125 0.091796875
vt 0.89796515625 0.091796875
vt 0.89796515625 0.10791015625
vt 0.890119453125 0.10791015625
vt 0.890119453125 0.10791015625
vt 0.892148125 0.106242109375
vt 0.9052721875 0.10791015625
vt 0.89796515625 0.10791015625
vt 0.890119453125 0.10791015625
vt 0.89404234375 0.10468750000000004
vt 0.890119453125 0.091796875
vt 0.89796515625 0.091796875
vt 0.89796515625 0.10791015625
vt 0.890119453125 0.10791015625
vt 0.890119453125 0.10468750000000004
vt 0.89796515625 0.10468750000000004
vt 0.89404234375 0.10791015625
vn 1 0 0
vn 0 -0.4999722801450091 -0.8660414072586834
vn -1 0 0
vn 1 0 0
vn 0 -0.8660414072586845 -0.49997228014500705
vn -1 -6.066295246975117e-16 6.066295246975033e-16
vn 1 0 0
vn 0 -1 0
vn -1 -4.440892098500626e-16 0
vn 1 0 0
vn 0 -0.8660414072586846 0.4999722801450069
vn -1 -6.066295246975115e-16 -6.066295246975032e-16
vn 1 0 0
vn 0 -0.4999722801450091 0.8660414072586834
vn -1 0 0
vn 1 0 0
vn 0 0 1
vn -1 0 0
vn 1 0 0
vn 0 0.49997228014500894 0.8660414072586834
vn -1 0 0
vn 1 0 0
vn 0 0.8660414072586845 0.49997228014500705
vn -1 -6.066295246975117e-16 6.066295246975032e-16
vn 1 0 0
vn 0 1 0
vn -1 -4.440892098500626e-16 0
vn 1 0 0
vn 0 0.8660414072586846 -0.4999722801450069
vn -1 -6.066295246975115e-16 -6.066295246975032e-16
vn 1 0 0
vn 0 0.4999722801450091 -0.8660414072586834
vn -1 0 0
vn 1 0 0
vn 0 2.0717754434297135e-16 -1
vn -1 0 0
usemtl m_d6dd9b6e-c937-c416-c9c0-f28f832954e4
f 689/2849/809 690/2850/809 691/2851/809
f 690/2852/810 689/2853/810 692/2854/810 693/2855/810
f 693/2856/811 692/2857/811 694/2858/811
f 695/2859/812 689/2860/812 691/2861/812
f 689/2862/813 695/2863/813 696/2864/813 692/2865/813
f 692/2866/814 696/2867/814 694/2868/814
f 697/2869/815 695/2870/815 691/2871/815
f 695/2872/816 697/2873/816 698/2874/816 696/2875/816
f 696/2876/817 698/2877/817 694/2878/817
f 699/2879/818 697/2880/818 691/2881/818
f 697/2882/819 699/2883/819 700/2884/819 698/2885/819
f 698/2886/820 700/2887/820 694/2888/820
f 701/2889/821 699/2890/821 691/2891/821
f 699/2892/822 701/2893/822 702/2894/822 700/2895/822
f 700/2896/823 702/2897/823 694/2898/823
f 703/2899/824 701/2900/824 691/2901/824
f 701/2902/825 703/2903/825 704/2904/825 702/2905/825
f 702/2906/826 704/2907/826 694/2908/826
f 705/2909/827 703/2910/827 691/2911/827
f 703/2912/828 705/2913/828 706/2914/828 704/2915/828
f 704/2916/829 706/2917/829 694/2918/829
f 707/2919/830 705/2920/830 691/2921/830
f 705/2922/831 707/2923/831 708/2924/831 706/2925/831
f 706/2926/832 708/2927/832 694/2928/832
f 709/2929/833 707/2930/833 691/2931/833
f 707/2932/834 709/2933/834 710/2934/834 708/2935/834
f 708/2936/835 710/2937/835 694/2938/835
f 711/2939/836 709/2940/836 691/2941/836
f 709/2942/837 711/2943/837 712/2944/837 710/2945/837
f 710/2946/838 712/2947/838 694/2948/838
f 713/2949/839 711/2950/839 691/2951/839
f 711/2952/840 713/2953/840 714/2954/840 712/2955/840
f 712/2956/841 714/2957/841 694/2958/841
f 690/2959/842 713/2960/842 691/2961/842
f 713/2962/843 690/2963/843 693/2964/843 714/2965/843
f 714/2966/844 693/2967/844 694/2968/844
o doorRight
v 0.19587312499999998 0.53125 -0.022876875000000036
v 0.21037687499999996 0.53125 -0.031250000000000035
v 0.21874999999999997 0.53125 -3.4443191226019316e-17
v 0.19587312499999998 0.6875 -0.022876875000000015
v 0.21037687499999996 0.6875 -0.031250000000000014
v 0.21874999999999997 0.6875 -1.5308084989341918e-17
v 0.18749999999999997 0.53125 -0.008373125000000035
v 0.18749999999999997 0.6875 -0.008373125000000016
v 0.18749999999999997 0.53125 0.008373124999999966
v 0.18749999999999997 0.6875 0.008373124999999985
v 0.19587312499999998 0.53125 0.022876874999999967
v 0.19587312499999998 0.6875 0.022876874999999987
v 0.21037687499999996 0.53125 0.031249999999999965
v 0.21037687499999996 0.6875 0.031249999999999986
v 0.22712312499999998 0.53125 0.031249999999999965
v 0.22712312499999998 0.6875 0.031249999999999986
v 0.24162687499999996 0.53125 0.022876874999999967
v 0.24162687499999996 0.6875 0.022876874999999987
v 0.24999999999999997 0.53125 0.008373124999999966
v 0.24999999999999997 0.6875 0.008373124999999985
v 0.24999999999999997 0.53125 -0.008373125000000035
v 0.24999999999999997 0.6875 -0.008373125000000016
v 0.24162687499999996 0.53125 -0.022876875000000036
v 0.24162687499999996 0.6875 -0.022876875000000015
v 0.22712312499999998 0.53125 -0.031250000000000035
v 0.22712312499999998 0.6875 -0.031250000000000014
vt 0.9052721875 0.106242109375
vt 0.903243515625 0.10791015625
vt 0.890119453125 0.106242109375
vt 0.890119453125 0.091796875
vt 0.89796515625 0.091796875
vt 0.89796515625 0.10791015625
vt 0.890119453125 0.10791015625
vt 0.890119453125 0.10457375000000002
vt 0.897695234375 0.10502093749999997
vt 0.890119453125 0.10791015625
vt 0.9052734375 0.10624226562500005
vt 0.9032425 0.10791015625
vt 0.890119453125 0.10624226562500005
vt 0.890119453125 0.091796875
vt 0.89796515625 0.091796875
vt 0.89796515625 0.10791015625
vt 0.890119453125 0.10791015625
vt 0.890119453125 0.10457406250000001
vt 0.897695859375 0.105020703125
vt 0.890119453125 0.10791015625
vt 0.904756875 0.10618281249999995
vt 0.904756875 0.10791015625
vt 0.890119453125 0.10704648437499997
vt 0.890119453125 0.091796875
vt 0.89796515625 0.091796875
vt 0.89796515625 0.10791015625
vt 0.890119453125 0.10791015625
vt 0.904756875 0.10618281249999995
vt 0.904756875 0.10791015625
vt 0.890119453125 0.10704648437499997
vt 0.890119453125 0.10457406250000001
vt 0.897695859375 0.105020703125
vt 0.890119453125 0.10791015625
vt 0.890119453125 0.091796875
vt 0.89796515625 0.091796875
vt 0.89796515625 0.10791015625
vt 0.890119453125 0.10791015625
vt 0.9052734375 0.10624226562500005
vt 0.9032425 0.10791015625
vt 0.890119453125 0.10624226562500005
vt 0.890119453125 0.10457375000000002
vt 0.897695234375 0.10502093749999997
vt 0.890119453125 0.10791015625
vt 0.890119453125 0.091796875
vt 0.89796515625 0.091796875
vt 0.89796515625 0.10791015625
vt 0.890119453125 0.10791015625
vt 0.9052721875 0.106242109375
vt 0.903243515625 0.10791015625
vt 0.890119453125 0.106242109375
vt 0.890119453125 0.10468750000000004
vt 0.89796515625 0.10468750000000004
vt 0.89404234375 0.10791015625
vt 0.890119453125 0.091796875
vt 0.89796515625 0.091796875
vt 0.89796515625 0.10791015625
vt 0.890119453125 0.10791015625
vt 0.89796515625 0.10791015625
vt 0.890119453125 0.10791015625
vt 0.89404234375 0.10468750000000004
vt 0.890119453125 0.10791015625
vt 0.892148125 0.106242109375
vt 0.9052721875 0.10791015625
vt 0.890119453125 0.091796875
vt 0.89796515625 0.091796875
vt 0.89796515625 0.10791015625
vt 0.890119453125 0.10791015625
vt 0.897695234375 0.10791015625
vt 0.890119453125 0.10746296875000005
vt 0.897695234375 0.10457375000000002
vt 0.890119453125 0.10791015625
vt 0.89215046875 0.10624226562500005
vt 0.9052734375 0.10791015625
vt 0.890119453125 0.091796875
vt 0.89796515625 0.091796875
vt 0.89796515625 0.10791015625
vt 0.890119453125 0.10791015625
vt 0.897695859375 0.10791015625
vt 0.890119453125 0.107463515625
vt 0.897695859375 0.10457406250000001
vt 0.890119453125 0.10791015625
vt 0.890119453125 0.10618281249999995
vt 0.904756875 0.10704648437499997
vt 0.890119453125 0.091796875
vt 0.89796515625 0.091796875
vt 0.89796515625 0.10791015625
vt 0.890119453125 0.10791015625
vt 0.890119453125 0.10791015625
vt 0.890119453125 0.10618281249999995
vt 0.904756875 0.10704648437499997
vt 0.897695859375 0.10791015625
vt 0.890119453125 0.107463515625
vt 0.897695859375 0.10457406250000001
vt 0.890119453125 0.091796875
vt 0.89796515625 0.091796875
vt 0.89796515625 0.10791015625
vt 0.890119453125 0.10791015625
vt 0.890119453125 0.10791015625
vt 0.89215046875 0.10624226562500005
vt 0.9052734375 0.10791015625
vt 0.897695234375 0.10791015625
vt 0.890119453125 0.10746296875000005
vt 0.897695234375 0.10457375000000002
vt 0.890119453125 0.091796875
vt 0.89796515625 0.091796875
vt 0.89796515625 0.10791015625
vt 0.890119453125 0.10791015625
vt 0.890119453125 0.10791015625
vt 0.892148125 0.106242109375
vt 0.9052721875 0.10791015625
vt 0.89796515625 0.10791015625
vt 0.890119453125 0.10791015625
vt 0.89404234375 0.10468750000000004
vt 0.890119453125 0.091796875
vt 0.89796515625 0.091796875
vt 0.89796515625 0.10791015625
vt 0.890119453125 0.10791015625
vt 0.890119453125 0.10468750000000004
vt 0.89796515625 0.10468750000000004
vt 0.89404234375 0.10791015625
vn 0 -1 0
vn -0.4999722801449934 1.1394133216399975e-16 -0.8660414072586926
vn 0 1 0
vn 0 -1 0
vn -0.8660414072586926 6.214981754399978e-17 -0.4999722801449934
vn 0 1 0
vn 0 -1 0
vn -1 0 0
vn 0 1 0
vn 0 -1 0
vn -0.8660414072586926 -6.732896900599976e-17 0.4999722801449934
vn 0 1 0
vn 0 -1 0
vn -0.4999722801449934 -1.1394133216399975e-16 0.8660414072586926
vn 0 1 0
vn 0 -1 0
vn 0 -1.3322676295501878e-16 1
vn 0 1 0
vn 0 -1 0
vn 0.4999722801449934 -1.1394133216399975e-16 0.8660414072586926
vn 0 1 0
vn 0 -1 0
vn 0.8660414072586926 -6.214981754399978e-17 0.4999722801449934
vn 0 1 0
vn 0 -1 0
vn 1 0 0
vn 0 1 0
vn 0 -1 0
vn 0.8660414072586926 6.732896900599976e-17 -0.4999722801449934
vn 0 1 0
vn 0 -1 0
vn 0.4999722801449934 1.1394133216399975e-16 -0.8660414072586926
vn 0 1 0
vn 0 -1 0
vn 0 1.3322676295501878e-16 -1
vn 0 1 0
usemtl m_d6dd9b6e-c937-c416-c9c0-f28f832954e4
f 715/2969/845 716/2970/845 717/2971/845
f 716/2972/846 715/2973/846 718/2974/846 719/2975/846
f 719/2976/847 718/2977/847 720/2978/847
f 721/2979/848 715/2980/848 717/2981/848
f 715/2982/849 721/2983/849 722/2984/849 718/2985/849
f 718/2986/850 722/2987/850 720/2988/850
f 723/2989/851 721/2990/851 717/2991/851
f 721/2992/852 723/2993/852 724/2994/852 722/2995/852
f 722/2996/853 724/2997/853 720/2998/853
f 725/2999/854 723/3000/854 717/3001/854
f 723/3002/855 725/3003/855 726/3004/855 724/3005/855
f 724/3006/856 726/3007/856 720/3008/856
f 727/3009/857 725/3010/857 717/3011/857
f 725/3012/858 727/3013/858 728/3014/858 726/3015/858
f 726/3016/859 728/3017/859 720/3018/859
f 729/3019/860 727/3020/860 717/3021/860
f 727/3022/861 729/3023/861 730/3024/861 728/3025/861
f 728/3026/862 730/3027/862 720/3028/862
f 731/3029/863 729/3030/863 717/3031/863
f 729/3032/864 731/3033/864 732/3034/864 730/3035/864
f 730/3036/865 732/3037/865 720/3038/865
f 733/3039/866 731/3040/866 717/3041/866
f 731/3042/867 733/3043/867 734/3044/867 732/3045/867
f 732/3046/868 734/3047/868 720/3048/868
f 735/3049/869 733/3050/869 717/3051/869
f 733/3052/870 735/3053/870 736/3054/870 734/3055/870
f 734/3056/871 736/3057/871 720/3058/871
f 737/3059/872 735/3060/872 717/3061/872
f 735/3062/873 737/3063/873 738/3064/873 736/3065/873
f 736/3066/874 738/3067/874 720/3068/874
f 739/3069/875 737/3070/875 717/3071/875
f 737/3072/876 739/3073/876 740/3074/876 738/3075/876
f 738/3076/877 740/3077/877 720/3078/877
f 716/3079/878 739/3080/878 717/3081/878
f 739/3082/879 716/3083/879 719/3084/879 740/3085/879
f 740/3086/880 719/3087/880 720/3088/880
o doorRight
v 0.28125 0.7728768749999999 -0.022876874999999998
v 0.28125 0.758373125 -0.031249999999999993
v 0.28125 0.75 7.654042494670965e-18
v 0.4375 0.7728768749999999 -0.022876874999999998
v 0.4375 0.7583731249999999 -0.031249999999999993
v 0.4375 0.7499999999999999 7.654042494670968e-18
v 0.28125 0.7812499999999999 -0.008373124999999997
v 0.4375 0.7812499999999999 -0.008373124999999997
v 0.28125 0.7812499999999999 0.008373125000000004
v 0.4375 0.7812499999999999 0.008373125000000004
v 0.28125 0.7728768749999999 0.022876875000000005
v 0.4375 0.7728768749999999 0.022876875000000005
v 0.28125 0.758373125 0.03125000000000001
v 0.4375 0.7583731249999999 0.03125000000000001
v 0.28125 0.7416268749999999 0.03125000000000001
v 0.4375 0.7416268749999999 0.03125000000000001
v 0.28125 0.7271231249999999 0.022876875000000012
v 0.4375 0.7271231249999999 0.022876875000000012
v 0.28125 0.71875 0.008373125000000013
v 0.4375 0.7187499999999999 0.008373125000000013
v 0.28125 0.71875 -0.008373124999999988
v 0.4375 0.7187499999999999 -0.008373124999999988
v 0.28125 0.7271231249999999 -0.02287687499999999
v 0.4375 0.7271231249999999 -0.02287687499999999
v 0.28125 0.7416268749999999 -0.03124999999999999
v 0.4375 0.7416268749999999 -0.03124999999999999
vt 0.9052721875 0.106242109375
vt 0.903243515625 0.10791015625
vt 0.890119453125 0.106242109375
vt 0.890119453125 0.091796875
vt 0.89796515625 0.091796875
vt 0.89796515625 0.10791015625
vt 0.890119453125 0.10791015625
vt 0.890119453125 0.10457375000000002
vt 0.897695234375 0.10502093749999997
vt 0.890119453125 0.10791015625
vt 0.9052734375 0.10624226562500005
vt 0.9032425 0.10791015625
vt 0.890119453125 0.10624226562500005
vt 0.890119453125 0.091796875
vt 0.89796515625 0.091796875
vt 0.89796515625 0.10791015625
vt 0.890119453125 0.10791015625
vt 0.890119453125 0.10457406250000001
vt 0.897695859375 0.105020703125
vt 0.890119453125 0.10791015625
vt 0.904756875 0.10618281249999995
vt 0.904756875 0.10791015625
vt 0.890119453125 0.10704648437499997
vt 0.890119453125 0.091796875
vt 0.89796515625 0.091796875
vt 0.89796515625 0.10791015625
vt 0.890119453125 0.10791015625
vt 0.904756875 0.10618281249999995
vt 0.904756875 0.10791015625
vt 0.890119453125 0.10704648437499997
vt 0.890119453125 0.10457406250000001
vt 0.897695859375 0.105020703125
vt 0.890119453125 0.10791015625
vt 0.890119453125 0.091796875
vt 0.89796515625 0.091796875
vt 0.89796515625 0.10791015625
vt 0.890119453125 0.10791015625
vt 0.9052734375 0.10624226562500005
vt 0.9032425 0.10791015625
vt 0.890119453125 0.10624226562500005
vt 0.890119453125 0.10457375000000002
vt 0.897695234375 0.10502093749999997
vt 0.890119453125 0.10791015625
vt 0.890119453125 0.091796875
vt 0.89796515625 0.091796875
vt 0.89796515625 0.10791015625
vt 0.890119453125 0.10791015625
vt 0.9052721875 0.106242109375
vt 0.903243515625 0.10791015625
vt 0.890119453125 0.106242109375
vt 0.890119453125 0.10468750000000004
vt 0.89796515625 0.10468750000000004
vt 0.89404234375 0.10791015625
vt 0.890119453125 0.091796875
vt 0.89796515625 0.091796875
vt 0.89796515625 0.10791015625
vt 0.890119453125 0.10791015625
vt 0.89796515625 0.10791015625
vt 0.890119453125 0.10791015625
vt 0.89404234375 0.10468750000000004
vt 0.890119453125 0.10791015625
vt 0.892148125 0.106242109375
vt 0.9052721875 0.10791015625
vt 0.890119453125 0.091796875
vt 0.89796515625 0.091796875
vt 0.89796515625 0.10791015625
vt 0.890119453125 0.10791015625
vt 0.897695234375 0.10791015625
vt 0.890119453125 0.10746296875000005
vt 0.897695234375 0.10457375000000002
vt 0.890119453125 0.10791015625
vt 0.89215046875 0.10624226562500005
vt 0.9052734375 0.10791015625
vt 0.890119453125 0.091796875
vt 0.89796515625 0.091796875
vt 0.89796515625 0.10791015625
vt 0.890119453125 0.10791015625
vt 0.897695859375 0.10791015625
vt 0.890119453125 0.107463515625
vt 0.897695859375 0.10457406250000001
vt 0.890119453125 0.10791015625
vt 0.890119453125 0.10618281249999995
vt 0.904756875 0.10704648437499997
vt 0.890119453125 0.091796875
vt 0.89796515625 0.091796875
vt 0.89796515625 0.10791015625
vt 0.890119453125 0.10791015625
vt 0.890119453125 0.10791015625
vt 0.890119453125 0.10618281249999995
vt 0.904756875 0.10704648437499997
vt 0.897695859375 0.10791015625
vt 0.890119453125 0.107463515625
vt 0.897695859375 0.10457406250000001
vt 0.890119453125 0.091796875
vt 0.89796515625 0.091796875
vt 0.89796515625 0.10791015625
vt 0.890119453125 0.10791015625
vt 0.890119453125 0.10791015625
vt 0.89215046875 0.10624226562500005
vt 0.9052734375 0.10791015625
vt 0.897695234375 0.10791015625
vt 0.890119453125 0.10746296875000005
vt 0.897695234375 0.10457375000000002
vt 0.890119453125 0.091796875
vt 0.89796515625 0.091796875
vt 0.89796515625 0.10791015625
vt 0.890119453125 0.10791015625
vt 0.890119453125 0.10791015625
vt 0.892148125 0.106242109375
vt 0.9052721875 0.10791015625
vt 0.89796515625 0.10791015625
vt 0.890119453125 0.10791015625
vt 0.89404234375 0.10468750000000004
vt 0.890119453125 0.091796875
vt 0.89796515625 0.091796875
vt 0.89796515625 0.10791015625
vt 0.890119453125 0.10791015625
vt 0.890119453125 0.10468750000000004
vt 0.89796515625 0.10468750000000004
vt 0.89404234375 0.10791015625
vn -1 0 0
vn 0 0.4999722801449946 -0.8660414072586917
vn 1 0 0
vn -1 0 0
vn 0 0.8660414072586932 -0.499972280144992
vn 1 0 0
vn -1 0 0
vn 0 1 0
vn 1 0 0
vn -1 0 0
vn 0 0.8660414072586932 0.499972280144992
vn 1 0 0
vn -1 0 0
vn 3.5736145087800015e-16 0.49997228014499495 0.8660414072586915
vn 1 0 0
vn -1 0 0
vn 0 0 1
vn 1 0 0
vn -1 0 0
vn 0 -0.4999722801449918 0.8660414072586935
vn 1 0 0
vn -1 0 0
vn -6.163190239780003e-16 -0.866041407258696 0.4999722801449871
vn 1 0 0
vn -1 0 0
vn -7.105427357601001e-16 -1 0
vn 1 0 0
vn -1 0 0
vn 0 -0.8660414072586963 -0.49997228014498707
vn 1 0 0
vn -1 0 0
vn 0 -0.49997228014499184 -0.8660414072586933
vn 1 0 0
vn -1 0 0
vn -1.4720849914551921e-31 -2.071775443429782e-16 -1
vn 1 0 0
usemtl m_d6dd9b6e-c937-c416-c9c0-f28f832954e4
f 741/3089/881 742/3090/881 743/3091/881
f 742/3092/882 741/3093/882 744/3094/882 745/3095/882
f 745/3096/883 744/3097/883 746/3098/883
f 747/3099/884 741/3100/884 743/3101/884
f 741/3102/885 747/3103/885 748/3104/885 744/3105/885
f 744/3106/886 748/3107/886 746/3108/886
f 749/3109/887 747/3110/887 743/3111/887
f 747/3112/888 749/3113/888 750/3114/888 748/3115/888
f 748/3116/889 750/3117/889 746/3118/889
f 751/3119/890 749/3120/890 743/3121/890
f 749/3122/891 751/3123/891 752/3124/891 750/3125/891
f 750/3126/892 752/3127/892 746/3128/892
f 753/3129/893 751/3130/893 743/3131/893
f 751/3132/894 753/3133/894 754/3134/894 752/3135/894
f 752/3136/895 754/3137/895 746/3138/895
f 755/3139/896 753/3140/896 743/3141/896
f 753/3142/897 755/3143/897 756/3144/897 754/3145/897
f 754/3146/898 756/3147/898 746/3148/898
f 757/3149/899 755/3150/899 743/3151/899
f 755/3152/900 757/3153/900 758/3154/900 756/3155/900
f 756/3156/901 758/3157/901 746/3158/901
f 759/3159/902 757/3160/902 743/3161/902
f 757/3162/903 759/3163/903 760/3164/903 758/3165/903
f 758/3166/904 760/3167/904 746/3168/904
f 761/3169/905 759/3170/905 743/3171/905
f 759/3172/906 761/3173/906 762/3174/906 760/3175/906
f 760/3176/907 762/3177/907 746/3178/907
f 763/3179/908 761/3180/908 743/3181/908
f 761/3182/909 763/3183/909 764/3184/909 762/3185/909
f 762/3186/910 764/3187/910 746/3188/910
f 765/3189/911 763/3190/911 743/3191/911
f 763/3192/912 765/3193/912 766/3194/912 764/3195/912
f 764/3196/913 766/3197/913 746/3198/913
f 742/3199/914 765/3200/914 743/3201/914
f 765/3202/915 742/3203/915 745/3204/915 766/3205/915
f 766/3206/916 745/3207/916 746/3208/916
o doorRight
v 0.03962312499999997 0.53125 -0.022876875000000036
v 0.05412687499999996 0.53125 -0.031250000000000035
v 0.062499999999999965 0.53125 -3.444319122601931e-17
v 0.039623125000000155 2.0625 -0.02287687499999985
v 0.05412687500000015 2.0625 -0.031249999999999847
v 0.06250000000000015 2.0625 1.5308084989341916e-16
v 0.031249999999999965 0.53125 -0.008373125000000035
v 0.03125000000000015 2.0625 -0.008373124999999848
v 0.031249999999999965 0.53125 0.008373124999999966
v 0.03125000000000015 2.0625 0.008373125000000153
v 0.03962312499999997 0.53125 0.022876874999999967
v 0.039623125000000155 2.0625 0.022876875000000154
v 0.05412687499999996 0.53125 0.031249999999999965
v 0.05412687500000015 2.0625 0.03125000000000015
v 0.07087312499999997 0.53125 0.031249999999999965
v 0.07087312500000015 2.0625 0.03125000000000015
v 0.08537687499999998 0.53125 0.022876874999999967
v 0.08537687500000016 2.0625 0.022876875000000154
v 0.09374999999999997 0.53125 0.008373124999999966
v 0.09375000000000015 2.0625 0.008373125000000153
v 0.09374999999999997 0.53125 -0.008373125000000035
v 0.09375000000000015 2.0625 -0.008373124999999848
v 0.08537687499999998 0.53125 -0.022876875000000036
v 0.08537687500000016 2.0625 -0.02287687499999985
v 0.07087312499999997 0.53125 -0.031250000000000035
v 0.07087312500000015 2.0625 -0.031249999999999847
vt 0.9052721875 0.106242109375
vt 0.903243515625 0.10791015625
vt 0.890119453125 0.106242109375
vt 0.890119453125 0.091796875
vt 0.89796515625 0.091796875
vt 0.89796515625 0.10791015625
vt 0.890119453125 0.10791015625
vt 0.890119453125 0.10457375000000002
vt 0.897695234375 0.10502093749999997
vt 0.890119453125 0.10791015625
vt 0.9052734375 0.10624226562500005
vt 0.9032425 0.10791015625
vt 0.890119453125 0.10624226562500005
vt 0.890119453125 0.091796875
vt 0.89796515625 0.091796875
vt 0.89796515625 0.10791015625
vt 0.890119453125 0.10791015625
vt 0.890119453125 0.10457406250000001
vt 0.897695859375 0.105020703125
vt 0.890119453125 0.10791015625
vt 0.904756875 0.10618281249999995
vt 0.904756875 0.10791015625
vt 0.890119453125 0.10704648437499997
vt 0.890119453125 0.091796875
vt 0.89796515625 0.091796875
vt 0.89796515625 0.10791015625
vt 0.890119453125 0.10791015625
vt 0.904756875 0.10618281249999995
vt 0.904756875 0.10791015625
vt 0.890119453125 0.10704648437499997
vt 0.890119453125 0.10457406250000001
vt 0.897695859375 0.105020703125
vt 0.890119453125 0.10791015625
vt 0.890119453125 0.091796875
vt 0.89796515625 0.091796875
vt 0.89796515625 0.10791015625
vt 0.890119453125 0.10791015625
vt 0.9052734375 0.10624226562500005
vt 0.9032425 0.10791015625
vt 0.890119453125 0.10624226562500005
vt 0.890119453125 0.10457375000000002
vt 0.897695234375 0.10502093749999997
vt 0.890119453125 0.10791015625
vt 0.890119453125 0.091796875
vt 0.89796515625 0.091796875
vt 0.89796515625 0.10791015625
vt 0.890119453125 0.10791015625
vt 0.9052721875 0.106242109375
vt 0.903243515625 0.10791015625
vt 0.890119453125 0.106242109375
vt 0.890119453125 0.10468750000000004
vt 0.89796515625 0.10468750000000004
vt 0.89404234375 0.10791015625
vt 0.890119453125 0.091796875
vt 0.89796515625 0.091796875
vt 0.89796515625 0.10791015625
vt 0.890119453125 0.10791015625
vt 0.89796515625 0.10791015625
vt 0.890119453125 0.10791015625
vt 0.89404234375 0.10468750000000004
vt 0.890119453125 0.10791015625
vt 0.892148125 0.106242109375
vt 0.9052721875 0.10791015625
vt 0.890119453125 0.091796875
vt 0.89796515625 0.091796875
vt 0.89796515625 0.10791015625
vt 0.890119453125 0.10791015625
vt 0.897695234375 0.10791015625
vt 0.890119453125 0.10746296875000005
vt 0.897695234375 0.10457375000000002
vt 0.890119453125 0.10791015625
vt 0.89215046875 0.10624226562500005
vt 0.9052734375 0.10791015625
vt 0.890119453125 0.091796875
vt 0.89796515625 0.091796875
vt 0.89796515625 0.10791015625
vt 0.890119453125 0.10791015625
vt 0.897695859375 0.10791015625
vt 0.890119453125 0.107463515625
vt 0.897695859375 0.10457406250000001
vt 0.890119453125 0.10791015625
vt 0.890119453125 0.10618281249999995
vt 0.904756875 0.10704648437499997
vt 0.890119453125 0.091796875
vt 0.89796515625 0.091796875
vt 0.89796515625 0.10791015625
vt 0.890119453125 0.10791015625
vt 0.890119453125 0.10791015625
vt 0.890119453125 0.10618281249999995
vt 0.904756875 0.10704648437499997
vt 0.897695859375 0.10791015625
vt 0.890119453125 0.107463515625
vt 0.897695859375 0.10457406250000001
vt 0.890119453125 0.091796875
vt 0.89796515625 0.091796875
vt 0.89796515625 0.10791015625
vt 0.890119453125 0.10791015625
vt 0.890119453125 0.10791015625
vt 0.89215046875 0.10624226562500005
vt 0.9052734375 0.10791015625
vt 0.897695234375 0.10791015625
vt 0.890119453125 0.10746296875000005
vt 0.897695234375 0.10457375000000002
vt 0.890119453125 0.091796875
vt 0.89796515625 0.091796875
vt 0.89796515625 0.10791015625
vt 0.890119453125 0.10791015625
vt 0.890119453125 0.10791015625
vt 0.892148125 0.106242109375
vt 0.9052721875 0.10791015625
vt 0.89796515625 0.10791015625
vt 0.890119453125 0.10791015625
vt 0.89404234375 0.10468750000000004
vt 0.890119453125 0.091796875
vt 0.89796515625 0.091796875
vt 0.89796515625 0.10791015625
vt 0.890119453125 0.10791015625
vt 0.890119453125 0.10468750000000004
vt 0.89796515625 0.10468750000000004
vt 0.89404234375 0.10791015625
vn 0 -1 0
vn -0.4999722801449929 1.670012104073464e-16 -0.8660414072586926
vn 0 1 0
vn 0 -1 0
vn -0.8660414072586926 1.6700121040734635e-16 -0.49997228014499295
vn 0 1 0
vn 0 -1 0
vn -1 1.2235110883624175e-16 0
vn 0 1 0
vn 0 -1 0
vn -0.8660414072586926 4.4921211660203926e-17 0.49997228014499295
vn 0 1 0
vn 0 -1 0
vn -0.4999722801449929 -4.492121166020394e-17 0.8660414072586926
vn 0 1 0
vn 0 -1 0
vn 0 -1.2235110883624175e-16 1
vn 0 1 0
vn 0 -1 0
vn 0.49997228014499256 -1.648872710351014e-16 0.8660414072586928
vn 0 1 0
vn 0 -1 0
vn 0.8660414072586929 -1.6330181650591785e-16 0.49997228014499273
vn 0 1 0
vn 0 -1 0
vn 1 -1.1781958628675131e-16 0
vn 0 1 0
vn 0 -1 0
vn 0.8660414072586929 -4.0693332915714153e-17 -0.49997228014499273
vn 0 1 0
vn 0 -1 0
vn 0.49997228014499256 4.756363587551002e-17 -0.8660414072586928
vn 0 1 0
vn 0 -1 0
vn 0 1.2235110883624175e-16 -1
vn 0 1 0
usemtl m_d6dd9b6e-c937-c416-c9c0-f28f832954e4
f 767/3209/917 768/3210/917 769/3211/917
f 768/3212/918 767/3213/918 770/3214/918 771/3215/918
f 771/3216/919 770/3217/919 772/3218/919
f 773/3219/920 767/3220/920 769/3221/920
f 767/3222/921 773/3223/921 774/3224/921 770/3225/921
f 770/3226/922 774/3227/922 772/3228/922
f 775/3229/923 773/3230/923 769/3231/923
f 773/3232/924 775/3233/924 776/3234/924 774/3235/924
f 774/3236/925 776/3237/925 772/3238/925
f 777/3239/926 775/3240/926 769/3241/926
f 775/3242/927 777/3243/927 778/3244/927 776/3245/927
f 776/3246/928 778/3247/928 772/3248/928
f 779/3249/929 777/3250/929 769/3251/929
f 777/3252/930 779/3253/930 780/3254/930 778/3255/930
f 778/3256/931 780/3257/931 772/3258/931
f 781/3259/932 779/3260/932 769/3261/932
f 779/3262/933 781/3263/933 782/3264/933 780/3265/933
f 780/3266/934 782/3267/934 772/3268/934
f 783/3269/935 781/3270/935 769/3271/935
f 781/3272/936 783/3273/936 784/3274/936 782/3275/936
f 782/3276/937 784/3277/937 772/3278/937
f 785/3279/938 783/3280/938 769/3281/938
f 783/3282/939 785/3283/939 786/3284/939 784/3285/939
f 784/3286/940 786/3287/940 772/3288/940
f 787/3289/941 785/3290/941 769/3291/941
f 785/3292/942 787/3293/942 788/3294/942 786/3295/942
f 786/3296/943 788/3297/943 772/3298/943
f 789/3299/944 787/3300/944 769/3301/944
f 787/3302/945 789/3303/945 790/3304/945 788/3305/945
f 788/3306/946 790/3307/946 772/3308/946
f 791/3309/947 789/3310/947 769/3311/947
f 789/3312/948 791/3313/948 792/3314/948 790/3315/948
f 790/3316/949 792/3317/949 772/3318/949
f 768/3319/950 791/3320/950 769/3321/950
f 791/3322/951 768/3323/951 771/3324/951 792/3325/951
f 792/3326/952 771/3327/952 772/3328/952