# Made in Blockbench 5.1.6
mtllib nyc_subway_fare_gate_1_twoway_closed.mtl

o left
v -0.3125 0.75 0.5
v -0.3125 0.75 -0.5
v -0.3125 0 0.5
v -0.3125 0 -0.5
v -0.53125 0.75 -0.5
v -0.53125 0.75 0.5
v -0.53125 0 -0.5
v -0.53125 0 0.5
vt 0.3359375 0.671875
vt 0.36328125 0.671875
vt 0.36328125 0.578125
vt 0.3359375 0.578125
vt 0 1
vt 0.125 1
vt 0.125 0.90625
vt 0 0.90625
vt 0 0.65625
vt 0.02734375 0.65625
vt 0.02734375 0.5625
vt 0 0.5625
vt 0 0.90625
vt 0.125 0.90625
vt 0.125 0.8125
vt 0 0.8125
vt 0.20703125 0.6015625
vt 0.1796875 0.6015625
vt 0.1796875 0.7265625
vt 0.20703125 0.7265625
vt 0.23828125 0.7265625
vt 0.2109375 0.7265625
vt 0.2109375 0.6015625
vt 0.23828125 0.6015625
vn 0 0 -1
vn 1 0 0
vn 0 0 1
vn -1 0 0
vn 0 1 0
vn 0 -1 0
usemtl m_65b00506-f163-0095-ed77-d75dd24e35ca
f 4/4/1 7/3/1 5/2/1 2/1/1
f 3/8/2 4/7/2 2/6/2 1/5/2
f 8/12/3 3/11/3 1/10/3 6/9/3
f 7/16/4 8/15/4 6/14/4 5/13/4
f 6/20/5 1/19/5 2/18/5 5/17/5
f 7/24/6 4/23/6 3/22/6 8/21/6
o left
v -0.5 0.9375 0.5
v -0.5 0.9375 -0.5
v -0.3125 0.75 0.5
v -0.3125 0.75 -0.5
v -0.53125 0.9375 0.5
v -0.53125 0.9375 -0.5
v -0.53125 0.75 0.5
v -0.53125 0.75 -0.5
vt 0.125 0.732421875
vt 0.125 0.765625
vt 0 0.765625
vt 0 0.732421875
vt 0.4609375 0.8203125
vt 0.4609375 0.84375
vt 0.3359375 0.84375
vt 0.3359375 0.8203125
vt 0.10546875 0.3359375
vt 0.10546875 0.4609375
vt 0.1015625 0.4609375
vt 0.1015625 0.3359375
vt 0.33203125 0.75
vt 0.33203125 0.875
vt 0.3046875 0.875
vt 0.3046875 0.75
vt 0.53515625 0.5703125
vt 0.51171875 0.59375
vt 0.5078125 0.59375
vt 0.5078125 0.5703125
vt 0.53515625 0.921875
vt 0.53515625 0.9453125
vt 0.53125 0.9453125
vt 0.5078125 0.921875
vn 0.7071067811865476 0.7071067811865476 0
vn -1 0 0
vn 0 1 0
vn 0 -1 0
vn 0 0 1
vn 0 0 -1
usemtl m_65b00506-f163-0095-ed77-d75dd24e35ca
f 12/25/7 10/26/7 9/27/7 11/28/7
f 15/29/8 13/30/8 14/31/8 16/32/8
f 9/33/9 10/34/9 14/35/9 13/36/9
f 12/37/10 11/38/10 15/39/10 16/40/10
f 11/41/11 9/42/11 13/43/11 15/44/11
f 16/45/12 14/46/12 10/47/12 12/48/12
o left
v -0.5 1.265625 0.5
v -0.5 1.265625 -0.0625
v -0.5 1.1875 0.5
v -0.5 1.1875 -0.0625
v -0.6875 1.21875 0.5
v -0.6875 1.21875 -0.0625
v -0.6875 1.1875 0.5
v -0.6875 1.1875 -0.0625
vt 0.578125 0.662109375
vt 0.578125 0.671875
vt 0.5078125 0.671875
vt 0.5078125 0.662109375
vt 0.4453125 0.87890625
vt 0.4453125 0.8828125
vt 0.375 0.8828125
vt 0.375 0.87890625
vt 0.4765625 1
vt 0.40625 1
vt 0.40625 0.9755859375
vt 0.4765625 0.9755859375
vt 0.4453125 0.4765625
vt 0.4453125 0.546875
vt 0.421875 0.546875
vt 0.421875 0.4765625
vt 0.5625 0.544921875
vt 0.5625 0.5546875
vt 0.5390625 0.548828125
vt 0.5390625 0.544921875
vt 0.5625 0.529296875
vt 0.5625 0.533203125
vt 0.5390625 0.5390625
vt 0.5390625 0.529296875
vn 1 0 0
vn -1 0 0
vn -0.24253562503633297 0.9701425001453319 0
vn 0 -1 0
vn 0 0 1
vn 0 0 -1
usemtl m_65b00506-f163-0095-ed77-d75dd24e35ca
f 20/49/13 18/50/13 17/51/13 19/52/13
f 23/53/14 21/54/14 22/55/14 24/56/14
f 17/57/15 18/58/15 22/59/15 21/60/15
f 20/61/16 19/62/16 23/63/16 24/64/16
f 19/65/17 17/66/17 21/67/17 23/68/17
f 24/69/18 22/70/18 18/71/18 20/72/18
o left
v -0.5 1.75 -0.0625
v -0.5 1.75 -0.5
v -0.5 1.1875 -0.0625
v -0.5 1.1875 -0.5
v -0.6875 1.75 -0.5
v -0.6875 1.75 -0.0625
v -0.6875 1.1875 -0.5
v -0.6875 1.1875 -0.0625
vt 0.4453125 0.546875
vt 0.46875 0.546875
vt 0.46875 0.4765625
vt 0.4453125 0.4765625
vt 0.25 0.875
vt 0.3046875 0.875
vt 0.3046875 0.8046875
vt 0.25 0.8046875
vt 0.0546875 0.5390625
vt 0.078125 0.5390625
vt 0.078125 0.46875
vt 0.0546875 0.46875
vt 0.25 0.8046875
vt 0.3046875 0.8046875
vt 0.3046875 0.734375
vt 0.25 0.734375
vt 0.484375 0.6875
vt 0.4609375 0.6875
vt 0.4609375 0.7421875
vt 0.484375 0.7421875
vt 0.046875 0.53125
vt 0.0234375 0.53125
vt 0.0234375 0.4765625
vt 0.046875 0.4765625
vn 0 0 -1
vn 1 0 0
vn 0 0 1
vn -1 0 0
vn 0 1 0
vn 0 -1 0
usemtl m_65b00506-f163-0095-ed77-d75dd24e35ca
f 28/76/19 31/75/19 29/74/19 26/73/19
f 27/80/20 28/79/20 26/78/20 25/77/20
f 32/84/21 27/83/21 25/82/21 30/81/21
f 31/88/22 32/87/22 30/86/22 29/85/22
f 30/92/23 25/91/23 26/90/23 29/89/23
f 31/96/24 28/95/24 27/94/24 32/93/24
o right
v 0.5 1.265625 0
v 0.5 1.328125 -0.0625
v 0.5 1.1875 0
v 0.5 1.1875 -0.0625
v 0.3125 1.265625 0
v 0.3125 1.328125 -0.0625
v 0.3125 1.1875 0
v 0.3125 1.1875 -0.0625
vt 0.25 0.685546875
vt 0.25 0.703125
vt 0.2421875 0.6953125
vt 0.2421875 0.685546875
vt 0.03125 0.544921875
vt 0.03125 0.5546875
vt 0.0234375 0.5625
vt 0.0234375 0.544921875
vt 0.5625 0.6064453125
vt 0.5625 0.6171875
vt 0.5390625 0.6171875
vt 0.5390625 0.6064453125
vt 0.5 0.90625
vt 0.5 0.9140625
vt 0.4765625 0.9140625
vt 0.4765625 0.90625
vt 0.5625 0.513671875
vt 0.5625 0.5234375
vt 0.5390625 0.5234375
vt 0.5390625 0.513671875
vt 0.5546875 0.716796875
vt 0.5546875 0.734375
vt 0.53125 0.734375
vt 0.53125 0.716796875
vn 1 0 0
vn -1 0 0
vn 0 0.7071067811865476 0.7071067811865476
vn 0 -1 0
vn 0 0 1
vn 0 0 -1
usemtl m_65b00506-f163-0095-ed77-d75dd24e35ca
f 36/97/25 34/98/25 33/99/25 35/100/25
f 39/101/26 37/102/26 38/103/26 40/104/26
f 33/105/27 34/106/27 38/107/27 37/108/27
f 36/109/28 35/110/28 39/111/28 40/112/28
f 35/113/29 33/114/29 37/115/29 39/116/29
f 40/117/30 38/118/30 34/119/30 36/120/30
o left
v -0.5 1.9375 -0.3125
v -0.5 1.9375 -0.5
v -0.5 1.75 -0.0625
v -0.5 1.75 -0.5
v -0.6875 1.9375 -0.3125
v -0.6875 1.9375 -0.5
v -0.6875 1.75 -0.0625
v -0.6875 1.75 -0.5
vt 0.4609375 0.9140625
vt 0.4609375 0.9375
vt 0.4375 0.9375
vt 0.40625 0.9140625
vt 0.515625 0.9140625
vt 0.484375 0.9375
vt 0.4609375 0.9375
vt 0.4609375 0.9140625
vt 0.5546875 0.9765625
vt 0.5546875 1
vt 0.53125 1
vt 0.53125 0.9765625
vt 0.4921875 0.59375
vt 0.4921875 0.6484375
vt 0.46875 0.6484375
vt 0.46875 0.59375
vt 0.5078125 0.6953125
vt 0.5078125 0.734375
vt 0.484375 0.734375
vt 0.484375 0.6953125
vt 0.5546875 0.953125
vt 0.5546875 0.9765625
vt 0.53125 0.9765625
vt 0.53125 0.953125
vn 1 0 0
vn -1 0 0
vn 0 1 0
vn 0 -1 0
vn 0 0.8 0.6
vn 0 0 -1
usemtl m_65b00506-f163-0095-ed77-d75dd24e35ca
f 44/121/31 42/122/31 41/123/31 43/124/31
f 47/125/32 45/126/32 46/127/32 48/128/32
f 41/129/33 42/130/33 46/131/33 45/132/33
f 44/133/34 43/134/34 47/135/34 48/136/34
f 43/137/35 41/138/35 45/139/35 47/140/35
f 48/141/36 46/142/36 42/143/36 44/144/36
o left
v -0.5 1.1875 0.5
v -0.5 1.1875 -0.5
v -0.5 0.9375 0.5
v -0.5 0.9375 -0.5
v -0.53125 1.1875 -0.5
v -0.53125 1.1875 0.5
v -0.53125 0.9375 -0.5
v -0.53125 0.9375 0.5
vt 0.046875 0.53125
vt 0.05078125 0.53125
vt 0.05078125 0.5
vt 0.046875 0.5
vt 0.25 1
vt 0.375 1
vt 0.375 0.96875
vt 0.25 0.96875
vt 0.046875 0.5
vt 0.05078125 0.5
vt 0.05078125 0.46875
vt 0.046875 0.46875
vt 0.25 0.96875
vt 0.375 0.96875
vt 0.375 0.9375
vt 0.25 0.9375
vt 0.11328125 0.3359375
vt 0.109375 0.3359375
vt 0.109375 0.4609375
vt 0.11328125 0.4609375
vt 0.12109375 0.4609375
vt 0.1171875 0.4609375
vt 0.1171875 0.3359375
vt 0.12109375 0.3359375
vn 0 0 -1
vn 1 0 0
vn 0 0 1
vn -1 0 0
vn 0 1 0
vn 0 -1 0
usemtl m_65b00506-f163-0095-ed77-d75dd24e35ca
f 52/148/37 55/147/37 53/146/37 50/145/37
f 51/152/38 52/151/38 50/150/38 49/149/38
f 56/156/39 51/155/39 49/154/39 54/153/39
f 55/160/40 56/159/40 54/158/40 53/157/40
f 54/164/41 49/163/41 50/162/41 53/161/41
f 55/168/42 52/167/42 51/166/42 56/165/42
o left
v -0.53125 1.1875 0.5
v -0.53125 1.1875 -0.5
v -0.53125 0.84375 0.5
v -0.53125 0.84375 -0.5
v -0.6875 1.1875 0.5
v -0.6875 1.1875 -0.5
v -0.6875 1 0.5
v -0.6875 1 -0.5
vt 0.125 0.76953125
vt 0.125 0.8125
vt 0 0.8125
vt 0 0.76953125
vt 0.4609375 0.796875
vt 0.4609375 0.8203125
vt 0.3359375 0.8203125
vt 0.3359375 0.796875
vt 0.05078125 0.53125
vt 0.05078125 0.65625
vt 0.03125 0.65625
vt 0.03125 0.53125
vt 0.3046875 0.72265625
vt 0.4296875 0.72265625
vt 0.4296875 0.75
vt 0.3046875 0.75
vt 0.51953125 0.87109375
vt 0.51953125 0.9140625
vt 0.5 0.9140625
vt 0.5 0.890625
vt 0.52734375 0.953125
vt 0.52734375 0.9765625
vt 0.5078125 0.9765625
vt 0.5078125 0.93359375
vn 1 0 0
vn -1 0 0
vn 0 1 0
vn -0.7071067811865476 -0.7071067811865476 0
vn 0 0 1
vn 0 0 -1
usemtl m_65b00506-f163-0095-ed77-d75dd24e35ca
f 60/169/43 58/170/43 57/171/43 59/172/43
f 63/173/44 61/174/44 62/175/44 64/176/44
f 57/177/45 58/178/45 62/179/45 61/180/45
f 60/181/46 59/182/46 63/183/46 64/184/46
f 59/185/47 57/186/47 61/187/47 63/188/47
f 64/189/48 62/190/48 58/191/48 60/192/48
o left
v -0.53125 0.234375 0.5
v -0.53125 0.234375 -0.5
v -0.53125 0 0.5
v -0.53125 0 -0.5
v -0.6875 0.1875 0.5
v -0.6875 0.1875 -0.5
v -0.6875 0 0.5
v -0.6875 0 -0.5
vt 0.1796875 0.697265625
vt 0.1796875 0.7265625
vt 0.0546875 0.7265625
vt 0.0546875 0.697265625
vt 0.4609375 0.7734375
vt 0.4609375 0.796875
vt 0.3359375 0.796875
vt 0.3359375 0.7734375
vt 0.4921875 0.671875
vt 0.3671875 0.671875
vt 0.3671875 0.6513671875
vt 0.4921875 0.6513671875
vt 0.19921875 0.4765625
vt 0.19921875 0.6015625
vt 0.1796875 0.6015625
vt 0.1796875 0.4765625
vt 0.48828125 0.455078125
vt 0.48828125 0.484375
vt 0.46875 0.478515625
vt 0.46875 0.455078125
vt 0.53515625 0.494140625
vt 0.53515625 0.517578125
vt 0.515625 0.5234375
vt 0.515625 0.494140625
vn 1 0 0
vn -1 0 0
vn -0.28734788556634544 0.9578262852211515 0
vn 0 -1 0
vn 0 0 1
vn 0 0 -1
usemtl m_65b00506-f163-0095-ed77-d75dd24e35ca
f 68/193/49 66/194/49 65/195/49 67/196/49
f 71/197/50 69/198/50 70/199/50 72/200/50
f 65/201/51 66/202/51 70/203/51 69/204/51
f 68/205/52 67/206/52 71/207/52 72/208/52
f 67/209/53 65/210/53 69/211/53 71/212/53
f 72/213/54 70/214/54 66/215/54 68/216/54
o left
v -0.53125 1 -0.265625
v -0.53125 1 -0.5
v -0.53125 0.1875 -0.265625
v -0.53125 0.1875 -0.5
v -0.6875 1 -0.3125
v -0.6875 1 -0.5
v -0.6875 0.1875 -0.3125
v -0.6875 0.1875 -0.5
vt 0.146484375 0.5625
vt 0.146484375 0.6640625
vt 0.1171875 0.6640625
vt 0.1171875 0.5625
vt 0.328125 0.4921875
vt 0.328125 0.59375
vt 0.3046875 0.59375
vt 0.3046875 0.4921875
vt 0.53515625 0.462890625
vt 0.53515625 0.4921875
vt 0.515625 0.4921875
vt 0.515625 0.46875
vt 0.04296875 0.447265625
vt 0.04296875 0.4765625
vt 0.0234375 0.470703125
vt 0.0234375 0.447265625
vt 0.1376953125 0.4609375
vt 0.1376953125 0.5625
vt 0.1171875 0.5625
vt 0.1171875 0.4609375
vt 0.29296875 0.4609375
vt 0.29296875 0.5625
vt 0.2734375 0.5625
vt 0.2734375 0.4609375
vn 1 0 0
vn -1 0 0
vn 0 1 0
vn 0 -1 0
vn -0.28734788556634544 0 0.9578262852211514
vn 0 0 -1
usemtl m_65b00506-f163-0095-ed77-d75dd24e35ca
f 76/217/55 74/218/55 73/219/55 75/220/55
f 79/221/56 77/222/56 78/223/56 80/224/56
f 73/225/57 74/226/57 78/227/57 77/228/57
f 76/229/58 75/230/58 79/231/58 80/232/58
f 75/233/59 73/234/59 77/235/59 79/236/59
f 80/237/60 78/238/60 74/239/60 76/240/60
o left
v -0.53125 1 0.5
v -0.53125 1 0.265625
v -0.53125 0.1875 0.5
v -0.53125 0.1875 0.265625
v -0.6875 1 0.5
v -0.6875 1 0.3125
v -0.6875 0.1875 0.5
v -0.6875 0.1875 0.3125
vt 0.177734375 0.5625
vt 0.177734375 0.6640625
vt 0.1484375 0.6640625
vt 0.1484375 0.5625
vt 0.3515625 0.4765625
vt 0.3515625 0.578125
vt 0.328125 0.578125
vt 0.328125 0.4765625
vt 0.54296875 0.892578125
vt 0.54296875 0.921875
vt 0.5234375 0.916015625
vt 0.5234375 0.892578125
vt 0.54296875 0.861328125
vt 0.54296875 0.890625
vt 0.5234375 0.890625
vt 0.5234375 0.8671875
vt 0.37109375 0.453125
vt 0.37109375 0.5546875
vt 0.3515625 0.5546875
vt 0.3515625 0.453125
vt 0.1611328125 0.4609375
vt 0.1611328125 0.5625
vt 0.140625 0.5625
vt 0.140625 0.4609375
vn 1 0 0
vn -1 0 0
vn 0 1 0
vn 0 -1 0
vn 0 0 1
vn -0.28734788556634544 0 -0.9578262852211514
usemtl m_65b00506-f163-0095-ed77-d75dd24e35ca
f 84/241/61 82/242/61 81/243/61 83/244/61
f 87/245/62 85/246/62 86/247/62 88/248/62
f 81/249/63 82/250/63 86/251/63 85/252/63
f 84/253/64 83/254/64 87/255/64 88/256/64
f 83/257/65 81/258/65 85/259/65 87/260/65
f 88/261/66 86/262/66 82/263/66 84/264/66
o right
v 0.6875 0.75 0.5
v 0.6875 0.75 -0.5
v 0.6875 0 0.5
v 0.6875 0 -0.5
v 0.46875 0.75 -0.5
v 0.46875 0.75 0.5
v 0.46875 0 -0.5
v 0.46875 0 0.5
vt 0.3359375 0.671875
vt 0.36328125 0.671875
vt 0.36328125 0.578125
vt 0.3359375 0.578125
vt 0 1
vt 0.125 1
vt 0.125 0.90625
vt 0 0.90625
vt 0 0.65625
vt 0.02734375 0.65625
vt 0.02734375 0.5625
vt 0 0.5625
vt 0 0.90625
vt 0.125 0.90625
vt 0.125 0.8125
vt 0 0.8125
vt 0.20703125 0.6015625
vt 0.1796875 0.6015625
vt 0.1796875 0.7265625
vt 0.20703125 0.7265625
vt 0.23828125 0.7265625
vt 0.2109375 0.7265625
vt 0.2109375 0.6015625
vt 0.23828125 0.6015625
vn 0 0 -1
vn 1 0 0
vn 0 0 1
vn -1 0 0
vn 0 1 0
vn 0 -1 0
usemtl m_65b00506-f163-0095-ed77-d75dd24e35ca
f 92/268/67 95/267/67 93/266/67 90/265/67
f 91/272/68 92/271/68 90/270/68 89/269/68
f 96/276/69 91/275/69 89/274/69 94/273/69
f 95/280/70 96/279/70 94/278/70 93/277/70
f 94/284/71 89/283/71 90/282/71 93/281/71
f 95/288/72 92/287/72 91/286/72 96/285/72
o right
v 0.46875 1.1875 0.5
v 0.46875 1.1875 -0.5
v 0.46875 0.84375 0.5
v 0.46875 0.84375 -0.5
v 0.3125 1.1875 0.5
v 0.3125 1.1875 -0.5
v 0.3125 1 0.5
v 0.3125 1 -0.5
vt 0.125 0.76953125
vt 0.125 0.8125
vt 0 0.8125
vt 0 0.76953125
vt 0.4609375 0.796875
vt 0.4609375 0.8203125
vt 0.3359375 0.8203125
vt 0.3359375 0.796875
vt 0.05078125 0.53125
vt 0.05078125 0.65625
vt 0.03125 0.65625
vt 0.03125 0.53125
vt 0.3046875 0.72265625
vt 0.4296875 0.72265625
vt 0.4296875 0.75
vt 0.3046875 0.75
vt 0.51953125 0.87109375
vt 0.51953125 0.9140625
vt 0.5 0.9140625
vt 0.5 0.890625
vt 0.52734375 0.953125
vt 0.52734375 0.9765625
vt 0.5078125 0.9765625
vt 0.5078125 0.93359375
vn 1 0 0
vn -1 0 0
vn 0 1 0
vn -0.7071067811865476 -0.7071067811865476 0
vn 0 0 1
vn 0 0 -1
usemtl m_65b00506-f163-0095-ed77-d75dd24e35ca
f 100/289/73 98/290/73 97/291/73 99/292/73
f 103/293/74 101/294/74 102/295/74 104/296/74
f 97/297/75 98/298/75 102/299/75 101/300/75
f 100/301/76 99/302/76 103/303/76 104/304/76
f 99/305/77 97/306/77 101/307/77 103/308/77
f 104/309/78 102/310/78 98/311/78 100/312/78
o right
v 0.46875 1 -0.265625
v 0.46875 1 -0.5
v 0.46875 0.1875 -0.265625
v 0.46875 0.1875 -0.5
v 0.3125 1 -0.3125
v 0.3125 1 -0.5
v 0.3125 0.1875 -0.3125
v 0.3125 0.1875 -0.5
vt 0.146484375 0.5625
vt 0.146484375 0.6640625
vt 0.1171875 0.6640625
vt 0.1171875 0.5625
vt 0.328125 0.4921875
vt 0.328125 0.59375
vt 0.3046875 0.59375
vt 0.3046875 0.4921875
vt 0.53515625 0.462890625
vt 0.53515625 0.4921875
vt 0.515625 0.4921875
vt 0.515625 0.46875
vt 0.04296875 0.447265625
vt 0.04296875 0.4765625
vt 0.0234375 0.470703125
vt 0.0234375 0.447265625
vt 0.1376953125 0.4609375
vt 0.1376953125 0.5625
vt 0.1171875 0.5625
vt 0.1171875 0.4609375
vt 0.29296875 0.4609375
vt 0.29296875 0.5625
vt 0.2734375 0.5625
vt 0.2734375 0.4609375
vn 1 0 0
vn -1 0 0
vn 0 1 0
vn 0 -1 0
vn -0.28734788556634544 0 0.9578262852211514
vn 0 0 -1
usemtl m_65b00506-f163-0095-ed77-d75dd24e35ca
f 108/313/79 106/314/79 105/315/79 107/316/79
f 111/317/80 109/318/80 110/319/80 112/320/80
f 105/321/81 106/322/81 110/323/81 109/324/81
f 108/325/82 107/326/82 111/327/82 112/328/82
f 107/329/83 105/330/83 109/331/83 111/332/83
f 112/333/84 110/334/84 106/335/84 108/336/84
o right
v 0.46875 1 0.5
v 0.46875 1 0.265625
v 0.46875 0.1875 0.5
v 0.46875 0.1875 0.265625
v 0.3125 1 0.5
v 0.3125 1 0.3125
v 0.3125 0.1875 0.5
v 0.3125 0.1875 0.3125
vt 0.177734375 0.5625
vt 0.177734375 0.6640625
vt 0.1484375 0.6640625
vt 0.1484375 0.5625
vt 0.3515625 0.4765625
vt 0.3515625 0.578125
vt 0.328125 0.578125
vt 0.328125 0.4765625
vt 0.54296875 0.892578125
vt 0.54296875 0.921875
vt 0.5234375 0.916015625
vt 0.5234375 0.892578125
vt 0.54296875 0.861328125
vt 0.54296875 0.890625
vt 0.5234375 0.890625
vt 0.5234375 0.8671875
vt 0.37109375 0.453125
vt 0.37109375 0.5546875
vt 0.3515625 0.5546875
vt 0.3515625 0.453125
vt 0.1611328125 0.4609375
vt 0.1611328125 0.5625
vt 0.140625 0.5625
vt 0.140625 0.4609375
vn 1 0 0
vn -1 0 0
vn 0 1 0
vn 0 -1 0
vn 0 0 1
vn -0.28734788556634544 0 -0.9578262852211514
usemtl m_65b00506-f163-0095-ed77-d75dd24e35ca
f 116/337/85 114/338/85 113/339/85 115/340/85
f 119/341/86 117/342/86 118/343/86 120/344/86
f 113/345/87 114/346/87 118/347/87 117/348/87
f 116/349/88 115/350/88 119/351/88 120/352/88
f 115/353/89 113/354/89 117/355/89 119/356/89
f 120/357/90 118/358/90 114/359/90 116/360/90
o right
v 0.46875 0.234375 0.5
v 0.46875 0.234375 -0.5
v 0.46875 0 0.5
v 0.46875 0 -0.5
v 0.3125 0.1875 0.5
v 0.3125 0.1875 -0.5
v 0.3125 0 0.5
v 0.3125 0 -0.5
vt 0.1796875 0.697265625
vt 0.1796875 0.7265625
vt 0.0546875 0.7265625
vt 0.0546875 0.697265625
vt 0.4599609375 0.7734375
vt 0.4599609375 0.796875
vt 0.3349609375 0.796875
vt 0.3349609375 0.7734375
vt 0.4921875 0.671875
vt 0.3671875 0.671875
vt 0.3671875 0.6513671875
vt 0.4921875 0.6513671875
vt 0.19921875 0.4765625
vt 0.19921875 0.6015625
vt 0.1796875 0.6015625
vt 0.1796875 0.4765625
vt 0.48828125 0.455078125
vt 0.48828125 0.484375
vt 0.46875 0.478515625
vt 0.46875 0.455078125
vt 0.53515625 0.494140625
vt 0.53515625 0.517578125
vt 0.515625 0.5234375
vt 0.515625 0.494140625
vn 1 0 0
vn -1 0 0
vn -0.28734788556634544 0.9578262852211515 0
vn 0 -1 0
vn 0 0 1
vn 0 0 -1
usemtl m_65b00506-f163-0095-ed77-d75dd24e35ca
f 124/361/91 122/362/91 121/363/91 123/364/91
f 127/365/92 125/366/92 126/367/92 128/368/92
f 121/369/93 122/370/93 126/371/93 125/372/93
f 124/373/94 123/374/94 127/375/94 128/376/94
f 123/377/95 121/378/95 125/379/95 127/380/95
f 128/381/96 126/382/96 122/383/96 124/384/96
o right
v 0.5 1.1875 0.5
v 0.5 1.1875 -0.5
v 0.5 0.9375 0.5
v 0.5 0.9375 -0.5
v 0.46875 1.1875 -0.5
v 0.46875 1.1875 0.5
v 0.46875 0.9375 -0.5
v 0.46875 0.9375 0.5
vt 0.046875 0.53125
vt 0.05078125 0.53125
vt 0.05078125 0.5
vt 0.046875 0.5
vt 0.25 1
vt 0.375 1
vt 0.375 0.96875
vt 0.25 0.96875
vt 0.046875 0.5
vt 0.05078125 0.5
vt 0.05078125 0.46875
vt 0.046875 0.46875
vt 0.25 0.96875
vt 0.375 0.96875
vt 0.375 0.9375
vt 0.25 0.9375
vt 0.11328125 0.3359375
vt 0.109375 0.3359375
vt 0.109375 0.4609375
vt 0.11328125 0.4609375
vt 0.12109375 0.4609375
vt 0.1171875 0.4609375
vt 0.1171875 0.3359375
vt 0.12109375 0.3359375
vn 0 0 -1
vn 1 0 0
vn 0 0 1
vn -1 0 0
vn 0 1 0
vn 0 -1 0
usemtl m_65b00506-f163-0095-ed77-d75dd24e35ca
f 132/388/97 135/387/97 133/386/97 130/385/97
f 131/392/98 132/391/98 130/390/98 129/389/98
f 136/396/99 131/395/99 129/394/99 134/393/99
f 135/400/100 136/399/100 134/398/100 133/397/100
f 134/404/101 129/403/101 130/402/101 133/401/101
f 135/408/102 132/407/102 131/406/102 136/405/102
o right
v 0.5 1.75 -0.0625
v 0.5 1.75 -0.5
v 0.5 1.1875 -0.0625
v 0.5 1.1875 -0.5
v 0.3125 1.75 -0.5
v 0.3125 1.75 -0.0625
v 0.3125 1.1875 -0.5
v 0.3125 1.1875 -0.0625
vt 0.4453125 0.546875
vt 0.46875 0.546875
vt 0.46875 0.4765625
vt 0.4453125 0.4765625
vt 0.25 0.875
vt 0.3046875 0.875
vt 0.3046875 0.8046875
vt 0.25 0.8046875
vt 0.0546875 0.5390625
vt 0.078125 0.5390625
vt 0.078125 0.46875
vt 0.0546875 0.46875
vt 0.25 0.8046875
vt 0.3046875 0.8046875
vt 0.3046875 0.734375
vt 0.25 0.734375
vt 0.484375 0.6875
vt 0.4609375 0.6875
vt 0.4609375 0.7421875
vt 0.484375 0.7421875
vt 0.046875 0.53125
vt 0.0234375 0.53125
vt 0.0234375 0.4765625
vt 0.046875 0.4765625
vn 0 0 -1
vn 1 0 0
vn 0 0 1
vn -1 0 0
vn 0 1 0
vn 0 -1 0
usemtl m_65b00506-f163-0095-ed77-d75dd24e35ca
f 140/412/103 143/411/103 141/410/103 138/409/103
f 139/416/104 140/415/104 138/414/104 137/413/104
f 144/420/105 139/419/105 137/418/105 142/417/105
f 143/424/106 144/423/106 142/422/106 141/421/106
f 142/428/107 137/427/107 138/426/107 141/425/107
f 143/432/108 140/431/108 139/430/108 144/429/108
o right
v 0.5 1.9375 -0.3125
v 0.5 1.9375 -0.5
v 0.5 1.75 -0.0625
v 0.5 1.75 -0.5
v 0.3125 1.9375 -0.3125
v 0.3125 1.9375 -0.5
v 0.3125 1.75 -0.0625
v 0.3125 1.75 -0.5
vt 0.4609375 0.9140625
vt 0.4609375 0.9375
vt 0.4375 0.9375
vt 0.40625 0.9140625
vt 0.515625 0.9140625
vt 0.484375 0.9375
vt 0.4609375 0.9375
vt 0.4609375 0.9140625
vt 0.5546875 0.9765625
vt 0.5546875 1
vt 0.53125 1
vt 0.53125 0.9765625
vt 0.4921875 0.59375
vt 0.4921875 0.6484375
vt 0.46875 0.6484375
vt 0.46875 0.59375
vt 0.5078125 0.6953125
vt 0.5078125 0.734375
vt 0.484375 0.734375
vt 0.484375 0.6953125
vt 0.5546875 0.953125
vt 0.5546875 0.9765625
vt 0.53125 0.9765625
vt 0.53125 0.953125
vn 1 0 0
vn -1 0 0
vn 0 1 0
vn 0 -1 0
vn 0 0.8 0.6
vn 0 0 -1
usemtl m_65b00506-f163-0095-ed77-d75dd24e35ca
f 148/433/109 146/434/109 145/435/109 147/436/109
f 151/437/110 149/438/110 150/439/110 152/440/110
f 145/441/111 146/442/111 150/443/111 149/444/111
f 148/445/112 147/446/112 151/447/112 152/448/112
f 147/449/113 145/450/113 149/451/113 151/452/113
f 152/453/114 150/454/114 146/455/114 148/456/114
o right
v 0.5 0.9375 0.5
v 0.5 0.9375 -0.5
v 0.6875 0.75 0.5
v 0.6875 0.75 -0.5
v 0.46875 0.9375 0.5
v 0.46875 0.9375 -0.5
v 0.46875 0.75 0.5
v 0.46875 0.75 -0.5
vt 0.125 0.732421875
vt 0.125 0.765625
vt 0 0.765625
vt 0 0.732421875
vt 0.4609375 0.8203125
vt 0.4609375 0.84375
vt 0.3359375 0.84375
vt 0.3359375 0.8203125
vt 0.10546875 0.3359375
vt 0.10546875 0.4609375
vt 0.1015625 0.4609375
vt 0.1015625 0.3359375
vt 0.33203125 0.75
vt 0.33203125 0.875
vt 0.3046875 0.875
vt 0.3046875 0.75
vt 0.53515625 0.5703125
vt 0.51171875 0.59375
vt 0.5078125 0.59375
vt 0.5078125 0.5703125
vt 0.53515625 0.921875
vt 0.53515625 0.9453125
vt 0.53125 0.9453125
vt 0.5078125 0.921875
vn 0.7071067811865476 0.7071067811865476 0
vn -1 0 0
vn 0 1 0
vn 0 -1 0
vn 0 0 1
vn 0 0 -1
usemtl m_65b00506-f163-0095-ed77-d75dd24e35ca
f 156/457/115 154/458/115 153/459/115 155/460/115
f 159/461/116 157/462/116 158/463/116 160/464/116
f 153/465/117 154/466/117 158/467/117 157/468/117
f 156/469/118 155/470/118 159/471/118 160/472/118
f 155/473/119 153/474/119 157/475/119 159/476/119
f 160/477/120 158/478/120 154/479/120 156/480/120
o right
v 0.5 1.265625 0.5
v 0.5 1.265625 -0.0625
v 0.5 1.1875 0.5
v 0.5 1.1875 -0.0625
v 0.3125 1.21875 0.5
v 0.3125 1.21875 -0.0625
v 0.3125 1.1875 0.5
v 0.3125 1.1875 -0.0625
vt 0.578125 0.662109375
vt 0.578125 0.671875
vt 0.5078125 0.671875
vt 0.5078125 0.662109375
vt 0.4453125 0.87890625
vt 0.4453125 0.8828125
vt 0.375 0.8828125
vt 0.375 0.87890625
vt 0.4765625 1
vt 0.40625 1
vt 0.40625 0.9755859375
vt 0.4765625 0.9755859375
vt 0.4453125 0.4765625
vt 0.4453125 0.546875
vt 0.421875 0.546875
vt 0.421875 0.4765625
vt 0.5625 0.544921875
vt 0.5625 0.5546875
vt 0.5390625 0.548828125
vt 0.5390625 0.544921875
vt 0.5625 0.529296875
vt 0.5625 0.533203125
vt 0.5390625 0.5390625
vt 0.5390625 0.529296875
vn 1 0 0
vn -1 0 0
vn -0.24253562503633297 0.9701425001453319 0
vn 0 -1 0
vn 0 0 1
vn 0 0 -1
usemtl m_65b00506-f163-0095-ed77-d75dd24e35ca
f 164/481/121 162/482/121 161/483/121 163/484/121
f 167/485/122 165/486/122 166/487/122 168/488/122
f 161/489/123 162/490/123 166/491/123 165/492/123
f 164/493/124 163/494/124 167/495/124 168/496/124
f 163/497/125 161/498/125 165/499/125 167/500/125
f 168/501/126 166/502/126 162/503/126 164/504/126
o top
v -0.59375 1.9371875 -0.40625
v -0.59375 2.1878125 -0.40625
v -0.5625300112857814 1.9371875 -0.3521752761327005
v -0.5625300112857814 2.1878125 -0.3521752761327005
v -0.5396752175314274 1.9371875 -0.3750299097853992
v -0.5396752175314274 2.1878125 -0.3750299097853992
v -0.5313099210711807 1.9371875 -0.406250058601273
v -0.5313099210711807 2.1878125 -0.406250058601273
v -0.5396752761327005 1.9371875 -0.43746998871421855
v -0.5396752761327005 2.1878125 -0.43746998871421855
v -0.5625299097853992 1.9371875 -0.4603247824685725
v -0.5625299097853992 2.1878125 -0.4603247824685725
v -0.5937500586012731 1.9371875 -0.46869007892881936
v -0.5937500586012731 2.1878125 -0.46869007892881936
v -0.6249699887142186 1.9371875 -0.4603247238672995
v -0.6249699887142186 2.1878125 -0.4603247238672995
v -0.6478247824685726 1.9371875 -0.4374700902146008
v -0.6478247824685726 2.1878125 -0.4374700902146008
v -0.6561900789288193 1.9371875 -0.406249941398727
v -0.6561900789288193 2.1878125 -0.406249941398727
v -0.6478247238672995 1.9371875 -0.37503001128578145
v -0.6478247238672995 2.1878125 -0.37503001128578145
v -0.6249700902146008 1.9371875 -0.3521752175314275
v -0.6249700902146008 2.1878125 -0.3521752175314275
v -0.5937499413987269 1.9371875 -0.34380992107118064
v -0.5937499413987269 2.1878125 -0.34380992107118064
vt 0.36489375 0.5755578125
vt 0.3613953125 0.577578125
vt 0.359375 0.5700390625
vt 0.15680546875 0.42960937499999996
vt 0.16084609375 0.42960937499999996
vt 0.16084609375 0.4609375
vt 0.15680546875 0.4609375
vt 0.4551453125 0.719296875
vt 0.45864375 0.7213171875
vt 0.453125 0.7268359375
vt 0.3669140625 0.572059375
vt 0.36489375 0.5755578125
vt 0.359375 0.5700390625
vt 0.22684921875 0.5702343750000001
vt 0.23088984375 0.5702343750000001
vt 0.23088984375 0.6015625
vt 0.22684921875 0.6015625
vt 0.45864375 0.7213171875
vt 0.4606640625 0.724815625
vt 0.453125 0.7268359375
vt 0.3669140625 0.56801875
vt 0.3669140625 0.572059375
vt 0.359375 0.5700390625
vt 0.23088984375 0.5702343750000001
vt 0.23493046875 0.5702343750000001
vt 0.23493046875 0.6015625
vt 0.23088984375 0.6015625
vt 0.4606640625 0.724815625
vt 0.4606640625 0.72885625
vt 0.453125 0.7268359375
vt 0.36489375 0.5645203125
vt 0.3669140625 0.56801875
vt 0.359375 0.5700390625
vt 0.23493046875 0.5702343750000001
vt 0.23897109375 0.5702343750000001
vt 0.23897109375 0.6015625
vt 0.23493046875 0.6015625
vt 0.4606640625 0.72885625
vt 0.45864375 0.7323546875
vt 0.453125 0.7268359375
vt 0.3613953125 0.5625
vt 0.36489375 0.5645203125
vt 0.359375 0.5700390625
vt 0.22684921875 0.42960937499999996
vt 0.23088984375 0.42960937499999996
vt 0.23088984375 0.4609375
vt 0.22684921875 0.4609375
vt 0.45864375 0.7323546875
vt 0.4551453125 0.734375
vt 0.453125 0.7268359375
vt 0.3573546875 0.5625
vt 0.3613953125 0.5625
vt 0.359375 0.5700390625
vt 0.23088984375 0.42960937499999996
vt 0.23493046875 0.42960937499999996
vt 0.23493046875 0.4609375
vt 0.23088984375 0.4609375
vt 0.4551453125 0.734375
vt 0.4511046875 0.734375
vt 0.453125 0.7268359375
vt 0.35385625 0.5645203125
vt 0.3573546875 0.5625
vt 0.359375 0.5700390625
vt 0.23493046875 0.42960937499999996
vt 0.23897109375 0.42960937499999996
vt 0.23897109375 0.4609375
vt 0.23493046875 0.4609375
vt 0.4511046875 0.734375
vt 0.44760625 0.7323546875
vt 0.453125 0.7268359375
vt 0.3518359375 0.56801875
vt 0.35385625 0.5645203125
vt 0.359375 0.5700390625
vt 0.53934921875 0.773359375
vt 0.54338984375 0.773359375
vt 0.54338984375 0.8046875
vt 0.53934921875 0.8046875
vt 0.44760625 0.7323546875
vt 0.4455859375 0.72885625
vt 0.453125 0.7268359375
vt 0.3518359375 0.572059375
vt 0.3518359375 0.56801875
vt 0.359375 0.5700390625
vt 0.54338984375 0.773359375
vt 0.54743046875 0.773359375
vt 0.54743046875 0.8046875
vt 0.54338984375 0.8046875
vt 0.4455859375 0.72885625
vt 0.4455859375 0.724815625
vt 0.453125 0.7268359375
vt 0.35385625 0.5755578125
vt 0.3518359375 0.572059375
vt 0.359375 0.5700390625
vt 0.54743046875 0.773359375
vt 0.55147109375 0.773359375
vt 0.55147109375 0.8046875
vt 0.54743046875 0.8046875
vt 0.4455859375 0.724815625
vt 0.44760625 0.7213171875
vt 0.453125 0.7268359375
vt 0.3573546875 0.577578125
vt 0.35385625 0.5755578125
vt 0.359375 0.5700390625
vt 0.14872421875 0.42960937499999996
vt 0.15276484375 0.42960937499999996
vt 0.15276484375 0.4609375
vt 0.14872421875 0.4609375
vt 0.44760625 0.7213171875
vt 0.4511046875 0.719296875
vt 0.453125 0.7268359375
vt 0.3613953125 0.577578125
vt 0.3573546875 0.577578125
vt 0.359375 0.5700390625
vt 0.15276484375 0.42960937499999996
vt 0.15680546875 0.42960937499999996
vt 0.15680546875 0.4609375
vt 0.15276484375 0.4609375
vt 0.4511046875 0.719296875
vt 0.4551453125 0.719296875
vt 0.453125 0.7268359375
vn 0 -1 0
vn 0.707104304472863 0 0.7071092578915571
vn 0 1 0
vn 0 -1 0
vn 0.965926732821682 0 0.2588156618530474
vn 0 1 0
vn 0 -1 0
vn 0.9659258262890683 0 -0.25881904510252074
vn 0 1 0
vn 0 -1 0
vn 0.7071092578915571 0 -0.707104304472863
vn 0 1 0
vn 0 -1 0
vn 0.2588156618530474 0 -0.965926732821682
vn 0 1 0
vn 0 -1 0
vn -0.25881904510252074 0 -0.9659258262890683
vn 0 1 0
vn 0 -1 0
vn -0.707104304472863 0 -0.7071092578915571
vn 0 1 0
vn 0 -1 0
vn -0.965926732821682 0 -0.2588156618530474
vn 0 1 0
vn 0 -1 0
vn -0.9659258262890683 0 0.25881904510252074
vn 0 1 0
vn 0 -1 0
vn -0.7071092578915571 0 0.707104304472863
vn 0 1 0
vn 0 -1 0
vn -0.2588156618530474 0 0.965926732821682
vn 0 1 0
vn 0 -1 0
vn 0.25881904510252074 0 0.9659258262890683
vn 0 1 0
usemtl m_65b00506-f163-0095-ed77-d75dd24e35ca
f 173/505/127 171/506/127 169/507/127
f 171/508/128 173/509/128 174/510/128 172/511/128
f 172/512/129 174/513/129 170/514/129
f 175/515/130 173/516/130 169/517/130
f 173/518/131 175/519/131 176/520/131 174/521/131
f 174/522/132 176/523/132 170/524/132
f 177/525/133 175/526/133 169/527/133
f 175/528/134 177/529/134 178/530/134 176/531/134
f 176/532/135 178/533/135 170/534/135
f 179/535/136 177/536/136 169/537/136
f 177/538/137 179/539/137 180/540/137 178/541/137
f 178/542/138 180/543/138 170/544/138
f 181/545/139 179/546/139 169/547/139
f 179/548/140 181/549/140 182/550/140 180/551/140
f 180/552/141 182/553/141 170/554/141
f 183/555/142 181/556/142 169/557/142
f 181/558/143 183/559/143 184/560/143 182/561/143
f 182/562/144 184/563/144 170/564/144
f 185/565/145 183/566/145 169/567/145
f 183/568/146 185/569/146 186/570/146 184/571/146
f 184/572/147 186/573/147 170/574/147
f 187/575/148 185/576/148 169/577/148
f 185/578/149 187/579/149 188/580/149 186/581/149
f 186/582/150 188/583/150 170/584/150
f 189/585/151 187/586/151 169/587/151
f 187/588/152 189/589/152 190/590/152 188/591/152
f 188/592/153 190/593/153 170/594/153
f 191/595/154 189/596/154 169/597/154
f 189/598/155 191/599/155 192/600/155 190/601/155
f 190/602/156 192/603/156 170/604/156
f 193/605/157 191/606/157 169/607/157
f 191/608/158 193/609/158 194/610/158 192/611/158
f 192/612/159 194/613/159 170/614/159
f 171/615/160 193/616/160 169/617/160
f 193/618/161 171/619/161 172/620/161 194/621/161
f 194/622/162 172/623/162 170/624/162
o top
v 0.40625 1.9371875 -0.40625
v 0.40625 2.1878125 -0.40625
v 0.43746998871421855 1.9371875 -0.3521752761327005
v 0.43746998871421855 2.1878125 -0.3521752761327005
v 0.4603247824685725 1.9371875 -0.3750299097853992
v 0.4603247824685725 2.1878125 -0.3750299097853992
v 0.46869007892881936 1.9371875 -0.406250058601273
v 0.46869007892881936 2.1878125 -0.406250058601273
v 0.4603247238672995 1.9371875 -0.43746998871421855
v 0.4603247238672995 2.1878125 -0.43746998871421855
v 0.4374700902146008 1.9371875 -0.4603247824685725
v 0.4374700902146008 2.1878125 -0.4603247824685725
v 0.406249941398727 1.9371875 -0.46869007892881936
v 0.406249941398727 2.1878125 -0.46869007892881936
v 0.37503001128578145 1.9371875 -0.4603247238672995
v 0.37503001128578145 2.1878125 -0.4603247238672995
v 0.3521752175314275 1.9371875 -0.4374700902146008
v 0.3521752175314275 2.1878125 -0.4374700902146008
v 0.34380992107118064 1.9371875 -0.406249941398727
v 0.34380992107118064 2.1878125 -0.406249941398727
v 0.3521752761327005 1.9371875 -0.37503001128578145
v 0.3521752761327005 2.1878125 -0.37503001128578145
v 0.3750299097853992 1.9371875 -0.3521752175314275
v 0.3750299097853992 2.1878125 -0.3521752175314275
v 0.406250058601273 1.9371875 -0.34380992107118064
v 0.406250058601273 2.1878125 -0.34380992107118064
vt 0.48989375 0.9583703125
vt 0.4863953125 0.960390625
vt 0.484375 0.9528515625
vt 0.26618046875 0.42960937499999996
vt 0.27022109375 0.42960937499999996
vt 0.27022109375 0.4609375
vt 0.26618046875 0.4609375
vt 0.4942078125 0.852109375
vt 0.49770625 0.8541296875
vt 0.4921875 0.8596484375
vt 0.4919140625 0.954871875
vt 0.48989375 0.9583703125
vt 0.484375 0.9528515625
vt 0.24247421875 0.42960937499999996
vt 0.24651484375 0.42960937499999996
vt 0.24651484375 0.4609375
vt 0.24247421875 0.4609375
vt 0.49770625 0.8541296875
vt 0.4997265625 0.857628125
vt 0.4921875 0.8596484375
vt 0.4919140625 0.95083125
vt 0.4919140625 0.954871875
vt 0.484375 0.9528515625
vt 0.24651484375 0.42960937499999996
vt 0.25055546875 0.42960937499999996
vt 0.25055546875 0.4609375
vt 0.24651484375 0.4609375
vt 0.4997265625 0.857628125
vt 0.4997265625 0.86166875
vt 0.4921875 0.8596484375
vt 0.48989375 0.9473328125
vt 0.4919140625 0.95083125
vt 0.484375 0.9528515625
vt 0.25055546875 0.42960937499999996
vt 0.25459609375 0.42960937499999996
vt 0.25459609375 0.4609375
vt 0.25055546875 0.4609375
vt 0.4997265625 0.86166875
vt 0.49770625 0.8651671875
vt 0.4921875 0.8596484375
vt 0.4863953125 0.9453125
vt 0.48989375 0.9473328125
vt 0.484375 0.9528515625
vt 0.53934921875 0.6796093750000001
vt 0.54338984375 0.6796093750000001
vt 0.54338984375 0.7109375
vt 0.53934921875 0.7109375
vt 0.49770625 0.8651671875
vt 0.4942078125 0.8671875
vt 0.4921875 0.8596484375
vt 0.4823546875 0.9453125
vt 0.4863953125 0.9453125
vt 0.484375 0.9528515625
vt 0.54338984375 0.6796093750000001
vt 0.54743046875 0.6796093750000001
vt 0.54743046875 0.7109375
vt 0.54338984375 0.7109375
vt 0.4942078125 0.8671875
vt 0.4901671875 0.8671875
vt 0.4921875 0.8596484375
vt 0.47885625 0.9473328125
vt 0.4823546875 0.9453125
vt 0.484375 0.9528515625
vt 0.54743046875 0.6796093750000001
vt 0.55147109375 0.6796093750000001
vt 0.55147109375 0.7109375
vt 0.54743046875 0.7109375
vt 0.4901671875 0.8671875
vt 0.48666875 0.8651671875
vt 0.4921875 0.8596484375
vt 0.4768359375 0.95083125
vt 0.47885625 0.9473328125
vt 0.484375 0.9528515625
vt 0.27372421875 0.42960937499999996
vt 0.27776484375 0.42960937499999996
vt 0.27776484375 0.4609375
vt 0.27372421875 0.4609375
vt 0.48666875 0.8651671875
vt 0.4846484375 0.86166875
vt 0.4921875 0.8596484375
vt 0.4768359375 0.954871875
vt 0.4768359375 0.95083125
vt 0.484375 0.9528515625
vt 0.27776484375 0.42960937499999996
vt 0.28180546875 0.42960937499999996
vt 0.28180546875 0.4609375
vt 0.27776484375 0.4609375
vt 0.4846484375 0.86166875
vt 0.4846484375 0.857628125
vt 0.4921875 0.8596484375
vt 0.47885625 0.9583703125
vt 0.4768359375 0.954871875
vt 0.484375 0.9528515625
vt 0.28180546875 0.42960937499999996
vt 0.28584609375 0.42960937499999996
vt 0.28584609375 0.4609375
vt 0.28180546875 0.4609375
vt 0.4846484375 0.857628125
vt 0.48666875 0.8541296875
vt 0.4921875 0.8596484375
vt 0.4823546875 0.960390625
vt 0.47885625 0.9583703125
vt 0.484375 0.9528515625
vt 0.25809921875 0.42960937499999996
vt 0.26213984375 0.42960937499999996
vt 0.26213984375 0.4609375
vt 0.25809921875 0.4609375
vt 0.48666875 0.8541296875
vt 0.4901671875 0.852109375
vt 0.4921875 0.8596484375
vt 0.4863953125 0.960390625
vt 0.4823546875 0.960390625
vt 0.484375 0.9528515625
vt 0.26213984375 0.42960937499999996
vt 0.26618046875 0.42960937499999996
vt 0.26618046875 0.4609375
vt 0.26213984375 0.4609375
vt 0.4901671875 0.852109375
vt 0.4942078125 0.852109375
vt 0.4921875 0.8596484375
vn 0 -1 0
vn 0.707104304472863 0 0.7071092578915571
vn 0 1 0
vn 0 -1 0
vn 0.965926732821682 0 0.2588156618530474
vn 0 1 0
vn 0 -1 0
vn 0.9659258262890683 0 -0.25881904510252074
vn 0 1 0
vn 0 -1 0
vn 0.7071092578915571 0 -0.707104304472863
vn 0 1 0
vn 0 -1 0
vn 0.2588156618530474 0 -0.965926732821682
vn 0 1 0
vn 0 -1 0
vn -0.25881904510252074 0 -0.9659258262890683
vn 0 1 0
vn 0 -1 0
vn -0.707104304472863 0 -0.7071092578915571
vn 0 1 0
vn 0 -1 0
vn -0.965926732821682 0 -0.2588156618530474
vn 0 1 0
vn 0 -1 0
vn -0.9659258262890683 0 0.25881904510252074
vn 0 1 0
vn 0 -1 0
vn -0.7071092578915571 0 0.707104304472863
vn 0 1 0
vn 0 -1 0
vn -0.2588156618530474 0 0.965926732821682
vn 0 1 0
vn 0 -1 0
vn 0.25881904510252074 0 0.9659258262890683
vn 0 1 0
usemtl m_65b00506-f163-0095-ed77-d75dd24e35ca
f 199/625/163 197/626/163 195/627/163
f 197/628/164 199/629/164 200/630/164 198/631/164
f 198/632/165 200/633/165 196/634/165
f 201/635/166 199/636/166 195/637/166
f 199/638/167 201/639/167 202/640/167 200/641/167
f 200/642/168 202/643/168 196/644/168
f 203/645/169 201/646/169 195/647/169
f 201/648/170 203/649/170 204/650/170 202/651/170
f 202/652/171 204/653/171 196/654/171
f 205/655/172 203/656/172 195/657/172
f 203/658/173 205/659/173 206/660/173 204/661/173
f 204/662/174 206/663/174 196/664/174
f 207/665/175 205/666/175 195/667/175
f 205/668/176 207/669/176 208/670/176 206/671/176
f 206/672/177 208/673/177 196/674/177
f 209/675/178 207/676/178 195/677/178
f 207/678/179 209/679/179 210/680/179 208/681/179
f 208/682/180 210/683/180 196/684/180
f 211/685/181 209/686/181 195/687/181
f 209/688/182 211/689/182 212/690/182 210/691/182
f 210/692/183 212/693/183 196/694/183
f 213/695/184 211/696/184 195/697/184
f 211/698/185 213/699/185 214/700/185 212/701/185
f 212/702/186 214/703/186 196/704/186
f 215/705/187 213/706/187 195/707/187
f 213/708/188 215/709/188 216/710/188 214/711/188
f 214/712/189 216/713/189 196/714/189
f 217/715/190 215/716/190 195/717/190
f 215/718/191 217/719/191 218/720/191 216/721/191
f 216/722/192 218/723/192 196/724/192
f 219/725/193 217/726/193 195/727/193
f 217/728/194 219/729/194 220/730/194 218/731/194
f 218/732/195 220/733/195 196/734/195
f 197/735/196 219/736/196 195/737/196
f 219/738/197 197/739/197 198/740/197 220/741/197
f 220/742/198 198/743/198 196/744/198
o top
v 0.21874999999999997 2.375 -0.40625
v -0.40624999999999994 2.375 -0.40625
v 0.21874999999999997 2.374999941398727 -0.34380992107118064
v -0.40624999999999994 2.3749999413987273 -0.34380992107118064
v 0.21874999999999997 2.406220090214601 -0.3521752175314275
v -0.40624999999999994 2.406220090214601 -0.35217521753142744
v 0.21874999999999997 2.4290747238672994 -0.37503001128578145
v -0.40624999999999994 2.4290747238672994 -0.37503001128578145
v 0.21874999999999997 2.437440078928819 -0.406249941398727
v -0.40624999999999994 2.4374400789288195 -0.406249941398727
v 0.21874999999999997 2.4290747824685726 -0.4374700902146008
v -0.40624999999999994 2.4290747824685726 -0.4374700902146008
v 0.21874999999999997 2.4062199887142186 -0.4603247238672995
v -0.40624999999999994 2.4062199887142186 -0.4603247238672995
v 0.21874999999999997 2.375000058601273 -0.46869007892881936
v -0.40624999999999994 2.375000058601273 -0.46869007892881936
v 0.21874999999999997 2.343779909785399 -0.4603247824685725
v -0.40624999999999994 2.3437799097853995 -0.4603247824685725
v 0.21874999999999997 2.3209252761327006 -0.43746998871421855
v -0.40624999999999994 2.3209252761327006 -0.43746998871421855
v 0.21874999999999997 2.3125599210711805 -0.406250058601273
v -0.40624999999999994 2.312559921071181 -0.406250058601273
v 0.21874999999999997 2.3209252175314274 -0.3750299097853992
v -0.40624999999999994 2.3209252175314274 -0.3750299097853992
v 0.21874999999999997 2.3437800112857814 -0.3521752761327005
v -0.40624999999999994 2.3437800112857814 -0.3521752761327005
vt 0.52895625 0.8568078125
vt 0.5254578125 0.858828125
vt 0.5234375 0.8512890625
vt 0.10993046875 0.4609375
vt 0.11397109375 0.4609375
vt 0.11397109375 0.5390625
vt 0.10993046875 0.5390625
vt 0.5332703125 0.672421875
vt 0.53676875 0.6744421875
vt 0.53125 0.6799609375
vt 0.5309765625 0.853309375
vt 0.52895625 0.8568078125
vt 0.5234375 0.8512890625
vt 0.16434921875 0.484375
vt 0.16838984375 0.484375
vt 0.16838984375 0.5625
vt 0.16434921875 0.5625
vt 0.53676875 0.6744421875
vt 0.5387890625 0.677940625
vt 0.53125 0.6799609375
vt 0.5309765625 0.84926875
vt 0.5309765625 0.853309375
vt 0.5234375 0.8512890625
vt 0.16838984375 0.484375
vt 0.17243046875 0.484375
vt 0.17243046875 0.5625
vt 0.16838984375 0.5625
vt 0.5387890625 0.677940625
vt 0.5387890625 0.68198125
vt 0.53125 0.6799609375
vt 0.52895625 0.8457703125
vt 0.5309765625 0.84926875
vt 0.5234375 0.8512890625
vt 0.17243046875 0.484375
vt 0.17647109375 0.484375
vt 0.17647109375 0.5625
vt 0.17243046875 0.5625
vt 0.5387890625 0.68198125
vt 0.53676875 0.6854796875
vt 0.53125 0.6799609375
vt 0.5254578125 0.84375
vt 0.52895625 0.8457703125
vt 0.5234375 0.8512890625
vt 0.49247421875 0.515625
vt 0.49651484375 0.515625
vt 0.49651484375 0.59375
vt 0.49247421875 0.59375
vt 0.53676875 0.6854796875
vt 0.5332703125 0.6875
vt 0.53125 0.6799609375
vt 0.5214171875 0.84375
vt 0.5254578125 0.84375
vt 0.5234375 0.8512890625
vt 0.49651484375 0.515625
vt 0.50055546875 0.515625
vt 0.50055546875 0.59375
vt 0.49651484375 0.59375
vt 0.5332703125 0.6875
vt 0.5292296875 0.6875
vt 0.53125 0.6799609375
vt 0.51791875 0.8457703125
vt 0.5214171875 0.84375
vt 0.5234375 0.8512890625
vt 0.50055546875 0.515625
vt 0.50459609375 0.515625
vt 0.50459609375 0.59375
vt 0.50055546875 0.59375
vt 0.5292296875 0.6875
vt 0.52573125 0.6854796875
vt 0.53125 0.6799609375
vt 0.5158984375 0.84926875
vt 0.51791875 0.8457703125
vt 0.5234375 0.8512890625
vt 0.49247421875 0.59375
vt 0.49651484375 0.59375
vt 0.49651484375 0.671875
vt 0.49247421875 0.671875
vt 0.52573125 0.6854796875
vt 0.5237109375 0.68198125
vt 0.53125 0.6799609375
vt 0.5158984375 0.853309375
vt 0.5158984375 0.84926875
vt 0.5234375 0.8512890625
vt 0.49651484375 0.59375
vt 0.50055546875 0.59375
vt 0.50055546875 0.671875
vt 0.49651484375 0.671875
vt 0.5237109375 0.68198125
vt 0.5237109375 0.677940625
vt 0.53125 0.6799609375
vt 0.51791875 0.8568078125
vt 0.5158984375 0.853309375
vt 0.5234375 0.8512890625
vt 0.50055546875 0.59375
vt 0.50459609375 0.59375
vt 0.50459609375 0.671875
vt 0.50055546875 0.671875
vt 0.5237109375 0.677940625
vt 0.52573125 0.6744421875
vt 0.53125 0.6799609375
vt 0.5214171875 0.858828125
vt 0.51791875 0.8568078125
vt 0.5234375 0.8512890625
vt 0.10184921875 0.4609375
vt 0.10588984375 0.4609375
vt 0.10588984375 0.5390625
vt 0.10184921875 0.5390625
vt 0.52573125 0.6744421875
vt 0.5292296875 0.672421875
vt 0.53125 0.6799609375
vt 0.5254578125 0.858828125
vt 0.5214171875 0.858828125
vt 0.5234375 0.8512890625
vt 0.10588984375 0.4609375
vt 0.10993046875 0.4609375
vt 0.10993046875 0.5390625
vt 0.10588984375 0.5390625
vt 0.5292296875 0.672421875
vt 0.5332703125 0.672421875
vt 0.53125 0.6799609375
vn 1 -2.1447861848524064e-16 -5.746937261686309e-17
vn 8.427847385656e-17 0.25881566185304744 0.9659267328216821
vn -1 2.1447861848524064e-16 5.746937261686309e-17
vn 1 -2.1447861848524064e-16 -5.746937261686309e-17
vn 1.7663588279829616e-16 0.7071092578915573 0.707104304472863
vn -1 2.1447861848524064e-16 5.746937261686309e-17
vn 1 -2.1447861848524064e-16 -5.746937261686309e-17
vn 2.2166229006234853e-16 0.9659258262890684 0.25881904510252074
vn -1 2.1447861848524064e-16 5.746937261686309e-17
vn 1 -2.1447861848524064e-16 -5.746937261686309e-17
vn 2.0729524210284542e-16 0.9659267328216821 -0.2588156618530473
vn -1 2.1447861848524064e-16 5.746937261686309e-17
vn 1 -2.1447861848524064e-16 -5.746937261686309e-17
vn 1.3738247145154558e-16 0.7071043044728631 -0.7071092578915571
vn -1 2.1447861848524064e-16 5.746937261686309e-17
vn 1 -2.1447861848524064e-16 -5.746937261686309e-17
vn 3.0659545306208006e-17 0.25881904510252074 -0.9659258262890684
vn -1 2.1447861848524064e-16 5.746937261686309e-17
vn 1 -2.1447861848524064e-16 -5.746937261686309e-17
vn -8.427847385656e-17 -0.25881566185304744 -0.9659267328216821
vn -1 2.1447861848524064e-16 5.746937261686309e-17
vn 1 -2.1447861848524064e-16 -5.746937261686309e-17
vn -1.7663588279829616e-16 -0.7071092578915573 -0.707104304472863
vn -1 2.1447861848524064e-16 5.746937261686309e-17
vn 1 -2.1447861848524064e-16 -5.746937261686309e-17
vn -2.2166229006234853e-16 -0.9659258262890684 -0.25881904510252074
vn -1 2.1447861848524064e-16 5.746937261686309e-17
vn 1 -2.1447861848524064e-16 -5.746937261686309e-17
vn -2.0729524210284542e-16 -0.9659267328216821 0.2588156618530473
vn -1 2.1447861848524064e-16 5.746937261686309e-17
vn 1 -2.1447861848524064e-16 -5.746937261686309e-17
vn -1.3738247145154558e-16 -0.7071043044728631 0.7071092578915571
vn -1 2.1447861848524064e-16 5.746937261686309e-17
vn 1 -2.1447861848524064e-16 -5.746937261686309e-17
vn -3.0659545306208006e-17 -0.25881904510252074 0.9659258262890684
vn -1 2.1447861848524064e-16 5.746937261686309e-17
usemtl m_65b00506-f163-0095-ed77-d75dd24e35ca
f 225/745/199 223/746/199 221/747/199
f 223/748/200 225/749/200 226/750/200 224/751/200
f 224/752/201 226/753/201 222/754/201
f 227/755/202 225/756/202 221/757/202
f 225/758/203 227/759/203 228/760/203 226/761/203
f 226/762/204 228/763/204 222/764/204
f 229/765/205 227/766/205 221/767/205
f 227/768/206 229/769/206 230/770/206 228/771/206
f 228/772/207 230/773/207 222/774/207
f 231/775/208 229/776/208 221/777/208
f 229/778/209 231/779/209 232/780/209 230/781/209
f 230/782/210 232/783/210 222/784/210
f 233/785/211 231/786/211 221/787/211
f 231/788/212 233/789/212 234/790/212 232/791/212
f 232/792/213 234/793/213 222/794/213
f 235/795/214 233/796/214 221/797/214
f 233/798/215 235/799/215 236/800/215 234/801/215
f 234/802/216 236/803/216 222/804/216
f 237/805/217 235/806/217 221/807/217
f 235/808/218 237/809/218 238/810/218 236/811/218
f 236/812/219 238/813/219 222/814/219
f 239/815/220 237/816/220 221/817/220
f 237/818/221 239/819/221 240/820/221 238/821/221
f 238/822/222 240/823/222 222/824/222
f 241/825/223 239/826/223 221/827/223
f 239/828/224 241/829/224 242/830/224 240/831/224
f 240/832/225 242/833/225 222/834/225
f 243/835/226 241/836/226 221/837/226
f 241/838/227 243/839/227 244/840/227 242/841/227
f 242/842/228 244/843/228 222/844/228
f 245/845/229 243/846/229 221/847/229
f 243/848/230 245/849/230 246/850/230 244/851/230
f 244/852/231 246/853/231 222/854/231
f 223/855/232 245/856/232 221/857/232
f 245/858/233 223/859/233 224/860/233 246/861/233
f 246/862/234 224/863/234 222/864/234
o turnstile
v 0.3997777632434519 0.9154027632434519 0
v 0.31138941559513345 0.8270144155951334 0
v 0.3820152409000458 0.933165285586858 0.09375
v 0.3025081544234304 0.8358956767668365 0.046875
v 0.35124902485061915 0.9639315016362846 0.06863
v 0.28712504639871705 0.8512787847915498 0.034315
v 0.33348650250721307 0.9816940239796907 0.02512
v 0.278243785227014 0.8601600459632529 0.01256
v 0.33348650250721307 0.9816940239796907 -0.02512
v 0.278243785227014 0.8601600459632529 -0.01256
v 0.35124902485061915 0.9639315016362846 -0.06863
v 0.28712504639871705 0.8512787847915498 -0.034315
v 0.3820152409000458 0.933165285586858 -0.09375
v 0.3025081544234304 0.8358956767668365 -0.046875
v 0.41754028558685796 0.8976402409000458 -0.09375
v 0.32027067676683646 0.8181331544234304 -0.046875
v 0.4483065016362846 0.8668740248506192 -0.06863
v 0.3356537847915498 0.802750046398717 -0.034315
v 0.4660690239796907 0.849111502507213 -0.02512
v 0.34453504596325285 0.7938687852270141 -0.01256
v 0.4660690239796907 0.849111502507213 0.02512
v 0.34453504596325285 0.7938687852270141 0.01256
v 0.4483065016362846 0.8668740248506192 0.06863
v 0.3356537847915498 0.802750046398717 0.034315
v 0.41754028558685796 0.8976402409000458 0.09375
v 0.32027067676683646 0.8181331544234304 0.046875
v 0.3488696105319264 0.9000196552187385 0.09375
v 0.3181033944824997 0.9307858712681653 0.06863
v 0.30034087213909366 0.9485483936115713 0.02512
v 0.30034087213909366 0.9485483936115713 -0.02512
v 0.3181033944824997 0.9307858712681653 -0.06863
v 0.3488696105319264 0.9000196552187385 -0.09375
v 0.38439465521873856 0.8644946105319264 -0.09375
v 0.4151608712681652 0.8337283944824997 -0.06863
v 0.4329233936115713 0.8159658721390937 -0.02512
v 0.4329233936115713 0.8159658721390937 0.02512
v 0.4151608712681652 0.8337283944824997 0.06863
v 0.38439465521873856 0.8644946105319264 0.09375
vt 0.55154765625 0.85623515625
vt 0.54610859375 0.859375
vt 0.54296875 0.84765625
vt 0.55824765625 0.6225278125
vt 0.55824765625 0.6283871875
vt 0.55196796875 0.6283871875
vt 0.55196796875 0.6225278125
vt 0.5543046875 0.87890625
vt 0.5570234375 0.8804765625
vt 0.552734375 0.884765625
vt 0.5546875 0.85079609375
vt 0.55154765625 0.85623515625
vt 0.54296875 0.84765625
vt 0.53787578125 0.5834653125
vt 0.53787578125 0.5893246875
vt 0.53159609375 0.5893246875
vt 0.53159609375 0.5834653125
vt 0.5570234375 0.8804765625
vt 0.55859375 0.8831953125
vt 0.552734375 0.884765625
vt 0.5546875 0.84451640625
vt 0.5546875 0.85079609375
vt 0.54296875 0.84765625
vt 0.54415546875 0.5834653125
vt 0.54415546875 0.5893246875
vt 0.53787578125 0.5893246875
vt 0.53787578125 0.5834653125
vt 0.55859375 0.8831953125
vt 0.55859375 0.8863359375
vt 0.552734375 0.884765625
vt 0.55154765625 0.83907734375
vt 0.5546875 0.84451640625
vt 0.54296875 0.84765625
vt 0.55043515625 0.5834653125
vt 0.55043515625 0.5893246875
vt 0.54415546875 0.5893246875
vt 0.54415546875 0.5834653125
vt 0.55859375 0.8863359375
vt 0.5570234375 0.8890546875
vt 0.552734375 0.884765625
vt 0.54610859375 0.8359375
vt 0.55154765625 0.83907734375
vt 0.54296875 0.84765625
vt 0.54568828125 0.5600278125
vt 0.54568828125 0.5658871875
vt 0.53940859375 0.5658871875
vt 0.53940859375 0.5600278125
vt 0.5570234375 0.8890546875
vt 0.5543046875 0.890625
vt 0.552734375 0.884765625
vt 0.53982890625 0.8359375
vt 0.54610859375 0.8359375
vt 0.54296875 0.84765625
vt 0.55196796875 0.5600278125
vt 0.55196796875 0.5658871875
vt 0.54568828125 0.5658871875
vt 0.54568828125 0.5600278125
vt 0.5543046875 0.890625
vt 0.5511640625 0.890625
vt 0.552734375 0.884765625
vt 0.53438984375 0.83907734375
vt 0.53982890625 0.8359375
vt 0.54296875 0.84765625
vt 0.55824765625 0.5600278125
vt 0.55824765625 0.5658871875
vt 0.55196796875 0.5658871875
vt 0.55196796875 0.5600278125
vt 0.5511640625 0.890625
vt 0.5484453125 0.8890546875
vt 0.552734375 0.884765625
vt 0.53125 0.84451640625
vt 0.53438984375 0.83907734375
vt 0.54296875 0.84765625
vt 0.54568828125 0.7475278125
vt 0.54568828125 0.7533871875
vt 0.53940859375 0.7533871875
vt 0.53940859375 0.7475278125
vt 0.5484453125 0.8890546875
vt 0.546875 0.8863359375
vt 0.552734375 0.884765625
vt 0.53125 0.85079609375
vt 0.53125 0.84451640625
vt 0.54296875 0.84765625
vt 0.55196796875 0.7475278125
vt 0.55196796875 0.7533871875
vt 0.54568828125 0.7533871875
vt 0.54568828125 0.7475278125
vt 0.546875 0.8863359375
vt 0.546875 0.8831953125
vt 0.552734375 0.884765625
vt 0.53438984375 0.85623515625
vt 0.53125 0.85079609375
vt 0.54296875 0.84765625
vt 0.55824765625 0.7475278125
vt 0.55824765625 0.7533871875
vt 0.55196796875 0.7533871875
vt 0.55196796875 0.7475278125
vt 0.546875 0.8831953125
vt 0.5484453125 0.8804765625
vt 0.552734375 0.884765625
vt 0.53982890625 0.859375
vt 0.53438984375 0.85623515625
vt 0.54296875 0.84765625
vt 0.54568828125 0.6225278125
vt 0.54568828125 0.6283871875
vt 0.53940859375 0.6283871875
vt 0.53940859375 0.6225278125
vt 0.5484453125 0.8804765625
vt 0.5511640625 0.87890625
vt 0.552734375 0.884765625
vt 0.54610859375 0.859375
vt 0.53982890625 0.859375
vt 0.54296875 0.84765625
vt 0.55196796875 0.6225278125
vt 0.55196796875 0.6283871875
vt 0.54568828125 0.6283871875
vt 0.54568828125 0.6225278125
vt 0.5511640625 0.87890625
vt 0.5543046875 0.87890625
vt 0.552734375 0.884765625
vt 0.5535375 0.63977546875
vt 0.55196796875 0.6283871875
vt 0.55824765625 0.6283871875
vt 0.556678125 0.63977546875
vt 0.533165625 0.60071296875
vt 0.53159609375 0.5893246875
vt 0.53787578125 0.5893246875
vt 0.53630625 0.60071296875
vt 0.53630625 0.60071296875
vt 0.53787578125 0.5893246875
vt 0.543921328125 0.5910233593750001
vt 0.539329765625 0.6015625
vt 0.545725 0.60071296875
vt 0.54415546875 0.5893246875
vt 0.55043515625 0.5893246875
vt 0.548865625 0.60071296875
vt 0.540978125 0.57727546875
vt 0.53940859375 0.5658871875
vt 0.54568828125 0.5658871875
vt 0.54411875 0.57727546875
vt 0.54411875 0.57727546875
vt 0.54568828125 0.5658871875
vt 0.551733828125 0.5675858593750001
vt 0.547142265625 0.578125
vt 0.5535375 0.57727546875
vt 0.55196796875 0.5658871875
vt 0.55824765625 0.5658871875
vt 0.556678125 0.57727546875
vt 0.540978125 0.76477546875
vt 0.53940859375 0.7533871875
vt 0.54568828125 0.7533871875
vt 0.54411875 0.76477546875
vt 0.54411875 0.76477546875
vt 0.54568828125 0.7533871875
vt 0.551733828125 0.7550858593750001
vt 0.547142265625 0.765625
vt 0.5535375 0.76477546875
vt 0.55196796875 0.7533871875
vt 0.55824765625 0.7533871875
vt 0.556678125 0.76477546875
vt 0.540978125 0.63977546875
vt 0.53940859375 0.6283871875
vt 0.54568828125 0.6283871875
vt 0.54411875 0.63977546875
vt 0.54411875 0.63977546875
vt 0.54568828125 0.6283871875
vt 0.551733828125 0.6300858593750001
vt 0.547142265625 0.640625
vn 0.7071067811865477 0.7071067811865475 0
vn -0.3535480048931817 0.35354800489318183 0.8660298011454928
vn -0.7071067811865477 -0.7071067811865475 0
vn 0.7071067811865477 0.7071067811865475 0
vn -0.612375545099615 0.6123755450996152 0.49999238346988695
vn -0.7071067811865477 -0.7071067811865475 0
vn 0.7071067811865477 0.7071067811865475 0
vn -0.7071067811865475 0.7071067811865477 0
vn -0.7071067811865477 -0.7071067811865475 0
vn 0.7071067811865477 0.7071067811865475 0
vn -0.612375545099615 0.6123755450996152 -0.49999238346988695
vn -0.7071067811865477 -0.7071067811865475 0
vn 0.7071067811865477 0.7071067811865475 0
vn -0.3535480048931817 0.35354800489318183 -0.8660298011454928
vn -0.7071067811865477 -0.7071067811865475 0
vn 0.7071067811865477 0.7071067811865475 0
vn 0 0 -1
vn -0.7071067811865477 -0.7071067811865475 0
vn 0.7071067811865477 0.7071067811865475 0
vn 0.3535480048931817 -0.35354800489318183 -0.8660298011454928
vn -0.7071067811865477 -0.7071067811865475 0
vn 0.7071067811865477 0.7071067811865475 0
vn 0.612375545099615 -0.6123755450996152 -0.49999238346988695
vn -0.7071067811865477 -0.7071067811865475 0
vn 0.7071067811865477 0.7071067811865475 0
vn 0.7071067811865475 -0.7071067811865477 0
vn -0.7071067811865477 -0.7071067811865475 0
vn 0.7071067811865477 0.7071067811865475 0
vn 0.612375545099615 -0.6123755450996152 0.49999238346988695
vn -0.7071067811865477 -0.7071067811865475 0
vn 0.7071067811865477 0.7071067811865475 0
vn 0.3535480048931817 -0.35354800489318183 0.8660298011454928
vn -0.7071067811865477 -0.7071067811865475 0
vn 0.7071067811865477 0.7071067811865475 0
vn 0 0 1
vn -0.7071067811865477 -0.7071067811865475 0
vn -0.6669685554402152 -0.060638904779467595 0.7426142129538994
vn -0.8889112758950546 0.1613038156753719 0.4287398076166849
vn -0.9701425001453319 0.2425356250363332 0
vn -0.8889112758950546 0.1613038156753719 -0.4287398076166849
vn -0.6669685554402152 -0.060638904779467595 -0.7426142129538994
vn -0.3638034375544995 -0.3638034375544994 -0.8574929257125442
vn -0.06063890477946782 -0.6669685554402152 -0.7426142129538994
vn 0.16130381567537166 -0.8889112758950546 -0.4287398076166849
vn 0.24253562503633286 -0.970142500145332 0
vn 0.16130381567537166 -0.8889112758950546 0.4287398076166849
vn -0.06063890477946782 -0.6669685554402152 0.7426142129538994
vn -0.3638034375544995 -0.3638034375544994 0.8574929257125442
usemtl m_65b00506-f163-0095-ed77-d75dd24e35ca
f 251/865/235 249/866/235 247/867/235
f 251/868/236 274/869/236 273/870/236 249/871/236
f 250/872/237 252/873/237 248/874/237
f 253/875/238 251/876/238 247/877/238
f 253/878/239 275/879/239 274/880/239 251/881/239
f 252/882/240 254/883/240 248/884/240
f 255/885/241 253/886/241 247/887/241
f 255/888/242 276/889/242 275/890/242 253/891/242
f 254/892/243 256/893/243 248/894/243
f 257/895/244 255/896/244 247/897/244
f 257/898/245 277/899/245 276/900/245 255/901/245
f 256/902/246 258/903/246 248/904/246
f 259/905/247 257/906/247 247/907/247
f 259/908/248 278/909/248 277/910/248 257/911/248
f 258/912/249 260/913/249 248/914/249
f 261/915/250 259/916/250 247/917/250
f 261/918/251 279/919/251 278/920/251 259/921/251
f 260/922/252 262/923/252 248/924/252
f 263/925/253 261/926/253 247/927/253
f 263/928/254 280/929/254 279/930/254 261/931/254
f 262/932/255 264/933/255 248/934/255
f 265/935/256 263/936/256 247/937/256
f 265/938/257 281/939/257 280/940/257 263/941/257
f 264/942/258 266/943/258 248/944/258
f 267/945/259 265/946/259 247/947/259
f 267/948/260 282/949/260 281/950/260 265/951/260
f 266/952/261 268/953/261 248/954/261
f 269/955/262 267/956/262 247/957/262
f 269/958/263 283/959/263 282/960/263 267/961/263
f 268/962/264 270/963/264 248/964/264
f 271/965/265 269/966/265 247/967/265
f 271/968/266 284/969/266 283/970/266 269/971/266
f 270/972/267 272/973/267 248/974/267
f 249/975/268 271/976/268 247/977/268
f 249/978/269 273/979/269 284/980/269 271/981/269
f 272/982/270 250/983/270 248/984/270
f 250/985/271 273/986/271 274/987/271 252/988/271
f 252/989/272 274/990/272 275/991/272 254/992/272
f 254/993/273 275/994/273 276/995/273 256/996/273
f 256/997/274 276/998/274 277/999/274 258/1000/274
f 258/1001/275 277/1002/275 278/1003/275 260/1004/275
f 260/1005/276 278/1006/276 279/1007/276 262/1008/276
f 262/1009/277 279/1010/277 280/1011/277 264/1012/277
f 264/1013/278 280/1014/278 281/1015/278 266/1016/278
f 266/1017/279 281/1018/279 282/1019/279 268/1020/279
f 268/1021/280 282/1022/280 283/1023/280 270/1024/280
f 270/1025/281 283/1026/281 284/1027/281 272/1028/281
f 272/1029/282 284/1030/282 273/1031/282 250/1032/282
o turnstile
v -0.37968749999999996 0.9093749999999998 0
v 0.3078125 0.9093749999999999 0
v -0.37968749999999996 0.9010018749999998 0.03125
v 0.3078125 0.901001875 0.03125
v -0.37968749999999996 0.8864981249999998 0.022876875
v 0.30781250000000004 0.886498125 0.022876875
v -0.37968749999999996 0.8781249999999998 0.008373125
v 0.30781250000000004 0.8781249999999999 0.008373125
v -0.37968749999999996 0.8781249999999998 -0.008373125
v 0.30781250000000004 0.8781249999999999 -0.008373125
v -0.37968749999999996 0.8864981249999998 -0.022876875
v 0.30781250000000004 0.886498125 -0.022876875
v -0.37968749999999996 0.9010018749999998 -0.03125
v 0.3078125 0.901001875 -0.03125
v -0.37968749999999996 0.9177481249999998 -0.03125
v 0.3078125 0.917748125 -0.03125
v -0.37968749999999996 0.9322518749999998 -0.022876875
v 0.3078125 0.932251875 -0.022876875
v -0.37968749999999996 0.9406249999999998 -0.008373125
v 0.3078125 0.9406249999999999 -0.008373125
v -0.37968749999999996 0.9406249999999998 0.008373125
v 0.3078125 0.9406249999999999 0.008373125
v -0.37968749999999996 0.9322518749999998 0.022876875
v 0.3078125 0.932251875 0.022876875
v -0.37968749999999996 0.9177481249999998 0.03125
v 0.3078125 0.917748125 0.03125
vt 0.248953125 0.678640625
vt 0.247140625 0.6796875
vt 0.24609375 0.67578125
vt 0.40290234375 0.3828125
vt 0.40499609375 0.3828125
vt 0.40499609375 0.46875
vt 0.40290234375 0.46875
vt 0.247140625 0.6640625
vt 0.248953125 0.665109375
vt 0.24609375 0.66796875
vt 0.25 0.676828125
vt 0.248953125 0.678640625
vt 0.24609375 0.67578125
vt 0.21121484375 0.390625
vt 0.21330859375 0.390625
vt 0.21330859375 0.4765625
vt 0.21121484375 0.4765625
vt 0.248953125 0.665109375
vt 0.25 0.666921875
vt 0.24609375 0.66796875
vt 0.25 0.674734375
vt 0.25 0.676828125
vt 0.24609375 0.67578125
vt 0.21330859375 0.390625
vt 0.21540234375 0.390625
vt 0.21540234375 0.4765625
vt 0.21330859375 0.4765625
vt 0.25 0.666921875
vt 0.25 0.669015625
vt 0.24609375 0.66796875
vt 0.248953125 0.672921875
vt 0.25 0.674734375
vt 0.24609375 0.67578125
vt 0.21540234375 0.390625
vt 0.21749609375 0.390625
vt 0.21749609375 0.4765625
vt 0.21540234375 0.4765625
vt 0.25 0.669015625
vt 0.248953125 0.670828125
vt 0.24609375 0.66796875
vt 0.247140625 0.671875
vt 0.248953125 0.672921875
vt 0.24609375 0.67578125
vt 0.40652734375 0.3828125
vt 0.40862109375 0.3828125
vt 0.40862109375 0.46875
vt 0.40652734375 0.46875
vt 0.248953125 0.670828125
vt 0.247140625 0.671875
vt 0.24609375 0.66796875
vt 0.245046875 0.671875
vt 0.247140625 0.671875
vt 0.24609375 0.67578125
vt 0.40862109375 0.3828125
vt 0.41071484375 0.3828125
vt 0.41071484375 0.46875
vt 0.40862109375 0.46875
vt 0.247140625 0.671875
vt 0.245046875 0.671875
vt 0.24609375 0.66796875
vt 0.243234375 0.672921875
vt 0.245046875 0.671875
vt 0.24609375 0.67578125
vt 0.41071484375 0.3828125
vt 0.41280859375 0.3828125
vt 0.41280859375 0.46875
vt 0.41071484375 0.46875
vt 0.245046875 0.671875
vt 0.243234375 0.670828125
vt 0.24609375 0.66796875
vt 0.2421875 0.674734375
vt 0.243234375 0.672921875
vt 0.24609375 0.67578125
vt 0.21902734375 0.390625
vt 0.22112109375 0.390625
vt 0.22112109375 0.4765625
vt 0.21902734375 0.4765625
vt 0.243234375 0.670828125
vt 0.2421875 0.669015625
vt 0.24609375 0.66796875
vt 0.2421875 0.676828125
vt 0.2421875 0.674734375
vt 0.24609375 0.67578125
vt 0.22112109375 0.390625
vt 0.22321484375 0.390625
vt 0.22321484375 0.4765625
vt 0.22112109375 0.4765625
vt 0.2421875 0.669015625
vt 0.2421875 0.666921875
vt 0.24609375 0.66796875
vt 0.243234375 0.678640625
vt 0.2421875 0.676828125
vt 0.24609375 0.67578125
vt 0.22321484375 0.390625
vt 0.22530859375 0.390625
vt 0.22530859375 0.4765625
vt 0.22321484375 0.4765625
vt 0.2421875 0.666921875
vt 0.243234375 0.665109375
vt 0.24609375 0.66796875
vt 0.245046875 0.6796875
vt 0.243234375 0.678640625
vt 0.24609375 0.67578125
vt 0.39871484375 0.3828125
vt 0.40080859375 0.3828125
vt 0.40080859375 0.46875
vt 0.39871484375 0.46875
vt 0.243234375 0.665109375
vt 0.245046875 0.6640625
vt 0.24609375 0.66796875
vt 0.247140625 0.6796875
vt 0.245046875 0.6796875
vt 0.24609375 0.67578125
vt 0.40080859375 0.3828125
vt 0.40290234375 0.3828125
vt 0.40290234375 0.46875
vt 0.40080859375 0.46875
vt 0.245046875 0.6640625
vt 0.247140625 0.6640625
vt 0.24609375 0.66796875
vn -1 -2.220446049250313e-16 0
vn 1.1101614741826201e-16 -0.49997228014499284 0.8660414072586927
vn 1 2.220446049250313e-16 0
vn -1 -2.220446049250313e-16 0
vn 1.9229982212347462e-16 -0.8660414072586929 0.4999722801449927
vn 1 2.220446049250313e-16 0
vn -1 -2.220446049250313e-16 0
vn 2.220446049250313e-16 -1 0
vn 1 2.220446049250313e-16 0
vn -1 -2.220446049250313e-16 0
vn 1.9229982212347462e-16 -0.8660414072586929 -0.4999722801449927
vn 1 2.220446049250313e-16 0
vn -1 -2.220446049250313e-16 0
vn 1.1101614741826201e-16 -0.49997228014499284 -0.8660414072586927
vn 1 2.220446049250313e-16 0
vn -1 -2.220446049250313e-16 0
vn 0 0 -1
vn 1 2.220446049250313e-16 0
vn -1 -2.220446049250313e-16 0
vn -1.1101614741826201e-16 0.49997228014499284 -0.8660414072586927
vn 1 2.220446049250313e-16 0
vn -1 -2.220446049250313e-16 0
vn -1.9229982212347457e-16 0.8660414072586927 -0.49997228014499284
vn 1 2.220446049250313e-16 0
vn -1 -2.220446049250313e-16 0
vn -2.220446049250313e-16 1 0
vn 1 2.220446049250313e-16 0
vn -1 -2.220446049250313e-16 0
vn -1.9229982212347457e-16 0.8660414072586927 0.49997228014499284
vn 1 2.220446049250313e-16 0
vn -1 -2.220446049250313e-16 0
vn -1.1101614741826201e-16 0.49997228014499284 0.8660414072586927
vn 1 2.220446049250313e-16 0
vn -1 -2.220446049250313e-16 0
vn 0 0 1
vn 1 2.220446049250313e-16 0
usemtl m_65b00506-f163-0095-ed77-d75dd24e35ca
f 289/1033/283 287/1034/283 285/1035/283
f 287/1036/284 289/1037/284 290/1038/284 288/1039/284
f 288/1040/285 290/1041/285 286/1042/285
f 291/1043/286 289/1044/286 285/1045/286
f 289/1046/287 291/1047/287 292/1048/287 290/1049/287
f 290/1050/288 292/1051/288 286/1052/288
f 293/1053/289 291/1054/289 285/1055/289
f 291/1056/290 293/1057/290 294/1058/290 292/1059/290
f 292/1060/291 294/1061/291 286/1062/291
f 295/1063/292 293/1064/292 285/1065/292
f 293/1066/293 295/1067/293 296/1068/293 294/1069/293
f 294/1070/294 296/1071/294 286/1072/294
f 297/1073/295 295/1074/295 285/1075/295
f 295/1076/296 297/1077/296 298/1078/296 296/1079/296
f 296/1080/297 298/1081/297 286/1082/297
f 299/1083/298 297/1084/298 285/1085/298
f 297/1086/299 299/1087/299 300/1088/299 298/1089/299
f 298/1090/300 300/1091/300 286/1092/300
f 301/1093/301 299/1094/301 285/1095/301
f 299/1096/302 301/1097/302 302/1098/302 300/1099/302
f 300/1100/303 302/1101/303 286/1102/303
f 303/1103/304 301/1104/304 285/1105/304
f 301/1106/305 303/1107/305 304/1108/305 302/1109/305
f 302/1110/306 304/1111/306 286/1112/306
f 305/1113/307 303/1114/307 285/1115/307
f 303/1116/308 305/1117/308 306/1118/308 304/1119/308
f 304/1120/309 306/1121/309 286/1122/309
f 307/1123/310 305/1124/310 285/1125/310
f 305/1126/311 307/1127/311 308/1128/311 306/1129/311
f 306/1130/312 308/1131/312 286/1132/312
f 309/1133/313 307/1134/313 285/1135/313
f 307/1136/314 309/1137/314 310/1138/314 308/1139/314
f 308/1140/315 310/1141/315 286/1142/315
f 287/1143/316 309/1144/316 285/1145/316
f 309/1146/317 287/1147/317 288/1148/317 310/1149/317
f 310/1150/318 288/1151/318 286/1152/318
o turnstile
v 0.20039060208100157 0.3292968860271708 0.47363180956844747
v 0.3722656217524205 0.8449218769262654 0.05262575691212524
v 0.21324739497312697 0.3080669654364341 0.4528793381371785
v 0.3851224146445459 0.8236919563355287 0.03187328548085626
v 0.1972421114738043 0.30956849991631663 0.44818420441808615
v 0.3691171311452232 0.8251934908154112 0.02717815176176391
v 0.18208057150277157 0.3163569163283185 0.4503086089586964
v 0.3539555911741905 0.831981907227413 0.02930255630237417
v 0.17182563050428157 0.326611858841929 0.45868173431441217
v 0.3437006501757005 0.8422368497410236 0.037675681658089995
v 0.16922377861064616 0.3375868369190551 0.4710610803899654
v 0.3410987982820651 0.8532118278181497 0.05005502773364315
v 0.17497412111147884 0.34634024495278326 0.48412933946477354
v 0.34684914078289775 0.8619652358518779 0.06312328680845132
v 0.18753380918887613 0.35052680661790736 0.49438428099971643
v 0.35940882886029507 0.866151797517002 0.07337822834339422
v 0.20353909268819884 0.3490252721380249 0.4990794147188088
v 0.37541411235961775 0.8646502630371196 0.07807336206248656
v 0.21870063265923154 0.3422368557260229 0.49695501017819854
v 0.39057565233065045 0.8578618466251177 0.0759489575218763
v 0.22895557365772154 0.33198191321241244 0.48858188482248277
v 0.40083059332914045 0.8476069041115071 0.06757583216616048
v 0.23155742555135697 0.32100693513528644 0.4762025387469295
v 0.4034324452227759 0.8366319260343811 0.05519648609060733
v 0.22580708305052427 0.3122535271015582 0.4631342796721214
v 0.3976821027219432 0.8278785180006529 0.04212822701579916
vt 0.413015625 0.936453125
vt 0.411203125 0.9375
vt 0.41015625 0.93359375
vt 0.41852734375 0.3828125
vt 0.42062109375 0.3828125
vt 0.42062109375 0.46875
vt 0.41852734375 0.46875
vt 0.411203125 0.921875
vt 0.413015625 0.922921875
vt 0.41015625 0.92578125
vt 0.4140625 0.934640625
vt 0.413015625 0.936453125
vt 0.41015625 0.93359375
vt 0.29715234375 0.390625
vt 0.29924609375 0.390625
vt 0.29924609375 0.4765625
vt 0.29715234375 0.4765625
vt 0.413015625 0.922921875
vt 0.4140625 0.924734375
vt 0.41015625 0.92578125
vt 0.4140625 0.932546875
vt 0.4140625 0.934640625
vt 0.41015625 0.93359375
vt 0.29924609375 0.390625
vt 0.30133984375 0.390625
vt 0.30133984375 0.4765625
vt 0.29924609375 0.4765625
vt 0.4140625 0.924734375
vt 0.4140625 0.926828125
vt 0.41015625 0.92578125
vt 0.413015625 0.930734375
vt 0.4140625 0.932546875
vt 0.41015625 0.93359375
vt 0.30133984375 0.390625
vt 0.30343359375 0.390625
vt 0.30343359375 0.4765625
vt 0.30133984375 0.4765625
vt 0.4140625 0.926828125
vt 0.413015625 0.928640625
vt 0.41015625 0.92578125
vt 0.411203125 0.9296875
vt 0.413015625 0.930734375
vt 0.41015625 0.93359375
vt 0.00027734375 0.375
vt 0.00237109375 0.375
vt 0.00237109375 0.4609375
vt 0.00027734375 0.4609375
vt 0.413015625 0.928640625
vt 0.411203125 0.9296875
vt 0.41015625 0.92578125
vt 0.409109375 0.9296875
vt 0.411203125 0.9296875
vt 0.41015625 0.93359375
vt 0.00237109375 0.375
vt 0.00446484375 0.375
vt 0.00446484375 0.4609375
vt 0.00237109375 0.4609375
vt 0.411203125 0.9296875
vt 0.409109375 0.9296875
vt 0.41015625 0.92578125
vt 0.407296875 0.930734375
vt 0.409109375 0.9296875
vt 0.41015625 0.93359375
vt 0.00446484375 0.375
vt 0.00655859375 0.375
vt 0.00655859375 0.4609375
vt 0.00446484375 0.4609375
vt 0.409109375 0.9296875
vt 0.407296875 0.928640625
vt 0.41015625 0.92578125
vt 0.40625 0.932546875
vt 0.407296875 0.930734375
vt 0.41015625 0.93359375
vt 0.09402734375 0.3828125
vt 0.09612109375 0.3828125
vt 0.09612109375 0.46875
vt 0.09402734375 0.46875
vt 0.407296875 0.928640625
vt 0.40625 0.926828125
vt 0.41015625 0.92578125
vt 0.40625 0.934640625
vt 0.40625 0.932546875
vt 0.41015625 0.93359375
vt 0.09612109375 0.3828125
vt 0.09821484375 0.3828125
vt 0.09821484375 0.46875
vt 0.09612109375 0.46875
vt 0.40625 0.926828125
vt 0.40625 0.924734375
vt 0.41015625 0.92578125
vt 0.407296875 0.936453125
vt 0.40625 0.934640625
vt 0.41015625 0.93359375
vt 0.09821484375 0.3828125
vt 0.10030859375 0.3828125
vt 0.10030859375 0.46875
vt 0.09821484375 0.46875
vt 0.40625 0.924734375
vt 0.407296875 0.922921875
vt 0.41015625 0.92578125
vt 0.409109375 0.9375
vt 0.407296875 0.936453125
vt 0.41015625 0.93359375
vt 0.41433984375 0.3828125
vt 0.41643359375 0.3828125
vt 0.41643359375 0.46875
vt 0.41433984375 0.46875
vt 0.407296875 0.922921875
vt 0.409109375 0.921875
vt 0.41015625 0.92578125
vt 0.411203125 0.9375
vt 0.409109375 0.9375
vt 0.41015625 0.93359375
vt 0.41643359375 0.3828125
vt 0.41852734375 0.3828125
vt 0.41852734375 0.46875
vt 0.41643359375 0.46875
vt 0.409109375 0.921875
vt 0.411203125 0.921875
vt 0.41015625 0.92578125
vn -0.2500000286129731 -0.7499999867623194 0.6123724402273778
vn 0.15536061194123685 -0.6553329627542904 -0.7391899540611522
vn 0.2500000286129731 0.7499999867623194 -0.6123724402273778
vn -0.2500000286129731 -0.7499999867623194 0.6123724402273778
vn -0.34336186928488266 -0.5226795698932662 -0.7803260177242467
vn 0.2500000286129731 0.7499999867623194 -0.6123724402273778
vn -0.2500000286129731 -0.7499999867623194 0.6123724402273778
vn -0.7500000344791997 -0.2499999501455037 -0.6123724138205812
vn 0.2500000286129731 0.7499999867623194 -0.6123724402273778
vn -0.2500000286129731 -0.7499999867623194 0.6123724402273778
vn -0.9557003013239859 0.08965895261603614 -0.28035371633891065
vn 0.2500000286129731 0.7499999867623194 -0.6123724402273778
vn -0.2500000286129731 -0.7499999867623194 0.6123724402273778
vn -0.9053190666360144 0.4053468725335264 0.1268514899896141
vn 0.2500000286129731 0.7499999867623194 -0.6123724402273778
vn -0.2500000286129731 -0.7499999867623194 0.6123724402273778
vn -0.6123723817863703 0.6123724722615856 0.5000000212415211
vn 0.2500000286129731 0.7499999867623194 -0.6123724402273778
vn -0.2500000286129731 -0.7499999867623194 0.6123724402273778
vn -0.15536061194123685 0.6553329627542904 0.7391899540611522
vn 0.2500000286129731 0.7499999867623194 -0.6123724402273778
vn -0.2500000286129731 -0.7499999867623194 0.6123724402273778
vn 0.34336186928488244 0.5226795698932664 0.7803260177242466
vn 0.2500000286129731 0.7499999867623194 -0.6123724402273778
vn -0.2500000286129731 -0.7499999867623194 0.6123724402273778
vn 0.7500000344791997 0.2499999501455037 0.6123724138205812
vn 0.2500000286129731 0.7499999867623194 -0.6123724402273778
vn -0.2500000286129731 -0.7499999867623194 0.6123724402273778
vn 0.9557003013239858 -0.08965895261603635 0.2803537163389105
vn 0.2500000286129731 0.7499999867623194 -0.6123724402273778
vn -0.2500000286129731 -0.7499999867623194 0.6123724402273778
vn 0.9053190666360144 -0.4053468725335264 -0.1268514899896141
vn 0.2500000286129731 0.7499999867623194 -0.6123724402273778
vn -0.2500000286129731 -0.7499999867623194 0.6123724402273778
vn 0.6123723817863703 -0.6123724722615856 -0.5000000212415211
vn 0.2500000286129731 0.7499999867623194 -0.6123724402273778
usemtl m_65b00506-f163-0095-ed77-d75dd24e35ca
f 315/1153/319 313/1154/319 311/1155/319
f 313/1156/320 315/1157/320 316/1158/320 314/1159/320
f 314/1160/321 316/1161/321 312/1162/321
f 317/1163/322 315/1164/322 311/1165/322
f 315/1166/323 317/1167/323 318/1168/323 316/1169/323
f 316/1170/324 318/1171/324 312/1172/324
f 319/1173/325 317/1174/325 311/1175/325
f 317/1176/326 319/1177/326 320/1178/326 318/1179/326
f 318/1180/327 320/1181/327 312/1182/327
f 321/1183/328 319/1184/328 311/1185/328
f 319/1186/329 321/1187/329 322/1188/329 320/1189/329
f 320/1190/330 322/1191/330 312/1192/330
f 323/1193/331 321/1194/331 311/1195/331
f 321/1196/332 323/1197/332 324/1198/332 322/1199/332
f 322/1200/333 324/1201/333 312/1202/333
f 325/1203/334 323/1204/334 311/1205/334
f 323/1206/335 325/1207/335 326/1208/335 324/1209/335
f 324/1210/336 326/1211/336 312/1212/336
f 327/1213/337 325/1214/337 311/1215/337
f 325/1216/338 327/1217/338 328/1218/338 326/1219/338
f 326/1220/339 328/1221/339 312/1222/339
f 329/1223/340 327/1224/340 311/1225/340
f 327/1226/341 329/1227/341 330/1228/341 328/1229/341
f 328/1230/342 330/1231/342 312/1232/342
f 331/1233/343 329/1234/343 311/1235/343
f 329/1236/344 331/1237/344 332/1238/344 330/1239/344
f 330/1240/345 332/1241/345 312/1242/345
f 333/1243/346 331/1244/346 311/1245/346
f 331/1246/347 333/1247/347 334/1248/347 332/1249/347
f 332/1250/348 334/1251/348 312/1252/348
f 335/1253/349 333/1254/349 311/1255/349
f 333/1256/350 335/1257/350 336/1258/350 334/1259/350
f 334/1260/351 336/1261/351 312/1262/351
f 313/1263/352 335/1264/352 311/1265/352
f 335/1266/353 313/1267/353 314/1268/353 336/1269/353
f 336/1270/354 314/1271/354 312/1272/354
o turnstile
v 0.20039060208100157 0.3292968860271708 -0.47363180956844747
v 0.3722656217524205 0.8449218769262654 -0.05262575691212524
v 0.17497412111147884 0.34634024495278326 -0.48412933946477354
v 0.34684914078289775 0.8619652358518779 -0.06312328680845132
v 0.16922377861064616 0.3375868369190551 -0.4710610803899654
v 0.3410987982820651 0.8532118278181497 -0.05005502773364315
v 0.17182563050428157 0.326611858841929 -0.45868173431441217
v 0.3437006501757005 0.8422368497410236 -0.037675681658089995
v 0.18208057150277157 0.3163569163283185 -0.4503086089586964
v 0.3539555911741905 0.831981907227413 -0.02930255630237417
v 0.1972421114738043 0.30956849991631663 -0.44818420441808615
v 0.3691171311452232 0.8251934908154112 -0.02717815176176391
v 0.21324739497312697 0.3080669654364341 -0.4528793381371785
v 0.3851224146445459 0.8236919563355287 -0.03187328548085626
v 0.22580708305052427 0.3122535271015582 -0.4631342796721214
v 0.3976821027219432 0.8278785180006529 -0.04212822701579916
v 0.23155742555135697 0.32100693513528644 -0.4762025387469295
v 0.4034324452227759 0.8366319260343811 -0.05519648609060733
v 0.22895557365772154 0.33198191321241244 -0.48858188482248277
v 0.40083059332914045 0.8476069041115071 -0.06757583216616048
v 0.21870063265923154 0.3422368557260229 -0.49695501017819854
v 0.39057565233065045 0.8578618466251177 -0.0759489575218763
v 0.20353909268819884 0.3490252721380249 -0.4990794147188088
v 0.37541411235961775 0.8646502630371196 -0.07807336206248656
v 0.18753380918887613 0.35052680661790736 -0.49438428099971643
v 0.35940882886029507 0.866151797517002 -0.07337822834339422
vt 0.334890625 0.592703125
vt 0.333078125 0.59375
vt 0.33203125 0.58984375
vt 0.01227734375 0.375
vt 0.01437109375 0.375
vt 0.01437109375 0.4609375
vt 0.01227734375 0.4609375
vt 0.419015625 0.9296875
vt 0.420828125 0.930734375
vt 0.41796875 0.93359375
vt 0.3359375 0.590890625
vt 0.334890625 0.592703125
vt 0.33203125 0.58984375
vt 0.53152734375 0.75
vt 0.53362109375 0.75
vt 0.53362109375 0.8359375
vt 0.53152734375 0.8359375
vt 0.420828125 0.930734375
vt 0.421875 0.932546875
vt 0.41796875 0.93359375
vt 0.3359375 0.588796875
vt 0.3359375 0.590890625
vt 0.33203125 0.58984375
vt 0.53362109375 0.75
vt 0.53571484375 0.75
vt 0.53571484375 0.8359375
vt 0.53362109375 0.8359375
vt 0.421875 0.932546875
vt 0.421875 0.934640625
vt 0.41796875 0.93359375
vt 0.334890625 0.586984375
vt 0.3359375 0.588796875
vt 0.33203125 0.58984375
vt 0.53571484375 0.75
vt 0.53780859375 0.75
vt 0.53780859375 0.8359375
vt 0.53571484375 0.8359375
vt 0.421875 0.934640625
vt 0.420828125 0.936453125
vt 0.41796875 0.93359375
vt 0.333078125 0.5859375
vt 0.334890625 0.586984375
vt 0.33203125 0.58984375
vt 0.01590234375 0.375
vt 0.01799609375 0.375
vt 0.01799609375 0.4609375
vt 0.01590234375 0.4609375
vt 0.420828125 0.936453125
vt 0.419015625 0.9375
vt 0.41796875 0.93359375
vt 0.330984375 0.5859375
vt 0.333078125 0.5859375
vt 0.33203125 0.58984375
vt 0.01799609375 0.375
vt 0.02008984375 0.375
vt 0.02008984375 0.4609375
vt 0.01799609375 0.4609375
vt 0.419015625 0.9375
vt 0.416921875 0.9375
vt 0.41796875 0.93359375
vt 0.329171875 0.586984375
vt 0.330984375 0.5859375
vt 0.33203125 0.58984375
vt 0.02008984375 0.375
vt 0.02218359375 0.375
vt 0.02218359375 0.4609375
vt 0.02008984375 0.4609375
vt 0.416921875 0.9375
vt 0.415109375 0.936453125
vt 0.41796875 0.93359375
vt 0.328125 0.588796875
vt 0.329171875 0.586984375
vt 0.33203125 0.58984375
vt 0.30496484375 0.3828125
vt 0.30705859375 0.3828125
vt 0.30705859375 0.46875
vt 0.30496484375 0.46875
vt 0.415109375 0.936453125
vt 0.4140625 0.934640625
vt 0.41796875 0.93359375
vt 0.328125 0.590890625
vt 0.328125 0.588796875
vt 0.33203125 0.58984375
vt 0.30705859375 0.3828125
vt 0.30915234375 0.3828125
vt 0.30915234375 0.46875
vt 0.30705859375 0.46875
vt 0.4140625 0.934640625
vt 0.4140625 0.932546875
vt 0.41796875 0.93359375
vt 0.329171875 0.592703125
vt 0.328125 0.590890625
vt 0.33203125 0.58984375
vt 0.30915234375 0.3828125
vt 0.31124609375 0.3828125
vt 0.31124609375 0.46875
vt 0.30915234375 0.46875
vt 0.4140625 0.932546875
vt 0.415109375 0.930734375
vt 0.41796875 0.93359375
vt 0.330984375 0.59375
vt 0.329171875 0.592703125
vt 0.33203125 0.58984375
vt 0.00808984375 0.375
vt 0.01018359375 0.375
vt 0.01018359375 0.4609375
vt 0.00808984375 0.4609375
vt 0.415109375 0.930734375
vt 0.416921875 0.9296875
vt 0.41796875 0.93359375
vt 0.333078125 0.59375
vt 0.330984375 0.59375
vt 0.33203125 0.58984375
vt 0.01018359375 0.375
vt 0.01227734375 0.375
vt 0.01227734375 0.4609375
vt 0.01018359375 0.4609375
vt 0.416921875 0.9296875
vt 0.419015625 0.9296875
vt 0.41796875 0.93359375
vn -0.2500000286129731 -0.7499999867623194 -0.6123724402273778
vn -0.9053190666360144 0.4053468725335264 -0.1268514899896141
vn 0.2500000286129731 0.7499999867623194 0.6123724402273778
vn -0.2500000286129731 -0.7499999867623194 -0.6123724402273778
vn -0.9557003013239859 0.08965895261603614 0.28035371633891065
vn 0.2500000286129731 0.7499999867623194 0.6123724402273778
vn -0.2500000286129731 -0.7499999867623194 -0.6123724402273778
vn -0.7500000344791997 -0.2499999501455037 0.6123724138205812
vn 0.2500000286129731 0.7499999867623194 0.6123724402273778
vn -0.2500000286129731 -0.7499999867623194 -0.6123724402273778
vn -0.34336186928488266 -0.5226795698932662 0.7803260177242467
vn 0.2500000286129731 0.7499999867623194 0.6123724402273778
vn -0.2500000286129731 -0.7499999867623194 -0.6123724402273778
vn 0.15536061194123685 -0.6553329627542904 0.7391899540611522
vn 0.2500000286129731 0.7499999867623194 0.6123724402273778
vn -0.2500000286129731 -0.7499999867623194 -0.6123724402273778
vn 0.6123723817863703 -0.6123724722615856 0.5000000212415211
vn 0.2500000286129731 0.7499999867623194 0.6123724402273778
vn -0.2500000286129731 -0.7499999867623194 -0.6123724402273778
vn 0.9053190666360144 -0.4053468725335264 0.1268514899896141
vn 0.2500000286129731 0.7499999867623194 0.6123724402273778
vn -0.2500000286129731 -0.7499999867623194 -0.6123724402273778
vn 0.9557003013239858 -0.08965895261603635 -0.2803537163389105
vn 0.2500000286129731 0.7499999867623194 0.6123724402273778
vn -0.2500000286129731 -0.7499999867623194 -0.6123724402273778
vn 0.7500000344791997 0.2499999501455037 -0.6123724138205812
vn 0.2500000286129731 0.7499999867623194 0.6123724402273778
vn -0.2500000286129731 -0.7499999867623194 -0.6123724402273778
vn 0.34336186928488244 0.5226795698932664 -0.7803260177242466
vn 0.2500000286129731 0.7499999867623194 0.6123724402273778
vn -0.2500000286129731 -0.7499999867623194 -0.6123724402273778
vn -0.15536061194123685 0.6553329627542904 -0.7391899540611522
vn 0.2500000286129731 0.7499999867623194 0.6123724402273778
vn -0.2500000286129731 -0.7499999867623194 -0.6123724402273778
vn -0.6123723817863703 0.6123724722615856 -0.5000000212415211
vn 0.2500000286129731 0.7499999867623194 0.6123724402273778
usemtl m_65b00506-f163-0095-ed77-d75dd24e35ca
f 341/1273/355 339/1274/355 337/1275/355
f 339/1276/356 341/1277/356 342/1278/356 340/1279/356
f 340/1280/357 342/1281/357 338/1282/357
f 343/1283/358 341/1284/358 337/1285/358
f 341/1286/359 343/1287/359 344/1288/359 342/1289/359
f 342/1290/360 344/1291/360 338/1292/360
f 345/1293/361 343/1294/361 337/1295/361
f 343/1296/362 345/1297/362 346/1298/362 344/1299/362
f 344/1300/363 346/1301/363 338/1302/363
f 347/1303/364 345/1304/364 337/1305/364
f 345/1306/365 347/1307/365 348/1308/365 346/1309/365
f 346/1310/366 348/1311/366 338/1312/366
f 349/1313/367 347/1314/367 337/1315/367
f 347/1316/368 349/1317/368 350/1318/368 348/1319/368
f 348/1320/369 350/1321/369 338/1322/369
f 351/1323/370 349/1324/370 337/1325/370
f 349/1326/371 351/1327/371 352/1328/371 350/1329/371
f 350/1330/372 352/1331/372 338/1332/372
f 353/1333/373 351/1334/373 337/1335/373
f 351/1336/374 353/1337/374 354/1338/374 352/1339/374
f 352/1340/375 354/1341/375 338/1342/375
f 355/1343/376 353/1344/376 337/1345/376
f 353/1346/377 355/1347/377 356/1348/377 354/1349/377
f 354/1350/378 356/1351/378 338/1352/378
f 357/1353/379 355/1354/379 337/1355/379
f 355/1356/380 357/1357/380 358/1358/380 356/1359/380
f 356/1360/381 358/1361/381 338/1362/381
f 359/1363/382 357/1364/382 337/1365/382
f 357/1366/383 359/1367/383 360/1368/383 358/1369/383
f 358/1370/384 360/1371/384 338/1372/384
f 361/1373/385 359/1374/385 337/1375/385
f 359/1376/386 361/1377/386 362/1378/386 360/1379/386
f 360/1380/387 362/1381/387 338/1382/387
f 339/1383/388 361/1384/388 337/1385/388
f 361/1386/389 339/1387/389 340/1388/389 362/1389/389
f 362/1390/390 340/1391/390 338/1392/390
o right
v 0.42941190484054625 1.2801851820715333 0.390625
v 0.42941190484054625 1.2801851820715333 0.234375
v 0.4525925910357667 1.254044047579727 0.40625
v 0.4525925910357667 1.254044047579727 0.21875
v 0.39922672276901283 1.2720970869120796 0.390625
v 0.39922672276901283 1.2720970869120796 0.234375
v 0.3922222268926999 1.2378678572608193 0.40625
v 0.3922222268926999 1.2378678572608193 0.21875
v 0.38817817931297305 1.252960448296586 0.40625
v 0.38817817931297305 1.252960448296586 0.21875
v 0.4485485434560398 1.2691366386154936 0.21875
v 0.4485485434560398 1.2691366386154936 0.40625
vt 0.541015625 0.7421875
vt 0.5390625 0.7392578125
vt 0.5625 0.7392578125
vt 0.560546875 0.7421875
vt 0.548828125 0.875
vt 0.546875 0.8720703125
vt 0.5703125 0.8720703125
vt 0.568359375 0.875
vt 0.30078125 0.49609375
vt 0.30078125 0.515625
vt 0.296875 0.515625
vt 0.296875 0.49609375
vt 0.25 0.703125
vt 0.25 0.7265625
vt 0.2421875 0.7265625
vt 0.2421875 0.703125
vt 0.330078125 0.5859375
vt 0.328125 0.5830078125
vt 0.3359375 0.5830078125
vt 0.333984375 0.5859375
vt 0.439453125 0.7265625
vt 0.4375 0.7236328125
vt 0.4453125 0.7236328125
vt 0.443359375 0.7265625
vt 0.5703125 0.865234375
vt 0.5703125 0.8671875
vt 0.546875 0.8671875
vt 0.546875 0.865234375
vt 0.453125 0.880859375
vt 0.453125 0.8828125
vt 0.4453125 0.8828125
vt 0.4453125 0.880859375
vt 0.375 0.451171875
vt 0.375 0.453125
vt 0.3515625 0.453125
vt 0.3515625 0.451171875
vt 0.4609375 0.880859375
vt 0.4609375 0.8828125
vt 0.453125 0.8828125
vt 0.453125 0.880859375
vn 0.5000000000000001 0.8660254037844387 0
vn -0.8660254037844387 0.5000000000000001 0
vn -0.25881904510252074 0.9659258262890683 0
vn 0.25881904510252074 -0.9659258262890683 0
vn -0.18301270189221933 0.6830127018922194 0.7071067811865476
vn -0.18301270189221933 0.6830127018922194 -0.7071067811865476
vn -0.9659258262890683 -0.25881904510252074 0
vn 0 0 -1
vn 0.9659258262890683 0.25881904510252074 0
vn 0 0 1
usemtl m_65b00506-f163-0095-ed77-d75dd24e35ca
f 363/1393/391 374/1394/391 373/1395/391 364/1396/391
f 368/1397/392 372/1398/392 371/1399/392 367/1400/392
f 363/1401/393 364/1402/393 368/1403/393 367/1404/393
f 366/1405/394 365/1406/394 369/1407/394 370/1408/394
f 367/1409/395 371/1410/395 374/1411/395 363/1412/395
f 364/1413/396 373/1414/396 372/1415/396 368/1416/396
f 369/1417/397 371/1418/397 372/1419/397 370/1420/397
f 370/1421/398 372/1422/398 373/1423/398 366/1424/398
f 366/1425/399 373/1426/399 374/1427/399 365/1428/399
f 365/1429/400 374/1430/400 371/1431/400 369/1432/400
o right
v 0.32812500000000006 1.734375 -0.5006249999999999
v 0.32812500000000006 1.734375 -0.5006249999999999
v 0.328125 1.34375 -0.500625
v 0.328125 1.34375 -0.500625
v 0.48437500000000006 1.734375 -0.5006249999999999
v 0.48437500000000006 1.734375 -0.5006249999999999
v 0.484375 1.34375 -0.500625
v 0.484375 1.34375 -0.500625
vt 0.080078125 0.09765625
vt 0.119140625 0.09765625
vt 0.119140625 0
vt 0.080078125 0
vn 1.4997597826618576e-32 1.2246467991473532e-16 -1
usemtl m_65b00506-f163-0095-ed77-d75dd24e35ca
f 382/1436/401 377/1435/401 375/1434/401 380/1433/401
o top
v 0.343750625 2.187285 -0.40625
v 0.341085625 2.234905 -0.40625
v 0.34939 2.23598 -0.4375
v 0.35212375 2.18731375 -0.4375
v 0.3720775 2.23891625 -0.460376875
v 0.375 2.1873925 -0.460376875
v 0.40306875 2.2429275 -0.46875
v 0.40625 2.1875 -0.46875
v 0.43406 2.24693875 -0.460376875
v 0.4375 2.1876075 -0.460376875
v 0.4567475 2.249875 -0.4375
v 0.46037625 2.18768625 -0.4375
v 0.465051875 2.250949375 -0.40625
v 0.468749375 2.187715 -0.40625
v 0.4567475 2.249875 -0.375
v 0.46037625 2.18768625 -0.375
v 0.43406 2.24693875 -0.352123125
v 0.4375 2.1876075 -0.352123125
v 0.40306875 2.2429275 -0.34375
v 0.40625 2.1875 -0.34375
v 0.3720775 2.23891625 -0.352123125
v 0.375 2.1873925 -0.352123125
v 0.34939 2.23598 -0.375
v 0.35212375 2.18731375 -0.375
v 0.3336575 2.267335 -0.40625
v 0.3414975 2.270275 -0.4375
v 0.3629175 2.2783075 -0.460376875
v 0.392178125 2.289280625 -0.46875
v 0.421438125 2.300253125 -0.460376875
v 0.442858125 2.308285625 -0.4375
v 0.45069875 2.311225625 -0.40625
v 0.442858125 2.308285625 -0.375
v 0.421438125 2.300253125 -0.352123125
v 0.392178125 2.289280625 -0.34375
v 0.3629175 2.2783075 -0.352123125
v 0.3414975 2.270275 -0.375
v 0.323435 2.28549625 -0.40625
v 0.329799375 2.2909375 -0.4375
v 0.3471875 2.30580375 -0.460376875
v 0.370939375 2.32611125 -0.46875
v 0.39469125 2.346419375 -0.460376875
v 0.41207875 2.361285625 -0.4375
v 0.418443125 2.366726875 -0.40625
v 0.41207875 2.361285625 -0.375
v 0.39469125 2.346419375 -0.352123125
v 0.370939375 2.32611125 -0.34375
v 0.3471875 2.30580375 -0.352123125
v 0.329799375 2.2909375 -0.375
v 0.3077775 2.297575625 -0.40625
v 0.311654375 2.3049975 -0.4375
v 0.322245625 2.3252743750000002 -0.460376875
v 0.33671375 2.35297375 -0.46875
v 0.3511825 2.3806725 -0.460376875
v 0.36177375 2.400949375 -0.4375
v 0.365650625 2.40837125 -0.40625
v 0.36177375 2.400949375 -0.375
v 0.3511825 2.3806725 -0.352123125
v 0.33671375 2.35297375 -0.34375
v 0.322245625 2.3252743750000002 -0.352123125
v 0.311654375 2.3049975 -0.375
v 0.275233125 2.308010625 -0.40625
v 0.27679125 2.3162375 -0.4375
v 0.281048125 2.338714375 -0.460376875
v 0.28686375 2.36941875 -0.46875
v 0.292679375 2.400123125 -0.460376875
v 0.29693625 2.4226 -0.4375
v 0.298494375 2.430826875 -0.40625
v 0.29693625 2.4226 -0.375
v 0.292679375 2.400123125 -0.352123125
v 0.28686375 2.36941875 -0.34375
v 0.281048125 2.338714375 -0.352123125
v 0.27679125 2.3162375 -0.375
v 0.21875 2.3125 -0.40625
v 0.21875 2.320873125 -0.4375
v 0.21875 2.34375 -0.460376875
v 0.21875 2.375 -0.46875
v 0.21875 2.40625 -0.460376875
v 0.21875 2.429126875 -0.4375
v 0.21875 2.4375 -0.40625
v 0.21875 2.429126875 -0.375
v 0.21875 2.40625 -0.352123125
v 0.21875 2.375 -0.34375
v 0.21875 2.34375 -0.352123125
v 0.21875 2.320873125 -0.375
vt 0.55544 0.892691328125
vt 0.55552671875 0.898652265625
vt 0.55148453125 0.898786640625
vt 0.55139625 0.892694453125
vt 0.55139625 0.892694921875
vt 0.55148453125 0.898786640625
vt 0.547449140625 0.899051953125
vt 0.547353515625 0.892602109375
vt 0.519964140625 0.439453125
vt 0.520316484375 0.44589453125
vt 0.516303984375 0.44639609375
vt 0.515919609375 0.4394671875
vt 0.43419234375 0.72265625
vt 0.43491234375 0.7295591406249999
vt 0.430928125 0.730253984375
vt 0.430153984375 0.7228656250000001
vt 0.552107265625 0.812356015625
vt 0.552217421875 0.8197840625
vt 0.548181875 0.820046015625
vt 0.5480646875 0.8122598437499999
vt 0.5480646875 0.8122598437499999
vt 0.548181875 0.8200457812499999
vt 0.54414046875 0.82018015625
vt 0.5440209375 0.81226296875
vt 0.5440209375 0.81226296875
vt 0.54414046875 0.82018015625
vt 0.54009609375 0.8201678906250001
vt 0.539978125 0.8123819531250001
vt 0.50390625 0.937852734375
vt 0.503468828125 0.94562671875
vt 0.4994475 0.94519890625
vt 0.499863125 0.937781640625
vt 0.499863125 0.937781640625
vt 0.4994475 0.945198828125
vt 0.495435 0.944697265625
vt 0.49581859375 0.937767578125
vt 0.30428421875 0.54493515625
vt 0.30389984375 0.55186484375
vt 0.29988734375 0.55136328125
vt 0.3002396875 0.544921875
vt 0.5334421875 0.6940964843749999
vt 0.53049015625 0.6998327343749999
vt 0.52699359375 0.69780078125
vt 0.529779453125 0.6923828125
vt 0.559482109375 0.892578125
vt 0.5595703125 0.8986703125
vt 0.55552671875 0.898653046875
vt 0.55544 0.892691328125
vt 0.555525859375 0.898653046875
vt 0.555404765625 0.90281
vt 0.551360703125 0.9028321875
vt 0.551487265625 0.898434921875
vt 0.43969703125 0.728971640625
vt 0.44216609375 0.732612265625
vt 0.43904578125 0.7351848437499999
vt 0.43620203125 0.7310050781249999
vt 0.520316484375 0.44589453125
vt 0.521422578125 0.45082757812499996
vt 0.51761921875 0.45220101562500004
vt 0.51630390625 0.44639609375
vt 0.43491234375 0.7295591406249999
vt 0.4365071875 0.7352937500000001
vt 0.43277375 0.73684859375
vt 0.430928671875 0.73025390625
vt 0.552217421875 0.8197840625
vt 0.553160703125 0.826566796875
vt 0.549220546875 0.8274784374999999
vt 0.548182265625 0.820046015625
vt 0.548178359375 0.8204120312500001
vt 0.547949921875 0.82791390625
vt 0.5439065625 0.8279215625
vt 0.54414046875 0.82018015625
vt 0.54414046875 0.82018015625
vt 0.5439065625 0.8279215625
vt 0.53987109375 0.8276690625
vt 0.5400959375 0.8201678906250001
vt 0.503468828125 0.94562671875
vt 0.502124921875 0.953010859375
vt 0.498226328125 0.951937890625
vt 0.499447890625 0.945198984375
vt 0.535768125 0.6990832812500001
vt 0.533923828125 0.705678984375
vt 0.530190234375 0.70412390625
vt 0.531784296875 0.69838984375
vt 0.30389984375 0.55186484375
vt 0.30258359375 0.557669765625
vt 0.298780234375 0.556296171875
vt 0.299886484375 0.551363203125
vt 0.53049015625 0.6998327343749999
vt 0.52764890625 0.7040134375
vt 0.5245275 0.70144328125
vt 0.52699328125 0.697800625
vt 0.5595703125 0.8986703125
vt 0.559439921875 0.9030675
vt 0.555404765625 0.90281
vt 0.555525859375 0.898653046875
vt 0.555404765625 0.90281
vt 0.5555225 0.905411640625
vt 0.551496796875 0.905796796875
vt 0.551360234375 0.9028321875
vt 0.44216609375 0.732612265625
vt 0.44429484375 0.73468015625
vt 0.441894296875 0.7379347656249999
vt 0.439046171875 0.73518453125
vt 0.521422578125 0.45082757812499996
vt 0.52332734375 0.45429867187499995
vt 0.520190625 0.45685109375
vt 0.51761921875 0.45220101562500004
vt 0.4365071875 0.7352937500000001
vt 0.43929984375 0.739814921875
vt 0.43629015625 0.742515859375
vt 0.43277421875 0.7368483593749999
vt 0.553160703125 0.826566796875
vt 0.555414921875 0.83284359375
vt 0.551815859375 0.834687109375
vt 0.549220703125 0.827478359375
vt 0.547949921875 0.82791390625
vt 0.548295703125 0.835566796875
vt 0.5442684375 0.8359375
vt 0.543905546875 0.8279215625
vt 0.5439065625 0.8279215625
vt 0.54305921875 0.8359016406249999
vt 0.5390625 0.8352878125000001
vt 0.539870859375 0.8276690625
vt 0.502124921875 0.953010859375
vt 0.499235625 0.960106328125
vt 0.49571515625 0.958116015625
vt 0.498225625 0.95193765625
vt 0.533923828125 0.705678984375
vt 0.530406796875 0.7113462500000001
vt 0.527397265625 0.70864515625
vt 0.530190859375 0.70412421875
vt 0.30258359375 0.557669765625
vt 0.300012109375 0.562320234375
vt 0.296875 0.55976828125
vt 0.29878 0.55629609375
vt 0.52764890625 0.7040134375
vt 0.524800703125 0.7067652343749999
vt 0.52239921875 0.7035115625
vt 0.52452703125 0.701442890625
vt 0.559439921875 0.9030675
vt 0.55913171875 0.90602
vt 0.555135078125 0.90540046875
vt 0.55540421875 0.902809921875
vt 0.541200625 0.467255703125
vt 0.543428671875 0.468326015625
vt 0.541844765625 0.472046953125
vt 0.539258828125 0.47080304687499996
vt 0.44429484375 0.73468015625
vt 0.44682453125 0.73603484375
vt 0.44537625 0.7398109374999999
vt 0.441894296875 0.7379346875
vt 0.52332734375 0.45429867187499995
vt 0.5263671875 0.456828046875
vt 0.524362578125 0.46033999999999997
vt 0.520190546875 0.456851171875
vt 0.43929984375 0.739814921875
vt 0.44363484375 0.7430988281249999
vt 0.441801484375 0.7467035156249999
vt 0.43629 0.742516015625
vt 0.51598765625 0.594578671875
vt 0.52117078125 0.599166484375
vt 0.518908125 0.6025182812500001
vt 0.512914921875 0.597207265625
vt 0.51017390625 0.6015454687499999
vt 0.51772296875 0.60421484375
vt 0.516558984375 0.608087734375
vt 0.508634765625 0.6052852343749999
vt 0.50826484375 0.60672921875
vt 0.51655890625 0.608087890625
vt 0.515714765625 0.6120432812500001
vt 0.5078125 0.610747109375
vt 0.499235625 0.960106328125
vt 0.49437375 0.966468828125
vt 0.491509609375 0.9636140625
vt 0.495715 0.9581159375
vt 0.530406796875 0.7113462500000001
vt 0.52489578125 0.715533515625
vt 0.523061875 0.711929453125
vt 0.527397109375 0.708645
vt 0.527456953125 0.7093364843750001
vt 0.522930625 0.71235125
vt 0.521319375 0.708641953125
vt 0.5246165625 0.70645765625
vt 0.524800703125 0.7067652343749999
vt 0.521319375 0.708641953125
vt 0.51987015625 0.7048666406249999
vt 0.5223990625 0.7035114062500001
vt 0.36405078125 0.5596546875
vt 0.36315390625 0.56238046875
vt 0.359375 0.56094140625
vt 0.3601484375 0.55859375
vt 0.543428671875 0.468326015625
vt 0.54742953125 0.46982421875
vt 0.546131875 0.47365484375
vt 0.541844765625 0.472046953125
vt 0.44682453125 0.73603484375
vt 0.451264609375 0.737153671875
vt 0.45062578125 0.741146875
vt 0.44537640625 0.739810390625
vt 0.445468359375 0.739493828125
vt 0.450626171875 0.7411475000000001
vt 0.44987671875 0.745121484375
vt 0.44363484375 0.7430988281249999
vt 0.44363484375 0.7430988281249999
vt 0.449876484375 0.74512140625
vt 0.44912734375 0.749094765625
vt 0.441801484375 0.7467035156249999
vt 0.52117078125 0.599166484375
vt 0.52800453125 0.602729765625
vt 0.526480859375 0.60647578125
vt 0.518908125 0.6025182812500001
vt 0.51772296875 0.60421484375
vt 0.525999296875 0.6063380468749999
vt 0.5251325 0.610287890625
vt 0.51655890625 0.608087890625
vt 0.51655890625 0.608087890625
vt 0.525132578125 0.610287890625
vt 0.523991328125 0.61416765625
vt 0.51571484375 0.61204296875
vt 0.49437375 0.966468828125
vt 0.4877028125 0.971807734375
vt 0.485488359375 0.96842375
vt 0.491509609375 0.9636140625
vt 0.52489578125 0.715533515625
vt 0.51756984375 0.71792671875
vt 0.516820078125 0.7139525
vt 0.523061875 0.711929453125
vt 0.522930625 0.71235125
vt 0.516576953125 0.7139912500000001
vt 0.5160703125 0.709978984375
vt 0.521319375 0.708641953125
vt 0.521319375 0.708641953125
vt 0.51607015625 0.709978984375
vt 0.515430078125 0.705986015625
vt 0.51987015625 0.70486671875
vt 0.54406328125 0.46484375
vt 0.548511953125 0.46592718749999995
vt 0.54742984375 0.46982328124999995
vt 0.543279296875 0.468810859375
vt 0.54742953125 0.46982421875
vt 0.55419828125 0.47190937499999996
vt 0.55308734375 0.47579765625000003
vt 0.546131875 0.47365468749999995
vt 0.451264609375 0.737153671875
vt 0.458517890625 0.737756171875
vt 0.458411171875 0.741798671875
vt 0.450625703125 0.7411471875
vt 0.450625703125 0.7411471875
vt 0.458411640625 0.7417987500000001
vt 0.458388984375 0.74584328125
vt 0.449876484375 0.74512140625
vt 0.449876484375 0.74512140625
vt 0.458388984375 0.74584328125
vt 0.458366328125 0.74988703125
vt 0.449127265625 0.74909484375
vt 0.52800453125 0.602729765625
vt 0.536828046875 0.6055804687499999
vt 0.53581203125 0.609494296875
vt 0.526481015625 0.606475390625
vt 0.526481015625 0.606475390625
vt 0.535811484375 0.6094941406250001
vt 0.534649765625 0.613367578125
vt 0.525132578125 0.610287890625
vt 0.525132578125 0.610287890625
vt 0.534649765625 0.613367578125
vt 0.5333221875 0.6171875
vt 0.52399140625 0.6141675
vt 0.4877028125 0.971807734375
vt 0.479125546875 0.9765625
vt 0.477376015625 0.9729159375
vt 0.4854884375 0.968423984375
vt 0.51756984375 0.71792671875
vt 0.508330703125 0.718718828125
vt 0.50830765625 0.714675078125
vt 0.516820234375 0.713953203125
vt 0.516820234375 0.713953203125
vt 0.508307734375 0.714675078125
vt 0.508285078125 0.7106313281250001
vt 0.516070234375 0.709978984375
vt 0.51607015625 0.709978984375
vt 0.508285078125 0.7106313281250001
vt 0.5081771875 0.7065886718750001
vt 0.515430078125 0.705985859375
vt 0.548511953125 0.46592718749999995
vt 0.555467734375 0.46807015625000004
vt 0.554197890625 0.47190921875
vt 0.54742953125 0.46982421875
vn -0.9645858801237993 -0.05398196914174504 -0.2581860315225737
vn -0.7069264834177006 -0.03971048260433388 -0.7061713847317904
vn -0.259024307638192 -0.014692225217935706 -0.9657590520262809
vn 0.25900273900611925 0.014865409110337346 -0.965762186461714
vn 0.7068082744458286 0.040980435505634044 -0.7062171529215917
vn 0.9644440345155368 0.056275874498977196 -0.2582261222974346
vn 0.9644366126946186 0.05639344700470862 0.25822819216549076
vn 0.7067838540093778 0.04124125199873835 0.7062264104699194
vn 0.25898400514086234 0.015015779672340735 0.9657648841421133
vn -0.2590027390061197 -0.01486540911033737 0.9657621864617139
vn -0.7068907358930743 -0.04009584270647043 0.7061853941467537
vn -0.9645736043417354 -0.054183404122348705 0.25818969871958075
vn -0.9421050280337272 -0.21579012986009982 -0.25665684485034007
vn -0.6921287433482636 -0.15928345551468578 -0.7039791072400193
vn -0.2540902819167454 -0.059085887915651 -0.9653740137815437
vn 0.2538900850262153 0.059651246970697715 -0.9653919170265628
vn 0.6908374269702058 0.1635518309750338 -0.7042687328583456
vn 0.9402132533533578 0.22357190075940425 -0.2569331496898019
vn 0.9401400905233159 0.22386840980970932 0.25694268870719716
vn 0.6906325786678448 0.16422448608167922 0.7043131118002928
vn 0.253736853527017 0.060070756678875424 0.9654061908617723
vn -0.25388434878789173 -0.059649899246666326 0.9653935088658981
vn -0.6916601771197212 -0.16083793285099218 0.7040861870133057
vn -0.9418736519983559 -0.21675864698635355 0.25668991532182406
vn -0.8428004685883601 -0.47439068291800013 -0.25424564914238856
vn -0.6210257107414505 -0.351595227705618 -0.7005054335640166
vn -0.22839188908027178 -0.13065797755085437 -0.964761959192352
vn 0.2278006772065103 0.13136354957375182 -0.9648059231304708
vn 0.6169345225776468 0.3574271368926218 -0.7011687647525623
vn 0.8361974068947073 0.48561572756301474 -0.25485537437144895
vn 0.8360393732137731 0.4858804532802139 0.2548692832738688
vn 0.6165066617008281 0.35803188170731937 0.7012365562059759
vn 0.22745491445476138 0.13177826150179398 0.964830944614621
vn -0.22780283230064724 -0.13136479233044143 0.9648052450789141
vn -0.619184128662366 -0.3542216245436753 0.7008124253452318
vn -0.8415920348979259 -0.4764693925343159 0.2543614844553876
vn -0.5906180926758189 -0.765569641316014 -0.2550948703899153
vn -0.4365432323465495 -0.5633767390418317 -0.7014532459109576
vn -0.16173313814987508 -0.20718018631101542 -0.9648413146338245
vn 0.16234907223359604 0.20684964040446632 -0.9648087919424416
vn 0.44117625838662716 0.5603876298025117 -0.7009487951343516
vn 0.5987474208310098 0.7593832909118262 -0.25463413661985385
vn 0.5989203729995227 0.7592502899029537 0.2546240053262723
vn 0.4416196235677511 0.5601002215770248 0.7008993150726041
vn 0.16269840415846332 0.20666155838130215 0.9647902515944597
vn -0.1623485519409088 -0.20684897749735032 0.9648090216156723
vn -0.43870709854386825 -0.5619838918110663 0.7012204981545452
vn -0.5922574787453626 -0.7643322867592192 0.25500438091846406
vn -0.29507368718832716 -0.9202672475792623 -0.25698192964092637
vn -0.21782215936368152 -0.675619321144657 -0.7043380152924986
vn -0.08088730417013355 -0.2479430590438303 -0.9653918807904261
vn 0.08173814375557523 0.24777418462848436 -0.9653635736276167
vn 0.22408769788046176 0.6740056219305491 -0.7039184081018544
vn 0.30612414043959285 0.9167552417425406 -0.25660833458345883
vn 0.30650248364741445 0.916632577247201 0.25659490612075775
vn 0.22498670211681834 0.6737715561790574 0.703855719558099
vn 0.08233822993356378 0.24765496008904717 0.9653431703983304
vn -0.08173814375557524 -0.24777418462848444 0.9653635736276167
vn -0.22021012213110927 -0.6750079245905043 0.7041816554348901
vn -0.29654893325835496 -0.9198062748045087 0.2569341297172963
vn -0.07654834299884518 -0.9630938886029017 -0.25805137651226134
vn -0.0563851925304714 -0.7059818376074917 -0.7059818376074919
vn -0.020915378189915918 -0.25875414569147914 -0.9657167488672056
vn 0.021202221991203727 0.2587525819759648 -0.9657109128012418
vn 0.05850090139534114 0.7058957587830985 -0.7058957587830983
vn 0.08037340936401702 0.9628030991688041 -0.25797346239128965
vn 0.08056749373705765 0.9627879641664248 0.25796940711875216
vn 0.058925681657896606 0.705878092888975 0.7058780928889746
vn 0.021443932822395723 0.2587512477570868 0.9657059332577694
vn -0.021202221991203727 -0.2587525819759648 0.9657109128012418
vn -0.0570630761666258 -0.7059546038303035 0.7059546038303037
vn -0.07691796326365243 -0.9630664118164163 0.2580440143820904
usemtl m_65b00506-f163-0095-ed77-d75dd24e35ca
f 383/1437/402 384/1438/402 385/1439/402 386/1440/402
f 386/1441/403 385/1442/403 387/1443/403 388/1444/403
f 388/1445/404 387/1446/404 389/1447/404 390/1448/404
f 390/1449/405 389/1450/405 391/1451/405 392/1452/405
f 392/1453/406 391/1454/406 393/1455/406 394/1456/406
f 394/1457/407 393/1458/407 395/1459/407 396/1460/407
f 396/1461/408 395/1462/408 397/1463/408 398/1464/408
f 398/1465/409 397/1466/409 399/1467/409 400/1468/409
f 400/1469/410 399/1470/410 401/1471/410 402/1472/410
f 402/1473/411 401/1474/411 403/1475/411 404/1476/411
f 404/1477/412 403/1478/412 405/1479/412 406/1480/412
f 406/1481/413 405/1482/413 384/1483/413 383/1484/413
f 384/1485/414 407/1486/414 408/1487/414 385/1488/414
f 385/1489/415 408/1490/415 409/1491/415 387/1492/415
f 387/1493/416 409/1494/416 410/1495/416 389/1496/416
f 389/1497/417 410/1498/417 411/1499/417 391/1500/417
f 391/1501/418 411/1502/418 412/1503/418 393/1504/418
f 393/1505/419 412/1506/419 413/1507/419 395/1508/419
f 395/1509/420 413/1510/420 414/1511/420 397/1512/420
f 397/1513/421 414/1514/421 415/1515/421 399/1516/421
f 399/1517/422 415/1518/422 416/1519/422 401/1520/422
f 401/1521/423 416/1522/423 417/1523/423 403/1524/423
f 403/1525/424 417/1526/424 418/1527/424 405/1528/424
f 405/1529/425 418/1530/425 407/1531/425 384/1532/425
f 407/1533/426 419/1534/426 420/1535/426 408/1536/426
f 408/1537/427 420/1538/427 421/1539/427 409/1540/427
f 409/1541/428 421/1542/428 422/1543/428 410/1544/428
f 410/1545/429 422/1546/429 423/1547/429 411/1548/429
f 411/1549/430 423/1550/430 424/1551/430 412/1552/430
f 412/1553/431 424/1554/431 425/1555/431 413/1556/431
f 413/1557/432 425/1558/432 426/1559/432 414/1560/432
f 414/1561/433 426/1562/433 427/1563/433 415/1564/433
f 415/1565/434 427/1566/434 428/1567/434 416/1568/434
f 416/1569/435 428/1570/435 429/1571/435 417/1572/435
f 417/1573/436 429/1574/436 430/1575/436 418/1576/436
f 418/1577/437 430/1578/437 419/1579/437 407/1580/437
f 419/1581/438 431/1582/438 432/1583/438 420/1584/438
f 420/1585/439 432/1586/439 433/1587/439 421/1588/439
f 421/1589/440 433/1590/440 434/1591/440 422/1592/440
f 422/1593/441 434/1594/441 435/1595/441 423/1596/441
f 423/1597/442 435/1598/442 436/1599/442 424/1600/442
f 424/1601/443 436/1602/443 437/1603/443 425/1604/443
f 425/1605/444 437/1606/444 438/1607/444 426/1608/444
f 426/1609/445 438/1610/445 439/1611/445 427/1612/445
f 427/1613/446 439/1614/446 440/1615/446 428/1616/446
f 428/1617/447 440/1618/447 441/1619/447 429/1620/447
f 429/1621/448 441/1622/448 442/1623/448 430/1624/448
f 430/1625/449 442/1626/449 431/1627/449 419/1628/449
f 431/1629/450 443/1630/450 444/1631/450 432/1632/450
f 432/1633/451 444/1634/451 445/1635/451 433/1636/451
f 433/1637/452 445/1638/452 446/1639/452 434/1640/452
f 434/1641/453 446/1642/453 447/1643/453 435/1644/453
f 435/1645/454 447/1646/454 448/1647/454 436/1648/454
f 436/1649/455 448/1650/455 449/1651/455 437/1652/455
f 437/1653/456 449/1654/456 450/1655/456 438/1656/456
f 438/1657/457 450/1658/457 451/1659/457 439/1660/457
f 439/1661/458 451/1662/458 452/1663/458 440/1664/458
f 440/1665/459 452/1666/459 453/1667/459 441/1668/459
f 441/1669/460 453/1670/460 454/1671/460 442/1672/460
f 442/1673/461 454/1674/461 443/1675/461 431/1676/461
f 443/1677/462 455/1678/462 456/1679/462 444/1680/462
f 444/1681/463 456/1682/463 457/1683/463 445/1684/463
f 445/1685/464 457/1686/464 458/1687/464 446/1688/464
f 446/1689/465 458/1690/465 459/1691/465 447/1692/465
f 447/1693/466 459/1694/466 460/1695/466 448/1696/466
f 448/1697/467 460/1698/467 461/1699/467 449/1700/467
f 449/1701/468 461/1702/468 462/1703/468 450/1704/468
f 450/1705/469 462/1706/469 463/1707/469 451/1708/469
f 451/1709/470 463/1710/470 464/1711/470 452/1712/470
f 452/1713/471 464/1714/471 465/1715/471 453/1716/471
f 453/1717/472 465/1718/472 466/1719/472 454/1720/472
f 454/1721/473 466/1722/473 455/1723/473 443/1724/473
o top
v -0.531250625 2.187285 -0.40624999999999994
v -0.5285856250000001 2.234905 -0.40624999999999994
v -0.53689 2.23598 -0.37499999999999994
v -0.5396237500000001 2.18731375 -0.37499999999999994
v -0.5595775000000001 2.23891625 -0.3521231249999999
v -0.5625 2.1873925 -0.3521231249999999
v -0.59056875 2.2429275 -0.34374999999999994
v -0.59375 2.1875 -0.34374999999999994
v -0.62156 2.24693875 -0.3521231249999999
v -0.625 2.1876075 -0.3521231249999999
v -0.6442475 2.249875 -0.37499999999999994
v -0.64787625 2.18768625 -0.37499999999999994
v -0.652551875 2.250949375 -0.40624999999999994
v -0.656249375 2.187715 -0.40624999999999994
v -0.6442475 2.249875 -0.43749999999999994
v -0.64787625 2.18768625 -0.43749999999999994
v -0.62156 2.24693875 -0.4603768749999999
v -0.625 2.1876075 -0.4603768749999999
v -0.59056875 2.2429275 -0.46874999999999994
v -0.59375 2.1875 -0.46874999999999994
v -0.5595775000000001 2.23891625 -0.46037687499999996
v -0.5625 2.1873925 -0.46037687499999996
v -0.53689 2.23598 -0.43749999999999994
v -0.5396237500000001 2.18731375 -0.43749999999999994
v -0.5211574999999999 2.267335 -0.40624999999999994
v -0.5289975 2.270275 -0.37499999999999994
v -0.5504175 2.2783075 -0.3521231249999999
v -0.579678125 2.289280625 -0.34374999999999994
v -0.608938125 2.300253125 -0.3521231249999999
v -0.630358125 2.308285625 -0.37499999999999994
v -0.63819875 2.311225625 -0.40624999999999994
v -0.630358125 2.308285625 -0.43749999999999994
v -0.608938125 2.300253125 -0.4603768749999999
v -0.579678125 2.289280625 -0.46874999999999994
v -0.5504175 2.2783075 -0.46037687499999996
v -0.5289975 2.270275 -0.43749999999999994
v -0.5109349999999999 2.28549625 -0.40624999999999994
v -0.517299375 2.2909375 -0.37499999999999994
v -0.5346875 2.30580375 -0.3521231249999999
v -0.5584393750000001 2.32611125 -0.34374999999999994
v -0.5821912499999999 2.346419375 -0.3521231249999999
v -0.59957875 2.361285625 -0.37499999999999994
v -0.605943125 2.366726875 -0.40624999999999994
v -0.59957875 2.361285625 -0.43749999999999994
v -0.5821912499999999 2.346419375 -0.4603768749999999
v -0.5584393750000001 2.32611125 -0.46874999999999994
v -0.5346875 2.30580375 -0.46037687499999996
v -0.517299375 2.2909375 -0.43749999999999994
v -0.4952775 2.297575625 -0.40624999999999994
v -0.499154375 2.3049975 -0.37499999999999994
v -0.509745625 2.325274375 -0.352123125
v -0.5242137499999999 2.35297375 -0.34374999999999994
v -0.5386825 2.3806725 -0.3521231249999999
v -0.54927375 2.400949375 -0.37499999999999994
v -0.553150625 2.40837125 -0.40624999999999994
v -0.54927375 2.400949375 -0.43749999999999994
v -0.5386825 2.3806725 -0.46037687499999996
v -0.5242137499999999 2.35297375 -0.46874999999999994
v -0.509745625 2.325274375 -0.46037687499999996
v -0.499154375 2.3049975 -0.43749999999999994
v -0.462733125 2.308010625 -0.40624999999999994
v -0.46429125 2.3162375 -0.37499999999999994
v -0.468548125 2.338714375 -0.352123125
v -0.47436375 2.36941875 -0.34374999999999994
v -0.480179375 2.400123125 -0.352123125
v -0.48443625 2.4226 -0.37499999999999994
v -0.485994375 2.430826875 -0.40624999999999994
v -0.48443625 2.4226 -0.43749999999999994
v -0.480179375 2.400123125 -0.46037687499999996
v -0.47436375 2.36941875 -0.46874999999999994
v -0.468548125 2.338714375 -0.46037687499999996
v -0.46429125 2.3162375 -0.43749999999999994
v -0.40625 2.3125 -0.40624999999999994
v -0.40625 2.320873125 -0.37499999999999994
v -0.40625 2.34375 -0.352123125
v -0.40625 2.375 -0.34374999999999994
v -0.40625 2.40625 -0.352123125
v -0.40625 2.429126875 -0.37499999999999994
v -0.40625 2.4375 -0.40624999999999994
v -0.40625 2.429126875 -0.43749999999999994
v -0.40625 2.40625 -0.46037687499999996
v -0.40625 2.375 -0.46874999999999994
v -0.40625 2.34375 -0.46037687499999996
v -0.40625 2.320873125 -0.43749999999999994
vt 0.55544 0.90831578125
vt 0.5555259375 0.91427671875
vt 0.55148453125 0.91441109375
vt 0.55139625 0.90831890625
vt 0.55139625 0.908318671875
vt 0.55148453125 0.91441109375
vt 0.54744921875 0.914676953125
vt 0.547352734375 0.9082271875
vt 0.316834921875 0.439453125
vt 0.317188046875 0.44589453125
vt 0.313174765625 0.44639609375
vt 0.312790390625 0.4394671875
vt 0.512317421875 0.72265625
vt 0.513035 0.72955859375
vt 0.50905046875 0.7302528125000001
vt 0.5082790625 0.7228642187500001
vt 0.552108671875 0.929542734375
vt 0.552218828125 0.93697078125
vt 0.54818328125 0.937232734375
vt 0.54806609375 0.9294465625
vt 0.54806609375 0.9294465625
vt 0.54818328125 0.9372325
vt 0.54414109375 0.937366875
vt 0.5440215625 0.9294496875
vt 0.5440215625 0.9294496875
vt 0.54414109375 0.937366875
vt 0.540097421875 0.93735375
vt 0.53997953125 0.929568671875
vt 0.51171875 0.844099609375
vt 0.511280546875 0.8518735937499999
vt 0.50725921875 0.85144578125
vt 0.50767484375 0.8440285937500001
vt 0.50767484375 0.8440285937500001
vt 0.50725921875 0.85144578125
vt 0.50324671875 0.85094421875
vt 0.50363109375 0.84401453125
vt 0.30428359375 0.52149765625
vt 0.30389921875 0.5284265625
vt 0.29988671875 0.527925
vt 0.3002390625 0.521484375
vt 0.322512578125 0.467537265625
vt 0.31955671875 0.47327070312499997
vt 0.316061015625 0.47123734375000004
vt 0.318850546875 0.4658203125
vt 0.55948296875 0.908203125
vt 0.5595703125 0.9142953125
vt 0.5555259375 0.9142775
vt 0.55544 0.90831578125
vt 0.555525859375 0.9142775
vt 0.555404296875 0.9184344531249999
vt 0.551360234375 0.918456171875
vt 0.551488046875 0.914058984375
vt 0.517825703125 0.7289659374999999
vt 0.520293203125 0.732608515625
vt 0.51717125 0.73517875
vt 0.51432921875 0.73099859375
vt 0.317188046875 0.44589453125
vt 0.318295703125 0.45082656249999997
vt 0.314491796875 0.45220070312500005
vt 0.313175546875 0.446396015625
vt 0.513035 0.72955859375
vt 0.514628203125 0.735293515625
vt 0.510895390625 0.736848515625
vt 0.509050390625 0.7302528125000001
vt 0.552218828125 0.93697078125
vt 0.5531621875 0.94375421875
vt 0.54922203125 0.9446659374999999
vt 0.548182890625 0.937232734375
vt 0.548178828125 0.937599921875
vt 0.547950703125 0.945101015625
vt 0.543906484375 0.9451090625
vt 0.54414109375 0.937366875
vt 0.54414109375 0.937366875
vt 0.543906484375 0.945108203125
vt 0.539870234375 0.944855703125
vt 0.54009734375 0.93735375
vt 0.511280546875 0.8518735937499999
vt 0.509936640625 0.8592569531250001
vt 0.506038046875 0.858184765625
vt 0.507259609375 0.8514458593750001
vt 0.324829453125 0.47251890625000004
vt 0.322986015625 0.47911484375
vt 0.319253046875 0.4775603125
vt 0.320845546875 0.471825234375
vt 0.30389921875 0.5284265625
vt 0.30258390625 0.534231484375
vt 0.298780546875 0.5328580468749999
vt 0.299886640625 0.527925
vt 0.31955671875 0.47327070312499997
vt 0.316713359375 0.477450859375
vt 0.31359265625 0.47487843750000003
vt 0.316060703125 0.47123710937499996
vt 0.5595703125 0.9142953125
vt 0.55944015625 0.918692421875
vt 0.555404296875 0.9184344531249999
vt 0.555525859375 0.9142775
vt 0.555404296875 0.9184344531249999
vt 0.555522265625 0.92103703125
vt 0.5514965625 0.9214215625
vt 0.551360546875 0.918456171875
vt 0.520293203125 0.732608515625
vt 0.522421015625 0.73467734375
vt 0.52001890625 0.737930859375
vt 0.517171015625 0.73517890625
vt 0.318295703125 0.45082656249999997
vt 0.320201640625 0.4542975
vt 0.31706515625 0.45685109375
vt 0.3144925 0.45220046875
vt 0.514628203125 0.735293515625
vt 0.517422109375 0.739814296875
vt 0.514411875 0.742515625
vt 0.510895390625 0.736848515625
vt 0.5531621875 0.94375421875
vt 0.55541578125 0.9500309375
vt 0.55181671875 0.951874609375
vt 0.549222265625 0.9446659374999999
vt 0.547950703125 0.945101015625
vt 0.548295546875 0.9527547656249999
vt 0.544268203125 0.953125
vt 0.543906171875 0.9451090625
vt 0.543906484375 0.945108203125
vt 0.54305921875 0.9530875
vt 0.5390625 0.95247375
vt 0.53987078125 0.94485578125
vt 0.509936640625 0.8592569531250001
vt 0.507048671875 0.866353046875
vt 0.5035278125 0.86436328125
vt 0.5060371875 0.85818453125
vt 0.322986015625 0.47911484375
vt 0.31947015625 0.48478234374999996
vt 0.31646046875 0.482081484375
vt 0.319253046875 0.4775603125
vt 0.30258390625 0.534231484375
vt 0.30001171875 0.53888234375
vt 0.296875 0.5363291406249999
vt 0.298780546875 0.5328580468749999
vt 0.316713359375 0.477450859375
vt 0.313864921875 0.480201953125
vt 0.311463828125 0.47694703125000004
vt 0.313592734375 0.47487843750000003
vt 0.55944015625 0.918692421875
vt 0.5591321875 0.92164421875
vt 0.555135546875 0.92102578125
vt 0.555404453125 0.9184344531249999
vt 0.533388359375 0.4516290625
vt 0.535616796875 0.45269914062500005
vt 0.534032421875 0.45641984375
vt 0.531446171875 0.45517617187500004
vt 0.522421015625 0.73467734375
vt 0.52495 0.736033203125
vt 0.5235 0.739808671875
vt 0.52001890625 0.737930859375
vt 0.320201640625 0.4542975
vt 0.3232421875 0.456827734375
vt 0.321236796875 0.46033960937499996
vt 0.317065546875 0.45685078125
vt 0.517422109375 0.739814296875
vt 0.52175703125 0.74309828125
vt 0.519923671875 0.74670296875
vt 0.5144121875 0.7425153906249999
vt 0.515989765625 0.61801234375
vt 0.521171953125 0.62260125
vt 0.518908671875 0.6259525781249999
vt 0.512916484375 0.620640390625
vt 0.510175703125 0.62498
vt 0.5177246875 0.627651796875
vt 0.516559609375 0.631524375
vt 0.508636171875 0.62871984375
vt 0.508265234375 0.630165859375
vt 0.516559453125 0.631524765625
vt 0.51571546875 0.635479453125
vt 0.5078125 0.6341846875
vt 0.507048671875 0.866353046875
vt 0.502188046875 0.87271640625
vt 0.499323359375 0.869862109375
vt 0.50352765625 0.864363203125
vt 0.31947015625 0.48478234374999996
vt 0.313958828125 0.488969921875
vt 0.312125234375 0.48536500000000005
vt 0.316460625 0.48208164062500003
vt 0.316520234375 0.482773828125
vt 0.31199296875 0.48578726562499996
vt 0.310382890625 0.482077421875
vt 0.313680703125 0.479894140625
vt 0.313864921875 0.480201953125
vt 0.310383046875 0.482077734375
vt 0.30893484375 0.47830203125000004
vt 0.311464140625 0.47694749999999997
vt 0.35623828125 0.5596546875
vt 0.35534140625 0.56238046875
vt 0.3515625 0.56094140625
vt 0.3523359375 0.55859375
vt 0.535616796875 0.45269914062500005
vt 0.5396175 0.4541978125
vt 0.53832 0.45802789062500004
vt 0.534032421875 0.45641984375
vt 0.52495 0.736033203125
vt 0.5293896875 0.737152578125
vt 0.528749609375 0.7411456249999999
vt 0.523500078125 0.739808515625
vt 0.523590078125 0.739493828125
vt 0.52874890625 0.741146015625
vt 0.52799921875 0.74512015625
vt 0.52175703125 0.74309828125
vt 0.52175703125 0.74309828125
vt 0.527999453125 0.7451202343750001
vt 0.52725015625 0.749094375
vt 0.519923671875 0.74670296875
vt 0.521171953125 0.62260125
vt 0.52800421875 0.62616578125
vt 0.526480546875 0.6299115625
vt 0.518908671875 0.6259525781249999
vt 0.5177246875 0.627651796875
vt 0.526001015625 0.629775078125
vt 0.525133125 0.633724765625
vt 0.516559453125 0.631524765625
vt 0.516559453125 0.631524765625
vt 0.525133203125 0.633724765625
vt 0.523991953125 0.63760453125
vt 0.515715390625 0.63547984375
vt 0.502188046875 0.87271640625
vt 0.495518046875 0.8780564843750001
vt 0.49330296875 0.87467296875
vt 0.499323359375 0.8698621875
vt 0.313958828125 0.488969921875
vt 0.306632734375 0.49136179687500003
vt 0.30588328125 0.48738828125
vt 0.312125234375 0.48536500000000005
vt 0.31199296875 0.48578726562499996
vt 0.305639921875 0.487425625
vt 0.30513375 0.48341406249999996
vt 0.310383046875 0.482077734375
vt 0.310383046875 0.482077734375
vt 0.305133984375 0.48341398437500005
vt 0.3044946875 0.47942109374999997
vt 0.308934765625 0.478301875
vt 0.53625 0.44921875
vt 0.54069890625 0.45030125
vt 0.539617578125 0.45419757812499995
vt 0.535466875 0.45318601562500005
vt 0.5396175 0.4541978125
vt 0.54638703125 0.45628296874999996
vt 0.54527609375 0.46017125000000003
vt 0.53831984375 0.45802828124999995
vt 0.5293896875 0.737152578125
vt 0.5366428125 0.73775515625
vt 0.536534921875 0.7417976562499999
vt 0.52874953125 0.7411460937500001
vt 0.52874953125 0.7411460937500001
vt 0.5365346875 0.7417976562499999
vt 0.53651203125 0.7458414062500001
vt 0.5280003125 0.7451203125
vt 0.527999453125 0.7451202343750001
vt 0.53651203125 0.7458414062500001
vt 0.536489375 0.74988515625
vt 0.52725015625 0.7490945312499999
vt 0.52800421875 0.62616578125
vt 0.53682765625 0.6290169531250001
vt 0.535811171875 0.632931484375
vt 0.5264803125 0.629912109375
vt 0.5264803125 0.629912109375
vt 0.5358115625 0.6329316406250001
vt 0.53464984375 0.636805078125
vt 0.52513265625 0.633724609375
vt 0.525133203125 0.633724765625
vt 0.53464984375 0.636805078125
vt 0.53332234375 0.640625
vt 0.523991953125 0.637604375
vt 0.495518046875 0.8780564843750001
vt 0.4869415625 0.8828125
vt 0.485191171875 0.879166328125
vt 0.49330265625 0.874672578125
vt 0.306632734375 0.49136179687500003
vt 0.29739359375 0.49215382812499997
vt 0.297371328125 0.48811007812499996
vt 0.305883125 0.4873875
vt 0.305883125 0.4873875
vt 0.297370625 0.48811015625
vt 0.29734796875 0.48406562500000005
vt 0.305133125 0.48341406249999996
vt 0.305133984375 0.48341398437500005
vt 0.29734796875 0.48406562500000005
vt 0.297240859375 0.48002296874999995
vt 0.3044946875 0.47942070312499996
vt 0.54069890625 0.45030125
vt 0.547655390625 0.45244265625
vt 0.546385703125 0.45628257812499995
vt 0.5396175 0.4541978125
vn 0.9645858801237993 -0.05398196914174531 0.25818603152257386
vn 0.7069264834177009 -0.03971048260433378 0.7061713847317902
vn 0.2590243076381921 -0.014692225217935742 0.9657590520262809
vn -0.2590027390061192 0.014865409110337357 0.9657621864617141
vn -0.7068082744458287 0.040980435505634 0.7062171529215916
vn -0.9644440345155367 0.05627587449897824 0.25822612229743463
vn -0.9644366126946187 0.05639344700470867 -0.2582281921654906
vn -0.706783854009378 0.041241251998739126 -0.7062264104699192
vn -0.2589840051408625 0.01501577967234072 -0.9657648841421133
vn 0.2590027390061196 -0.014865409110337381 -0.9657621864617139
vn 0.7068907358930743 -0.04009584270647054 -0.7061853941467537
vn 0.9645736043417351 -0.054183404122348545 -0.25818969871958114
vn 0.9421050280337279 -0.21579012986009877 0.25665684485033813
vn 0.692128743348263 -0.15928345551468684 0.7039791072400198
vn 0.2540902819167454 -0.059085887915650996 0.9653740137815437
vn -0.25389008502621546 0.05965124697069779 0.9653919170265628
vn -0.6908374269702051 0.16355183097503428 0.7042687328583461
vn -0.9402132533533569 0.22357190075940384 0.2569331496898047
vn -0.9401400905233157 0.22386840980970743 -0.2569426887071996
vn -0.6906325786678446 0.16422448608167903 -0.7043131118002931
vn -0.2537368535270173 0.06007075667887569 -0.9654061908617722
vn 0.25388434878789157 -0.059649899246666326 -0.9653935088658981
vn 0.6916601771197206 -0.16083793285099215 -0.7040861870133063
vn 0.9418736519983562 -0.21675864698635522 -0.25668991532182245
vn 0.8428004685883589 -0.4743906829180019 0.2542456491423894
vn 0.6210257107414536 -0.3515952277056155 0.7005054335640151
vn 0.2283918890802722 -0.13065797755085454 0.9647619591923519
vn -0.22780067720650954 0.13136354957375185 0.9648059231304709
vn -0.6169345225776478 0.3574271368926209 0.701168764752562
vn -0.8361974068947075 0.48561572756301447 0.2548553743714487
vn -0.8360393732137721 0.48588045328021556 -0.2548692832738682
vn -0.6165066617008287 0.3580318817073194 -0.7012365562059755
vn -0.22745491445476143 0.1317782615017934 -0.9648309446146212
vn 0.2278028323006472 -0.13136479233044188 -0.9648052450789141
vn 0.6191841286623668 -0.3542216245436758 -0.7008124253452308
vn 0.8415920348979281 -0.4764693925343114 -0.2543614844553883
vn 0.5906180926758158 -0.7655696413160169 0.2550948703899135
vn 0.43654323234654463 -0.5633767390418355 0.7014532459109577
vn 0.16173313814987397 -0.20718018631101548 0.9648413146338245
vn -0.1623490722335947 0.20684964040446469 0.9648087919424422
vn -0.4411762583866292 0.5603876298025108 0.7009487951343512
vn -0.5987474208310128 0.7593832909118245 0.2546341366198518
vn -0.5989203729995246 0.7592502899029528 -0.25462400532627005
vn -0.44161962356775375 0.5601002215770238 -0.7008993150726035
vn -0.16269840415846293 0.20666155838130013 -0.9647902515944603
vn 0.16234855194090841 -0.20684897749734987 -0.9648090216156724
vn 0.43870709854386614 -0.5619838918110681 -0.7012204981545451
vn 0.5922574787453562 -0.7643322867592248 -0.25500438091846267
vn 0.29507368718833205 -0.9202672475792603 0.25698192964092825
vn 0.21782215936368918 -0.6756193211446591 0.7043380152924943
vn 0.08088730417013439 -0.24794305904383013 0.965391880790426
vn -0.08173814375557527 0.24777418462848422 0.9653635736276166
vn -0.224087697880458 0.6740056219305476 0.703918408101857
vn -0.3061241404395916 0.9167552417425404 0.25660833458346116
vn -0.30650248364741534 0.9166325772472002 -0.2565949061207599
vn -0.22498670211681682 0.6737715561790553 -0.7038557195581016
vn -0.08233822993356278 0.24765496008904733 -0.9653431703983305
vn 0.08173814375557532 -0.24777418462848444 -0.9653635736276167
vn 0.22021012213111227 -0.6750079245905074 -0.7041816554348861
vn 0.29654893325836323 -0.9198062748045056 -0.2569341297172982
vn 0.07654834299884375 -0.9630938886029027 0.25805137651225774
vn 0.05638519253046779 -0.7059818376074899 0.7059818376074939
vn 0.02091537818991644 -0.25875414569147914 0.9657167488672056
vn -0.02120222199120398 0.2587525819759648 0.9657109128012418
vn -0.058500901395341684 0.7058957587830964 0.7058957587831005
vn -0.08037340936401777 0.9628030991688052 0.2579734623912857
vn -0.08056749373705578 0.9627879641664261 -0.25796940711874816
vn -0.058925681657897015 0.7058780928889727 -0.7058780928889767
vn -0.021443932822396133 0.2587512477570868 -0.9657059332577694
vn 0.02120222199120398 -0.2587525819759648 -0.9657109128012418
vn 0.057063076166626654 -0.7059546038303016 -0.7059546038303055
vn 0.07691796326364767 -0.9630664118164176 -0.2580440143820869
usemtl m_65b00506-f163-0095-ed77-d75dd24e35ca
f 467/1725/474 468/1726/474 469/1727/474 470/1728/474
f 470/1729/475 469/1730/475 471/1731/475 472/1732/475
f 472/1733/476 471/1734/476 473/1735/476 474/1736/476
f 474/1737/477 473/1738/477 475/1739/477 476/1740/477
f 476/1741/478 475/1742/478 477/1743/478 478/1744/478
f 478/1745/479 477/1746/479 479/1747/479 480/1748/479
f 480/1749/480 479/1750/480 481/1751/480 482/1752/480
f 482/1753/481 481/1754/481 483/1755/481 484/1756/481
f 484/1757/482 483/1758/482 485/1759/482 486/1760/482
f 486/1761/483 485/1762/483 487/1763/483 488/1764/483
f 488/1765/484 487/1766/484 489/1767/484 490/1768/484
f 490/1769/485 489/1770/485 468/1771/485 467/1772/485
f 468/1773/486 491/1774/486 492/1775/486 469/1776/486
f 469/1777/487 492/1778/487 493/1779/487 471/1780/487
f 471/1781/488 493/1782/488 494/1783/488 473/1784/488
f 473/1785/489 494/1786/489 495/1787/489 475/1788/489
f 475/1789/490 495/1790/490 496/1791/490 477/1792/490
f 477/1793/491 496/1794/491 497/1795/491 479/1796/491
f 479/1797/492 497/1798/492 498/1799/492 481/1800/492
f 481/1801/493 498/1802/493 499/1803/493 483/1804/493
f 483/1805/494 499/1806/494 500/1807/494 485/1808/494
f 485/1809/495 500/1810/495 501/1811/495 487/1812/495
f 487/1813/496 501/1814/496 502/1815/496 489/1816/496
f 489/1817/497 502/1818/497 491/1819/497 468/1820/497
f 491/1821/498 503/1822/498 504/1823/498 492/1824/498
f 492/1825/499 504/1826/499 505/1827/499 493/1828/499
f 493/1829/500 505/1830/500 506/1831/500 494/1832/500
f 494/1833/501 506/1834/501 507/1835/501 495/1836/501
f 495/1837/502 507/1838/502 508/1839/502 496/1840/502
f 496/1841/503 508/1842/503 509/1843/503 497/1844/503
f 497/1845/504 509/1846/504 510/1847/504 498/1848/504
f 498/1849/505 510/1850/505 511/1851/505 499/1852/505
f 499/1853/506 511/1854/506 512/1855/506 500/1856/506
f 500/1857/507 512/1858/507 513/1859/507 501/1860/507
f 501/1861/508 513/1862/508 514/1863/508 502/1864/508
f 502/1865/509 514/1866/509 503/1867/509 491/1868/509
f 503/1869/510 515/1870/510 516/1871/510 504/1872/510
f 504/1873/511 516/1874/511 517/1875/511 505/1876/511
f 505/1877/512 517/1878/512 518/1879/512 506/1880/512
f 506/1881/513 518/1882/513 519/1883/513 507/1884/513
f 507/1885/514 519/1886/514 520/1887/514 508/1888/514
f 508/1889/515 520/1890/515 521/1891/515 509/1892/515
f 509/1893/516 521/1894/516 522/1895/516 510/1896/516
f 510/1897/517 522/1898/517 523/1899/517 511/1900/517
f 511/1901/518 523/1902/518 524/1903/518 512/1904/518
f 512/1905/519 524/1906/519 525/1907/519 513/1908/519
f 513/1909/520 525/1910/520 526/1911/520 514/1912/520
f 514/1913/521 526/1914/521 515/1915/521 503/1916/521
f 515/1917/522 527/1918/522 528/1919/522 516/1920/522
f 516/1921/523 528/1922/523 529/1923/523 517/1924/523
f 517/1925/524 529/1926/524 530/1927/524 518/1928/524
f 518/1929/525 530/1930/525 531/1931/525 519/1932/525
f 519/1933/526 531/1934/526 532/1935/526 520/1936/526
f 520/1937/527 532/1938/527 533/1939/527 521/1940/527
f 521/1941/528 533/1942/528 534/1943/528 522/1944/528
f 522/1945/529 534/1946/529 535/1947/529 523/1948/529
f 523/1949/530 535/1950/530 536/1951/530 524/1952/530
f 524/1953/531 536/1954/531 537/1955/531 525/1956/531
f 525/1957/532 537/1958/532 538/1959/532 526/1960/532
f 526/1961/533 538/1962/533 527/1963/533 515/1964/533
f 527/1965/534 539/1966/534 540/1967/534 528/1968/534
f 528/1969/535 540/1970/535 541/1971/535 529/1972/535
f 529/1973/536 541/1974/536 542/1975/536 530/1976/536
f 530/1977/537 542/1978/537 543/1979/537 531/1980/537
f 531/1981/538 543/1982/538 544/1983/538 532/1984/538
f 532/1985/539 544/1986/539 545/1987/539 533/1988/539
f 533/1989/540 545/1990/540 546/1991/540 534/1992/540
f 534/1993/541 546/1994/541 547/1995/541 535/1996/541
f 535/1997/542 547/1998/542 548/1999/542 536/2000/542
f 536/2001/543 548/2002/543 549/2003/543 537/2004/543
f 537/2005/544 549/2006/544 550/2007/544 538/2008/544
f 538/2009/545 550/2010/545 539/2011/545 527/2012/545
o right
v 0.484375 1.734375 -0.061875
v 0.484375 1.734375 -0.061875
v 0.484375 1.34375 -0.061875
v 0.484375 1.34375 -0.061875
v 0.328125 1.734375 -0.061875
v 0.328125 1.734375 -0.061875
v 0.328125 1.34375 -0.061875
v 0.328125 1.34375 -0.061875
vt 0 0.09765625
vt 0.0390625 0.09765625
vt 0.0390625 0
vt 0 0
vn 0 0 1
usemtl m_65b00506-f163-0095-ed77-d75dd24e35ca
f 558/2016/546 553/2015/546 551/2014/546 556/2013/546
o cube
v 0.5 1.140625 0.75
v 0.5 1.265625 0.5
v 0.5 0.09375 0.5
v 0.3125 1.09375 0.734375
v 0.3125 1.21875 0.5
v 0.3125 0.09375 0.5
vt 0.15625 1
vt 0.125 0.984375
vt 0.15625 0.853515625
vt 0.185546875 0.984375
vt 0.15625 1
vt 0.15625 0.859375
vt 0.2177734375 0.001745546874999948
vt 0.2177734375 0.0716234375
vt 0.169326328125 0.06638374999999996
vt 0.1689453125 0
vt 0.1719884375 0.8984375
vt 0.3065271875 0.8984375
vt 0.300375 0.921875
vt 0.1719884375 0.92186265625
vt 0.1484375 0.736328125
vt 0.1484375 0.876953125
vt 0.125 0.8828125
vt 0.125 0.736328125
vn 1 0 0
vn -1 0 0
vn -0.21821789023599242 0.8728715609439697 0.43643578047198484
vn -0.022979445803036843 -0.23221334706226704 0.9723933908232433
vn 0 0 -1
usemtl m_65b00506-f163-0095-ed77-d75dd24e35ca
f 560/2017/547 559/2018/547 561/2019/547
f 562/2020/548 563/2021/548 564/2022/548
f 559/2023/549 560/2024/549 563/2025/549 562/2026/549
f 561/2027/550 559/2028/550 562/2029/550 564/2030/550
f 564/2031/551 563/2032/551 560/2033/551 561/2034/551